tree
version=v4
num_class=1
num_tree_per_iteration=1
label_index=0
max_feature_idx=45
objective=binary sigmoid:1
feature_names=Log_Return HL_Spread CO_Return Log_Volume Volume_Change SMA10_Ratio SMA30_Ratio Volatility_20 RSI_Norm Index_Log_Return Excess_Return Cross_Rank_Return USDTRY_Return USDTRY_Vol_20 VIX_Level VIX_Change Brent_Return Gold_Return Beta_FX_60d Beta_Market_60d TCMB_Policy_Rate TCMB_Rate_Change TCMB_Days_Since_Decision CDS_Proxy_Chg5 CDS_Proxy_ZScore_60d Beta_CDS_60d Log_Return_Lag1 HL_Spread_Lag1 Volume_Change_Lag1 Excess_Return_Lag1 USDTRY_Return_Lag1 Log_Return_Lag2 HL_Spread_Lag2 Volume_Change_Lag2 Excess_Return_Lag2 USDTRY_Return_Lag2 Log_Return_Lag3 HL_Spread_Lag3 Volume_Change_Lag3 Excess_Return_Lag3 USDTRY_Return_Lag3 Log_Return_Lag5 HL_Spread_Lag5 Volume_Change_Lag5 Excess_Return_Lag5 USDTRY_Return_Lag5
feature_infos=[-2.3803201191157775:0.36541739460146555] [0:1.0195065624610158] [-0.20960046076674568:0.28755369022856259] [0:23.068254156118748] [-21.276555607474307:22.081664902494992] [-0.90201545361329238:0.8197488235281718] [-0.90582313361004474:1.5036702258795955] [9.617042942849993e-05:0.53309408923400581] [-1:0.96415770012099156] [-0.10303780832325798:0.09423412783342569] [-2.3952014042807463:0.36806089329486952] [-0.4887640449438202:0.5] [-0.20904064133259065:0.20537861432269422] [0.00034082001030452566:0.065435107010614404] [0.18280000686645509:1.653800048828125] [-1.8710002899169922:2.4860000610351562] [-0.27976148809485951:0.19077403911622495] [-0.11405996064112038:0.058926448772030716] [-5:5] [-2.9815771085146272:5] [-0.33999999999999997:0.5] [-0.90000000000000002:0.84999999999999998] [0:2] [-0.18952858788474247:0.23696077853890374] [-0.84935853235278347:1] [-5:5] [-2.3803201191157775:0.36541739460146555] [0:1.0195065624610158] [-21.276555607474307:22.081664902494992] [-2.3952014042807463:0.36806089329486952] [-0.20904064133259065:0.20537861432269422] [-2.3803201191157775:0.36541739460146555] [0:1.0195065624610158] [-21.276555607474307:22.081664902494992] [-2.3952014042807463:0.36806089329486952] [-0.20904064133259065:0.20537861432269422] [-2.3803201191157775:0.36541739460146555] [0:1.0195065624610158] [-21.276555607474307:22.081664902494992] [-2.3952014042807463:0.36806089329486952] [-0.20904064133259065:0.20537861432269422] [-2.3803201191157775:0.36541739460146555] [0:1.0195065624610158] [-21.276555607474307:22.081664902494992] [-2.3952014042807463:0.36806089329486952] [-0.20904064133259065:0.20537861432269422]
tree_sizes=3486 3569 3553 3562 3587 3581 3573 3577 3561 3589 3567 3585 3585 3577 3566 3572 3569 3564 3582 3583 3560 3558 3582 3555 3596 3580 3559 3565 3586 3585 3587 3571 3559 3567 3577 3578 3601 3562 3588 3562 3590 3569 3583 3603 3570 3580 3567 3606 3579 3592 3608 3582 3587 3586 3567 3595 3581 3605 3599 3568 3580 3598 3574 3561 3573 3599 3583 3590 3545 3565 3589 3575 3605 3599 3590 3583 3601 3565 3597 3584 3590 3589 3575 3613 3573 3590 3583 3614 3593 3546 3604 3536 3592 3602 3585 3545 3577 3558 3603 3580 3560 3589 3578 3572 3590 3595 3589 3598 3580 3583 3559 3574 3598 3554 3539 3614 3567 3571 3566 3581 3549 3574 3606 3552 3580 3521 3573 3555 3553 3585 3557 3577 3571 3583 3579 3600 3598 3616 3558 3555 3566 3562 3541 3598 3574 3567 3582 3582 3533 3606 3606 3577 3554 3550 3552 3599 3574 3592 3596 3574 3555 3616 3538 3590 3569 3525 3585 3551 3586 3522 3618 3568 3563 3528 3554 3606 3560 3528 3611 3562 3598 3606 3604 3558 3611 3604 3544 3545 3594 3571 3598 3592 3566 3553 3576 3608 3577 3606 3557 3556 3564 3621 3618 3560 3567 3577 3510 3573 3592 3571 3531 3592 3568 3548 3555 3574 3557 3566 3533 3600 3567 3576 3553 3556 3583 3593 3588 3551 3567 3569 3608 3532 3590 3533 3560 3604 3566 3582 3544 3555 3572 3585 3548 3591 3541 3557 3570 3591 3530 3559

Tree=0
num_leaves=31
num_cat=0
split_feature=3 30 1 12 35 14 11 6 40 9 43 12 30 4 17 11 40 1 11 24 43 7 13 7 10 25 33 5 26 17
split_gain=227.504 162.137 96.9607 83.791 76.8564 69.7378 54.7218 51.5116 48.9986 43.153 56.7857 52.1935 39.0263 34.8253 33.0028 42.6152 50.1413 32.8173 32.3559 30.563 28.8934 27.7756 33.2981 27.2467 23.3982 19.9372 18.8959 16.7921 15.0023 13.6398
threshold=1.0000000180025095e-35 -0.0083289946440419007 0.028933099521590053 1.0000000180025095e-35 -0.0013982617769729973 0.2571000003814698 -0.45555311676909566 -0.0087086576549520994 0.014040787500521552 -0.030493243762176544 -9.9411349836180687 0.0063791057725518666 -0.0011819246355041391 0.60949737873775434 0.020171439172153974 0.0076340326340326179 0.00098527547756692923 1.0000000180025095e-35 0.0076340326340326179 0.82702113488208517 -9.9411349836180687 0.035811406597866566 0.00049865380950421154 0.027213418742994922 -0.023449659918012913 -0.75439104617419195 0.2047865593370837 0.0588848267983434 0.0040567987337092092 -0.0013267264910039769
decision_type=2 2 2 2 2 2 2 2 2 2 2 2 2 2 2 2 2 2 2 2 2 2 2 2 2 2 2 2 2 2
left_child=1 8 7 14 5 -5 26 17 -1 10 -8 -12 -6 23 15 -3 -17 -2 -7 20 -19 22 29 -11 -24 -15 27 28 -4 -9
right_child=2 3 6 4 12 18 9 21 -10 13 11 -13 -14 25 -16 16 -18 19 -20 -21 -22 -23 24 -25 -26 -27 -28 -29 -30 -31
leaf_value=-0.15254496279336899 -0.17627583281580694 -0.25344845595918797 -0.20561774633660243 -0.17697637510429221 -0.15824955987079875 -0.2556690834365824 -0.13928945318997663 -0.20500571145042193 -0.20412238878309577 -0.20326691864228402 -0.20213678957185272 -0.18304143041270959 -0.20669664341358912 -0.21217528257805376 -0.20511674825850981 -0.21305711377910691 -0.25841441614070287 -0.18582006025100059 -0.21921257884314246 -0.16818022493550161 -0.20434624222375031 -0.20780377389000945 -0.20853695824449581 -0.20552609051531759 -0.20028705479911438 -0.20651934118698256 -0.21541462851648085 -0.19495532372769919 -0.2138316611401111 -0.23596030606070489
leaf_weight=33.15404012799263 38.349822536110878 144.98707100749016 432.98186734318733 16.577020063996315 17.071856483817101 65.565825626254082 14.102837964892386 20.783129632472992 33.15404012799263 9626.5477111935616 1069.3415032327175 146.47158026695251 121.23492285609245 687.0803689211607 22.515057101845741 66.802916675806046 32.659203708171844 76.452226862311363 32.906621918082237 21.277966052293777 8431.0229209065437 506.21765747666359 318.17981794476509 9591.9091618061066 11219.673564806581 3054.625219553709 499.53736580908298 79.421245381236076 372.11698770523071 33.401458337903023
leaf_count=134 155 586 1750 67 69 265 57 84 134 38908 4322 592 490 2777 91 270 132 309 133 86 34076 2046 1286 38768 45347 12346 2019 321 1504 135
internal_value=-0.203949 -0.222514 -0.203714 -0.228145 -0.215787 -0.233903 -0.204949 -0.202186 -0.178334 -0.204617 -0.199142 -0.199836 -0.200717 -0.20491 -0.239873 -0.243074 -0.227951 -0.203965 -0.243486 -0.20409 -0.20418 -0.200925 -0.200625 -0.204394 -0.200515 -0.207558 -0.21075 -0.208116 -0.209414 -0.224087
internal_weight=46826.1 586.629 46239.5 520.32 253.356 115.049 25574.1 20665.4 66.3081 24190.1 1229.92 1215.81 138.307 22960.2 266.964 244.449 99.4621 8567.1 98.4724 8528.75 8507.48 12098.3 11592 19218.5 11537.9 3741.71 1384.06 884.52 805.099 54.1846
internal_count=189259 2371 186888 2103 1024 465 103364 83524 268 97770 4971 4914 559 92799 1079 988 402 34626 398 34471 34385 48898 46852 77676 46633 15123 5594 3575 3254 219
is_linear=0
shrinkage=1


Tree=1
num_leaves=31
num_cat=0
split_feature=3 28 11 12 12 7 11 15 24 6 11 14 24 43 12 18 6 29 17 12 16 8 8 2 26 0 41 28 16 33
split_gain=214.575 97.7545 93.199 85.4155 117.238 71.4191 61.3623 56.3555 44.5119 43.9976 48.1419 41.6022 39.4335 35.2041 35.7542 33.3958 31.1454 29.3289 28.6102 28.3427 24.2164 20.3186 30.4585 21.8206 20.1075 19.8719 18.0891 17.9866 16.4721 15.8393
threshold=1.0000000180025095e-35 -0.66576777202887871 -0.39363636363636356 -0.0086984685961535597 -4.6744455910365184e-05 0.027213418742994922 0.0076340326340326179 0.11399998664855958 0.88446539226868781 -0.0094691655980141381 0.27570015093073963 1.1414000320434572 0.023027208787920358 -9.9411349836180687 0.003427200806434555 2.26397742276809 0.31670942536295615 0.014842130513923239 -0.001105457592317292 -0.0014671762497293424 -0.0011846622848296043 0.091742258385075756 -0.24943826687755485 -0.0084581808472652779 0.0018843911051916562 0.011540315354514089 -0.041027626251976375 -0.82703213111575369 0.0043420004998594866 0.22216136477222739
decision_type=2 2 2 2 2 2 2 2 2 2 2 2 2 2 2 2 2 2 2 2 2 2 2 2 2 2 2 2 2 2
left_child=1 6 21 -3 20 9 29 12 11 13 17 16 -6 14 -4 -15 -7 -11 -9 -8 -5 22 23 -2 -24 -12 -23 -13 -25 -1
right_child=2 3 5 4 7 8 19 18 -10 10 25 27 -14 15 -16 -17 -18 -19 -20 -21 -22 26 24 28 -26 -27 -28 -29 -30 -31
leaf_value=-0.051217006914302081 -0.0022431627462780176 0.054903974646761833 0.031130726142963621 -0.023018728112543484 0.024826808910426764 -0.0016278840167354054 -0.033185163216233167 -0.0060631049882952101 0.024790587816111313 0.0042100392459204156 0.0036964247168976595 0.04281068423828889 -0.0034397080845782755 0.00029565494468330523 -0.0060614906569494793 -0.0072115496476780261 0.0063801414463004087 0.00031813901944415391 -0.04701827603930854 0.011362535722320046 -0.048568665454399071 -0.017535642109672591 -0.0044341654725283813 0.0020884887045046112 -0.010282059681408164 -0.0010430058310640178 -0.00057364359946414823 0.010061400404350834 0.026742659865865864 -0.02397528860435192
leaf_weight=112.22525471448898 759.64726090431213 17.639357894659042 64.450779095292091 69.848268106579781 74.377992868423462 13304.755712375045 22.96976900100708 32.89704641699791 59.669654563069344 9967.791212067008 1011.4530422091484 16.598041072487831 110.27358919382095 10072.106183052063 36.401917308568954 563.12451021373272 451.95272137224674 2111.8918360322714 28.782726228237152 29.186728909611702 63.957580417394638 58.617877051234245 1115.6537647247314 56.676200240850449 1006.6596072912216 3741.5978508591652 1632.0918780267239 166.49751836061478 42.814791545271873 23.176218822598457
leaf_count=456 3071 71 260 283 300 53780 93 133 241 40277 4087 67 446 40709 147 2276 1827 8534 117 118 260 237 4510 229 4070 15122 6598 673 173 94
internal_value=-4.63114e-08 -0.01805 0.000228439 -0.00963153 -0.0126261 0.000679977 -0.0359042 -0.000347147 -0.00106504 0.0015661 0.00252323 -0.00117572 0.0079461 6.54445e-05 0.0177065 -0.000101844 -0.00136479 0.00352962 -0.0251747 -0.00825631 -0.0352313 -0.0037889 -0.0052787 -0.000512913 -0.00720795 -3.44512e-05 -0.00116173 0.0130302 0.0126981 -0.0465541
internal_weight=46825.8 585.335 46240.5 397.777 380.137 41568.3 187.558 246.331 13999.5 27568.8 16832.7 13939.8 184.652 10736.1 100.853 10635.2 13756.7 12079.7 61.6798 52.1565 133.806 4672.16 2981.45 859.138 2122.31 4753.05 1690.71 183.096 99.491 135.401
internal_count=189259 2371 186888 1610 1539 168000 761 996 56588 111412 68020 56347 746 43392 407 42985 55607 48811 250 211 543 18888 12053 3473 8580 19209 6835 740 402 550
is_linear=0
shrinkage=0.03


Tree=2
num_leaves=31
num_cat=0
split_feature=7 10 14 24 13 42 9 9 12 16 2 15 37 24 13 35 17 28 45 2 16 19 9 13 40 10 19 5 40 43
split_gain=85.7285 51.6249 42.3656 39.5645 36.5987 31.711 48.8289 51.1381 31.9907 46.4529 36.3802 25.9859 35.3341 32.6196 40.5837 31.1326 25.9707 23.6712 22.5945 21.378 20.8821 17.8529 17.8359 13.3796 13.2117 12.8323 12.7591 12.387 11.9474 14.4624
threshold=0.029069800394552835 -0.032116153407432992 1.1414000320434572 0.88446539226868781 0.00049865380950421154 1.0000000180025095e-35 -0.023318649818098849 0.0082762136004875721 0.0014016321288821668 0.015718312177724052 -0.003333325310355711 0.040500068664550783 0.010752022647101659 0.68784132901899109 0.0014747322594537776 -0.0098827484640561236 -0.00041939063062344063 -1.2061611904716709 -0.0046542867702245106 -0.0069767684276316284 0.03036381425162956 1.2067016136691697 -0.024051442529193275 0.00057806727258557882 0.015993632763769177 -0.001473649704496093 1.163444004925217 -0.10504904109374512 -0.011998888491094881 0.68787078921722344
decision_type=2 2 2 2 2 2 2 2 2 2 2 2 2 2 2 2 2 2 2 2 2 2 2 2 2 2 2 2 2 2
left_child=1 23 3 11 16 6 -6 -8 9 -7 -10 12 15 20 -15 -2 -3 -14 21 24 -13 -4 -5 -1 -20 -18 -24 -25 -29 -30
right_child=2 4 18 22 5 8 7 -9 10 -11 -12 13 17 14 -16 -17 25 -19 19 -21 -22 -23 26 27 -26 -27 -28 28 29 -31
leaf_value=-0.034358601492463003 0.049109962986799267 -0.0022509637009276262 0.015961450342582749 0.036985137410792977 0.062133528838957022 -0.00044657974420148945 0.0025958228448484072 0.031544607223896751 0.00028265700110785221 0.0032139291320937889 0.0036990686168455098 0.00011200398004284406 -0.012915929783399999 0.066599652986125676 0.0093550319313396007 0.0061484358867249771 -0.038077026765604476 -0.0031238027209366634 0.0011160798214705299 0.016831430745189908 -0.0067930937760916077 0.063377352724252559 0.020887944029240154 0.013526445772975813 -0.032790983466000283 -0.011072212965079483 -0.018417174946768099 -0.026553330507226806 -0.0071328162004778697 0.006959645103632498
leaf_weight=15.078647643327711 16.816646009683609 78.175692513585091 16.866897553205494 32.509801343083382 15.18404211103916 16012.298259228468 335.96691107749939 65.651364102959633 4859.6794273406267 3875.254163146019 6635.5470374077559 3483.9445581138134 227.61190436780453 12.871666640043257 83.145063504576683 156.07348866760731 41.246872827410698 9313.2915121018887 62.898755133152008 97.320828273892403 444.44742810726166 12.401112914085386 18.591449066996578 28.695350915193558 12.377686619758604 25.706794008612633 12.384423211216925 25.95917135477066 735.08219735324383 71.955876812338829
leaf_count=61 68 316 68 131 61 64712 1357 265 19638 15660 26814 14086 922 52 336 631 167 37656 254 393 1797 50 75 116 50 104 50 105 2973 291
internal_value=-9.12838e-08 0.000838374 -0.00196528 -0.00216484 0.00103549 0.00110409 0.00932455 0.007328 0.000994908 0.000266701 0.00225476 -0.00227403 -0.00311384 -0.000246964 0.017029 0.0103272 -0.0139955 -0.00335741 0.0116788 0.00754573 -0.00066922 0.036052 0.0214636 -0.00634334 -0.00445925 -0.0277086 0.00517342 -0.0058531 -0.0065207 -0.00587633
internal_weight=46825 32821.5 14003.6 13801.7 31944.7 31799.6 416.802 401.618 31382.8 19887.6 11495.2 13738.2 9713.79 4024.41 96.0167 172.89 145.129 9540.9 201.865 172.597 3928.39 29.268 63.4857 876.771 75.2764 66.9537 30.9759 861.693 832.997 807.038
internal_count=189259 132640 56619 55804 129094 128507 1683 1622 126824 80372 46452 55548 39277 16271 388 699 587 38578 815 697 15883 118 256 3546 304 271 125 3485 3369 3264
is_linear=0
shrinkage=0.03


Tree=3
num_leaves=31
num_cat=0
split_feature=3 30 11 12 35 14 7 40 6 11 24 14 4 15 17 30 18 32 11 43 13 26 24 16 0 8 11 34 24 4
split_gain=202.413 146.256 86.2147 74.6515 69.6036 63.1304 62.9883 42.7401 42.2144 53.1214 39.2517 36.5758 36.5872 35.9879 36.4033 35.4461 32.4296 31.6362 29.0842 28.2239 26.5407 24.4555 23.9892 21.0129 18.3219 17.0818 17.0571 22.8101 16.4292 16.2204
threshold=1.0000000180025095e-35 -0.0083289946440419007 -0.35349593495934956 1.0000000180025095e-35 -0.0013982617769729973 0.2571000003814698 0.027213418742994922 0.014040787500521552 -0.0087086576549520994 0.27570015093073963 0.88446539226868781 1.1414000320434572 0.60949737873775434 0.11399998664855958 0.020171439172153974 -0.0011819246355041391 2.26397742276809 0.0084117094127229893 0.0076340326340326179 -9.9411349836180687 0.00049865380950421154 0.016868158542034748 -0.43612202545406825 0.036115972841362996 0.011540315354514089 0.14235118089950791 -0.47036874451273042 -0.02091040827590767 0.18027603144678619 0.27049589513585831
decision_type=2 2 2 2 2 2 2 2 2 2 2 2 2 2 2 2 2 2 2 2 2 2 2 2 2 2 2 2 2 2
left_child=1 7 21 13 5 -5 8 -1 16 20 11 12 -8 14 22 -6 19 -15 -7 -4 -10 26 -3 -18 -11 -23 27 -2 -27 -13
right_child=2 3 6 4 15 18 10 -9 9 24 -12 29 -14 17 -16 -17 23 -19 -20 -21 -22 25 -24 -25 -26 28 -28 -29 -30 -31
leaf_value=0.048270201883584517 0.0050583522220095508 -0.026609628345123093 0.01658500056629824 0.025394153077808262 0.043374271043412051 -0.049468923423161094 -0.00063883832387235751 0.00017072195226099806 -0.017517737626492721 0.0034839366644401053 0.024140938809103996 0.006414548285388854 -0.0054965613228225435 -0.030162212008793141 -0.0017136757849809908 -0.0026816496975054474 -0.0090863658045734364 0.029839781089790129 -0.014816193800719682 0.00033115576081473757 0.003760263357627025 -0.0085149021477569069 -0.048716547997577055 0.0098228948067434485 -0.0010902917983611131 -0.0048954887089697925 -0.0010943298959046096 -0.009342259601588708 0.005276820186946472 0.026038017788008946
leaf_weight=33.393697619438171 123.85280331969261 63.182793125510216 97.112034767866135 16.648305475711823 17.170507341623306 64.78710475564003 11453.25472150743 33.112946480512619 53.005234509706497 999.57622979581356 55.919557064771652 122.69676896929741 1589.0259503126144 18.415749698877335 22.251387417316437 121.1962328851223 485.60333272814751 13.861106619238852 32.851719185709953 9700.4593834131956 11337.092784821987 1011.5685069561005 146.86832715570927 59.355712398886681 3724.9503106623888 685.29012547433376 4013.4736172407866 493.20869824290276 180.5429365336895 54.860292866826057
leaf_count=134 501 257 391 67 69 265 46309 134 215 4037 225 495 6427 75 90 490 1964 56 133 39202 45789 4093 601 240 15054 2771 16228 1996 730 221
internal_value=-1.13729e-07 -0.0175553 0.000221502 -0.02294 -0.0112769 -0.0286027 0.00074576 0.024322 0.00159188 0.00255191 -0.000940474 -0.00104657 -0.00123069 -0.0340774 -0.0382016 0.00303362 9.60734e-05 -0.00439471 -0.0378096 0.000492261 0.00366124 -0.00297925 -0.0420668 -0.00702681 -0.000122514 -0.00586744 -0.00180827 -0.00645186 -0.00277437 0.0124777
internal_weight=46824.6 583.74 46240.8 517.233 252.654 114.287 39732.9 66.5066 26457.2 16114.6 13275.8 13219.8 13042.3 264.579 232.303 138.367 10342.5 32.2769 97.6388 9797.57 11390.1 6507.94 210.051 544.959 4724.53 1877.4 4630.54 617.062 865.833 177.557
internal_count=189259 2371 186888 2103 1024 465 160569 268 106892 65095 53677 53452 52736 1079 948 559 41797 131 398 39593 46004 26319 858 2204 19091 7594 18725 2497 3501 716
is_linear=0
shrinkage=0.03


Tree=4
num_leaves=31
num_cat=0
split_feature=3 30 1 45 40 12 2 9 42 20 16 40 10 9 6 24 18 4 12 17 14 7 37 45 24 29 24 25 35 29
split_gain=191.112 138.049 82.5241 74.6193 99.825 77.0103 48.1526 45.3023 52.8118 62.2131 50.417 40.084 39.0611 36.4017 34.3694 33.3425 32.9372 32.1279 28.5245 26.3693 25.6157 23.7137 22.3947 21.6484 18.7609 18.0348 16.9844 16.7748 15.8831 15.6661
threshold=1.0000000180025095e-35 -0.0083289946440419007 0.028933099521590053 0.0015864213735166006 -0.0050965524669645884 0.00063083413477041329 -0.003333325310355711 -0.030493243762176544 1.0000000180025095e-35 -0.31249999999999994 0.032606668689601319 0.014040787500521552 -0.030288305993207611 0.0160888517234942 -0.20718680234235573 0.0082112116380622605 3.0611123432110117 0.63835939802422914 0.0074535750744168959 0.025455343372453632 0.34739999771118169 0.031839567341740684 1.0000000180025095e-35 0.0011608189068912065 -0.30722455485499761 -0.014492561325503549 0.36487388780783336 -0.75439104617419195 0.017554610457252443 -1.0000000180025095e-35
decision_type=2 2 2 2 2 2 2 2 2 2 2 2 2 2 2 2 2 2 2 2 2 2 2 2 2 2 2 2 2 2
left_child=1 11 6 5 -5 29 13 8 -4 10 -10 -1 25 16 -8 -6 24 21 -11 22 -21 -14 -16 -7 -2 28 -18 -19 -9 -3
right_child=2 3 7 4 15 23 14 12 9 18 -12 -13 17 -15 19 -17 26 27 -20 20 -22 -23 -24 -25 -26 -27 -28 -29 -30 -31
leaf_value=0.046721914692685336 0.0037612811767035316 -0.027064667520663322 0.057176798375370028 -0.050288662083992783 0.027094712148864979 -0.0037661051751750256 0.033136970101399349 -0.0016482471731035042 -0.0044075126001319456 0.0059663596802905583 -0.054129467504869952 0.00016559736870497778 0.00041170566029897132 -0.0089031580580715419 0.014427466386986935 -0.0059458664681602998 -0.013135824413037614 -0.0079845324658338827 0.022605306972293623 -0.027935694952122992 -0.0020309866474646776 -0.0018821220021605833 0.0028287040317291757 -0.040635828491895995 2.3952251486795791e-05 -0.0066004597572321948 0.022381449016865992 -0.0025112208963314134 0.024684542982871788 -0.043332944683953309
leaf_weight=33.464109838008881 1467.3938188254833 75.416223406791687 16.956992208957672 32.264977902173996 52.230820640921593 99.133337765932083 33.710517570376396 675.38772286474705 307.80596269667149 826.63450929522514 19.517441272735596 33.113551825284958 12554.331271827221 397.91068257391453 151.82071529328823 58.026538491249084 207.68042677640915 615.45818716287613 104.44337877631187 45.706395372748375 138.33148305118084 5992.2792476266623 11358.061443209648 16.755202740430832 6861.0270953029394 1650.8267449736595 12.868356660008429 2781.9170840382576 21.264087706804276 181.45628996193409
leaf_count=134 5928 309 68 133 210 401 136 2733 1244 3340 79 134 50737 1609 613 235 840 2491 421 185 559 24233 45880 69 27722 6683 52 11249 86 746
internal_value=-1.57974e-07 -0.0170862 0.000214837 -0.0223387 -0.00387589 -0.0293978 0.00162418 -0.000924824 0.00458647 0.00387781 -0.0073723 0.0235663 -0.00121418 -3.3429e-05 0.00288876 0.00970603 0.000379411 -0.000820711 0.00783283 0.00280156 -0.0084645 -0.000329414 0.0029817 -0.00909674 0.000682436 -0.00489228 -0.0110635 -0.00350275 -0.000844484 -0.0385567
internal_weight=46823.2 581.861 46241.3 515.283 142.522 372.761 20674.5 25566.8 1275.36 1258.4 327.323 66.5777 24291.5 8946.88 11727.6 110.257 8548.97 21944 931.078 11693.9 184.038 18546.6 11509.9 115.889 8328.42 2347.48 220.549 3397.38 696.652 256.873
internal_count=189259 2371 186888 2103 578 1525 83524 103364 5152 5084 1323 268 98212 36151 47373 445 34542 88710 3761 47237 744 74970 46493 470 33650 9502 892 13740 2819 1055
is_linear=0
shrinkage=0.03


Tree=5
num_leaves=31
num_cat=0
split_feature=3 30 11 45 40 12 11 2 12 6 31 9 40 35 4 13 12 24 40 14 28 3 45 11 4 5 17 43 30 30
split_gain=180.498 130.349 78.2921 70.9342 97.085 74.851 42.822 52.484 43.1851 40.2958 38.7366 38.2158 37.6611 31.8779 31.4147 29.3071 29.1867 27.2273 27.1204 25.665 25.6264 21.3436 19.9719 18.5392 21.3505 19.4059 17.6829 16.8184 15.5632 15.4088
threshold=1.0000000180025095e-35 -0.0083289946440419007 -0.35349593495934956 0.0023422465051926608 -0.0050965524669645884 1.0000000180025095e-35 0.26437541308658297 -0.003333325310355711 0.0016824831423845074 -0.0087086576549520994 -0.0035676167419591656 0.018079382808933196 0.014040787500521552 -0.0019276599972194691 1.0177433727153053 0.0030126931294317274 0.057182037927536185 -0.3869249671486657 0.018130773998777053 1.1414000320434572 0.51283688877457945 10.41986767671259 0.0074535750744168959 -0.47036874451273042 0.24549006588202096 -0.097588771577834452 -0.0003075713645103372 -0.21883794288741495 0.0026262238330720358 0.00034706525490260729
decision_type=2 2 2 2 2 2 2 2 2 2 2 2 2 2 2 2 2 2 2 2 2 2 2 2 2 2 2 2 2 2
left_child=1 12 20 5 -5 17 7 9 15 16 -6 -11 -1 28 19 -9 -4 26 -10 21 23 -8 -12 24 -2 27 -3 -25 -7 -16
right_child=2 3 6 4 10 13 14 8 18 11 22 -13 -14 -15 29 -17 -18 -19 -20 -21 -22 -23 -24 25 -26 -27 -28 -29 -30 -31
leaf_value=0.04527731532265182 -0.0019442935189147238 -0.0078315696227854864 -0.0016048224191574131 -0.049239733911308793 0.039905388839674809 -0.044698790341828512 -0.012575990565125194 -0.00045112514137325737 0.0053588322466972867 0.0020459134096280202 -0.0097208799704687574 -0.01023891403358748 0.00016062603548097545 -0.0029028025798226598 -0.0017740097762549594 0.0030092623817485798 0.02512633663747791 -0.047390811765621238 -0.0061120482736727391 0.022100757558863274 -0.0067194960880149904 -0.00027864873492044724 0.025123449678982255 0.019179600148335807 -0.012334164534551786 -0.0016468686758888936 -0.036878437257207124 0.0014114193220604433 -0.008977087559865005 -0.0087980539420028977
leaf_weight=33.495269820094109 417.64654567837715 31.054811730980873 7416.7747541069984 31.968187481164932 29.06686820089817 31.790372043848038 128.69027727842331 4110.4543219804764 4727.0128459334373 7149.9668739438057 57.320181578397751 235.4052038192749 33.114140033721924 103.52666109800339 515.42810651659966 4746.1805642098188 36.944536194205284 143.69507424533367 193.07712319493294 45.679429084062576 1241.6306101977825 9813.2816401720047 19.9598398655653 74.194329172372818 310.22335180640221 4325.4105948060751 48.044132903218269 135.51611356437206 16.76597972214222 618.23387062549591
leaf_count=134 1692 127 29980 133 117 132 520 16610 19090 28883 232 952 134 419 2085 19170 149 597 780 184 5025 39665 80 300 1257 17497 198 548 68 2501
internal_value=-2.02476e-07 -0.0166348 0.00020837 -0.0217594 -0.00339748 -0.0285343 0.000707801 0.00132175 0.00265516 8.38053e-05 0.0103828 0.00165434 0.022848 -0.0123092 -0.000871925 0.00140326 -0.00147233 -0.0396098 0.00490869 -0.000334745 -0.00284269 -0.000437827 -0.000721306 -0.00192808 -0.00637253 -0.00121476 -0.0254744 0.0076977 -0.0323645 -0.00560452
internal_weight=46821.6 579.802 46241.8 513.192 138.315 374.877 39737.1 28615.8 13776.7 14839.1 106.347 7385.37 66.6094 152.083 11121.3 8856.63 7453.72 222.794 4920.09 9987.65 6504.62 9941.97 77.28 5262.99 727.87 4535.12 79.0989 209.71 48.5564 1133.66
internal_count=189259 2371 186888 2103 562 1541 160569 115614 55650 59964 429 29835 268 619 44955 35780 30129 922 19870 40369 26319 40185 312 21294 2949 18345 325 848 200 4586
is_linear=0
shrinkage=0.03


Tree=6
num_leaves=31
num_cat=0
split_feature=1 30 10 45 12 11 12 1 4 6 40 9 42 24 24 1 11 16 14 6 24 8 8 20 26 41 9 25 17 24
split_gain=118.063 103.734 87.3337 80.7597 93.0913 78.203 74.9 53.8352 39.9218 39.079 35.9527 30.1346 39.0404 29.7133 25.283 25.0591 24.8838 24.474 22.5596 22.246 21.6681 21.0959 22.9099 20.22 18.0702 17.751 17.5527 16.5712 15.1357 14.2159
threshold=1.0000000180025095e-35 -0.0083289946440419007 -0.050460100235677437 0.002267636833450758 0.007046210478571114 -0.39363636363636356 0.00071106817234608329 0.029411735537026164 0.68726140101692945 -0.0094691655980141381 0.014040787500521552 -0.030493243762176544 0.0071684976188335766 0.42232131548705293 0.82702113488208517 0.01404501681446743 0.0076340326340326179 -0.023122055870702953 0.81510002136230475 0.36611778461559569 0.36487388780783336 0.091742258385075756 -0.24943826687755485 -0.17499999999999996 0.0018843911051916562 -0.041027626251976375 0.019105418442342741 -0.75439104617419195 0.0023052654755142342 -0.40312499951239494
decision_type=2 2 2 2 2 2 2 2 2 2 2 2 2 2 2 2 2 2 2 2 2 2 2 2 2 2 2 2 2 2
left_child=1 10 -3 6 13 21 16 9 11 14 -1 12 -9 -5 17 26 -4 -7 27 -13 -8 22 28 -17 -24 -23 -11 -10 29 -2
right_child=5 2 3 4 -6 7 20 8 18 15 -12 19 -14 -15 -16 23 -18 -19 -20 -21 -22 25 24 -25 -26 -27 -28 -29 -30 -31
leaf_value=0.043510657704838286 0.025362763697826054 0.029388086740039159 -0.044731849366669629 0.024680394602261728 -0.046684530396709868 -0.0046889375406938671 0.0093195075322696809 0.054433517271506283 -0.0086770340944920237 0.006701515417480112 -0.00025028241766884829 -0.00035810818263701049 0.004389776480795287 -0.0056429519868248009 0.031785171918158675 0.00077138212194498984 -0.025080944283125035 0.00059086980182875178 0.015282552628959495 0.0084708862441969478 -0.018157605142931868 -0.017016303535968481 -0.0040763875476475652 0.0034568323120693972 -0.0096269453826275889 -0.00025430397773110023 -0.009027703216510986 -0.002923466506850356 0.0041265722067655849 -0.0049420398979865268
leaf_weight=34.235700458288193 14.331740096211432 33.531528815627098 156.35548180341721 62.012386471033096 32.881914362311363 885.97784706950188 41.820982590317726 14.229267776012419 551.11072596907616 1688.8208461552858 33.362240463495255 17077.468226730824 1001.70424900949 54.76873491704464 22.613142609596252 4661.8825791925192 92.191213592886925 7305.5289916247129 55.768003225326538 260.7677660882473 67.55141943693161 58.918529435992241 1112.8565304875374 5501.0897623300552 1004.2264781445265 1628.1881384551525 66.360657840967178 2468.550369605422 331.85292181372643 498.6897177696228
leaf_count=137 58 135 655 249 138 3581 169 57 2233 6815 135 69030 4045 222 91 18821 380 29523 225 1054 276 239 4505 22210 4071 6590 268 9986 1343 2018
internal_value=-2.48065e-07 -0.0131262 -0.0175034 -0.0206012 -0.00209567 0.000172653 -0.0283392 0.000585412 -0.000461105 0.00169937 0.0219129 6.89304e-05 0.00509069 0.0104592 0.000107265 0.00279666 -0.0374429 1.98159e-05 -0.00362436 -0.00022532 -0.00765112 -0.00351734 -0.00504251 0.00222498 -0.00670926 -0.00083968 0.00610682 -0.00397354 -0.000865971 -0.00409545
internal_weight=46819.6 608.712 541.114 507.582 149.663 46210.9 357.919 41561.9 21429.6 20132.3 67.5979 18354.2 1015.93 116.781 8214.12 11918.2 248.547 8191.51 3075.43 17338.2 109.372 4649.06 2961.96 10163 2117.08 1687.11 1755.18 3019.66 844.874 513.021
internal_count=189259 2496 2224 2089 609 186763 1480 167939 86630 81309 272 74186 4102 471 33195 48114 1035 33104 12444 70084 445 18824 11995 41031 8576 6829 7083 12219 3419 2076
is_linear=0
shrinkage=0.03


Tree=7
num_leaves=31
num_cat=0
split_feature=7 6 5 2 14 24 10 8 42 9 23 40 16 15 37 24 14 43 13 2 28 34 13 25 9 16 40 14 2 38
split_gain=70.866 57.0934 38.5499 37.5807 36.0897 34.1526 31.5933 27.6163 27.1198 32.304 29.0208 41.1613 25.3044 24.8598 32.2328 30.4739 24.8412 21.6938 19.4884 19.0241 18.9212 18.4708 18.3594 17.1632 17.0045 16.7023 26.3879 17.456 16.6557 16.5255
threshold=0.029069800394552835 -0.0094691655980141381 0.041791587961962702 1.0000000180025095e-35 1.1414000320434572 0.88446539226868781 -0.013820854388949314 0.40096575844821764 1.0000000180025095e-35 -0.023318649818098849 0.043058361735639081 0.0024338037179355621 0.015718312177724052 0.040500068664550783 0.010256335906633119 0.68784132901899109 0.50159999847412118 -9.9411349836180687 0.01758878073147312 0.087835197730000855 -0.82703213111575369 0.041508079302664001 0.034847224533309532 -0.50420188461659265 0.0082762136004875721 0.01778906291570026 0.00063784373976362191 0.2163000011444092 0.0087719574476967967 0.24560858556673984
decision_type=2 2 2 2 2 2 2 2 2 2 2 2 2 2 2 2 2 2 2 2 2 2 2 2 2 2 2 2 2 2
left_child=1 3 6 8 5 7 22 13 9 -1 12 -12 -10 14 -2 -15 17 -5 -19 -9 -6 23 -3 -4 -11 27 -27 -8 -22 -7
right_child=4 2 21 16 20 29 25 19 10 24 11 -13 -14 15 -16 -17 -18 18 -20 -21 28 -23 -24 -25 -26 26 -28 -29 -30 -31
leaf_value=0.056783638463209357 0.010238218753014833 -0.00018288841245049712 0.00080192330851304981 0.025501486138428498 0.039334493013378061 0.029867360412493219 -0.001186039034252219 0.00064136457473542067 -0.0037859202356774657 0.0028547720477904068 0.0056074023548392761 -0.0043591398278542215 0.00068984972638676289 -0.00090776120729824279 -0.0036920491525858348 0.016751225336270322 0.008093300929469506 0.00015836724718694921 0.013259110367153708 0.012585200064640917 0.00012532744793817142 0.0058552665984490642 -0.022014486633170318 -0.0030788195869971818 0.038260957322085003 0.0021018286672257595 0.0093767087669344804 0.0030504984648842535 0.018435380311083611 -0.0035937317690663485
leaf_weight=12.725753754377363 152.20408451557159 2639.8348123580217 1947.0800268948078 31.589439317584038 18.943830281496048 44.801506146788597 960.32116098701954 1490.3413848429918 5751.3768905848265 113.72625587880611 932.43214729428291 621.53952793776989 1416.9242110699415 3469.4430329799652 8393.9315284788609 90.238076359033585 466.41306337714195 3566.2649561464787 105.20905849337578 130.53342765569687 106.09505859017372 358.76299342513084 35.129531025886536 2167.4400808662176 13.676176324486731 882.9190311729908 912.53034482896328 9888.7743767797947 77.281500369310379 18.882198423147202
leaf_count=51 615 10674 7868 127 76 180 3881 6028 23269 459 3770 2514 5729 14035 33978 364 1884 14410 425 528 428 1450 142 8758 55 3565 3683 39926 311 76
internal_value=-2.88376e-07 0.000761768 0.001777 -0.00078016 -0.00178795 -0.0019725 0.00249243 -0.00207418 -0.00188517 0.0112079 -0.00209551 0.0016211 -0.00290122 -0.00256656 -0.00344396 -0.000460105 0.00156858 0.00074677 0.00053378 0.00160323 0.0107906 -0.000673129 -0.000469596 -0.00124237 0.00665549 0.00311905 0.00579926 0.0026755 0.00784184 0.0199462
internal_weight=46817.4 32824.7 19792.8 13031.9 13992.7 13790.4 15319.5 13726.7 8862.4 140.128 8722.27 1553.97 7168.3 12105.8 8546.14 3559.68 4169.48 3703.06 3671.47 1620.87 202.32 4473.28 2674.96 4114.52 127.402 12644.5 1795.45 10849.1 183.377 63.6837
internal_count=189259 132640 79947 52693 56619 55804 61871 55548 35847 565 35282 6284 28998 48992 34593 14399 16846 14962 14835 6556 815 18076 10816 16626 514 51055 7248 43807 739 256
is_linear=0
shrinkage=0.03


Tree=8
num_leaves=31
num_cat=0
split_feature=3 30 1 45 40 12 11 31 18 42 23 16 40 9 13 4 35 1 45 9 22 28 35 45 15 39 20 16 8 16
split_gain=161.238 116.219 69.5333 64.1835 87.8716 68.6072 40.4317 35.7943 35.6966 34.3827 37.2474 45.0043 33.3732 32.3543 30.7571 29.0841 29.0697 28.598 26.5225 21.5721 20.0472 19.2949 18.7779 17.9572 15.3109 14.3629 13.7868 24.4045 13.4919 15.0553
threshold=1.0000000180025095e-35 -0.0083289946440419007 0.028933099521590053 0.0023422465051926608 -0.0050965524669645884 1.0000000180025095e-35 -0.45555311676909566 -0.0035676167419591656 2.26397742276809 0.0071684976188335766 0.065456184429084324 0.005572143600663943 0.014040787500521552 -0.030493243762176544 0.00054856643930122106 0.68726140101692945 -0.0019276599972194691 0.014891451920800132 0.057182037927536185 0.017300956043069599 0.2166666666666667 -0.62708572567471499 -0.0098827484640561236 0.0074535750744168959 0.14050006866455081 0.029256059344457724 -0.14749999999999999 -0.0011846622848296043 0.3062019498171879 0.036115972841362996
decision_type=2 2 2 2 2 2 2 2 2 2 2 2 2 2 2 2 2 2 2 2 2 2 2 2 2 2 2 2 2 2
left_child=1 12 8 5 -5 26 25 -6 14 13 15 -12 -1 -8 20 -11 24 19 -19 -16 -2 -10 -15 -9 -7 -4 27 -3 29 -23
right_child=2 3 6 4 7 16 9 23 21 10 11 -13 -14 22 17 -17 -18 18 -20 -21 -22 28 -24 -25 -26 -27 -28 -29 -30 -31
leaf_value=0.042618667673865081 0.014010301135700386 -0.0071865884434067495 -0.0073604920667063138 -0.047366742304278509 0.038147877992589979 -0.0074839558691368905 0.04860351388292921 -0.0094186354133818859 0.012729972791169232 -0.00059626530707679857 0.007789649674837717 -0.0018463880641497949 0.00013491769314046237 0.037654315952971057 0.0047575994682379358 -0.0037498301113292852 -0.0026839967188304085 0.0013363485758005284 -0.021283798304170036 -0.0044712414002037763 -0.017186354353526286 -0.0088126980706838796 0.005073269617050763 0.023608761817530525 -0.043179685800887158 0.00034603842044070966 -0.043509689191282633 -0.041388941695359519 0.011343729031242452 0.0081516685955739052
leaf_weight=33.451798394322395 21.993783682584763 31.130244642496109 1108.1598404794931 31.297353535890579 29.145455092191696 16.461155936121941 17.68938122689724 57.243860855698586 50.945212244987488 19036.67746283114 978.90185232460499 786.84277656674385 33.116165995597839 16.850934401154518 3554.2254304885864 3054.3606670498848 103.43113003671169 15977.099642261863 46.788093641400337 243.5718050301075 118.01269619166851 582.50179225206375 288.37872461974621 19.989917576313019 31.527478337287903 270.85153566300869 140.79647770524025 47.311189979314804 36.385491296648979 51.2225461602211
leaf_count=134 89 128 4496 133 117 67 71 232 206 76966 3954 3181 134 68 14344 12365 419 64523 189 984 478 2357 1165 80 133 1098 596 198 147 207
internal_value=-3.00556e-07 -0.0157901 0.000196007 -0.0206712 -0.00318019 -0.027168 -0.000850486 0.00981973 0.00148921 -0.000565535 -0.00069715 0.00349568 0.0214839 0.00915802 0.00172609 -0.00103228 -0.0116375 0.00182505 0.0012703 0.00416571 -0.0122856 -0.00506839 0.00687198 -0.000870369 -0.0309353 -0.00584685 -0.0378944 -0.0278154 -0.00642151 -0.00744151
internal_weight=46816.4 574.902 46241.5 508.334 137.677 370.658 25558.7 106.379 20682.7 24179.7 23856.8 1765.74 66.568 322.919 19961.7 22091 151.42 19821.7 16023.9 3797.8 140.006 721.055 305.23 77.2338 47.9886 1379.01 219.238 78.4414 670.11 633.724
internal_count=189259 2371 186888 2103 562 1541 103364 429 83524 97770 96466 7135 268 1304 80607 89331 619 80040 64712 15328 567 2917 1233 312 200 5594 922 326 2711 2564
is_linear=0
shrinkage=0.03


Tree=9
num_leaves=31
num_cat=0
split_feature=3 30 11 45 12 12 7 8 5 31 13 12 9 23 13 35 8 13 36 26 9 25 5 45 43 8 5 31 11 15
split_gain=152.495 109.895 66.0825 60.9884 83.6365 65.782 51.1441 35.8269 45.7451 33.6476 32.6745 29.551 54.5907 33.2403 29.0515 27.6489 23.3544 24.3699 22.824 21.6525 21.4786 20.7301 18.978 16.8983 16.3575 15.1035 20.802 17.8285 14.8285 14.7054
threshold=1.0000000180025095e-35 -0.0083289946440419007 -0.35349593495934956 0.0023422465051926608 0.013117786259907168 1.0000000180025095e-35 0.027213418742994922 -0.11243323484999726 0.041071995718101169 -0.0035676167419591656 0.00049865380950421154 0.0023783717216026407 -0.074361296511386274 -0.072383730619236961 0.012472981213065696 -0.0019276599972194691 0.50764842163657409 0.0063183007637253727 -0.03724491587886878 0.016868158542034748 0.0053876148025936927 -0.52712016448805332 0.067563678174451539 0.0074535750744168959 0.31711793561221585 0.088800216511321986 -0.086584283147530403 0.0056657348569889064 -0.47036874451273042 0.14050006866455081
decision_type=2 2 2 2 2 2 2 2 2 2 2 2 2 2 2 2 2 2 2 2 2 2 2 2 2 2 2 2 2 2
left_child=1 14 19 5 9 -3 7 18 10 -5 -9 16 -13 -14 -1 29 17 -8 24 25 -20 -10 -21 -11 -4 26 27 -2 -28 -7
right_child=2 3 6 4 -6 15 11 8 21 23 -12 12 13 -15 -16 -17 -18 -19 20 22 -22 -23 -24 -25 -26 -27 28 -29 -30 -31
leaf_value=0.04105969754115045 0.0061244712938164922 -0.037093665783423879 0.0095477771768643482 0.036971718074370469 -0.046519796993978221 -0.00726677624528129 -0.0032190448644652471 -0.017439795547852834 0.0017559722508740194 -0.009146089851485158 0.002978395668893118 0.033196525701201907 -0.016839930288302073 0.0014828746272139367 0.001395654543313518 -0.002604268659056394 0.0037159495491646908 0.00011650866857998875 -0.0016537205259043719 -0.0065340388175059438 0.0020305390912904718 -0.0026880921432116487 0.0022696793978423404 0.02289368852720312 -0.0047992464617864416 0.0011835852808723556 -0.0098203740172847411 -0.0095240638317516738 -0.0028041382136347504 -0.042322724760327071
leaf_weight=32.63568215072155 372.7429313659668 217.28454342484474 333.15715323388577 29.181822821497917 30.926300257444382 16.444782003760338 6077.2712491750717 70.875927358865738 1651.423206910491 57.182134360074997 14752.574415192008 48.0747010409832 91.451955288648605 3478.5943693816662 33.864956170320511 103.40016430616379 658.46765729784966 2917.805904969573 5434.8947860896587 1618.3950939774513 1929.7999332696199 2207.3795491755009 255.11238718032837 19.995758548378944 91.072306856513023 1331.7659927457571 303.52588094770908 79.50095871090889 2537.7322212606668 31.205740317702293
leaf_count=131 1508 922 1346 117 133 67 24587 288 6671 232 59539 193 370 14065 137 419 2662 11800 21965 6561 7796 8919 1033 80 368 5389 1233 322 10273 133
internal_value=-3.41688e-07 -0.0153937 0.000190112 -0.0201621 -0.00309572 -0.0265231 0.000648713 0.00141073 0.00212336 0.00953073 0.00288077 -0.000871182 0.00144113 0.00101351 0.0208611 -0.0113174 -0.00173783 -0.00213706 -0.000298556 -0.00261443 -0.000688319 -0.000786199 -0.00533525 -0.000845012 0.0064678 -0.00151233 -0.00260246 0.00337358 -0.00355367 -0.0302245
internal_weight=46813.7 572.122 46241.6 505.621 137.286 368.335 39742.8 26471.2 18682.3 106.36 14823.5 13271.7 3618.12 3570.05 66.5006 151.051 9653.54 8995.08 7788.92 6498.78 7364.69 3858.8 1873.51 77.1779 424.229 4625.27 3293.5 452.244 2841.26 47.6505
internal_count=189259 2371 186888 2103 562 1541 160569 106892 75417 429 59827 53677 14628 14435 268 619 39049 36387 31475 26319 29761 15590 7594 312 1714 18725 13336 1830 11506 200
is_linear=0
shrinkage=0.03


Tree=10
num_leaves=31
num_cat=0
split_feature=3 30 1 45 12 12 7 10 8 20 24 14 8 24 31 15 9 35 24 2 24 8 2 19 30 10 24 17 45 12
split_gain=144.25 103.937 63.4503 57.9451 79.6177 63.0796 45.7013 41.1511 33.4844 39.0839 37.8839 32.1917 33.5182 33.5866 31.6301 27.4713 26.412 26.3135 25.8275 21.0708 19.8279 19.6668 17.5042 17.4708 22.8222 16.8158 16.4885 16.01 15.9049 14.8547
threshold=1.0000000180025095e-35 -0.0083289946440419007 0.016286707223108373 0.0023422465051926608 0.013117786259907168 1.0000000180025095e-35 0.033325112682712633 -0.030288305993207611 -0.025509483498183837 -0.11249999999999998 0.32507817114257104 1.1414000320434572 0.37327272101731573 0.66366466128787838 -0.0035676167419591656 0.053499698638916023 0.015342439298968455 -0.0019276599972194691 -0.3869249671486657 -0.00087798324552426643 -0.34116185560443107 0.17925866985666483 0.087835197730000855 1.2020678929012762 0.01079125978862612 -0.056408632709372943 -0.066175459709792314 -0.0003075713645103372 0.0074535750744168959 0.0063791057725518666
decision_type=2 2 2 2 2 2 2 2 2 2 2 2 2 2 2 2 2 2 2 2 2 2 2 2 2 2 2 2 2 2
left_child=1 15 16 5 14 18 7 29 10 -10 -9 12 13 -8 -5 -1 19 -7 27 21 -18 -2 -14 -13 -25 -21 -22 -3 -16 -4
right_child=2 3 6 4 -6 17 11 8 9 -11 -12 23 22 -15 28 -17 20 -19 -20 25 26 -23 -24 24 -26 -27 -28 -29 -30 -31
leaf_value=0.031482506848546928 0.00076538954870012505 -0.005585911193156599 -0.0058702308107262437 0.035841369831440581 -0.045712903602724349 -0.029542149249422278 -0.0035380635838911799 -0.0019541738160371077 0.00011012072458081939 0.00289189409320262 0.0014720907852842128 0.0023264007551626804 0.0010334668783597786 0.0071335937857238494 -0.0088815266188956576 -0.012917318625619118 0.0083680173000951676 -0.0025268945238348254 -0.044086347237474281 0.028054681825006679 -0.015185809697135781 0.0077706731131934664 0.01338943901703904 0.029438272710730833 -0.0088498130138620623 0.0057616700706873119 -0.0020104024109550891 -0.033502222570771109 0.022206473939075665 0.003126903183469277
leaf_weight=49.630720436573029 1975.3900648653507 30.654624134302139 1234.7246801406145 29.198767185211182 30.533948451280594 47.295826330780983 7178.4969914406538 7689.5482800006866 10120.007783100009 8252.4793896079063 4667.2448238879442 109.25180996954441 1148.4678286910057 275.61746053397655 57.119868710637093 16.782813265919685 101.77350975573063 103.36977665126324 138.07216909527779 30.86950258910656 130.38546238839626 441.24890218675137 113.374889716506 61.928712770342827 18.1079982817173 2253.7732155919075 248.24601909518242 46.589036837220192 19.996104717254639 190.65962353348732
leaf_count=200 7975 127 5009 117 133 200 29065 31087 40874 33332 18862 440 4645 1113 232 68 411 419 597 124 527 1779 458 249 73 9089 1003 198 80 773
internal_value=-3.81104e-07 -0.0150101 0.000184392 -0.0196689 -0.00301457 -0.0258964 -0.000210382 0.000316336 0.000547478 0.00135963 -0.00066005 -0.00211223 -0.00237804 -0.00314348 0.00924853 0.0202626 0.0033126 -0.0110073 -0.0363149 0.00399727 -0.00338764 0.00204447 0.00214363 0.0101273 0.0207757 0.00606289 -0.00654748 -0.0224235 -0.000820435 -0.00466677
internal_weight=46810.8 569.244 46241.6 502.83 136.849 365.981 41059.9 32154.7 30729.3 18372.5 12356.8 8905.25 8715.96 7454.11 106.315 66.4135 5181.69 150.666 215.316 4701.28 480.405 2416.64 1261.84 189.289 80.0367 2284.64 378.631 77.2437 77.116 1425.38
internal_count=189259 2371 186888 2103 562 1541 165980 129937 124155 74206 49949 36043 35281 30178 429 268 20908 619 922 18967 1941 9754 5103 762 322 9213 1530 325 312 5782
is_linear=0
shrinkage=0.03


Tree=11
num_leaves=31
num_cat=0
split_feature=3 30 1 45 12 12 9 42 20 2 9 4 0 18 31 2 22 28 12 13 12 24 35 2 10 12 23 24 3 3
split_gain=136.499 98.3297 61.1997 55.0823 75.8473 60.6407 39.2539 42.9349 56.7714 38.0898 32.7503 32.7072 31.6979 30.6191 29.7581 28.8988 27.9702 27.6881 27.5901 26.653 25.6909 25.0912 25.0134 21.7868 19.5641 19.1229 18.6342 17.31 17.2991 16.0051
threshold=1.0000000180025095e-35 -0.0083289946440419007 0.029411735537026164 0.0023422465051926608 0.013117786259907168 1.0000000180025095e-35 -0.030493243762176544 1.0000000180025095e-35 -0.31249999999999994 -0.003333325310355711 0.017866054105221546 0.32350331944917438 0.011794840679514315 3.0611123432110117 -0.0035676167419591656 0.014444467756483292 0.35000000000000003 0.48093117898954146 0.0054313710297503115 0.012472981213065696 0.0016536500437216179 -0.3869249671486657 -0.0019276599972194691 -0.023437830029396093 -0.056408632709372943 0.025176461593112234 0.11561066042934286 -0.30722455485499761 13.60406148372868 14.988788663042374
decision_type=2 2 2 2 2 2 2 2 2 2 2 2 2 2 2 2 2 2 2 2 2 2 2 2 2 2 2 2 2 2
left_child=1 19 9 5 14 21 7 -4 18 10 13 15 20 27 -5 17 -10 -8 -9 -1 24 -3 -7 -13 -11 -22 -17 -2 -25 -15
right_child=2 3 6 4 -6 22 11 8 16 12 -12 23 -14 29 -16 26 -18 -19 -20 -21 25 -23 -24 28 -26 -27 -28 -29 -30 -31
leaf_value=0.039105548746231004 0.0034451263321692259 -0.021872354196325893 0.051793224309468852 0.034769117525166732 -0.044954046086959056 -0.02885385819601383 -0.0003690841690355966 -0.0099616071075548183 0.018353151546904322 0.025569503232658327 -0.0092818351595882302 -0.0064476984929269111 0.00015224797238527047 0.0022964477968195171 -0.00079660871735080818 0.0015298586935999802 0.0049649239306947543 -0.0039109691438844515 0.019362681991173376 0.0010676293112924682 0.0061008817897903259 -0.043309666400609168 -0.0024518058004991696 -0.0074862045300263603 0.0020787347015457256 -0.0072617562304223291 0.019644337684139365 -7.3093805778507082e-05 -0.0015775821930512448 -0.015404868090256903
leaf_weight=32.45495280623436 1528.5019493401051 76.823202833533287 16.908531799912453 29.196247667074203 30.124094858765602 46.976183205842972 9479.3004710823298 294.70631037652493 172.47379878163338 32.104819729924202 335.91750138998032 1204.6585302650928 3667.8314742594957 63.433432161808014 77.048659116029739 4287.2905053198338 756.14883311092854 2512.9996672421694 32.012968003749847 33.891688048839569 2988.8141925632954 136.35771712660789 103.33997073769569 483.69905589520931 5222.8133783340454 99.597663089632988 51.726155459880829 7128.2448708117008 5715.4029552042484 167.00138182938099
leaf_count=131 6170 325 68 117 133 200 38346 1193 695 129 1361 4883 14806 257 312 17330 3052 10171 129 137 12053 597 419 1957 21077 402 209 28798 23125 677
internal_value=-4.21847e-07 -0.0146408 0.000178845 -0.0191955 -0.00293652 -0.0252952 -0.000826846 0.00430695 0.00366734 0.00136323 -8.67433e-05 -0.00110203 0.00247664 0.000260813 0.0089769 -0.000352198 0.00745153 -0.00111129 -0.00708832 0.0196747 0.00349847 -0.0355844 -0.0107029 -0.00275601 0.00222225 0.00566995 0.0017458 0.00054811 -0.00203862 -0.0105321
internal_weight=46807.8 566.213 46241.6 499.866 136.369 363.497 25007.3 1272.25 1255.34 21234.3 9223.1 23735.1 12011.2 8887.18 106.245 16331.3 928.623 11992.3 326.719 66.3466 8343.33 213.181 150.316 7403.76 5254.92 3088.41 4339.02 8656.75 6199.1 230.435
internal_count=189259 2371 186888 2103 562 1541 101158 5137 5069 85730 37263 96021 48467 35902 429 66056 3747 48517 1322 268 33661 922 619 29965 21206 12455 17539 34968 25082 934
is_linear=0
shrinkage=0.03


Tree=12
num_leaves=31
num_cat=0
split_feature=3 30 11 45 40 7 11 40 24 17 14 21 24 42 16 24 43 8 6 40 15 14 30 11 5 8 1 41 11 35
split_gain=129.184 93.0476 58.1086 52.3898 72.4501 45.3352 45.0109 48.2299 33.9041 41.7519 34.1166 34.0061 32.595 41.9287 39.2851 29.6461 45.0997 39.669 28.7818 27.6009 25.4666 25.0322 19.1783 19.7922 18.5513 25.7369 18.2713 15.6162 15.0999 14.7157
threshold=1.0000000180025095e-35 -0.0083289946440419007 -0.39363636363636356 0.0023422465051926608 -0.0050965524669645884 0.027213418742994922 0.0076340326340326179 0.0040312939603535294 -0.30722455485499761 0.00085721891231462074 0.37860000610351568 0.16250000000000003 0.49055713373694071 0.01304346360687178 0.0018738755630215715 0.084618592368945478 -9.9411349836180687 -0.11243323484999726 0.31670942536295615 0.014040787500521552 -1.0000000180025095e-35 1.1414000320434572 0.015993632763769177 -0.020980046948356808 -0.086584283147530403 0.091742258385075756 0.012802105235695289 -0.041027626251976375 -0.48473193473193471 0.00011406313996892905
decision_type=2 2 2 2 2 2 2 2 2 2 2 2 2 2 2 2 2 2 2 2 2 2 2 2 2 2 2 2 2 2
left_child=1 19 24 6 -5 8 22 -8 9 10 -4 -11 18 29 -15 17 -17 -10 21 -1 -6 -7 23 -3 26 -26 -2 -27 -28 -14
right_child=2 3 5 4 20 12 7 -9 15 11 -12 -13 13 14 -16 16 -18 -19 -20 -21 -22 -23 -24 -25 25 27 28 -29 -30 -31
leaf_value=0.038513603919660175 0.033099117577760448 -0.0059289770699257555 0.0033048909760099369 -0.044277348460118583 -0.0050274794478992954 -0.0017830156854445286 -0.0039598595909810276 -0.046546751592067843 -0.0036999221373431655 0.0058672464711056549 -0.0037122738658208893 0.054736709698934252 0.056062357233474087 0.0071951701415689066 -0.0024152371112875002 0.022512520850552144 0.0016057287429786259 0.00059879182367684222 0.0062613982354605335 -0.00022329534369947698 0.024416269143862166 0.012484415677086736 -0.012557993830224266 -0.040831032923435269 -0.005484099050498497 -0.016246280259465118 -0.0093144646751155327 -0.00016907472392911952 0.0048568048708177072 0.018640734567736052
leaf_weight=33.070617601275444 17.465541154146194 16.090117782354355 1736.837951540947 29.704252794384956 56.610781595110893 11876.882296875119 122.29054649174213 29.757335916161537 2528.1362598240376 2582.2256423085928 972.84599815309048 12.879091322422026 15.92882166802883 771.37115959823132 759.96680229902267 93.620390921831131 11475.091615781188 8194.0886349231005 428.65155664086342 33.147533506155014 49.603135511279106 111.71633718907833 32.461806669831276 160.36544071137905 2565.6756334453821 56.258741647005081 86.722766846418381 1623.6890585422516 308.0223483890295 23.279476091265678
leaf_count=134 70 66 7009 133 230 48062 504 130 10220 10421 3927 52 64 3115 3073 377 46337 33069 1731 134 199 449 132 709 10413 229 352 6577 1247 94
internal_value=-4.59222e-07 -0.0142829 0.000173465 -0.0187348 -0.00285989 0.000529389 -0.0247124 -0.0122946 0.00123462 0.00339016 0.000785549 0.00610978 -0.000861922 0.00321009 0.00242575 0.000721646 0.00177492 -0.000414779 -0.00137696 0.0191227 0.00872309 -0.00165006 -0.0337499 -0.0376485 -0.0030041 -0.00359404 0.00307203 -0.000707474 0.00174348 0.0338437
internal_weight=46804.5 563.102 46241.4 496.883 135.918 41583.5 360.965 152.048 27595.7 5304.79 2709.68 2595.1 13987.8 1570.55 1531.34 22290.9 11568.7 10722.2 12417.3 66.2182 106.214 11988.6 208.917 176.456 4657.83 4245.62 412.211 1679.95 394.745 39.2083
internal_count=189259 2371 186888 2103 562 168000 1541 634 111412 21409 10936 10473 56588 6346 6188 90003 46714 43289 50242 268 429 48511 907 775 18888 17219 1669 6806 1599 158
is_linear=0
shrinkage=0.03


Tree=13
num_leaves=31
num_cat=0
split_feature=3 30 1 45 40 12 11 37 40 23 4 0 40 9 15 45 25 11 40 2 8 28 9 11 23 41 8 39 34 14
split_gain=122.304 88.0807 56.7268 49.8443 69.1052 56.9072 49.4415 33.6292 33.3436 33.5674 31.805 28.596 26.1553 25.6585 23.9715 23.3276 22.1587 19.9264 29.1938 18.7868 21.2453 18.225 19.3008 18.043 20.1397 17.5197 17.1377 14.734 14.4393 14.3446
threshold=1.0000000180025095e-35 -0.0083289946440419007 0.014891451920800132 0.0023422465051926608 -0.0050965524669645884 0.00063083413477041329 -0.39363636363636356 1.0000000180025095e-35 0.01079125978862612 0.0033444245092909279 0.68726140101692945 -0.053071467874260682 0.014040787500521552 0.017300956043069599 -1.0000000180025095e-35 -0.0015006518357430743 -0.75908336960224265 0.0076340326340326179 0.0027521982244895541 -0.00087798324552426643 0.13359843996764079 0.51283688877457945 0.0160888517234942 -0.30982519590114521 -0.022066533369192006 0.0056652793557764236 0.091742258385075756 0.0090300722580090084 0.0043330913168325392 0.32769998550415042
decision_type=2 2 2 2 2 2 2 2 2 2 2 2 2 2 2 2 2 2 2 2 2 2 2 2 2 2 2 2 2 2
left_child=1 12 13 5 -5 17 21 8 9 -8 11 -9 -1 19 -6 -10 -12 -3 -19 20 -2 22 26 -15 28 29 -4 -24 -25 -21
right_child=2 3 6 4 14 -7 7 10 15 -11 16 -13 -14 23 -16 -17 -18 18 -20 25 -22 -23 27 24 -26 -27 -28 -29 -30 -31
leaf_value=0.03753688780133653 0.00033685159566352235 -0.039146030622867874 -0.0028872276620490432 -0.04360120685261637 -0.0048796049443603851 -0.0070603677956368894 0.014313396755584636 0.0084900443110269147 0.063151619911207463 -0.0030737334644358612 -0.0077126172125572129 0.00030659526680349705 -0.00021660072372446128 0.0071720216335358624 0.023694029455093017 0.018694249629510013 -0.0014883575351820615 -0.0092748814626683312 -0.045793781459672195 0.0058655530850950481 0.0080518532533812859 -0.0069186729925665028 -0.0035346668891637818 0.011482652051905861 -0.017799168369868043 0.0021167700751830902 0.0017876605290086335 -0.014356876322253612 -0.019522878933300809 0.012462552819193595
leaf_weight=32.915513530373573 1394.910393923521 151.30841775238514 2097.2890579551458 29.266560435295105 56.577073857188225 117.73778302967548 191.8381013572216 388.81514981389046 14.207377463579176 208.59072987735271 612.84025785326958 33124.3541405797 33.146787583827972 72.871206149458885 49.581969708204269 42.097682327032089 3216.6973210275173 59.953137069940567 29.344435796141624 765.05612833797932 417.35999882221222 904.84606355428696 286.84243266284466 48.038701400160789 119.68194070458412 580.63121378421783 1063.694992095232 187.05793635547161 18.811380967497826 484.51041205227375
leaf_count=134 5630 676 8512 133 230 484 774 1569 57 842 2486 133826 134 295 199 170 13013 251 130 3082 1681 3675 1164 194 484 2339 4308 759 76 1952
internal_value=-4.99315e-07 -0.0139385 0.000168245 -0.0182911 -0.00278629 -0.0241507 -0.000150737 0.000204541 0.00829565 0.00525612 0.00010558 0.000401539 0.0185941 0.00362952 0.00846582 0.0299121 -0.00248442 -0.0325136 -0.0212755 0.00427874 0.00211359 -0.00310891 -0.00216053 -0.00548662 -0.0104319 0.00642268 -0.00131409 -0.00780641 0.0027578 0.00842349
internal_weight=46800.9 559.832 46241 493.769 135.426 358.344 42339.2 37799.4 456.734 400.429 37342.7 33513.2 66.0623 3901.87 106.159 56.3051 3829.54 240.606 89.2976 3642.47 1812.27 4539.73 3634.88 259.403 186.532 1830.2 3160.98 473.9 66.8501 1249.57
internal_count=189259 2371 186888 2103 562 1541 171155 152737 1843 1616 150894 135395 268 15733 429 227 15499 1057 381 14684 7311 18418 14743 1049 754 7373 12820 1923 270 5034
is_linear=0
shrinkage=0.03


Tree=14
num_leaves=31
num_cat=0
split_feature=3 30 1 45 30 11 14 4 2 0 22 15 42 6 37 5 15 15 14 10 8 6 7 30 11 6 6 0 32 31
split_gain=115.799 83.3868 54.6223 47.4128 42.3824 42.3157 36.1047 35.2495 34.524 32.7874 27.668 27.3984 25.1281 25.3215 25.0642 24.3113 23.5149 22.7563 21.2953 20.7737 21.173 20.3775 19.2087 17.9301 19.1563 17.8048 17.7871 17.3118 17.2281 17.0889
threshold=1.0000000180025095e-35 -0.0083289946440419007 0.029411735537026164 0.0023422465051926608 0.0005022653674202894 0.0076340326340326179 0.22210000038146974 0.68726140101692945 -0.0022124005835336374 0.011794840679514315 1.9833333333333336 0.09849996566772462 1.0000000180025095e-35 0.36611778461559569 0.013052216755750402 -0.046912520133223549 0.053499698638916023 -0.031500053405761709 0.81510002136230475 -0.023449659918012913 -0.12697387999096085 -0.20718680234235573 0.052601222011950319 0.015993632763769177 -0.020980046948356808 -0.039777911605693654 -0.033633346848053129 0.0013002181549615522 0.0071770269430116839 0.040624561704920965
decision_type=2 2 2 2 2 2 2 2 2 2 2 2 2 2 2 2 2 2 2 2 2 2 2 2 2 2 2 2 2 2
left_child=1 16 8 5 17 23 -7 11 19 14 -6 12 22 -14 28 25 -1 -5 26 -2 -21 -16 -4 24 -3 -13 29 -22 -10 -9
right_child=2 3 7 4 10 6 -8 18 9 -11 -12 15 13 -15 21 -17 -18 -19 -20 20 27 -23 -24 -25 -26 -27 -28 -29 -30 -31
leaf_value=0.028552396349623196 -0.005719336869090025 -0.0050773861208862053 0.012073795219718951 -0.0077727929444299437 -0.043992667923062403 -0.030002862345187661 0.00011465805870656562 -0.0070235304430594642 0.021803311722972674 9.1017966483864144e-05 0.0032241030662185205 0.0043264965405445995 -0.0011133512065388371 0.0085805254246567597 0.029749121125011567 0.00076845538785396154 -0.012601592522138343 0.023016741786496066 0.013933036273298586 -0.0016257500456920957 0.0019184126638065117 0.0028383164835574458 -0.01657326730314293 -0.012001292864933281 -0.039531986147491434 0.015483491178781221 -0.0027157906318231802 -0.003091299819275346 0.007049229115006125 -0.03142898642481478
leaf_weight=49.130268529057503 540.05105869472027 16.009857982397079 202.4699000865221 38.308989271521568 28.816007003188133 58.471258416771889 92.487638518214226 766.17419135570526 78.501137584447861 3647.702884376049 18.238954871892929 600.66100838780403 17069.33396820724 246.00891217589378 25.420770958065987 3230.608804166317 16.757877722382545 49.54477746784687 61.278209999203682 3268.7341607511044 5528.0005682706833 6682.05297935009 23.512241929769516 32.377693384885788 156.39251729846001 163.84706577658653 2611.6151069402695 699.34846502542496 768.87471553683281 26.722204446792603
leaf_count=200 2190 66 817 156 133 255 379 3108 316 14723 74 2429 69051 993 102 13063 68 199 247 13219 22311 26948 95 132 709 663 10583 2823 3098 109
internal_value=-5.33608e-07 -0.0136034 0.000163184 -0.0178588 -0.00271515 -0.0236018 -0.0115508 -0.000787131 0.0012819 0.00242673 -0.025691 -0.000335251 -0.000845909 -0.000975625 0.00355448 0.00190689 0.0180854 0.00959084 -0.00359511 4.00671e-06 0.000329499 0.00294031 0.00909322 -0.0324854 -0.0363324 0.00671763 -0.0039106 0.00135581 0.00841605 -0.00784604
internal_weight=46797.5 556.536 46240.9 490.648 134.909 355.739 150.959 25002.2 21238.7 11202.6 47.055 21536.4 17541.3 17315.3 7554.85 3995.12 65.8881 87.8538 3465.79 10036.1 9496.08 6707.47 225.982 204.78 172.402 764.508 3404.51 6227.35 847.376 792.896
internal_count=189259 2371 186888 2103 562 1541 634 101158 85730 45187 207 87111 70956 70044 30464 16155 268 355 14047 40543 38353 27050 912 907 775 3092 13800 25134 3414 3217
is_linear=0
shrinkage=0.03


Tree=15
num_leaves=31
num_cat=0
split_feature=3 30 7 12 35 6 14 5 10 14 42 16 8 23 16 42 18 15 17 40 23 32 30 19 17 12 14 32 17 7
split_gain=109.67 78.9595 53.0796 44.5827 45.9412 40.2455 36.1123 33.4453 29.8277 28.6727 28.5572 27.9976 26.9253 28.2197 34.004 26.8299 25.5206 24.6771 25.7796 24.1622 23.9209 23.8541 21.9211 21.1051 20.5993 19.5927 18.9603 17.0627 16.7645 15.7742
threshold=1.0000000180025095e-35 -0.0083289946440419007 0.027873648482421336 1.0000000180025095e-35 -0.0013982617769729973 -0.0094691655980141381 0.2571000003814698 0.041791587961962702 -0.013168214213026394 1.1414000320434572 1.0000000180025095e-35 -0.013296627375634919 0.37327272101731573 0.097401713255440434 0.0056286138876285646 0.0091613165104729079 2.26397742276809 0.11399998664855958 0.020171439172153974 0.014040787500521552 0.043058361735639081 0.0071770269430116839 -0.0011819246355041391 0.86506217963563647 -0.0013267264910039769 0.0014016321288821668 0.25869999885559086 0.0084117094127229893 -0.002125799157363344 0.021711491658068915
decision_type=2 2 2 2 2 2 2 2 2 2 2 2 2 2 2 2 2 2 2 2 2 2 2 2 2 2 2 2 2 2
left_child=1 19 5 17 6 10 -5 8 29 12 11 -2 13 15 -15 -4 20 18 -3 -1 -12 -10 -6 24 -14 -13 -18 -19 -8 -7
right_child=2 3 9 4 22 7 28 -9 21 -11 16 25 23 14 -16 -17 26 27 -20 -21 -22 -23 -24 -25 -26 -27 -28 -29 -30 -31
leaf_value=0.035920661296305584 -0.015028734415534466 -0.033744202581471698 0.0094923148739513765 0.01736656711614689 0.034823745426079689 0.0014699861045472716 -0.013453588330856185 -0.00064176590305735695 0.013304130711580825 0.0098837059072471797 -0.00093546648852261942 0.030533118382072764 -0.00045187674737058928 0.010606108961553673 -0.0049502999732877664 -0.0023793536685502536 -0.025823971301626541 -0.021715763383434224 0.00052810436728848744 -0.00045219355371755075 0.0027363365824968513 0.0029005578608993924 -0.0014536544692516449 -0.00136778115943128 0.0080251881449937626 0.0081751489124766655 -0.0051172868295101034 0.023102416271857815 -0.040423128664611632 -0.0032164360104201127
leaf_weight=32.596746444702148 29.990331277251244 190.1746362298727 173.72315955162048 16.681255176663399 17.120218440890312 1598.6475657820702 32.452196553349495 4086.2312497645617 201.79336673021317 204.46156753599644 9445.1694075614214 57.162048861384392 427.90903529524803 338.0553102940321 202.03967054188251 12445.054690927267 42.697754412889481 16.930011019110683 22.042476519942284 33.156340584158897 1921.7366440296173 11636.87912991643 120.54064330458641 1015.9804597198963 649.7011337429285 92.13012284040451 586.13173294067383 13.939960300922392 57.494574159383774 1085.2096495181322
leaf_count=134 121 858 702 67 69 6463 133 16509 813 822 38185 230 1730 1363 818 50403 173 75 90 134 7763 46919 490 4109 2627 371 2376 56 265 4391
internal_value=-5.68273e-07 -0.0132797 0.000158276 -0.017443 -0.0083919 0.00087851 -0.0231741 0.0017559 0.00243054 -0.00127613 -0.000462534 0.0114222 -0.00142573 -0.0019285 0.00478674 -0.00221592 -0.000640157 -0.0265389 -0.0301844 0.0175795 -0.000314696 0.00307789 0.00305799 0.00173433 0.00465902 0.0167357 -0.00652328 -0.00147721 -0.0306927 -0.000424955
internal_weight=46793.8 553.129 46240.7 487.376 244.289 30783.8 106.628 18608.8 14522.5 15456.9 12175 179.283 15252.5 13158.9 540.095 12618.8 11995.7 243.087 212.217 65.7531 11366.9 11838.7 137.661 2093.59 1077.61 149.292 628.829 30.87 89.9468 2683.86
internal_count=189259 2371 186888 2103 1024 124314 465 75095 58586 62574 49219 722 61752 53286 2181 51105 48497 1079 948 268 45948 47732 559 8466 4357 601 2549 131 398 10854
is_linear=0
shrinkage=0.03


Tree=16
num_leaves=31
num_cat=0
split_feature=1 28 7 40 20 6 30 5 37 36 10 43 10 24 6 14 15 11 2 12 30 9 13 37 12 22 15 41 11 31
split_gain=68.5618 71.7759 55.4279 50.2553 47.9991 42.8577 38.9619 33.2599 32.3745 31.1329 30.1132 29.8753 28.8607 28.2288 27.2547 29.1316 27.7504 27.1679 24.4158 24.1917 24.1524 22.1986 20.5829 19.9904 19.7869 17.2807 16.67 16.459 15.3442 16.5954
threshold=1.0000000180025095e-35 -0.66576777202887871 0.033325112682712633 0.0040312939603535294 -0.20999999999999996 -0.0094691655980141381 -0.0086984685961535597 0.032884033816627863 1.0000000180025095e-35 -0.016312697464520635 -0.023449659918012913 -9.9411349836180687 -0.056408632709372943 0.88446539226868781 0.31670942536295615 1.1414000320434572 0.09849996566772462 -0.41196343402225749 0.053983799214184995 0.0014503830025475466 0.028256386443936844 -0.024051442529193275 0.00049865380950421154 1.0000000180025095e-35 -0.0014671762497293424 1.716666666666667 1.0000000180025095e-35 0.017182616366716186 0.44413233458177281 0.056723942206999771
decision_type=2 2 2 2 2 2 2 2 2 2 2 2 2 2 2 2 2 2 2 2 2 2 2 2 2 2 2 2 2 2
left_child=1 4 5 6 24 9 -3 10 -5 11 -7 26 -8 14 15 16 -4 27 -16 -14 -13 -15 -12 -19 -1 -10 -2 -11 29 -9
right_child=2 3 13 8 -6 7 12 28 25 17 22 20 19 21 18 -17 -18 23 -20 -21 -22 -23 -24 -25 -26 -27 -28 -29 -30 -31
leaf_value=-0.023717873507185294 0.0023279052770017782 0.035538492301044125 -0.0035649715479783919 0.014705283682392946 -0.036520091806918606 -0.0024940702307052719 0.030348451878610284 2.1229303710407402e-05 -0.010787644042126355 -0.0050338649575224961 -0.016080973134760802 0.0011890173071683512 -0.011440892288402506 0.043923146942201619 0.0002816152875412917 0.0091127218553916298 0.00091792775549427849 0.008651382941326783 0.014774001683038961 0.0075394990101888869 0.024317946765931957 -0.00066082430159965884 0.0027234220929177352 -0.0012004722116004706 0.013759610231040454 -0.039457099243705301 0.043740778621204464 -0.017521970783934995 -0.0034192974613484225 0.0067423501725210585
leaf_weight=22.00225542485714 13.917551100254057 29.485859617590904 6817.2561068683863 18.158176094293594 122.97510559856892 1104.1858832836151 24.479250594973564 5942.7157321572304 28.996600314974785 698.15186862647533 52.585993111133575 3765.477465569973 149.67922027409077 21.472945496439934 334.30293968319893 190.6433872282505 1519.8426148593426 188.92073713243008 152.2841462790966 101.36443249881268 41.077432215213776 18.895666494965553 13896.755445763469 9848.5296764820814 29.920715421438217 54.459888249635696 23.551314860582352 109.94224658608437 1117.6901259124279 350.11149452626705
leaf_count=96 56 122 27628 73 566 4480 98 24006 118 2837 214 15227 639 86 1350 766 6154 762 614 413 166 76 56048 39813 121 250 95 447 4523 1415
internal_value=-5.96628e-07 -0.0102374 0.000128231 -0.00332507 -0.026308 0.000641166 0.00276242 0.00146511 -0.0215974 -0.000618846 0.00227503 0.001701 -0.000745199 -0.00197646 -0.00208856 -0.0024826 -0.00274774 -0.00144108 0.00481721 -0.00377714 0.00143861 0.0230544 0.00265253 -0.00101504 -0.0021214 -0.029496 0.0283583 -0.00673289 -0.000180147 0.00039517
internal_weight=46789.8 581.522 46208.3 406.623 174.898 37153.6 305.009 22464 101.615 14689.6 15053.5 3844.02 275.523 9054.7 9014.33 8527.74 8337.1 10845.5 486.587 251.044 3806.55 40.3686 13949.3 10037.5 51.923 83.4565 37.4689 808.094 7410.52 6292.83
internal_count=189259 2496 186763 1713 783 150089 1272 90686 441 59403 60742 15544 1150 36674 36512 34548 33782 43859 1964 1052 15393 162 56262 40575 217 368 151 3284 29944 25421
is_linear=0
shrinkage=0.03


Tree=17
num_leaves=31
num_cat=0
split_feature=3 30 1 11 12 24 40 22 7 11 2 2 14 9 40 3 27 35 4 40 2 8 41 33 5 44 10 2 11 14
split_gain=99.0288 70.9993 49.3025 44.8279 42.1902 37.5288 34.7474 38.5488 34.6937 29.9961 43.7623 28.7795 27.5511 23.7078 21.9124 20.6557 17.2582 17.9049 16.8546 19.797 15.031 19.4879 16.3189 14.9815 15.561 14.017 13.6486 13.022 12.6427 12.2197
threshold=1.0000000180025095e-35 -0.0083289946440419007 0.014891451920800132 -0.45555311676909566 -0.0029247649075804429 0.68784132901899109 0.0040312939603535294 0.41666666666666674 0.03606242780139738 0.25769412878787884 -0.0023999585167241212 0.087835197730000855 1.1414000320434572 0.017300956043069599 0.014040787500521552 13.253653006938501 0.014260269978060505 -0.0023562761200562202 0.91517909500608063 -0.0098827484640561236 -0.00087798324552426643 0.13359843996764079 0.0056652793557764236 0.2047865593370837 0.0588848267983434 0.01257029845222186 -0.029495770130545603 -0.067175874511702247 -0.31983458177278395 0.60010000228881843
decision_type=2 2 2 2 2 2 2 2 2 2 2 2 2 2 2 2 2 2 2 2 2 2 2 2 2 2 2 2 2 2
left_child=1 14 13 23 -3 6 7 -6 9 10 -5 12 -10 18 -1 -11 17 -15 20 -20 21 -2 -22 24 27 -13 29 -4 -18 -25
right_child=2 4 3 8 5 -7 -8 -9 11 15 -12 25 -14 16 -16 -17 28 -19 19 -21 22 -23 -24 26 -26 -27 -28 -29 -30 -31
leaf_value=0.034280793166034086 -4.7206933526167496e-05 -0.037870557751870024 0.0053003004182388151 -3.2204726159981692e-05 -0.03640540389385577 -0.040976941628030387 -0.031211577996483372 -0.0023684603409050054 -0.0027564101767457508 -0.0064909363435507531 0.0025282928279052445 0.0023720707686291061 0.0097715161344540825 0.038635714283520792 -0.00047076152951947806 -0.00069231797887760931 0.0035393455971481622 -0.00052555936276403896 0.045536537444207797 0.010141465023789735 0.0075622965958488421 0.0074124417114327535 0.0013778831358646428 -0.012830546701969581 0.0095712563171400696 0.017494648432032179 0.0004778379048860817 -0.005490833941739038 -0.013718319819598786 0.006700948909115754
leaf_weight=32.190059781074524 1356.2080639600754 71.909229025244713 115.48786067962646 15840.573862984776 33.556785851716995 38.924897760152817 58.578449532389641 278.38125850260258 5843.0251266956329 591.5463937073946 9677.7609422802925 138.6149128973484 162.37810856103897 14.120466992259024 33.143419310450554 8458.8667491972446 50.897600248456001 41.066783010959625 16.894746616482735 89.894174143671989 1208.489335089922 410.61878262460232 562.8542962372303 412.71217188239098 81.69946014881134 91.626324281096458 106.83779011666775 782.99759165942669 153.19850206375122 30.99427142739296
leaf_count=134 5473 336 470 64039 156 184 263 1164 23670 2391 39056 561 652 57 134 34187 206 166 68 362 4863 1652 2266 1681 331 370 434 3187 620 126
internal_value=-6.19815e-07 -0.0126941 0.000149454 -0.000148032 -0.0166772 -0.012955 -0.0100112 -0.00602999 4.10455e-05 0.000412574 0.000938857 -0.00201861 -0.00241767 0.00337521 0.0166515 -0.00107132 -0.0053899 0.00949443 0.00399872 0.0157412 0.0036443 0.00168645 0.00559716 -0.00518825 -0.00296395 0.00839022 -0.00914837 -0.00410378 -0.00941459 -0.0114662
internal_weight=46786 546.684 46239.4 42335.1 481.351 409.441 370.516 311.938 40804.4 34568.7 25518.3 6235.64 6005.4 3904.24 65.3335 9050.41 259.283 55.1873 3644.96 106.789 3538.17 1766.83 1771.34 1530.73 980.185 230.241 550.544 898.485 204.096 443.706
internal_count=189259 2371 186888 171155 2103 1767 1583 1320 164926 139673 103095 25253 24322 15733 268 36578 1049 223 14684 430 14254 7125 7129 6229 3988 931 2241 3657 826 1807
is_linear=0
shrinkage=0.03


Tree=18
num_leaves=31
num_cat=0
split_feature=1 28 7 40 20 6 30 37 42 45 14 11 10 1 11 30 6 14 29 36 2 20 4 9 45 9 11 23 19 30
split_gain=61.0346 66.0534 49.4677 45.6181 45.525 40.1088 34.8514 30.0772 29.8808 27.4592 32.0667 26.4317 29.1641 28.6617 26.4026 25.8909 24.792 25.3658 24.0958 23.7654 21.7664 21.1703 20.6307 22.7659 20.3764 19.4063 17.388 16.8274 16.3138 21.3004
threshold=1.0000000180025095e-35 -0.66576777202887871 0.033325112682712633 0.0040312939603535294 -0.20999999999999996 -0.0094691655980141381 -0.0086984685961535597 1.0000000180025095e-35 1.0000000180025095e-35 -0.0020307780820410185 0.34500000000000003 0.25769412878787884 -0.013168214213026394 0.016984034679824928 -0.47036874451273042 0.00061596892562089888 0.31670942536295615 1.1414000320434572 0.011400797255692787 -0.016312697464520635 0.053983799214184995 0.43500000000000005 0.83143186311113226 -0.030493243762176544 -0.0020999226043197793 -0.054044171744610861 0.0076340326340326179 -0.035447956709125893 1.2020678929012762 0.01079125978862612
decision_type=2 2 2 2 2 2 2 2 2 2 2 2 2 2 2 2 2 2 2 2 2 2 2 2 2 2 2 2 2 2
left_child=1 4 5 6 24 8 -3 -5 15 26 -11 12 -7 27 -10 -2 17 22 -14 -16 -18 -15 23 -4 -1 -24 -8 -13 -19 -30
right_child=2 3 16 7 -6 11 9 -9 14 10 -12 13 18 21 19 -17 20 28 -20 -21 -22 -23 25 -25 -26 -27 -28 -29 29 -31
leaf_value=-0.022833139815034376 0.020519282005340294 0.033930532711906908 0.0046632865412477385 0.014266146121236519 -0.035429652033558176 -0.00012102925100472744 -0.02436920675522352 -0.028395950878962111 -0.011117171667830305 -0.0025832453548444534 0.024781842885007808 -0.012468490288781098 0.0035544014040642391 -0.0012736017752024104 0.0014366480688995918 -0.00057278091710446035 0.00042981836864160254 0.0010965979330764427 0.00031956059253835121 -0.0013484327510760652 0.014096102293678539 0.0044442153850338274 -0.043163895149199986 -0.0024627071821672663 0.015128013705003211 -0.0069764655711629662 0.00028023042884611662 0.010076168883118705 0.027216026586669072 -0.0097265479230270718
leaf_weight=22.885133787989616 111.52324752509594 29.081053107976913 426.99678036570549 18.171803325414658 120.04075156152248 4085.60327924788 54.935341209173203 81.926833510398865 218.9001659154892 112.85618811845779 58.525004282593727 32.777236938476562 9124.370473921299 5564.8290642499924 3736.6531607806683 98.764213263988495 334.73778130114079 110.54506160318851 2681.459222599864 10522.956365808845 152.75298701226711 650.95951682329178 13.639914929866789 7330.2409749925137 28.667396262288094 601.26678742468357 48.490218609571457 327.70456501841545 62.135047629475594 18.149826869368553
leaf_count=101 449 122 1726 73 566 16531 247 368 894 467 236 132 36769 22489 15106 398 1352 444 10816 42556 615 2630 56 29715 116 2444 200 1319 249 73
internal_value=-6.45219e-07 -0.0097095 0.000120294 -0.00308608 -0.0253032 0.000604741 0.00269973 -0.0206511 -0.000614277 -0.000605225 0.00676167 0.0014017 0.00206363 -0.00019784 -0.000777345 0.0106131 -0.00186859 -0.00224323 0.00281967 -0.000618617 0.00471209 -0.000674793 -0.00248974 -0.00207046 -0.00172365 -0.00777918 -0.0128125 0.00802627 0.00857181 0.0188645
internal_weight=46782.5 575.58 46207 403.986 171.593 37156.5 303.888 100.099 14688.8 274.807 171.381 22467.7 15891.4 6576.27 14478.5 210.287 9050.47 8562.97 11805.8 14259.6 487.491 6215.79 8372.14 7757.24 51.5525 614.907 103.426 360.482 190.83 80.2849
internal_count=189259 2496 186763 1713 783 150089 1272 441 59403 1150 703 90686 64116 26570 58556 847 36674 34707 47585 57662 1967 25119 33941 31441 217 2500 447 1451 766 322
is_linear=0
shrinkage=0.03


Tree=19
num_leaves=31
num_cat=0
split_feature=3 28 11 12 12 1 11 18 4 14 24 17 43 24 24 24 0 28 12 5 9 36 16 9 1 9 2 8 42 45
split_gain=89.0573 52.6856 45.2947 40.0761 57.5289 34.2689 33.5586 32.3306 30.6368 29.6459 26.6193 48.3753 25.26 24.7663 27.7851 23.7408 23.0918 21.9971 20.3434 19.5748 17.358 17.169 16.8737 15.7629 15.5163 14.8569 23.6897 18.49 15.5664 15.2089
threshold=1.0000000180025095e-35 -0.66576777202887871 -0.35349593495934956 -0.0086984685961535597 -4.6744455910365184e-05 0.040197492630209504 0.0076340326340326179 2.26397742276809 1.0177433727153053 0.33289999008178717 -0.30722455485499761 0.00044959463782551348 -9.9411349836180687 -0.41416893162683194 -0.035508348027658267 0.21822681272899927 -0.053071467874260682 0.51283688877457945 0.0026835386752521251 0.055303843546555161 0.0012834119683764881 -0.045891823329025069 -0.0011846622848296043 0.0059756322746902695 0.014260312476914947 0.015893079625683395 -0.0075346420208889748 0.18567298410671487 1.0000000180025095e-35 -0.0006524083417065908
decision_type=2 2 2 2 2 2 2 2 2 2 2 2 2 2 2 2 2 2 2 2 2 2 2 2 2 2 2 2 2 2
left_child=1 6 17 -3 22 7 -1 10 12 20 11 -4 19 -6 -15 -12 -14 25 -11 -7 -9 23 -5 -10 -19 27 -27 28 -2 -29
right_child=2 3 5 4 13 8 -8 9 21 18 15 -13 16 14 -16 -17 -18 24 -20 -21 -22 -23 -24 -25 -26 26 -28 29 -30 -31
leaf_value=-0.035236352824828787 0.014376613849347498 0.039465413466786267 0.00031201277430777092 -0.014738787039849762 -0.039731451452473476 0.024796908593402885 -0.0057436070596347324 -0.013786150522806033 0.024993843889285956 0.0006103210163852169 3.7880113818640341e-05 0.0061309362056843446 0.0071619139609204975 0.018279069574976291 -0.0043449276580079721 0.0020655302691585816 -0.00072481458846969946 0.015185177230684608 0.03545646182515249 -0.010217560672854543 -0.0037533924373862279 -0.0063841323296557591 -0.037365320994793838 -0.0067590685748809588 -0.0063217284756903452 -0.0099782582978049129 0.001045042187484355 0.0086451700788509091 -0.0019395342301123861 0.00047578103451127892
leaf_weight=114.3861802816391 53.425459250807762 16.732215702533722 2557.6051536500454 65.249014392495155 13.059843376278875 60.686437711119652 49.857608959078789 279.45603090524673 30.928660407662392 448.7856223732233 13175.617428064346 2585.8408015519381 345.43674112856388 71.192668676376343 155.7142112404108 8582.0990856736898 10202.029986664653 30.966332972049713 15.602688997983931 18.827737703919411 349.06970690190792 1073.7489490658045 54.389071121811867 25.814493343234062 1205.6610901802778 416.91644611954689 302.96291354298592 296.28243677318096 3513.7206000834703 666.41611488163471
leaf_count=550 216 71 10319 283 61 245 211 1132 125 1817 53179 10427 1393 290 645 34649 41270 125 63 76 1413 4356 260 105 4900 1695 1228 1199 14258 2698
internal_value=-6.65314e-07 -0.0121067 0.00014087 -0.00591951 -0.00803124 0.000520158 -0.0262836 0.001091 -0.000839002 -0.0039671 0.0012965 0.00323745 -0.000339525 0.000441237 0.00275341 0.000837665 -0.000466519 -0.00218359 0.00178109 0.016506 -0.00821417 -0.00553424 -0.0250251 0.0105483 -0.00578317 -0.00133567 -0.00533908 -0.000699455 -0.00169517 0.00299001
internal_weight=46778.5 540.581 46237.9 376.337 359.605 39751.5 164.244 27994.1 11757.5 1092.91 26901.2 5143.45 10627 239.967 226.907 21757.7 10547.5 6486.35 464.388 79.5142 628.526 1130.49 119.638 56.7432 1236.63 5249.72 719.879 4529.84 3567.15 962.699
internal_count=189259 2371 186888 1610 1539 160569 761 112999 47570 4425 108574 20746 42984 996 935 87828 42663 26319 1880 321 2545 4586 543 230 5025 21294 2923 18371 14474 3897
is_linear=0
shrinkage=0.03


Tree=20
num_leaves=31
num_cat=0
split_feature=3 15 11 45 1 11 12 24 42 35 9 7 12 2 39 40 9 15 16 15 45 7 13 11 23 25 41 15 33 39
split_gain=84.3259 44.3058 50.0248 44.3283 44.0809 39.4727 37.9823 36.2943 31.3168 49.8756 33.947 30.8512 28.5563 27.2986 26.5927 26.134 22.1169 21.0327 16.4868 19.3621 22.1826 16.8566 20.4644 16.297 18.6483 16.1254 14.8065 14.403 14.253 14.8141
threshold=1.0000000180025095e-35 -0.042999982833862298 0.0076340326340326179 -0.002200924904064695 0.014891451920800132 -0.45555311676909566 0.0021206296079778948 -0.035508348027658267 1.0000000180025095e-35 -0.017856878618375253 -0.030493243762176544 0.03606242780139738 0.0026835386752521251 0.087835197730000855 0.001125751967815338 0.00029019666071459203 0.017300956043069599 -0.046500015258789058 0.0018738755630215715 -0.19850006103515624 -0.0057703979947873784 0.013920332536549665 0.018360313375594486 -0.30982519590114521 -0.022066533369192006 -0.4894644508633948 -0.019257828562637667 -0.50600004196166981 0.2047865593370837 0.029256059344457724
decision_type=2 2 2 2 2 2 2 2 2 2 2 2 2 2 2 2 2 2 2 2 2 2 2 2 2 2 2 2 2 2
left_child=1 2 -1 6 16 28 -3 15 9 -7 -11 14 25 -13 -10 -5 18 -4 21 27 -21 26 -23 -18 -25 -9 -2 -20 29 -6
right_child=4 3 17 7 5 8 -8 12 11 10 -12 13 -14 -15 -16 -17 23 -19 19 20 -22 22 -24 24 -26 -27 -28 -29 -30 -31
leaf_value=-0.038787046578583312 0.025556721222187728 -0.031060126247124183 0.0006277031432687021 0.023827447304847024 -0.0045490653973329258 0.060878910892451038 -0.001135541494042519 0.020620344647700413 -0.00042586146330475202 0.047908531983444386 0.0043074545747967844 -0.0024130437717398336 -0.035168006074646277 0.0082022245779513614 0.0012684024619219001 -0.012185709703075857 0.0067349438566304647 -0.029679312339210725 -0.011928763219429565 0.01420642043623567 0.0037176552927280365 -0.0012295487027017035 0.027479682499021583 0.0026941258555196845 -0.017097617968823819 -0.012139675466708806 0.0043264904207197634 0.021397121475161044 -0.0087449432078693899 0.0046881320616489561
leaf_weight=95.244869157671928 30.773079052567482 83.05760769546032 69.719646841287613 83.204805493354797 783.83358769118786 15.235334157943724 70.641405761241913 23.858108535408974 19716.649040773511 16.629339039325714 478.85586519539356 5902.4616380929947 27.975840076804161 226.39527106285095 14446.816863417625 23.189784675836563 72.968431606888771 29.256815209984779 13.150551944971083 207.21761804819107 1460.5178380310535 1055.0599381327629 22.829434111714363 66.845750331878662 119.34054498374462 31.215737700462341 753.38718347251415 103.78205552697182 549.4598543047905 195.16202190518379
leaf_count=469 124 396 290 343 3195 61 288 98 79665 68 1929 23921 135 915 58367 95 295 129 53 834 5880 4250 92 270 484 128 3033 418 2241 793
internal_value=-6.90082e-07 -0.0118164 -0.0232664 -0.00533556 0.00013663 -0.00014474 -0.0173065 0.00437666 3.2564e-05 0.00741472 0.00577078 -6.10076e-05 -0.0104858 -0.00202092 0.000290597 0.015978 0.00318609 -0.00833086 0.00378789 0.00584831 0.00502089 0.0018131 -0.000621494 -0.00528221 -0.00999186 0.00205204 0.00515964 0.0176492 -0.00487797 -0.00270764
internal_weight=46774.7 537.365 194.221 343.143 46237.4 42331.5 153.699 189.444 40803 510.721 495.485 40292.3 83.0497 6128.86 34163.5 106.395 3905.87 98.9765 3646.72 1784.67 1667.74 1862.05 1077.89 259.155 186.186 55.0738 784.16 116.933 1528.46 978.996
internal_count=189259 2371 888 1483 186888 171155 684 799 164926 2058 1997 162868 361 24836 138032 438 15733 419 14684 7185 6714 7499 4342 1049 754 226 3157 471 6229 3988
is_linear=0
shrinkage=0.03


Tree=21
num_leaves=31
num_cat=0
split_feature=3 30 1 12 24 7 6 36 20 40 22 23 24 24 43 8 14 30 27 23 24 40 8 27 6 15 2 13 3 7
split_gain=79.9052 59.7501 41.465 37.7671 33.8781 32.4507 32.2178 34.4929 31.0499 30.2433 33.5946 27.233 25.5247 25.414 25.0446 24.9887 25.3007 20.2374 19.4772 20.7094 19.3253 17.6246 15.6745 19.1134 14.9686 13.7673 13.6865 10.9718 10.6275 7.62873
threshold=1.0000000180025095e-35 -0.0083289946440419007 0.014891451920800132 -0.0029247649075804429 0.68784132901899109 0.033325112682712633 -0.0094691655980141381 -0.016312697464520635 -0.11249999999999998 0.0040312939603535294 0.41666666666666674 -0.036926684740472906 0.88446539226868781 -0.47585163757332088 -9.9411349836180687 0.37327272101731573 1.1414000320434572 0.0018955860716268309 1.0000000180025095e-35 -0.0073191008443455044 0.32507817114257104 0.014040787500521552 0.12755442432805017 0.013819057348836362 -0.20718680234235573 -0.22450008392333984 0.087835197730000855 0.0076754786703861792 14.118511692118352 0.012326729093829742
decision_type=2 2 2 2 2 2 2 2 2 2 2 2 2 2 2 2 2 2 2 2 2 2 2 2 2 2 2 2 2 2
left_child=1 21 18 -3 9 6 7 14 11 10 -5 -8 15 -10 -4 16 -7 -14 19 -2 -9 -1 24 29 -20 -26 -17 -11 -25 -24
right_child=2 3 5 4 -6 12 8 20 13 27 -12 -13 17 -15 -16 26 -18 -19 22 -21 -22 -23 23 28 25 -27 -28 -29 -30 -31
leaf_value=0.031673694826211546 0.044519697242626916 -0.035911586296209975 0.026849265782205641 -0.034440833894852814 -0.039211012865717584 -0.0027756921975746643 -0.0030830036038672127 -0.002822353437353986 0.0086371646030145941 -0.037702094710141597 -0.0019213889532150477 0.00069708486322554535 0.04223752059634097 0.0019467867466907793 0.0013779518765847257 0.0010730538669716742 0.008314464876394409 -0.00045761171762166757 0.031555016582789114 0.006658744330699809 3.9128696255952961e-06 0.00026632337399099931 0.018356206438781261 0.0095041913332870771 0.010491458124007836 0.00097855636102590036 0.01198143594131899 -0.0086681742460151846 0.0016645147684783259 0.0080571602761297864
leaf_weight=31.35245443880558 20.665550246834755 68.117013424634933 35.082327350974083 31.891270697116852 36.736349761486053 7445.9856562763453 2111.6668201982975 6125.7727788835764 543.76141946017742 39.867654964327812 276.25831624865532 9137.7304420173168 21.220346331596375 8478.9708262830973 3580.0805694162846 1149.032177105546 189.86070182919502 18.882893159985542 14.972334966063498 35.064808756113052 3378.2219455838203 33.012070402503014 124.46391853690147 208.66472689807415 144.49556836485863 2611.311883226037 113.76670221984386 16.588170349597931 612.2303508669138 134.87085542082787
leaf_count=134 83 336 142 156 184 30210 8530 24798 2194 194 1164 36889 85 34229 14475 4649 762 76 60 141 13658 134 500 839 582 10524 458 69 2462 542
internal_value=-7.14515e-07 -0.011541 0.000132523 -0.0152574 -0.0117519 -0.000140407 0.000289358 -0.000869016 0.001039 -0.00898518 -0.00528692 -1.24898e-05 -0.00174582 0.00234999 0.00162513 -0.00185344 -0.00249994 0.0221342 0.00308975 0.0206981 -0.00181775 0.0155651 0.00283493 0.00590024 0.00163988 0.00147735 0.0020558 -0.0291712 0.0036573 0.013
internal_weight=46770.6 533.823 46236.8 469.459 401.342 42330 33391.3 13119.2 20272.1 364.605 308.15 11249.4 8938.75 9022.73 3615.16 8898.65 7635.85 40.1032 3906.74 55.7304 9503.99 64.3645 3851.01 1080.23 2770.78 2755.81 1262.8 56.4558 820.895 259.335
internal_count=189259 2371 186888 2103 1767 171155 134915 53073 81842 1583 1320 45419 36240 36423 14617 36079 30972 161 15733 224 38456 268 15509 4343 11166 11106 5107 263 3301 1042
is_linear=0
shrinkage=0.03


Tree=22
num_leaves=31
num_cat=0
split_feature=3 28 11 12 12 11 11 7 8 14 19 39 15 28 22 17 17 20 0 9 1 16 17 28 45 1 33 5 43 19
split_gain=75.6608 47.1661 40.6205 35.3488 51.7616 31.5484 30.917 30.4134 33.7558 32.369 29.0372 25.9927 25.5468 20.6547 18.6479 19.426 18.3777 17.1733 27.3244 19.451 16.502 15.6923 14.4387 14.4332 14.4734 14.1349 13.6433 13.5918 15.7219 14.6283
threshold=1.0000000180025095e-35 -0.66576777202887871 -0.35349593495934956 -0.0086984685961535597 -4.6744455910365184e-05 0.25769412878787884 0.0076340326340326179 0.037508615330832905 -0.042708825720895606 0.31789999961853033 1.0538961013276713 -0.0006582840528037351 0.11399998664855958 0.51283688877457945 1.9500000000000002 0.0154003312417149 -0.006690747954216752 -0.22999999999999995 -0.053071467874260682 -0.054044171744610861 0.015936267090037825 -0.0011846622848296043 -0.001105457592317292 -9.9411349836180687 -0.0018649952019426153 0.014260312476914947 0.22216136477222739 -0.097588771577834452 -0.23869881814330449 0.8119962660316099
decision_type=2 2 2 2 2 2 2 2 2 2 2 2 2 2 2 2 2 2 2 2 2 2 2 2 2 2 2 2 2 2
left_child=1 6 13 -3 21 7 26 8 9 -4 -10 14 16 23 15 -7 -6 19 -19 -9 -13 -5 -14 24 -2 -15 -1 28 -25 -29
right_child=2 3 5 4 12 11 -8 17 10 -11 -12 20 22 25 -16 -17 -18 18 -20 -21 -22 -23 -24 27 -26 -27 -28 29 -30 -31
leaf_value=-0.038819411298530983 0.040257646954788492 0.037727289278626404 -0.0019394590383133544 -0.013871038483458501 -0.010750426816914715 -0.0041996469093718465 -0.0052168366667823323 -0.019768855353781836 0.003235923303801846 0.0013824393664776918 0.0003401047905150675 0.0086058720001972473 -0.0040200416199961979 0.014432540524207633 -2.4563444010083358e-05 0.0036188563645000804 0.011485860633799274 0.015630473833980134 -0.0047552863487048567 0.0014666180851925629 0.00028873566514502329 -0.035989957357708831 -0.034713711363953265 0.014440504228317259 0.0027254455866627869 -0.00607844223683767 -0.011479798958964282 0.00035072868533195592 -0.00012255561392174254 -0.0030322037727189724
leaf_weight=89.58788725733757 14.816438153386114 16.34287565946579 4269.9937547594309 64.554136425256729 44.174876615405083 3376.1958705037832 49.361136630177498 40.153315961360931 9775.6534722596407 6915.6714407354593 4574.8429035842419 223.69922384619713 32.609572380781174 31.017481967806816 2154.5693740397692 312.47909733653069 137.79554682970047 61.536946818232536 1541.8420128673315 1169.5121372193098 5336.9120007008314 52.217202335596085 23.90482223033905 101.25800947844982 24.600393176078796 1204.3249651938677 20.116555884480476 1839.0398596674204 195.58897861838341 3072.2184034436941
leaf_count=456 60 71 17253 283 182 13657 211 163 39407 27951 18450 900 133 125 8710 1264 564 248 6250 4738 21578 260 117 410 100 4900 94 7462 793 12469
internal_value=-7.33252e-07 -0.0112641 0.00012854 -0.00541248 -0.00739704 0.000487629 -0.0249343 0.00102365 0.00134978 0.000114344 0.00231276 -0.000844877 0.000615908 -0.0020734 -0.00224207 -0.00353732 0.00608781 -0.00193691 -0.00397289 0.000761733 0.000623328 -0.0237621 -0.017003 -0.00125179 0.0168335 -0.00556344 -0.0338061 -0.00138867 0.00484508 -0.00176545
internal_weight=46766.6 530.665 46235.9 371.599 355.256 39753.1 159.066 28349.2 25536.2 11185.7 14350.5 11403.9 238.485 6482.86 5843.24 3688.67 181.97 2813.04 1603.38 1209.67 5560.61 116.771 56.5144 5247.52 39.4168 1235.34 109.704 5208.11 296.847 4911.26
internal_count=189259 2371 186888 1610 1539 160569 761 114460 103061 45204 57857 46109 996 26319 23631 14921 746 11399 6498 4901 22478 543 250 21294 160 5025 550 21134 1203 19931
is_linear=0
shrinkage=0.03


Tree=23
num_leaves=31
num_cat=0
split_feature=3 30 1 12 24 9 22 42 35 12 11 40 22 18 3 3 28 24 40 28 30 24 43 2 33 8 16 40 37 5
split_gain=71.6731 54.1749 38.345 35.8282 32.1143 30.9949 35.2032 36.5397 41.4804 29.6173 28.1589 27.866 31.2372 26.2349 22.044 23.9134 21.9724 21.1864 37.7097 36.9436 28.2329 20.4993 30.9838 21.1396 17.8534 17.3447 16.3084 16.1613 14.561 13.7173
threshold=1.0000000180025095e-35 -0.0083289946440419007 0.026806566234913485 -0.0029247649075804429 0.68784132901899109 -0.030493243762176544 0.35000000000000003 1.0000000180025095e-35 0.002113402966065491 0.0017192358280056865 -0.45555311676909566 0.0040312939603535294 0.41666666666666674 2.26397742276809 12.323637873516228 19.454252317602151 -0.62708572567471499 -0.30722455485499761 -0.0078340934961835008 -1.7068374921875538 -0.011998888491094881 0.19987760818417177 -1.7079519632802478 -0.0016983908763292524 0.2047865593370837 0.3062019498171879 0.046257528509006905 0.014040787500521552 0.044673483772180764 0.0588848267983434
decision_type=2 2 2 2 2 2 2 2 2 2 2 2 2 2 2 2 2 2 2 2 2 2 2 2 2 2 2 2 2 2
left_child=1 27 13 -3 11 6 9 -8 -9 -4 24 12 -5 17 -12 -16 -15 18 19 -2 -20 23 -23 -19 29 26 -18 -1 -11 -7
right_child=2 3 5 4 -6 10 7 8 -10 28 14 -13 -14 16 15 -17 25 21 20 -21 -22 22 -24 -25 -26 -27 -28 -29 -30 -31
leaf_value=0.03049440763266377 0.059579956119885605 -0.035012014174566689 0.0026923109219664973 -0.033497583355148922 -0.038372431089811282 -0.0035873500002907518 0.046567450032882533 -0.0025361697633242588 0.010451476707919221 0.019676789094427292 -0.0047210580603922253 -0.028121936936525292 -0.0017464652427909445 0.015342891559094284 -0.00015957426403701813 -0.0044742961135454951 -0.008985762139834123 -0.0015253024243914522 0.020925603450665367 0.01194376358584032 0.0022307141446691083 0.020902553663712839 0.0020548347928009709 0.0014439101945377128 -0.0095495169938969223 0.016036998833088071 0.015065334557611533 0.00029865232752043091 0.04478240573784175 0.0095745323604846267
leaf_weight=30.892790392041206 15.690494701266287 66.141118586063385 87.010112285614014 31.02639989554882 35.551092907786369 796.13928589224815 16.224540874361992 767.54747799038887 310.99826866388321 79.859943196177483 1097.9711987376213 55.156304210424423 275.57001078128815 44.542667791247368 23111.983040004969 1216.9258275181055 505.61344985663891 4225.2418198287487 74.500217840075493 221.45683206617832 3013.5957215577364 79.633868858218193 5504.7373613119125 4410.8412584513426 492.75792536139488 29.022450685501099 26.714420929551125 32.985306605696678 28.110408812761307 78.270904570817947
leaf_count=134 63 336 351 156 184 3249 67 3102 1255 321 4446 263 1164 180 93506 4928 2050 17061 300 892 12142 320 22211 17775 2014 117 108 134 113 317
internal_value=-7.57492e-07 -0.0109984 0.000124672 -0.0145683 -0.0111649 -0.000569901 0.0039727 0.00188103 0.00120881 0.0157169 -0.000788562 -0.00849112 -0.00495956 0.0011993 -0.000563048 -0.000375396 -0.00493819 0.00141124 0.00356705 0.0150955 0.00268173 0.000907141 0.00232361 -8.7902e-06 -0.00498273 -0.00654748 -0.00777878 0.014902 0.0262131 -0.00240919
internal_weight=46762.7 527.323 46235.4 463.445 397.304 28083.8 1289.75 1094.77 1078.55 194.98 26794 361.753 306.596 18151.6 25426.9 24328.9 605.893 17545.7 3325.24 237.147 3088.1 14220.5 5584.37 8636.08 1367.17 561.35 532.328 63.8781 107.97 874.41
internal_count=189259 2371 186888 2103 1767 113669 5209 4424 4357 785 108460 1583 1320 73219 102880 98434 2455 70764 13397 955 12442 57367 22531 34836 5580 2275 2158 268 434 3566
is_linear=0
shrinkage=0.03


Tree=24
num_leaves=31
num_cat=0
split_feature=1 28 16 12 20 7 13 2 11 24 40 9 14 24 17 32 8 12 13 15 12 32 19 17 15 24 2 17 17 41
split_gain=42.4287 52.6388 45.7671 43.5318 39.3058 38.9378 32.9084 31.5354 49.2273 29.0771 37.302 32.3753 33.9188 26.7716 40.0947 27.6821 26.4595 26.2558 24.9466 23.2533 25.4881 22.541 21.6321 21.3019 21.0091 26.7991 19.3114 17.8172 17.1973 16.7635
threshold=1.0000000180025095e-35 -0.66576777202887871 0.014480127108987351 -6.6033479423637558e-05 -0.20999999999999996 0.027873648482421336 0.00054856643930122106 -0.0022124005835336374 0.3032005447735785 0.49055713373694071 -0.039057171230984455 -0.036332974557442242 0.26010000228881841 -0.30722455485499761 -0.0031425530885553555 0.019684935174236206 0.37327272101731573 0.0040055195909781691 0.0010153403168621808 0.10050001144409181 0.0095208493907367447 0.015533996538523507 0.86506217963563647 -0.0026765496890661885 0.1264999866485596 0.40706210192420128 0.0093167657023627091 -0.0013267264910039769 0.013620531122188799 0.0044611413804614662
decision_type=2 2 2 2 2 2 2 2 2 2 2 2 2 2 2 2 2 2 2 2 2 2 2 2 2 2 2 2 2 2
left_child=1 4 3 -3 -1 6 21 13 18 16 -11 17 -13 14 -8 -15 19 -12 -9 20 -7 -2 27 -23 25 -5 -10 -18 -21 -25
right_child=5 2 -4 24 -6 9 7 8 26 10 11 12 -14 15 -16 -17 22 -19 -20 28 -22 23 -24 29 -26 -27 -28 -29 -30 -31
leaf_value=-0.00077122787533326896 -0.036845182338739395 -0.021928036363989576 0.017694249214521101 0.022684270534875924 -0.032678122745875948 -0.0032145668054818408 -0.0034812021771550052 -0.0011499222946029109 0.0031162042725918506 -0.039517213010997983 0.0073230866086511637 0.012955070993131928 -0.00012290723870497916 -0.0031483277411552767 0.0048596637403094554 8.3230676998032098e-05 -0.00024649905387281968 0.03277870337009342 0.0034281284279205348 0.0018522303495794839 0.0026447491841411087 0.0072413403215650001 -0.0016169927703973659 -0.020428180010310489 -0.014790537075219089 -0.0038009798791643059 -0.0015481516197975464 0.007780849245146217 -0.0055730176886030205 -0.00074552221365241464
leaf_weight=50.627812191843987 25.340109333395958 118.04387260973454 81.479068234562874 58.870794475078583 110.78377175331116 8835.5179054439068 715.2601296454668 1209.0157153755426 986.6644312441349 18.748399972915649 112.0475322753191 206.61342833936214 1311.0364597737789 3263.1227143108845 1887.3507637679577 8872.4763609617949 412.69649861752987 54.062109917402267 9401.6483299434185 1799.1072768419981 722.83242043852806 66.82899771630764 981.009118527174 101.08441223204136 53.92062696814537 82.664996728301048 4197.0727657079697 626.80170030891895 332.62723925709724 63.350561663508415
leaf_count=217 103 554 334 242 566 35841 2888 4877 3979 76 451 836 5307 13186 7616 35869 1669 217 37878 7288 2928 271 3970 411 242 341 16964 2533 1348 257
internal_value=-7.7397e-07 -0.00823574 -0.00233694 -0.00754306 -0.0226703 9.83956e-05 0.000714595 0.000804508 0.00173585 -0.00113252 0.00256521 0.00303379 0.00165753 -0.000193578 0.00256739 -0.000785698 -0.00159169 0.0156079 0.00290649 -0.00213959 -0.00277147 -0.00998398 0.00157833 -0.00704073 0.00114459 0.00721537 -0.000660345 0.00459387 0.000693625 -0.0128452
internal_weight=46758.7 556.391 394.979 313.5 161.412 46202.3 30789.2 30532.6 15794.4 15413.1 1702.51 1683.76 1517.65 14738.2 2602.61 12135.6 13710.6 166.11 10610.7 11690.1 9558.35 256.604 2020.51 231.264 195.456 141.536 5183.74 1039.5 2131.73 164.435
internal_count=189259 2496 1713 1379 783 186763 124299 123257 63698 62464 6887 6811 6143 59559 10504 49055 55577 668 42755 47405 38769 1042 8172 939 825 583 20943 4202 8636 668
is_linear=0
shrinkage=0.03


Tree=25
num_leaves=31
num_cat=0
split_feature=37 7 40 42 6 23 9 14 5 20 13 9 20 20 4 24 36 8 36 10 20 8 7 31 19 40 24 17 28 13
split_gain=35.7513 35.2136 34.5566 34.5793 32.3165 31.2707 29.9284 32.9334 29.6787 28.5445 30.4845 28.0587 46.579 38.7711 29.6474 24.8298 23.3262 23.0559 22.9069 22.4855 20.6718 29.9438 20.8883 20.4737 19.7731 17.4576 16.9139 16.9134 15.9431 15.7166
threshold=1.0000000180025095e-35 0.027213418742994922 0.01079125978862612 0.01694905496099337 -0.0094691655980141381 0.0033444245092909279 0.0053876148025936927 0.31789999961853033 0.041071995718101169 0.47500000000000003 0.018360313375594486 -0.02777411565152486 -0.31249999999999994 -0.33249999999999991 0.59582563781728848 0.47671923407684708 -0.015388907034210133 0.37327272101731573 -0.052929283189990774 -0.013168214213026394 -0.29249999999999998 -0.10334011894660369 0.040736180205795398 0.0095487666385802878 1.5953168403988063 0.057182037927536185 -0.19857513491498807 0.014720975158275629 -9.9411349836180687 0.034847224533309532
decision_type=2 2 2 2 2 2 2 2 2 2 2 2 2 2 2 2 2 2 2 2 2 2 2 2 2 2 2 2 2 2
left_child=2 4 5 -4 6 28 7 18 19 10 -8 12 13 -3 -15 -9 -11 20 -2 29 21 -13 -22 26 25 -14 -7 -21 -1 -6
right_child=1 11 3 -5 8 23 9 15 -10 16 -12 17 24 14 -16 -17 -18 -19 -20 27 22 -23 -24 -25 -26 -27 -28 -29 -30 -31
leaf_value=-0.020750855219625702 0.017737314827874363 0.023774524297374929 0.055926049889481376 0.013160241939970363 -0.00032348738962480872 -0.021747794263775329 9.8349301584057887e-05 -0.00098296457725131838 -0.00096924711265539078 0.018114241515883676 0.016744765469168286 0.0045395003327264594 0.0082613882516757546 -0.0071520022948097471 -0.041769720989176959 0.0051833238374808105 0.0032889592421609256 0.0013653085842345104 -0.0043014383571655726 0.0022505736578423315 -0.0019312376825398215 -0.0017854628656636849 -0.0052490713680976254 -0.021121907364406306 0.036265659151832774 -0.027760168681817902 0.0039241051427450838 0.0073111638083145523 0.013172887704425021 -0.021867891221054168
leaf_weight=13.10663567483425 43.008602425456047 33.190924689173698 23.408557206392288 62.313924208283424 2525.3077280670404 26.252164348959923 2923.1531412601471 4393.5609424263239 3992.559710174799 158.95630797743797 102.48130622506142 963.64415970444679 576.3113501816988 205.17791044712067 24.975853875279427 678.47414192557335 239.33257865905762 2152.7740280479193 3244.1252538412809 10874.331818267703 7891.4910482466221 2238.5193014591932 2179.453551620245 46.301534593105316 22.329237535595894 12.368735089898108 192.23127196729183 628.75754128396511 255.99575544893742 30.84635628759861
leaf_count=61 174 134 94 251 10213 106 11813 17813 16139 642 414 3904 2325 832 103 2749 968 8710 13162 43863 32040 9083 8873 187 90 50 776 2533 1032 125
internal_value=-7.90859e-07 -9.69294e-05 0.00715753 0.0248385 0.000515696 0.00431863 -0.000706391 -0.00167403 0.0013134 0.00165601 0.00066218 -0.00121824 0.00400981 -0.00653732 -0.0109087 -0.000158115 0.0092057 -0.00151457 -0.00401309 0.00196163 -0.00198166 0.000117942 -0.00264925 -0.0030008 0.00855561 0.00750454 0.000839464 0.00252718 0.0115206 -0.000583474
internal_weight=46754.7 46135.1 619.61 85.7225 29834.9 533.887 11783.1 8359.17 18051.8 3423.92 3025.63 16300.2 874.354 263.345 230.154 5072.04 398.289 15425.9 3287.13 14059.2 13273.1 3202.16 10070.9 264.785 611.009 588.68 218.483 11503.1 269.102 2556.15
internal_count=189259 186752 2507 345 120608 2162 47735 33898 72873 13837 12227 66144 3534 1069 935 20562 1610 62610 13336 56734 53900 12987 40913 1069 2465 2375 882 46396 1093 10338
is_linear=0
shrinkage=0.03


Tree=26
num_leaves=31
num_cat=0
split_feature=3 30 1 12 24 37 35 4 14 29 40 40 10 5 18 4 6 31 40 31 40 7 8 40 32 5 13 34 6 37
split_gain=64.3812 48.9537 35.4812 33.9902 30.462 27.6862 47.4364 28.1892 27.9531 28.2182 26.1803 29.986 24.4113 31.4744 23.5621 18.3263 17.2626 16.6972 15.7581 15.6431 15.0931 15.0458 14.8795 14.0542 11.6365 11.6228 10.9426 10.0107 7.0864 6.3945
threshold=1.0000000180025095e-35 -0.0083289946440419007 0.014891451920800132 -0.0029247649075804429 0.68784132901899109 1.0000000180025095e-35 -0.01380980201320676 0.32350331944917438 1.1414000320434572 0.027590650402889664 0.0040312939603535294 -0.0074894625125593141 -0.022537142761268381 -0.070281864518649748 2.8177381370473973 1.1112393576397388 -0.20718680234235573 -0.090432785116982675 -0.0092319759262920447 0.0017050286291983394 0.014040787500521552 0.013788503402312113 0.24413029163820157 -4.0000383760315589e-05 0.014668375044082874 0.0056149357674173403 0.0076754786703861792 0.0023224282665521832 -0.066347288106934563 1.0000000180025095e-35
decision_type=2 2 2 2 2 2 2 2 2 2 2 2 2 2 2 2 2 2 2 2 2 2 2 2 2 2 2 2 2 2
left_child=1 20 15 29 10 6 -4 12 9 -9 11 -5 13 -7 -14 16 -2 -8 -17 -10 -1 22 -18 -19 -23 27 -12 -20 -22 -3
right_child=2 3 5 4 -6 7 17 8 19 -11 26 -13 14 -15 -16 18 21 23 25 -21 28 24 -24 -25 -26 -27 -28 -29 -30 -31
leaf_value=0.029443458453557631 0.029716691036919572 -0.016508129100663946 0.057683582668902736 -0.028206538214313279 -0.037588829579083077 0.0044667701529837647 -0.022786004963224825 -0.0013024604934573478 0.031391065334124606 -0.007914392396424632 -0.036105197483093439 -0.00085969999259711443 0.00070026289167905676 -0.0031885265496184143 -0.0040681836650705329 0.044822912635077636 0.0034434156997098079 0.00051695321466009028 0.011354249898673782 0.00017944018645671276 -0.014864774628648379 -0.0035921227054384101 0.011715177430844808 0.010768919429302408 0.0018811030832353948 0.028715499233539971 -0.0067277364503433752 -0.018468526913875693 0.013042762863523264 -0.039228744153657007
leaf_weight=30.454357549548149 20.928658351302147 14.359706804156302 15.94392119348049 41.822672247886658 34.367800191044807 569.02093876898289 18.577756851911545 9645.0556959360838 35.886791676282883 618.15009813010693 37.828171864151955 263.11855827271938 26731.956372737885 3211.0767077803612 966.32998728752136 14.731619998812674 1323.3243709355593 217.3858664482832 34.073615238070488 24.196472764015198 15.224870458245276 432.94285197556019 229.69151352345943 269.59753036499023 1816.2508208453655 22.154914915561676 16.340525984764099 14.41586649417877 17.71958963572979 49.849354892969131
leaf_count=134 84 67 64 200 184 2309 75 39045 144 2508 194 1120 107978 13054 3917 59 5326 877 137 97 62 1743 922 1087 7315 89 69 58 72 269
internal_value=-7.8877e-07 -0.0104869 0.000117402 -0.0139091 -0.0106066 -0.00013516 0.00673444 -0.000220863 -0.00158125 -0.0017007 -0.0080243 -0.00461032 0.000225274 -0.00203617 0.000533903 0.00285225 0.00254527 0.00512765 0.0165989 0.0188217 0.0142192 0.00239571 0.00466681 0.00619252 0.000827573 0.0107132 -0.0272432 0.00248797 0.000145643 -0.0341475
internal_weight=46752.8 521.086 46231.7 457.687 393.478 42323.2 521.505 41801.7 10323.3 10263.2 359.11 304.941 31478.4 3780.1 27698.3 3908.51 3823.14 505.561 85.376 60.0833 63.3988 3802.21 1553.02 486.983 2249.19 70.6444 54.1687 48.4895 32.9445 64.2091
internal_count=189259 2371 186888 2103 1767 171155 2103 169052 41794 41553 1583 1320 127258 15363 111895 15733 15390 2039 343 241 268 15306 6248 1964 9058 284 263 195 134 336
is_linear=0
shrinkage=0.03


Tree=27
num_leaves=31
num_cat=0
split_feature=3 28 1 12 12 20 42 35 9 12 13 24 9 8 20 16 9 9 16 16 14 24 24 35 27 43 16 3 45 31
split_gain=60.971 40.3811 33.536 30.2522 45.1786 27.98 27.3341 43.6265 31.9995 26.7996 43.9669 62.4879 41.8608 28.9912 44.2379 23.7591 21.5638 21.241 21.1393 28.5001 24.5061 20.1452 20.6543 17.3477 20.1947 17.5189 14.7635 14.2297 13.7183 13.1182
threshold=1.0000000180025095e-35 -0.66576777202887871 0.016286707223108373 -0.0086984685961535597 -4.6744455910365184e-05 -0.14749999999999999 1.0000000180025095e-35 -0.017856878618375253 -0.030493243762176544 0.0014016321288821668 0.0013205237637713633 0.82702113488208517 -0.036332974557442242 0.028246442555306502 0.41000000000000009 0.046257528509006905 0.012027169056293112 0.0082762136004875721 0.0018738755630215715 0.0023092341068648679 0.37730001449584966 -0.41416893162683194 -0.035508348027658267 -0.0023562761200562202 0.014260269978060505 0.045536011165520314 -0.0011846622848296043 16.981084630718101 0.015138458025456396 0.00086245062058008164
decision_type=2 2 2 2 2 2 2 2 2 2 2 2 2 2 2 2 2 2 2 2 2 2 2 2 2 2 2 2 2 2
left_child=1 5 16 -3 26 -1 7 -4 -9 13 11 -11 -12 15 -15 -8 18 -10 27 -20 -21 -6 -23 24 -18 -26 -5 28 -2 -25
right_child=2 3 6 4 21 -7 9 8 17 10 12 -13 -14 14 -16 -17 23 -19 19 20 -22 22 -24 29 25 -27 -28 -29 -30 -31
leaf_value=-0.0032389450307466084 0.0018257336969434842 0.03578185163739888 0.055993789874516454 -0.012685110004772375 -0.037060117330572573 -0.031484613727688224 -0.0021552980166689995 0.045806964960240816 0.00071527597528361778 0.0051163546168453379 0.011647358288598733 0.063514555612117676 -1.8945567656752864e-05 -0.00054407641258460277 0.0046416599686975894 0.0057359876484308148 0.022734008193072391 0.016718429898037384 0.033247963988469499 0.0031797152217891179 0.010952749413947594 0.016273576577202752 -0.0033326770756152619 -0.00047981501905496174 -0.0087632640744590828 0.01314135427573185 -0.034521232941357109 -0.0037359930045132712 0.014841639714713859 -0.009004006547894166
leaf_weight=44.640416637063026 1756.2198939621449 15.79607020318508 15.643849134445189 63.632933303713799 12.008727893233297 107.74896582961082 11661.216462850571 16.823164284229279 396.79832269251347 1383.4460955262184 282.7570539265871 16.689645975828171 13164.136203736067 11965.406746655703 1689.5869265049696 353.79909645020962 48.522335410118103 91.942206278443336 32.573598369956017 1588.7087555378675 473.92992451786995 70.480347380042076 154.06094363331795 363.3572995364666 80.397500604391098 55.576633393764496 49.577921360731125 423.46374244987965 76.032821595668793 293.91637353599072
leaf_count=194 7071 71 63 283 61 567 47223 70 1599 5597 1138 67 53224 48371 6826 1432 195 370 131 6393 1907 290 645 1466 324 224 260 1705 306 1186
internal_value=-8.01641e-07 -0.0102366 0.000113875 -0.0048282 -0.00666225 -0.0232104 -0.000173543 0.00665287 0.0051261 -0.000261357 0.000753161 0.00581246 0.00022637 -0.000848134 9.75755e-05 -0.00192293 0.00238535 0.0037258 0.00323569 0.00540541 0.00496572 0.000796817 0.00282145 -0.00200988 0.0061189 0.000189799 -0.0222477 0.00122036 0.00236585 -0.00429162
internal_weight=46748.9 517.946 46230.9 365.557 349.761 152.389 41038.2 521.208 505.564 40517 14847 1400.14 13446.9 25670 13655 12015 5192.7 488.741 4350.93 2095.21 2062.64 236.55 224.541 841.77 184.496 135.974 113.211 2255.72 1832.25 657.274
internal_count=189259 2371 186888 1610 1539 761 165980 2102 2039 163878 60026 5664 54362 103852 55197 48655 20908 1969 17513 8431 8300 996 935 3395 743 548 543 9082 7377 2652
is_linear=0
shrinkage=0.03


Tree=28
num_leaves=31
num_cat=0
split_feature=3 30 11 12 39 10 18 35 40 39 35 9 9 1 3 13 23 23 15 22 23 28 45 30 6 9 2 19 40 1
split_gain=57.7478 44.6943 34.0636 32.459 29.2701 32.4599 32.3317 33.9334 25.5453 25.1593 34.2312 24.2235 22.8544 28.6647 21.0488 21.0254 27.2428 24.6746 23.3424 20.4535 20.3922 19.3597 19.0923 17.4435 15.4833 14.0877 23.1314 14.4084 13.5936 12.6729
threshold=1.0000000180025095e-35 -0.0083289946440419007 -0.35349593495934956 -0.0029247649075804429 -1.0000000180025095e-35 0.006952094975898152 0.93452170076587959 0.00016576340297010423 0.018130773998777053 1.0000000180025095e-35 -0.01380980201320676 0.01425140428146692 -0.036332974557442242 0.053896455184652199 16.649811603696723 0.0075274082882425342 -0.010936518154149059 -0.0062592788234543109 -0.045499992370605459 1.9166666666666667 0.0063186926979421085 0.51283688877457945 0.0074535750744168959 -0.017961617732116585 0.36611778461559569 0.015893079625683395 -0.0075346420208889748 0.8119962660316099 0.014040787500521552 0.014260312476914947
decision_type=2 2 2 2 2 2 2 2 2 2 2 2 2 2 2 2 2 2 2 2 2 2 2 2 2 2 2 2 2 2
left_child=1 28 21 -3 5 6 8 -8 -4 10 -6 19 14 -14 -11 16 -5 -17 -18 -7 -12 23 -19 -2 -13 27 -27 -25 -1 -23
right_child=2 3 4 15 9 11 7 -9 -10 12 20 24 13 -15 -16 17 18 22 -20 -21 -22 29 -24 25 -26 26 -28 -29 -30 -31
leaf_value=0.028337625075037259 0.012678923929388986 -0.033397933364207016 0.0012622263774559324 0.0049004004231798558 0.054526994092919064 -0.0039343949338353649 0.0034402631453049164 -0.0065262582776692123 -0.0066804487755379545 0.0015257104735798147 0.013981175148782067 0.0017054577145990508 0.0015301227176040338 -0.0018854349770780212 0.017426612719115501 -0.04011171530190575 -0.034767157467687618 -0.0034419016693168292 -0.013098511380662479 -0.00042054688795457363 0.00064431008796943733 0.013635526420210294 0.023752800980014012 0.0016656663262765092 0.029843930592504515 -0.009994058345512322 0.0010474604469646852 -0.0019321313360472015 0.0004005998278557724 -0.005777028333129465
leaf_weight=29.942419528961182 81.271952450275421 62.292258560657501 12370.808151230216 50.807547211647034 14.07638695836067 3981.2807743400335 432.96772855520248 1060.6073441058397 375.49730741977692 151.85581460595131 195.86299489438534 1110.0098117887974 14689.320526450872 2603.3074434250593 147.89601212739944 12.371457070112227 63.639932855963707 79.23396871984005 150.68177081644535 2383.4163839370012 218.04926490783691 31.047283858060837 32.874471768736839 1518.0052653998137 17.883257254958153 400.88272775709629 297.47173719108105 2946.0633474290371 32.89795047044754 1202.5341091752052
leaf_count=134 330 336 49937 210 57 16103 1752 4295 1517 612 787 4495 59295 10541 596 66 341 332 684 9631 879 125 134 6160 72 1634 1206 11964 134 4900
internal_value=-8.11784e-07 -0.00999367 0.000110452 -0.0132901 0.000439165 -0.000302105 0.000538909 -0.0036371 0.00102824 0.00133313 0.00851992 -0.00190048 0.00115829 0.00101593 0.00937113 -0.0100752 -0.0148505 9.56371e-05 -0.0195327 -0.00261855 0.00695531 -0.00190695 0.00453262 -0.00111145 0.00215161 -0.00132855 -0.0052908 -0.000708701 0.0137121 -0.00528845
internal_weight=46744.9 514.742 46230.1 451.901 39752.8 21732.5 14239.9 1493.58 12746.3 18020.4 427.989 7492.59 17592.4 17292.6 299.752 389.609 265.129 124.48 214.322 6364.7 413.912 6477.28 112.108 5243.7 1127.89 5162.42 698.354 4464.07 62.8404 1233.58
internal_count=189259 2371 186888 2103 160569 87802 57501 6047 51454 72767 1723 30301 71044 69836 1208 1767 1235 532 1025 25734 1666 26319 466 21294 4567 20964 2840 18124 268 5025
is_linear=0
shrinkage=0.03


Tree=29
num_leaves=31
num_cat=0
split_feature=3 28 1 37 4 12 12 24 40 45 20 40 23 12 23 2 14 21 21 16 13 8 45 39 15 15 2 13 3 15
split_gain=54.7054 36.9227 31.6626 31.2159 27.8469 27.7228 41.9414 27.5301 41.8399 32.148 26.9972 26.0672 26.8624 25.3112 33.0738 28.4314 24.0057 23.5143 31.3662 23.3121 30.3244 25.0389 22.6892 21.5739 19.7081 17.3374 18.7729 18.422 17.29 16.1234
threshold=1.0000000180025095e-35 -0.66576777202887871 0.040197492630209504 1.0000000180025095e-35 0.74207252702840709 -0.0086984685961535597 -4.6744455910365184e-05 0.49055713373694071 -4.0000383760315589e-05 0.00048658017151920327 -0.14749999999999999 0.01079125978862612 0.0043200898597919877 0.0014016321288821668 -0.081732104092105212 -0.0016983908763292524 0.29369999885559089 0.16250000000000003 0.22500000000000003 0.0030974103789798619 0.020145467941419967 0.054079647600455243 -0.0050965524669645884 -0.0042778013697028537 0.11399998664855958 1.4684999465942383 -0.022355748263873938 0.0015543450428504985 18.60166071368857 0.095000028610229506
decision_type=2 2 2 2 2 2 2 2 2 2 2 2 2 2 2 2 2 2 2 2 2 2 2 2 2 2 2 2 2 2
left_child=1 10 3 11 7 -3 -7 17 22 -10 -1 12 -2 19 16 -16 -15 23 -19 21 -21 -5 -9 -4 29 26 27 -6 -28 -8
right_child=2 5 4 13 25 6 24 8 9 -11 -12 -13 -14 14 15 -17 -18 18 -20 20 -22 -23 -24 -25 -26 -27 28 -29 -30 -31
leaf_value=-0.0027271286571248121 0.014623042468542532 0.034706497338815194 -0.0026741909073720485 -0.0023942446175107615 -0.019589425796144512 -0.021514072785658356 0.0027423893248346267 -0.011139411173570932 0.0067065057661826327 -0.0038086939321054095 -0.030646185708229814 0.030225823015519956 -0.0022544317995732638 -0.053087649434701678 0.00027237121176524107 0.0033002598550111368 -0.0098447876041840611 0.051787448171668998 0.0062503357536775467 0.0012928544727245095 -0.010956825217282258 0.00050881617758578195 0.012615796318433674 1.8220822098007879e-05 -0.01493435441532049 0.026741519594547885 -0.0014868637267294385 -0.0059650718981184535 -0.0085617462192487635 0.033641010763004679
leaf_weight=44.39907169342041 171.05419187247753 15.468145430088041 4752.857346624136 5753.3886814117432 124.35581234097481 111.34895525872707 164.07699477672577 39.447508320212364 413.49385084211826 712.69249773025513 104.63015949726105 46.383114963769913 168.45940957963467 13.504548937082289 5436.7853733003139 5735.2046358138323 79.988797664642334 15.302929475903509 123.31940551102161 8646.6059273630381 185.78838497400284 4995.6444390714169 437.7011580914259 6137.0127815902233 54.785083383321762 16.382022961974144 1515.8528874516487 317.02831214666367 391.09376448392868 16.750935852527618
leaf_count=194 687 71 19268 23268 509 543 677 160 1671 2882 567 187 679 55 21971 23117 324 62 500 34912 752 20151 1770 24862 250 66 6155 1291 1589 69
internal_value=-8.24539e-07 -0.00975839 0.000107128 0.000651162 -0.00102591 -0.00458964 -0.00634152 -0.000466579 0.00320657 5.20973e-05 -0.0223285 0.00913073 0.0062488 0.000545082 0.00167805 0.00182676 -0.016091 -0.00100058 0.0112773 -0.000106734 0.00103518 -0.00104504 0.0106519 -0.00115688 0.000828908 -0.00401376 -0.00422831 -0.00980361 -0.00293784 0.00560467
internal_weight=46740.8 511.459 46229.3 31232.8 14996.5 362.43 346.962 12631.8 1603.34 1126.19 149.029 385.897 339.514 30846.9 11265.5 11172 93.4933 11028.5 138.622 19581.4 8832.39 10749 477.149 10889.9 235.613 2364.71 2348.33 441.384 1906.95 180.828
internal_count=189259 2371 186888 126103 60785 1610 1539 51175 6483 4553 761 1553 1366 124550 45467 45088 379 44692 562 79083 35664 43419 1930 44130 996 9610 9544 1800 7744 746
is_linear=0
shrinkage=0.03


Tree=30
num_leaves=31
num_cat=0
split_feature=3 30 11 12 24 12 43 24 27 12 23 12 40 12 13 40 22 18 26 45 5 10 30 41 5 30 14 5 42 28
split_gain=51.7891 41.1381 31.4215 31.1114 27.7645 26.818 34.8873 58.0612 33.5807 33.1521 32.303 33.5825 30.389 29.8726 29.3054 23.9626 27.1928 21.4816 18.4497 16.9123 16.8164 14.1143 13.9314 13.5254 12.3985 12.3846 12.3235 12.1518 13.729 17.808
threshold=1.0000000180025095e-35 -0.0083289946440419007 -0.35349593495934956 -0.0029247649075804429 0.68784132901899109 0.0014503830025475466 -9.9411349836180687 0.37249245891534505 1.0000000180025095e-35 0.0022327852988470935 -0.065439878627878992 0.025176461593112234 0.057182037927536185 -0.0012456648261396197 0.0013205237637713633 0.0040312939603535294 0.41666666666666674 0.18828843256090486 0.016868158542034748 -0.0029299981724404361 0.067563678174451539 -0.0087633104745202979 -0.007152800053472819 -0.0027624180048397167 -0.021659022759142273 0.025176461593112234 0.32050001144409185 -0.086584283147530403 0.012499974895016057 0.44209460274695461
decision_type=2 2 2 2 2 2 2 2 2 2 2 2 2 2 2 2 2 2 2 2 2 2 2 2 2 2 2 2 2 2
left_child=1 24 18 -3 15 6 7 21 9 -7 11 -10 13 -8 -12 16 -5 -14 27 -11 22 -4 -20 -22 -1 -24 -9 -2 -29 -30
right_child=2 3 5 4 -6 8 12 26 10 19 14 -13 17 -15 -16 -17 -18 -19 20 -21 23 -23 25 -25 -26 -27 -28 28 29 -31
leaf_value=-0.010719665174002064 0.0038239549738101502 -0.032705967151540803 0.029945943299271385 -0.031508996531540934 -0.036260218563667776 0.059063234664311758 0.0011617300629235415 0.054945568212326365 -0.0049191850924505502 0.023164095591351356 0.0059081969324701377 -0.052197677775202803 -0.027657200224147353 -0.00099296318265478054 0.0011381372588549535 -0.025893659645474108 -0.00094895090579972261 0.0028567948746301944 0.0039628643595008648 0.00013394097573569979 -0.0084801609973709641 -0.00054010439424477454 -0.0066862487652379066 0.0070495570158918587 0.020765177887187156 0.013615460490277643 0.023737761230031625 0.0062585800047488807 -0.00092679452085059376 -0.0068421083822804377
leaf_weight=14.747458040714262 457.64650958776474 60.535767987370491 15.434509575366972 28.996605634689331 32.158981963992119 14.702243760228155 9141.0706479996443 26.971027657389641 476.01113313436508 55.334456443786621 1276.1742049902678 13.916941747069357 61.684076428413391 15800.610902547836 12641.498818352818 52.278776302933693 272.21823777258396 31.300128430128098 129.21107658743858 59.61714468896389 69.399776324629784 119.40685527026653 1453.6100432127714 185.08242186903954 47.555534496903419 27.555921018123627 19.710508868098259 204.18194976449013 3419.3690723180771 528.88608141243458
leaf_count=61 1857 336 62 156 184 59 36908 111 1926 223 5154 57 250 63870 51022 263 1164 127 526 241 282 480 5923 751 207 112 79 827 13888 2153
internal_value=-8.36207e-07 -0.00952273 0.0001039 -0.0127113 -0.00957275 0.000419554 -0.000172073 0.0129324 0.00144579 0.0166452 0.00130901 -0.00626218 -0.000267092 -0.000203273 0.00157553 -0.00714487 -0.00389083 -0.0173856 -0.00183408 0.01122 -0.00435193 0.00294946 -0.00548441 0.00281445 0.0133125 -0.00630855 0.0417686 -0.000815569 -0.0013269 -0.00171918
internal_weight=46736.9 508.491 46228.4 446.188 385.653 39753.4 25216.2 181.523 14537.3 129.654 14407.6 489.928 25034.7 24941.7 13917.7 353.494 301.215 92.9842 6474.94 114.952 1864.86 134.841 1610.38 254.482 62.303 1481.17 46.6815 4610.08 4152.44 3948.26
internal_count=189259 2371 186888 2103 1767 160569 101887 732 58682 523 58159 1983 101155 100778 56176 1583 1320 377 26319 464 7594 542 6561 1033 268 6035 190 18725 16868 16041
is_linear=0
shrinkage=0.03


Tree=31
num_leaves=31
num_cat=0
split_feature=3 30 30 11 24 40 24 7 13 17 14 40 23 9 10 24 13 10 1 42 13 41 33 30 17 42 12 40 36 9
split_gain=49.0335 38.9408 30.2529 30.1151 27.8887 32.7818 27.6883 27.1026 27.0432 30.6375 26.8145 26.6377 27.8665 22.0656 19.5367 18.0555 17.3317 14.8448 14.7038 13.9111 13.9085 13.7384 13.1725 13.205 18.2232 13.1125 12.5046 12.0666 11.9958 11.4781
threshold=1.0000000180025095e-35 -0.0083289946440419007 -0.0023816969379917372 -0.45555311676909566 0.68784132901899109 -0.0074894625125593141 -0.35506044688894889 0.036325252200688045 0.00049865380950421154 -0.0026765496890661885 0.39979999542236339 0.057182037927536185 0.11561066042934286 0.02681631781026151 -0.001147947447334549 0.54863035110196445 0.0030527000931689489 0.068880634170052121 0.01026800259121991 0.014455804972565182 0.034847224533309532 -0.026787204648185799 0.2047865593370837 -0.0055441246465627037 0.0068803896695654046 0.064838740848687432 0.00045911844544759727 0.014040787500521552 -0.0045631931606521731 0.020814788915833108
decision_type=2 2 2 2 2 2 2 2 2 2 2 2 2 2 2 2 2 2 2 2 2 2 2 2 2 2 2 2 2 2
left_child=1 27 -3 18 5 19 -7 8 9 28 13 12 -10 16 -11 -15 -9 21 -2 -4 -13 -12 23 24 -20 -25 -19 -1 -5 -24
right_child=3 2 4 7 -6 6 -8 10 11 14 17 20 -14 15 -16 -17 -18 26 22 -21 -22 -23 29 25 -26 -27 -28 -29 -30 -31
leaf_value=0.026968630547836405 0.023407621057946363 -0.029920079611919427 -0.0053263351493392655 0.024736038469202127 -0.035887221926358834 -0.016869480295935643 0.0035916973405909049 -0.0066161124567818887 0.00055941828108359575 -0.031362904472060756 0.0040751615314799632 -0.0039691987870639888 0.010334364314964175 0.0017370430530509286 -0.006314302233437573 0.029562541781648667 -0.0020948448156479331 0.015591250500995831 0.014294020435667083 -0.038994915004965602 -0.029474254532481103 -0.0012412670019266419 -0.0067460961265014318 -0.0052544424678248299 -0.021373327479033317 0.0036879374165748862 0.0010930932637717057 0.00047367300565596694 -0.0037559513894547952 -0.022632389780571287
leaf_weight=29.257419005036354 17.407017007470131 73.977171495556831 16.077096939086914 20.691604435443878 31.527990192174911 84.342669621109962 202.25985778868198 1436.6555211693048 38026.967013686895 63.90752175450325 569.13025093078613 37.566273510456085 264.30398914217949 376.41575354337692 49.909365460276604 22.227059870958328 1627.5107767879963 105.34502205252647 78.691985264420509 35.284586355090141 39.451676666736603 1890.8748291730881 507.71816571056843 699.66368126869202 15.41808497905731 187.02729120850563 108.8774124532938 32.829549834132195 37.225082784891129 44.52192984521389
leaf_count=134 70 395 67 84 184 410 847 5837 153571 262 2306 152 1066 1529 203 90 6605 426 321 200 160 7668 2079 2859 63 763 440 134 151 183
internal_value=-8.47247e-07 -0.0092931 -0.0124084 0.000100775 -0.00890239 -0.00638503 -0.00242971 0.000243418 0.000538272 -0.01134 -0.00160824 0.000591438 0.000626889 -0.0033509 -0.0203789 0.0032885 -0.00421467 0.000648296 -0.00400955 -0.0284561 -0.0170339 -1.12938e-05 -0.00432086 -0.0022342 0.00845063 -0.00336825 0.00822264 0.012959 0.00642324 -0.00802686
internal_weight=46733.1 505.556 443.469 46227.5 369.492 337.964 286.603 44677.1 38540 171.734 6137.04 38368.3 38291.3 3462.81 113.817 398.643 3064.17 2674.23 1550.45 51.3617 77.018 2460.01 1533.04 980.801 94.1101 886.691 214.222 62.087 57.9167 552.24
internal_count=189259 2371 2103 186888 1708 1524 1257 180550 155649 700 24901 154949 154637 14061 465 1619 12442 10840 6338 267 312 9974 6268 4006 384 3622 866 268 235 2262
is_linear=0
shrinkage=0.03


Tree=32
num_leaves=31
num_cat=0
split_feature=3 30 1 12 11 24 42 35 3 3 40 40 35 4 23 6 7 16 8 35 33 4 8 40 33 32 12 35 25 16
split_gain=46.4479 36.8829 29.6701 29.4965 27.8176 26.133 23.219 36.6318 23.9048 23.6184 22.9783 25.5561 18.8622 16.7063 20.1375 15.8988 13.8571 16.3059 12.2608 13.4894 11.8241 11.7346 11.7116 11.5237 11.1522 11.049 11.0436 10.4538 9.73874 9.30294
threshold=1.0000000180025095e-35 -0.0083289946440419007 0.014891451920800132 -0.0029247649075804429 -0.45555311676909566 0.68784132901899109 1.0000000180025095e-35 -0.017856878618375253 11.777514176235735 17.643800142510276 0.0040312939603535294 -0.0074894625125593141 0.012152505246625462 1.1112393576397388 -0.013576183783442162 -0.20718680234235573 0.013788503402312113 0.044606058317460333 0.30204762790883216 0.0009406990303126656 0.23969737019790308 -0.33972514880007582 -0.34843242439909311 0.014040787500521552 -0.058195855533464062 0.014668375044082874 -0.0016450721620904524 0.0051221853908051907 -0.23604619232483418 -0.0060184789420680883
decision_type=2 2 2 2 2 2 2 2 2 2 2 2 2 2 2 2 2 2 2 2 2 2 2 2 2 2 2 2 2 2
left_child=1 23 13 -3 18 10 7 -6 21 -10 11 -5 -9 15 -15 -2 17 -17 20 -20 22 -8 -4 -1 28 -18 -22 -12 -16 -21
right_child=2 3 4 5 6 -7 8 12 9 -11 27 -13 -14 14 24 16 25 -19 19 29 26 -23 -24 -25 -26 -27 -28 -29 -30 -31
leaf_value=0.026417550905591392 0.028410597287164326 -0.031937524507033549 0.0063000535838558707 -0.026024739144304278 0.05267226690504008 -0.035526572832746281 0.00043413006557576635 0.0027721978892855659 0.00050596967154220237 -0.0012089756910797728 -0.034404973762910289 -0.00015121240403998202 0.020509530295092036 0.035694926743903246 0.029159455350337451 0.0040131425144989668 -0.0036497822915015224 0.033202894382396916 0.010038861989282152 0.0087712429509785826 0.0004747729303424051 -0.005376024384041834 -0.0044086281322146814 0.00045943798348369253 -0.012563227127810588 0.0016830970248501525 -0.011509649806176882 -0.0052527041326737231 -0.0025862846371405108 -0.012407152973909133
leaf_weight=28.975998774170876 20.881466120481491 58.593589141964912 104.12834532558918 39.588136196136475 14.931161701679228 30.902087777853012 436.526661708951 433.62311981618404 29130.785129234195 9612.5035169124603 35.332130014896393 260.0521270185709 61.62697796523571 29.653625547885895 19.907067403197289 1536.6368097364902 432.97861647605896 17.418966174125671 107.34367810189724 27.053080067038536 86.016907155513763 1104.2194401919842 783.62650629878044 32.831266313791275 20.404617562890053 1817.0188159048557 354.00035633146763 16.122279137372971 15.444620728492735 60.219733878970146
leaf_count=134 84 336 425 200 61 184 1766 1749 117744 38889 194 1120 248 119 80 6178 1743 70 437 110 353 4469 3206 134 82 7315 1453 69 62 245
internal_value=-8.64071e-07 -0.00907349 9.77379e-05 -0.012118 -0.000133301 -0.00907789 1.52889e-05 0.00637516 -6.52564e-05 8.04787e-05 -0.00674998 -0.00356959 0.00497936 0.00259797 0.0157203 0.00230495 0.00216165 0.00434032 -0.00411494 0.00291724 -0.00514568 -0.00372988 -0.00315256 0.0126289 0.00509695 0.000656864 -0.00916687 -0.0252707 0.0152902 -0.00584221
internal_weight=46729.3 502.398 46226.9 440.59 42316.6 381.997 40794.2 510.181 40284 38743.3 351.095 299.64 495.25 3910.34 85.4099 3824.93 3804.05 1554.06 1522.39 194.616 1327.77 1540.75 887.755 61.8073 55.7563 2250 440.017 51.4544 35.3517 87.2728
internal_count=189259 2371 186888 2103 171155 1767 164926 2058 162868 156633 1583 1320 1997 15733 343 15390 15306 6248 6229 792 5437 6235 3631 268 224 9058 1806 263 142 355
is_linear=0
shrinkage=0.03


Tree=33
num_leaves=31
num_cat=0
split_feature=3 40 24 37 35 2 9 3 6 11 2 41 3 40 15 15 15 9 37 45 17 17 22 9 17 27 33 3 34 9
split_gain=43.9849 30.6547 30.5999 28.5101 39.9609 28.7274 45.6049 42.2574 32.7419 30.7974 29.9468 28.3501 24.7415 24.0311 22.0749 21.9534 20.3319 19.6623 18.4433 17.4781 15.9043 14.7152 14.4889 14.4496 13.5137 15.639 13.1423 11.1077 7.34299 6.96932
threshold=1.0000000180025095e-35 -0.011225504557857384 0.68784132901899109 1.0000000180025095e-35 -0.01380980201320676 -0.010240495608237655 0.0160888517234942 17.643800142510276 0.050632686856830762 0.25769412878787884 0.01350052067904264 -0.030771644152635481 13.253653006938501 0.0040312939603535294 -0.50600004196166981 -0.26749982833862301 -0.041499996185302722 -0.0028668417413501512 1.0000000180025095e-35 0.007271652639629699 0.011068531033847842 -0.00080913762356762205 1.7833333333333334 0.035627601838127285 -0.015803182320736311 0.04713189938892489 0.10179578413247105 17.07949205328374 -0.0062769466987226382 0.02047309133045375
decision_type=2 2 2 2 2 2 2 2 2 2 2 2 2 2 2 2 2 2 2 2 2 2 2 2 2 2 2 2 2 2
left_child=1 21 13 4 -2 6 8 9 11 10 -7 -5 -11 15 29 -3 -16 -10 -15 -17 24 -1 -20 26 27 -26 -8 -6 -25 -9
right_child=3 2 -4 5 20 7 23 14 17 12 -12 -13 -14 18 16 19 -18 -19 22 -21 -22 -23 -24 28 25 -27 -28 -29 -30 -31
leaf_value=-0.0042547847130971353 0.052610516145736766 -0.039045910320862465 -0.035177443316200208 0.0028802994489759352 -0.018066350480721177 0.0013693528899033421 -0.0066286072507605763 0.010280965929830138 0.0042993228865370898 -0.0055573627598015079 0.0051188165798890344 -0.0020510947451964378 0.00014604021262659873 0.011060766597591159 -0.0037908808923613519 -0.00080463542496104492 -0.00042442155866731978 -0.00029856277650695627 -0.0076599527998175493 0.022448004891305693 -0.019127675282850549 -0.037602527790782603 -0.033890225293911926 0.021234477735001731 0.011028476051356857 -0.0013193313616101856 -0.016030117315266899 0.0097850712903731346 -0.0026520395462375666 0.033270009496915671
leaf_weight=16.206299036741257 16.5569758862257 12.375531062483786 30.281916216015816 1174.9579259753227 34.684407472610474 13739.897168561816 318.60593578219414 40.086244434118271 1578.4000800698996 758.90150836110115 2228.025645583868 9802.5285176634789 6986.5053372830153 17.20970992743969 2559.8982784003019 267.21454682946205 4372.6110177487135 1782.2355496734381 31.930665671825409 32.647753313183784 22.961780816316605 44.912671536207199 46.630922108888626 18.632876202464104 368.79520416259766 123.13815207779408 230.72942081093788 20.507602691650391 30.611851900815964 16.86019304394722
leaf_count=68 68 72 184 4766 140 55420 1299 162 6387 3071 8995 39719 28243 69 10351 1177 17679 7221 135 134 93 267 265 76 1483 497 942 83 125 68
internal_value=-8.69542e-07 -0.00885633 -0.00608079 9.48016e-05 0.00666623 1.03333e-05 -0.00106876 0.000535307 -0.000730064 0.00113955 0.00189252 -0.00152327 -0.000412784 -0.00392127 -0.00151472 0.000110982 -0.00166752 0.00186094 -0.0170674 0.00172701 0.00533187 -0.02876 -0.0232292 -0.00918183 0.00635839 0.00793764 -0.0105774 -0.00771764 0.00638597 0.0170874
internal_weight=46725.5 499.41 438.291 46226.1 586.644 45639.5 14936.7 30702.8 14338.1 23713.3 15967.9 10977.5 7745.41 408.009 6989.46 312.238 6932.51 3360.64 95.7713 299.862 570.087 61.119 78.5616 598.58 547.125 491.933 549.335 55.192 49.2447 56.9464
internal_count=189259 2371 2036 186888 2364 184524 60535 123989 58093 95729 64415 44485 31314 1852 28260 1383 28030 13608 469 1311 2296 335 400 2442 2203 1980 2241 223 201 230
is_linear=0
shrinkage=0.03


Tree=34
num_leaves=31
num_cat=0
split_feature=3 30 30 1 37 40 4 18 14 24 40 24 40 21 24 40 35 24 21 16 23 24 16 12 24 3 44 35 30 14
split_gain=41.6518 34.192 28.6129 27.7725 28.4328 28.7425 26.2131 26.2029 31.0635 25.9376 28.2437 25.5901 36.7739 27.6528 25.4853 29.1746 25.3698 25.1043 24.6705 22.4167 21.5231 21.2715 19.3455 17.2759 17.0984 16.5198 15.643 14.9783 16.0793 22.2049
threshold=1.0000000180025095e-35 -0.0083289946440419007 -0.0023816969379917372 0.044100442250343291 1.0000000180025095e-35 0.01079125978862612 0.68726140101692945 2.26397742276809 0.32909999847412114 -0.30722455485499761 -0.0026147685318018148 0.49055713373694071 -0.00021573987340376357 0.16250000000000003 0.68784132901899109 -0.0074894625125593141 -0.00050712840847040943 -0.35506044688894889 0.22500000000000003 0.036115972841362996 0.0043200898597919877 0.27543248665722603 0.0046052596880162408 0.002196520981032811 -0.19857513491498807 15.234114909052714 1.0000000180025095e-35 -0.00026941850921032956 0.00031144225670615144 1.1414000320434572
decision_type=2 2 2 2 2 2 2 2 2 2 2 2 2 2 2 2 2 2 2 2 2 2 2 2 2 2 2 2 2 2
left_child=1 -1 -3 4 5 20 11 9 25 10 -6 13 19 22 15 -4 -14 -17 -15 -13 -2 -11 -5 -10 -22 -9 -7 -8 -29 -30
right_child=3 2 14 6 7 26 27 8 23 21 -12 12 16 18 -16 17 -18 -19 -20 -21 24 -23 -24 -25 -26 -27 -28 28 29 -31
leaf_value=0.012291692816985941 0.012501333502175726 -0.028958169654986946 -0.027145872466900912 -2.4836727775713728e-05 0.0063012703824354924 0.042849675349253026 -0.00038794850880425957 -0.00012656861812170977 -0.00033498145458706199 -0.00040855588821619 0.0013138433542264063 0.014194214491703834 0.0089794787101799955 0.053617999507347587 -0.034839064351656505 -0.016033455611670355 -0.0024037004879554221 0.0035756341786374541 0.0087760666967380257 -0.008309091100425001 -0.02559397071397641 0.0014219819049563884 -0.0029041089204613168 0.01830333813775389 0.001588504556087966 -0.010832078649394816 0.0093461916142118361 -0.0020646182410229016 -0.0087104697234482581 0.024388522165189008
leaf_weight=61.512719199061394 186.90542922914028 71.460383892059326 49.242307499051094 4999.5901325643063 1293.032619446516 30.743324354290962 735.64907351136208 173.6733440309763 583.53933072090149 17344.397937253118 4873.5426921993494 325.76538553833961 231.93204070627689 12.398649185895918 29.668051213026047 82.910629510879517 733.44786754250526 201.71684014797211 100.92272678017616 45.391484975814819 23.974858149886131 8519.6348946690559 3621.4448095262051 48.47614449262619 158.6018950343132 512.68328806757927 21.185738861560822 694.77909421920776 935.11972260475159 18.604457080364227
leaf_count=268 750 395 267 20272 5212 125 2990 705 2366 70043 19662 1317 936 50 184 410 2967 847 409 184 97 34411 14683 196 639 2082 85 2825 3807 75
internal_value=-8.84854e-07 -0.00864367 -0.0116041 9.1948e-05 0.000538521 0.00828227 -0.00111888 0.000440668 -0.00370427 0.000611273 0.00235963 -0.000449244 0.00341664 -0.0010408 -0.00819285 -0.00582504 0.000331103 -0.0021364 0.0136823 0.0114421 0.00534503 0.000194425 -0.00123433 0.00109459 -0.00198093 -0.00812319 0.0291811 -0.0039475 -0.00553596 -0.0080648
internal_weight=46721.9 496.511 434.998 46225.4 33770.4 421.411 12455 33349 1318.37 32030.6 6166.58 10070.9 1336.54 8734.36 363.538 333.87 965.38 284.627 113.321 371.157 369.482 25864 8621.03 632.015 182.577 686.357 51.9291 2384.15 1648.5 953.724
internal_count=189259 2371 2103 186888 136373 1696 50515 134677 5349 129328 24874 40818 5404 35414 1708 1524 3903 1257 459 1501 1486 104454 34955 2562 736 2787 210 9697 6707 3882
is_linear=0
shrinkage=0.03


Tree=35
num_leaves=31
num_cat=0
split_feature=3 30 30 7 13 2 11 32 9 16 13 14 6 17 16 31 13 30 32 6 10 19 18 17 0 30 35 14 3 2
split_gain=39.4279 32.3551 27.559 27.379 28.5382 25.8564 41.6745 25.5686 22.4783 46.346 31.2122 24.5745 24.0217 22.3588 26.4662 25.9278 22.1066 21.4699 21.3183 20.9291 19.9553 19.5206 20.093 19.2271 18.303 16.0924 25.715 16.0054 15.8628 21.2935
threshold=1.0000000180025095e-35 -0.0083289946440419007 -0.0023816969379917372 0.027873648482421336 0.00054856643930122106 -0.0022124005835336374 0.3032005447735785 0.019379862256192138 -0.02777411565152486 0.0052847914193365443 0.0023878802330661833 0.48139999389648441 -0.098764291411152103 0.0022225120104788221 -0.0096531712840503912 0.0022711824944207631 0.0010153403168621808 -0.0013285644034634672 0.015533996538523507 0.31670942536295615 -0.020938082436537865 1.2398050452327396 -3.2750160261476204 -0.0026765496890661885 0.0071157759581009263 0.028256386443936844 -0.0098827484640561236 0.32050001144409185 18.60166071368857 0.087835197730000855
decision_type=2 2 2 2 2 2 2 2 2 2 2 2 2 2 2 2 2 2 2 2 2 2 2 2 2 2 2 2 2 2
left_child=1 -1 -3 4 18 7 16 -6 9 21 12 -12 -11 15 -15 17 -7 -4 -2 25 -9 22 -5 -20 -8 27 -27 -10 29 -21
right_child=3 2 13 8 5 6 24 20 19 10 11 -13 -14 14 -16 -17 -18 -19 23 28 -22 -23 -24 -25 -26 26 -28 -29 -30 -31
leaf_value=0.011940721576276563 -0.035596231342131988 -0.028492887198561558 0.028462141986842368 -0.028779626804262843 -0.0023449600910081603 -0.0012113214524544476 0.0047943884841069977 -0.0022006866172745144 -0.003095738946306137 -0.027403231362763812 0.0018341402727417081 0.040543584760385908 -0.0049337429697316089 -0.0019339223880639538 -0.030770327186305169 -0.013774454503234404 0.0030985617165349565 -0.0003896550068985646 0.0070427168250516252 0.0049330759079026726 0.0011211064058394542 0.022338312316250726 0.0087800579082822888 -0.012047579353763127 -0.0012541572819213503 0.026021862200133829 0.0015741994696463026 -0.00088985664610825789 -0.0048576809338411082 0.025615084158973012
leaf_weight=61.422509372234344 25.156920790672302 70.463675767183304 29.69627246260643 13.372454002499579 3772.3118073344231 1208.605802744627 498.12546220421791 1988.3106567114592 4301.5998361259699 61.020120814442635 206.46873319149017 15.896682053804396 143.57839567959309 49.202897608280182 68.559715256094933 108.0834976285696 9415.0615866184235 106.32045724987984 66.870618030428886 340.78454753756523 8972.6451653391123 100.95858855545521 309.56129881739616 163.76479820907116 4685.5850935727358 46.860305428504944 222.94865013659 9494.4126002788544 118.86264322698116 51.584454223513603
leaf_count=268 103 395 124 54 15242 4875 2007 8084 17455 250 835 64 583 213 400 494 37903 477 271 1376 36223 407 1248 668 18938 191 903 38521 480 207
internal_value=-8.94656e-07 -0.00843352 -0.0113282 8.91791e-05 0.00060595 0.000689527 0.00153225 -0.000214635 -0.000942373 0.00379739 -0.00317902 0.00460144 -0.0116351 -0.00798579 -0.0187221 -0.00280622 0.00260825 0.0059095 -0.00937288 -0.00121903 0.000518535 0.0108243 0.00722474 -0.00651252 -0.000672926 -0.00143575 0.00582026 -0.00157765 0.00474356 0.00765212
internal_weight=46718.1 493.749 432.327 46224.3 30796.4 30540.6 15807.4 14733.3 15427.9 850.856 426.964 222.365 204.599 361.863 117.763 244.1 10623.7 136.017 255.792 14577.1 10961 423.892 322.934 230.635 5183.71 14065.8 269.809 13796 511.232 392.369
internal_count=189259 2371 2103 186888 124314 123272 63723 59549 62574 3441 1732 899 833 1708 613 1095 42778 601 1042 59133 44307 1709 1302 939 20945 57070 1094 55976 2063 1583
is_linear=0
shrinkage=0.03


Tree=36
num_leaves=31
num_cat=0
split_feature=12 4 13 24 2 16 16 15 5 0 30 17 12 13 24 16 13 35 42 20 5 25 17 24 12 31 23 24 16 31
split_gain=30.1809 41.1058 36.3522 78.7506 32.1341 33.9014 46.2036 37.9832 37.3671 29.6956 29.6076 29.0175 28.7059 38.97 35.1363 70.683 67.3404 32.1147 41.5944 31.7929 26.4412 26.3995 24.107 49.0856 34.7122 20.1429 23.7781 17.1956 17.0241 18.4323
threshold=0.0014016321288821668 -9.9411349836180687 0.0013205237637713633 0.82702113488208517 -0.0020262954584401986 0.0040963933779153885 0.0025731524358931874 -0.64100017547607413 -0.078514427232747527 0.0084073723285064319 -0.015302216564075394 0.0043295439570543185 -0.0012456648261396197 0.013667525005958471 -0.30722455485499761 -0.05293237145493053 0.012566778687222566 0.00064987591438746468 1.0000000180025095e-35 0.3050000000000001 -0.067929851180990194 -0.71793114981537776 0.0035173132475258355 -0.30383596376367511 -0.0026085876233636119 0.012056754487081501 -0.0015900565040251333 0.66366466128787838 0.016683874984647639 -0.00067086110266980086
decision_type=2 2 2 2 2 2 2 2 2 2 2 2 2 2 2 2 2 2 2 2 2 2 2 2 2 2 2 2 2 2
left_child=1 20 3 27 5 6 8 -7 -4 25 -8 -9 14 17 15 -3 -17 19 -19 -14 -1 -15 24 -24 -16 26 -6 28 -2 -30
right_child=2 12 4 -5 9 7 10 11 -10 -11 -12 -13 13 21 22 16 -18 18 -20 -21 -22 -23 23 -25 -26 -27 -28 -29 29 -31
leaf_value=0.018992275394907637 0.0027558234685913074 0.06120253649258308 0.011243131202524898 0.061460905835789038 0.0092792128367934056 -0.039715874270169232 0.051490225565149331 -0.0047994763731714742 -0.00079099997821474089 0.00040888905234923715 0.0094939223549355776 0.0013951277874126077 -0.00097215782197776826 0.016923472792222415 0.0020721816512515776 0.0017337001371823062 0.01826296382717929 0.034753129236456209 -0.0025086809832553544 0.0027789355175843345 -0.019705041242984639 -0.012479783235003173 -0.055206572069048609 -0.0022748993005952778 -0.0034616564493079515 -1.6019993203548116e-05 0.0031550642625011857 0.022998296728915311 0.01993084570781414 0.0012265976179306301
leaf_weight=17.816852942109108 1275.6004785299301 19.256776690483093 247.88060820102692 22.223027303814888 914.24492885172367 25.41105680167675 15.835698902606962 2210.4929201453924 3676.0977082848549 5009.7209467291832 329.03608275949955 983.32234153151512 6742.1784887760878 29.616610780358315 4689.5187030136585 2087.6468804329634 248.1979213654995 27.050193682312965 8256.1238877922297 2911.810810059309 147.04589162766933 381.29531091451645 15.865178540349005 2563.0507384836674 1303.8014968335629 805.68291077017784 1518.008297637105 44.262772887945175 115.52025876939297 80.433496370911598
leaf_count=73 5157 78 1002 89 3702 103 64 8945 14874 20237 1331 3980 27308 120 19006 8441 1002 109 33456 11776 740 1542 64 10400 5272 3270 6148 178 467 325
internal_value=-9.03283e-07 -0.000585002 0.000994597 0.00539662 0.000564334 -0.000858456 0.000894477 -0.00318293 -3.0795e-05 0.00185609 0.0114223 -0.00289226 -0.00050088 -0.00122584 0.000716407 0.00396193 0.00349004 -0.00101658 -0.002387 0.000159237 -0.015523 -0.0103605 -0.000175254 -0.00260053 0.000868337 0.0040952 0.00545703 0.00457468 0.00402051 0.0122533
internal_weight=46714 29440.3 17273.8 1538.04 15735.7 7488.08 4268.85 3219.23 3923.98 8247.66 344.872 3193.82 29275.4 18348.1 10927.3 2355.1 2335.84 17937.2 8283.17 9653.99 164.863 410.912 8572.24 2578.92 5993.32 3237.94 2432.25 1515.82 1471.55 195.954
internal_count=189259 119387 69872 6216 63656 30299 17271 13028 15876 33357 1395 12925 118574 74311 44263 9521 9443 72649 33565 39084 813 1662 34742 10464 24278 13120 9850 6127 5949 792
is_linear=0
shrinkage=0.03


Tree=37
num_leaves=31
num_cat=0
split_feature=3 30 12 1 11 24 39 43 30 9 12 38 9 35 17 45 35 11 16 24 16 15 45 8 35 5 35 4 9 16
split_gain=36.1906 30.3721 27.4784 26.0426 24.7542 23.6111 22.1257 28.0076 25.4251 25.2244 21.4184 20.5403 20.0479 19.4882 25.4086 19.0468 18.2331 15.1379 14.184 18.3594 20.2351 15.5136 21.9558 15.2735 14.1563 12.8849 13.9004 12.7537 11.0936 11.0461
threshold=1.0000000180025095e-35 -0.0083289946440419007 -0.0029247649075804429 0.014891451920800132 -0.45555311676909566 0.68784132901899109 -1.0000000180025095e-35 -9.9411349836180687 0.057182037927536185 -0.036332974557442242 0.0074535750744168959 1.0177433727153053 0.017300956043069599 -0.0013982617769729973 0.0048070217598894733 0.0052444656118078173 -0.0013229999543942367 -0.30982519590114521 0.016278327328324325 -0.53660956610588939 -0.00087225867110518314 -0.047500038146972644 0.0087907803282750007 0.30204762790883216 -0.00087438841500818757 0.0588848267983434 0.001103164755017949 0.91517909500608063 0.0160888517234942 0.0097588232401476654
decision_type=2 2 2 2 2 2 2 2 2 2 2 2 2 2 2 2 2 2 2 2 2 2 2 2 2 2 2 2 2 2
left_child=1 -1 -3 12 25 13 7 16 -9 10 -8 -11 18 14 -4 -15 -6 -14 19 20 -2 27 -23 -21 -19 28 29 -20 -5 -27
right_child=3 2 5 4 6 -7 9 8 -10 11 -12 -13 17 15 -16 -17 -18 24 21 23 -22 22 -24 -25 -26 26 -28 -29 -30 -31
leaf_value=0.011644624911892307 0.0060085364226286752 -0.030693065186773855 -0.0074638707795891728 -0.0037590178902065768 -0.0059593725362779961 -0.034244129627187272 0.0058368867789610843 -0.00077838970260112397 0.016059944955206219 0.00088627348270668975 0.027567474387849931 -0.003107825923599471 0.0059349622508944331 -0.0022523898808169394 -0.03714876415487809 0.03147630463289243 0.020603694203930767 0.004674936647754359 0.011093130085126562 0.0010641683947875237 0.036877131095962849 0.005883673731029799 -0.017055325129316522 0.0083852836759979645 -0.014784585550686012 0.005129943548908506 -0.0066358046332100967 0.040115602600803588 -0.011832376335477235 0.028352001988729555
leaf_weight=61.29091714322567 61.760020852088928 55.183976665139198 126.49101960659027 1198.5642550140619 31.364106521010399 28.528971791267395 287.78181566298008 21816.383860066533 81.005809441208839 17193.529613852501 47.568926453590393 1242.5567403137684 73.094021573662758 169.51702091097832 32.649124071002007 16.538450762629509 89.969232752919197 44.085580810904503 247.91002912819386 2678.079332664609 27.67751632630825 295.61436252295971 43.017583221197128 283.62522841989994 142.078064635396 60.490253955125809 59.214236661791801 14.419972687959669 175.62783823907375 26.516614526510239
leaf_count=268 248 336 588 4911 126 184 1160 88242 327 69493 191 5023 295 729 197 69 364 178 996 10772 111 1188 173 1138 576 246 241 58 723 108
internal_value=-9.07376e-07 -0.00810944 -0.0109323 8.50864e-05 -0.000131424 -0.00801442 8.67152e-06 -0.000636454 -0.000716099 0.000765398 0.00891933 0.000617079 0.00242716 -0.00584665 -0.013554 0.00074575 0.0137373 -0.005634 0.00299941 0.00216967 0.0155612 0.00721208 0.00296965 0.00176527 -0.0101764 -0.00388996 0.00457647 0.0126885 -0.00479083 0.0122072
internal_weight=46712.1 490.199 428.909 46221.9 42310.6 373.725 40790.2 22018.7 21897.4 18771.4 335.351 18436.1 3911.36 345.196 159.14 186.055 121.333 259.258 3652.1 3051.14 89.4375 600.962 338.632 2961.7 186.164 1520.41 146.221 262.33 1374.19 87.0069
internal_count=189259 2371 2103 186888 171155 1767 164926 89059 88569 75867 1351 74516 15733 1583 785 798 490 1049 14684 12269 359 2415 1361 11910 754 6229 595 1054 5634 354
is_linear=0
shrinkage=0.03


Tree=38
num_leaves=31
num_cat=0
split_feature=7 8 36 20 11 19 9 30 43 14 26 8 24 2 14 13 2 14 29 9 9 24 9 2 24 13 33 34 39 45
split_gain=26.1084 30.7208 29.3578 27.3424 26.9519 22.8425 35.1034 20.8895 21.0854 22.5437 20.7892 20.4841 21.2306 20.1273 28.8774 20.3021 19.0263 18.78 22.3383 23.2623 17.9861 26.6086 17.3702 16.3354 16.2597 15.0962 15.0341 14.8264 14.7927 14.0804
threshold=0.033325112682712633 -0.042708825720895606 -0.016312697464520635 0.43500000000000005 0.25769412878787884 1.0538961013276713 -0.0028668417413501512 0.028256386443936844 -1.7079519632802478 0.27489999771118173 0.0071141562277722099 0.5714650238588167 0.88446539226868781 1.0000000180025095e-35 0.52399999618530291 0.0010047818611439603 0.0085334581753444827 0.39979999542236339 0.018807858251356172 -0.032743328723827875 0.025125127327219453 0.54863035110196445 -0.024051442529193275 0.070779815857414038 -0.34710946331707909 0.0075832230943595081 9.8858069356687519 0.0059197721872167727 0.0092962960456314612 0.0051221853908051907
decision_type=2 2 2 2 2 2 2 2 2 2 2 2 2 2 2 2 2 2 2 2 2 2 2 2 2 2 2 2 2 2
left_child=1 2 7 4 5 16 -7 8 25 -10 29 12 17 26 15 -15 -3 20 19 -19 24 -22 -14 -13 -2 -1 -4 -28 -16 -5
right_child=11 3 13 10 -6 6 -8 -9 9 -11 -12 23 22 14 28 -17 -18 18 -20 -21 21 -23 -24 -25 -26 -27 27 -29 -30 -31
leaf_value=0.034941294945793913 0.0014725477668959726 0.0016170291511448966 -0.002472186987600899 0.0077475078639086753 -0.00096571166929044258 0.0038542486150336783 -0.002014733370049657 0.022854984920097993 -0.0035677243883785298 0.0022299367090373302 0.0010612454480456168 0.0018363703119437971 0.038641102292770381 -0.0057429517150343022 0.0060782270711729289 0.00079416821324351924 0.0050930757312933261 0.011662976302795679 -0.0044637992112663378 0.0004019681989449393 0.00055444914127216827 0.029662793123602486 -0.0011802859215883487 0.016115126943097607 -0.0042510149060426411 0.0019427965217713701 0.018261598979867295 -0.0082744901841902072 0.022833064033107066 -0.0098760972124011717
leaf_weight=28.567431285977364 501.81167398393154 8371.0739838182926 7674.2882275432348 1082.4432322531939 6088.6555376797915 1277.5220718234777 3251.9816554784775 40.962165027856827 757.06018148362637 2978.1740983426571 953.12283200025558 306.92031893134117 21.246861964464188 520.17998737096786 209.59501251578331 2401.7366150766611 1705.9984810352325 176.35951042175293 840.79919049143791 2585.4470146000385 509.91145698726177 29.922269746661186 18.392980828881264 94.254138201475143 4067.8655154854059 22.153220027685165 60.719275832176208 27.546751141548157 61.294322982430458 42.398865461349487
leaf_count=118 2044 33877 31209 4365 24609 5157 13154 165 3075 12054 3847 1240 86 2106 845 9691 6871 712 3416 10494 2073 121 74 379 16610 89 247 113 247 171
internal_value=-9.12444e-07 0.00034924 -0.000715742 0.00104053 0.000711139 0.00141012 -0.000359419 0.0015463 0.00131575 0.00105486 0.00432105 -0.00143763 -0.00174148 -0.00150592 0.000499096 -0.000369616 0.00220551 -0.00184115 -0.000182372 0.00112106 -0.00301072 0.00216789 0.0201639 0.0051911 -0.00362249 0.0205286 -0.0023306 0.00998001 0.00986936 0.00708322
internal_weight=46708.4 37555.5 14782.3 22773.2 20695.2 14606.6 4529.5 3826.92 3785.95 3735.23 2077.96 9152.93 8751.76 10955.4 3192.81 2921.92 10077.1 8712.12 3602.61 2761.81 5109.51 539.834 39.6398 401.174 4569.68 50.7207 7762.55 88.266 270.889 1124.84
internal_count=189259 152010 59959 92051 83668 59059 18311 15501 15336 15129 8383 37249 35630 44458 12889 11797 40748 35470 14622 11206 20848 2194 160 1619 18654 207 31569 360 1092 4536
is_linear=0
shrinkage=0.03


Tree=39
num_leaves=31
num_cat=0
split_feature=3 28 3 37 2 9 28 11 19 40 23 42 11 3 40 31 9 37 33 14 24 31 38 29 0 44 27 28 33 25
split_gain=34.0212 28.7307 25.0509 25.2641 26.3942 37.1586 29.7587 27.6634 26.9954 25.6071 30.1165 24.4062 23.5935 20.722 19.9175 19.2482 17.1846 16.017 14.133 14.0216 19.1081 17.8292 13.6199 13.5383 13.1537 13.1028 13.3984 10.8184 10.7111 11.5973
threshold=1.0000000180025095e-35 -0.66576777202887871 19.536250485302773 1.0000000180025095e-35 -0.010869554771555321 0.0160888517234942 0.47105326744505766 0.25769412878787884 1.0474141708383362 0.01079125978862612 0.003983540909707429 0.01694905496099337 0.0076340326340326179 13.253653006938501 0.0040312939603535294 0.0095487666385802878 -0.036332974557442242 1.0000000180025095e-35 0.22216136477222739 0.42070001602172857 -0.050019415623223991 0.0022711824944207631 -0.63908296818811638 -0.0033562279986744377 -0.056622625289260702 0.01521029074561444 0.10455300079503439 0.031732050136771946 -0.031670922351498369 -0.19579340926079339
decision_type=2 2 2 2 2 2 2 2 2 2 2 2 2 2 2 2 2 2 2 2 2 2 2 2 2 2 2 2 2 2
left_child=1 12 3 9 5 6 -5 8 -6 10 27 -11 18 -9 19 -12 24 -16 -1 20 21 -3 -7 -19 -4 28 -27 -2 29 -18
right_child=2 14 16 4 7 22 -8 13 -10 11 15 -13 -14 -15 17 -17 25 23 -20 -21 -22 -23 -24 -25 -26 26 -28 -29 -30 -31
leaf_value=-0.034607218427366013 0.018591771215751115 0.024327788884255991 0.00029572035047461441 -4.2329516125765001e-06 0.0020376425535383459 -0.023529003794211842 -0.0037762677781326089 -0.0054034173658962358 -0.00032810830337807898 0.050481642428640242 0.00067325341711310617 0.011492737667123182 -0.0024280766313656723 -0.00025633416642186532 0.0096571239887662322 -0.021135334719040239 -0.010707417919129448 -0.0029694571616791362 -0.0047872954229203311 -0.014007050198602891 -0.005026917459924958 0.0001636296059162446 -0.0071352380207955158 -0.032072180238826999 0.036535680909500351 0.0023848363099226067 -0.021614407963554669 0.0060496792163201472 -0.0031407353458133415 0.0041869777373927178
leaf_weight=71.40324991941452 110.11457601189613 57.084572717547417 20.108643725514412 11136.72756716609 13521.019567981362 50.277524247765541 2265.2504739165306 759.81107242405415 6393.852310910821 21.268280774354935 211.45473590493202 45.071401193737984 47.301395326852798 9577.7432935088873 17.21783322095871 44.002521514892578 449.28574888408184 21.094479978084564 17.887577772140503 48.109311580657959 108.95727571845055 52.991379708051682 491.29997354745865 45.235638976097107 16.337488561868668 318.03668801486492 22.411722496151924 141.35259684920311 571.29593801498413 52.552781865000725
leaf_count=456 442 250 81 45123 54529 206 9201 3077 25811 88 853 181 211 38742 69 178 1822 105 94 239 473 226 2009 248 66 1290 91 568 2317 213
internal_value=-8.98829e-07 -0.00788638 8.22366e-05 0.000207932 0.000126767 -0.000953118 -0.000641796 0.000624494 0.0012781 0.00646538 0.00417166 0.0239925 -0.0195586 -0.000634645 -0.00334011 -0.00308328 -0.00379858 -0.0161245 -0.0286334 0.000658164 0.00387929 0.012695 -0.00865716 -0.0228169 0.0165408 -0.00432298 0.000804966 0.0115417 -0.00594981 -0.00914767
internal_weight=46706.6 487.283 46219.3 44769.2 44196 13943.6 13402 30252.4 19914.9 573.264 506.924 66.3397 136.592 10337.6 350.69 255.457 1450.03 83.548 89.2908 267.143 219.033 110.076 541.577 66.3301 36.4461 1413.58 340.448 251.467 1073.13 501.839
internal_count=189259 2371 186888 181008 178698 56539 54324 122159 80340 2310 2041 269 761 41819 1610 1031 5880 422 550 1188 949 476 2215 353 147 5733 1381 1010 4352 2035
is_linear=0
shrinkage=0.03


Tree=40
num_leaves=31
num_cat=0
split_feature=3 30 30 3 2 19 16 15 23 9 8 32 28 40 30 28 9 18 3 21 23 34 35 45 22 42 15 38 27 16
split_gain=32.2051 28.0024 25.4286 23.9785 37.0301 28.0343 31.5629 25.5762 25.4091 23.7928 27.437 22.5197 21.0865 20.1346 23.0253 19.919 16.5373 21.4783 16.4052 16.3416 15.9277 15.8514 15.0987 14.0722 15.1936 13.7229 13.0887 13.0811 12.7854 12.4818
threshold=1.0000000180025095e-35 -0.0083289946440419007 -0.0023816969379917372 17.643800142510276 -0.010869554771555321 1.1802128841261783 -0.00055677575524866333 0.27399997711181645 0.053440301505967465 0.0160888517234942 0.028246442555306502 0.016615816479547744 0.37557203954945534 -0.0074894625125593141 -0.0013285644034634672 -0.66576777202887871 -0.015798407945428212 -3.6189543917347771 19.536250485302773 -0.087499999999999981 0.036968175898721818 0.0051050614570437381 -0.004018921083295106 0.00037001302919669523 0.15000000000000002 0.014455804972565182 -0.64100017547607413 0.38363106819874654 0.08146359102814367 0.0058395613912662165
decision_type=2 2 2 2 2 2 2 2 2 2 2 2 2 2 2 2 2 2 2 2 2 2 2 2 2 2 2 2 2 2
left_child=1 -1 -3 4 9 6 22 16 -8 10 11 -2 -12 25 21 -16 17 -5 26 -7 -21 -15 -6 29 -25 -4 -18 -26 -19 -9
right_child=3 2 13 7 5 19 8 23 -10 -11 12 -13 -14 14 15 -17 18 28 -20 20 -22 -23 -24 24 27 -27 -28 -29 -30 -31
leaf_value=0.011313503222043461 -0.0064466127063092793 -0.027303619671136904 -0.0028104886616259553 -0.014578597730520866 0.0034219584614946412 0.019610809706150253 0.002914692083341892 0.014477558959198531 -0.002432554415067525 -0.0079767082619172213 0.0025657580322825516 -0.0011998880583311835 -0.0026398677159772009 0.02859281110347793 -0.022105402706276076 -0.0030966061536444375 0.019140878282972864 0.0045639184776298143 -0.0051122797682133705 -0.0022986130909268005 0.0036506372767459525 -0.0076440473646393597 -0.00029969793471997311 0.032514560784454805 0.0026831295174852537 -0.037192352711761072 -0.0014751126024045774 -0.014013305941259087 -0.0070611413899036597 -0.0037312472623060497
leaf_weight=60.976289972662926 837.6496769040823 67.56428986787796 15.772614404559134 64.270087718963623 1123.1511867791414 33.222318828105927 11133.079339727759 180.47999073565006 861.6823695898056 420.7990041077137 2934.3630597144365 6082.4117810726166 919.86549533903599 29.027435421943665 66.362458452582359 196.58010375499725 27.815222829580307 822.87261101603508 1243.2455385625362 3121.8306561559439 465.39328083395958 17.363344639539719 7756.5107986330986 13.104860097169874 217.1761200428009 30.948342993855476 7770.2222535908222 52.426413714885712 94.974084198474884 41.711620762944221
leaf_count=268 3397 395 67 261 4527 134 44920 730 3480 1723 11867 24672 3731 122 373 873 112 3332 5045 12614 1881 73 31312 53 878 200 31453 212 385 169
internal_value=-9.03667e-07 -0.0076945 -0.0104305 7.97631e-05 0.000450898 0.00110418 0.00152685 -0.00117835 0.00253056 -0.000978488 -0.000705167 -0.00183499 0.00132336 -0.00722873 -0.0044562 -0.00789412 -0.00151021 0.00218704 -0.00191183 -0.00133281 -0.00152678 0.0150299 0.000171039 0.00540983 0.000969706 -0.0255853 -0.00140158 -0.000563629 0.00336102 0.0110593
internal_weight=46702.9 484.595 423.619 46218.3 35690 24494.9 20874.4 10528.3 11994.8 11195.1 10774.3 6920.06 3854.23 356.054 309.333 262.943 10023.4 982.117 9041.28 3620.45 3587.22 46.3908 8879.66 504.899 282.707 46.721 7798.04 269.603 917.847 222.192
internal_count=189259 2371 2103 186888 144258 98868 84239 42630 48400 45390 43667 28069 15598 1708 1441 1246 40588 3978 36610 14629 14495 195 35839 2042 1143 267 31565 1090 3717 899
is_linear=0
shrinkage=0.03


Tree=41
num_leaves=31
num_cat=0
split_feature=3 3 2 19 16 15 15 9 12 11 28 6 45 23 27 43 9 3 33 1 35 45 22 38 19 1 16 19 12 16
split_gain=31.5113 26.7018 38.0937 27.9285 26.534 24.1643 24.0579 23.9397 23.3893 23.1842 22.6702 22.2871 16.8679 15.9774 19.1068 18.6036 15.5618 15.4515 14.9515 14.2574 14.0209 13.219 14.2502 12.3234 12.1829 12.1686 17.854 12.1215 11.8504 11.7487
threshold=11.540876170196841 17.643800142510276 -0.010869554771555321 1.1802128841261783 -0.00055677575524866333 -0.10550003051757811 0.27399997711181645 0.0160888517234942 0.002196520981032811 -0.012049941927990719 0.44209460274695461 0.045864073994367212 -0.039057171230984455 0.036968175898721818 0.032737346345996961 -0.40395354491229968 -0.015798407945428212 19.536250485302773 -1.2059005625872785 0.028613830925431214 0.028256386443936844 0.00037001302919669523 0.15000000000000002 0.38363106819874654 1.4813653802222644 0.012195542867105268 -0.019925006165990262 1.0442881817039606 0.0087907803282750007 -0.022057570049391784
decision_type=2 2 2 2 2 2 2 2 2 2 2 2 2 2 2 2 2 2 2 2 2 2 2 2 2 2 2 2 2 2
left_child=9 2 7 4 8 -6 16 10 -4 25 11 -2 -11 14 -5 -15 19 18 -18 27 -12 29 -23 -24 -21 26 -1 -3 -9 -8
right_child=1 6 3 13 5 -7 21 28 -10 12 20 -13 -14 15 -16 -17 17 -19 -20 24 -22 22 23 -25 -26 -27 -28 -29 -30 -31
leaf_value=-0.025338937826934287 -0.00077899690683108885 0.0022467127211000665 -0.00059934319399006155 0.00011369075911007617 0.0054768285626344785 0.0019726848421796781 0.023163205746749922 -0.0099155366810051472 0.0028643314084082832 -0.032565881021062129 -0.0039285294205657793 0.002960822571930605 -0.0056244247447975711 -0.007404791994204336 -0.004674894776806081 0.0073199645033734792 0.0096306391131225997 -0.0049619371736019857 -0.0015167732580957586 -1.5150696147795926e-05 0.022131535788676659 0.031441499518059531 0.0026019398782005298 -0.013612733402824925 0.012594567390065769 -0.0011917456330837544 0.013125367870067265 0.02546618447309671 0.0066871408276536707 0.0068968894375604469
leaf_weight=12.12218092381954 6577.9494474977255 39.381117776036263 5916.6331770420074 1712.2972522228956 2196.8625114262104 9139.5949268043041 52.225790143013 355.68100666999817 2494.3538206219673 21.262776449322701 1797.796534255147 1834.0114651173353 1279.4282111376524 99.047252014279366 1334.2848836779594 350.45295499265194 109.83500692248344 1242.4988970011473 7687.0265643000603 826.07120557129383 18.774980083107948 13.144911319017409 217.23330348730087 52.351203724741936 75.238484814763069 884.39429470896721 104.3743881881237 41.618956372141838 43.414483621716499 170.19038423895836
leaf_count=49 26659 159 23889 6911 8862 36870 211 1458 10056 141 7304 7417 5536 400 5400 1416 445 5045 31120 3346 76 53 878 212 305 3586 421 168 178 688
internal_value=-9.11091e-07 0.00017652 0.00058667 0.00126697 0.00170452 0.00265174 -0.00114318 -0.000901203 0.000427841 -0.00342359 -0.000619952 3.63744e-05 -0.00606484 -0.00120452 -0.00198352 0.00407537 -0.00146517 -0.00185488 -0.00135974 0.00212095 -0.00365919 0.00524479 0.000940407 -0.000546823 0.00103747 8.80817e-06 0.00912292 0.0141772 -0.00810946 0.0107164
internal_weight=46699.6 44398 33871.2 23243.5 19747.4 11336.5 10526.8 10627.6 8410.99 2301.58 10228.5 8411.96 1300.69 3496.08 3046.58 449.5 10021.7 9039.36 7796.86 982.31 1816.57 505.146 282.729 269.585 901.31 1000.89 116.497 81.0001 399.095 222.416
internal_count=189259 179526 136896 93804 79677 45732 42630 43092 33945 9733 41456 34076 5677 14127 12311 1816 40588 36610 31565 3978 7380 2042 1143 1090 3651 4056 470 327 1636 899
is_linear=0
shrinkage=0.03


Tree=42
num_leaves=31
num_cat=0
split_feature=3 12 13 43 12 35 12 9 9 2 12 13 35 40 27 18 42 9 11 18 28 0 14 35 45 30 17 5 5 17
split_gain=29.6701 25.9084 37.5452 32.3353 34.5664 31.5796 38.6296 29.4306 28.1708 35.1231 27.472 32.8658 30.5895 27.4906 25.1575 24.3414 23.3373 22.6437 21.8534 19.1789 17.9475 16.9518 16.6612 16.381 16.3249 14.5826 15.3287 15.3147 12.3942 12.3822
threshold=11.540876170196841 0.0014016321288821668 0.0013205237637713633 -1.4395025738507863 0.00069635057671637039 0.0026294153207729923 0.0036873812693115756 -0.030493243762176544 -0.036332974557442242 -0.0064516099260946537 -0.0012456648261396197 0.013667525005958471 0.00064987591438746468 0.057182037927536185 0.014890720744294471 0.17672606553159018 0.057502233349770296 0.0040768099445123275 -0.012049941927990719 2.4263223864404591 -0.62708572567471499 -0.10489401629644098 0.22469999313354497 0.0024338037179355621 -0.039057171230984455 0.00066309459019881401 -0.012653101019111533 -0.045835763263778466 -0.15881392635768152 -0.005969793726116098
decision_type=2 2 2 2 2 2 2 2 2 2 2 2 2 2 2 2 2 2 2 2 2 2 2 2 2 2 2 2 2 2
left_child=18 3 5 4 7 25 -7 -2 16 19 13 12 -12 17 -11 -15 21 -5 28 -10 -13 -4 -9 -6 -20 26 -3 -27 -1 -26
right_child=1 2 8 10 23 6 -8 22 9 14 11 20 -14 15 -16 -17 -18 -19 24 -21 -22 -23 -24 -25 29 27 -28 -29 -30 -31
leaf_value=0.029116090331334641 0.041329602906439757 -0.007589967628106411 0.027279423815642675 0.002136217931597999 0.016596426847784562 0.0090858370478878493 0.059532885261742594 -0.010772207239518631 -0.0011919991935267604 0.0063280930725290539 0.00014988619356394445 -0.024990989527506467 -0.0023953129556900294 -0.02648742537984082 0.0011086241393101878 0.0091920509445305443 0.028659873552841331 -0.00073487497072920454 -0.032220047971409968 -0.017758066789175873 -0.0071097723250326209 0.0028662605852131226 0.0062839308079890447 0.054166048849821166 -0.011085235171871108 -0.014883999022843783 0.0075784759529298777 0.0022339379431657825 -0.00037439681364833343 -0.0039105358187544762
leaf_weight=12.994928389787672 19.063873887062073 63.912893250584602 29.433415412902832 5655.9321837425232 22.721029117703438 38.308623597025871 21.233331605792046 63.846971035003662 5536.6901442557573 926.01485672593117 9171.0595507919788 59.734613835811615 7919.8412532806396 60.335303500294685 8109.1876909285784 24.075649946928024 50.206224128603935 4392.1066568940878 20.852495148777962 63.619455009698868 327.44672898948193 196.45467995107174 267.51840178668499 19.332109481096268 276.13492874801159 54.717100113630295 969.60730892419815 335.15661808848381 987.82324776053429 1002.2246943414211
leaf_count=53 81 258 119 22855 92 155 85 257 22431 3726 37117 242 32070 246 32720 98 202 17748 141 259 1326 790 1078 78 1194 222 3916 1355 4003 4342
internal_value=-9.04422e-07 0.000171211 0.00111835 -0.000383299 0.00816706 0.00567085 0.0270758 0.0050829 0.000665615 0.000486519 -0.000504842 -0.00122535 -0.00102955 0.000738008 0.00164357 -0.0163109 0.0101593 0.000881232 -0.00332326 -0.00138019 -0.0098685 0.00604732 0.00299758 0.0338674 -0.00588982 0.00477546 0.00664046 -0.000168491 8.51666e-06 -0.00546032
internal_weight=46697.6 44397.6 16394.5 28003 392.482 1482.94 59.542 350.429 14911.6 14635.5 27610.5 17478.1 17090.9 10132.4 9035.2 84.411 276.094 10048 2300.03 5600.31 387.181 225.888 331.365 42.0531 1299.21 1423.39 1033.52 389.874 1000.82 1278.36
internal_count=189259 179526 66238 113288 1586 5991 240 1416 60247 59136 111702 70755 69187 40947 36446 344 1111 40603 9733 22690 1568 909 1335 170 5677 5751 4174 1577 4056 5536
is_linear=0
shrinkage=0.03


Tree=43
num_leaves=31
num_cat=0
split_feature=3 7 8 26 13 20 11 24 40 6 11 8 5 17 45 2 24 45 12 19 12 32 17 31 22 12 23 12 1 17
split_gain=27.9371 25.1722 24.5787 30.0065 28.9224 27.3398 26.4531 24.1064 33.2278 21.3176 20.6013 19.4341 19.3641 21.6259 18.7758 16.6715 16.0917 15.7981 15.5687 19.9688 19.8782 14.935 13.8982 12.9741 15.7629 12.8111 15.2703 13.3629 12.0719 11.7006
threshold=11.540876170196841 0.033325112682712633 -0.094476543547198852 0.0093272249342156426 0.00049865380950421154 0.41000000000000009 -0.47036874451273042 0.32507817114257104 0.0037503374632928839 0.31670942536295615 -0.012049941927990719 -0.34098841952829739 -0.046912520133223549 0.00069956574756137129 -0.016986411119452146 0.070779815857414038 0.66366466128787838 -0.039057171230984455 -0.00012636959433654321 1.0632757196177904 -0.0014671762497293424 0.047101745743735615 0.032503809848936076 -0.0076046774930885776 0.15000000000000002 -0.0044975906417759311 -0.065439878627878992 -0.0046542867702245106 0.076632372482039537 -0.005969793726116098
decision_type=2 2 2 2 2 2 2 2 2 2 2 2 2 2 2 2 2 2 2 2 2 2 2 2 2 2 2 2 2 2
left_child=10 2 6 4 -4 -6 11 14 -9 12 -1 -2 13 16 -8 21 -3 -12 20 -20 -14 28 -15 -17 -25 27 -27 -5 -11 -19
right_child=1 9 3 25 5 -7 7 8 -10 15 17 -13 18 22 -16 23 -18 29 19 -21 -22 -23 -24 24 -26 26 -28 -29 -30 -31
leaf_value=8.261842793236683e-06 0.002667969270331463 0.0030137689292376781 -0.019000257658290089 0.0018656046809723834 0.0014761182260377404 0.0053790234993680349 0.0095901808430579275 0.0028700156813982239 -0.0030348811608025398 0.027837579062987273 -0.031880571360408311 -0.018351921658216939 -0.0022306376330035317 -0.0027670233878167908 -0.0017927277652640054 -0.0024568383952544496 0.015705629044061233 -0.010776009458202266 0.00036680407686314441 -0.0036580708981407387 -0.0084407059436865765 -0.00055324991843410309 0.023422693861624048 -0.0072758926639667635 0.027920558652039917 -0.0066468410734604657 -0.00048705580473078187 0.02091746197473119 -0.001155357238808176 -0.0037953218365255072
leaf_weight=1000.7771325260401 57.239516392350197 772.32505226135254 59.559872731566429 1366.0983145833015 13415.215360671282 1836.4625225365162 133.02693271636963 3200.3402099758387 1171.6668476909399 32.953152999281883 20.44843453168869 128.35722860693932 1196.093593120575 845.19229915738106 6647.4468410611153 27.131811648607254 101.75205090641975 275.54611536860466 2483.7472057640553 2004.9477643221617 757.8205188959837 322.04071436822414 18.638537153601646 13.945257991552351 64.053466305136681 381.10683351755142 7304.3545881658792 33.957237333059311 21.266344860196114 1001.6780166774988
leaf_count=4056 235 3140 244 5514 54104 7406 538 12935 4734 133 141 530 4858 3439 26908 109 411 1194 10093 8153 3083 1301 75 56 257 1541 29506 137 86 4342
internal_value=-8.92891e-07 0.000166069 0.000517765 0.00105413 0.00186459 0.00194607 -0.000636355 -0.00044942 0.00128755 -0.00128486 -0.00322592 -0.0118692 -0.00164589 0.00116438 -0.00156941 0.00485029 0.00449124 -0.00572015 -0.00240396 -0.00143097 -0.0046392 0.00189921 -0.00220194 0.0154121 0.0216278 -0.000311692 -0.000792507 0.00232769 0.0164658 -0.00530132
internal_weight=46695.2 44396.7 35734.8 24396.8 15311.2 15251.7 11338.1 11152.5 4372.01 8661.91 2298.45 185.597 8180.52 1737.91 6780.47 481.391 874.077 1297.67 6442.61 4488.69 1953.91 376.26 863.831 105.131 77.9987 9085.52 7685.46 1400.06 54.2195 1277.22
internal_count=189259 179526 144332 98452 61754 61510 45880 45115 17669 35194 9733 765 33252 7065 27446 1942 3551 5677 26187 18246 7941 1520 3514 422 313 36698 31047 5651 219 5536
is_linear=0
shrinkage=0.03


Tree=44
num_leaves=31
num_cat=0
split_feature=3 3 2 19 16 15 15 9 12 28 8 24 11 18 15 39 45 20 30 9 15 45 45 29 14 16 40 1 16 8
split_gain=26.3045 24.7907 34.757 25.8942 24.9967 22.817 22.5831 22.2471 21.2264 21.2143 22.287 19.523 19.4209 15.8087 15.5375 15.7002 15.2872 14.6763 21.774 16.9185 13.3917 12.4917 13.7844 14.6577 12.1099 11.5282 15.3665 11.3426 16.7602 11.8578
threshold=11.540876170196841 17.643800142510276 -0.010869554771555321 1.1802128841261783 -0.00055677575524866333 -0.10550003051757811 0.27399997711181645 0.0160888517234942 0.0024229218135044714 0.44209460274695461 0.028246442555306502 0.41278606997376849 -0.012049941927990719 3.3451398179722056 -0.43799996376037592 -0.023922913493913841 -0.039057171230984455 0.47500000000000003 -0.0006524083417065908 -0.010628926296527829 -0.061000013351440417 0.00037001302919669523 0.0018955860716268309 -0.014492561325503549 0.44909999847412113 0.0058395613912662165 0.002687882560392527 0.012195542867105268 -0.019925006165990262 -0.29123772933341435
decision_type=2 2 2 2 2 2 2 2 2 2 2 2 2 2 2 2 2 2 2 2 2 2 2 2 2 2 2 2 2 2
left_child=12 2 7 4 8 -6 11 9 -4 10 -2 14 27 20 -3 -16 -14 19 -19 -5 -13 25 24 -24 -23 26 -8 28 -1 -30
right_child=1 6 3 17 5 -7 21 -9 -10 -11 -12 13 16 -15 15 -17 -18 18 -20 -21 -22 22 23 -25 -26 -27 -28 -29 29 -31
leaf_value=-0.024630728501076761 -0.001087760881434709 0.010536449994071145 -0.00053046707000172107 0.0063760444871461177 0.0052908198625061928 0.0018864963469418388 0.0091386438214999741 -0.0078197887679125368 0.0028607363083281846 -0.0035352695016183 0.0021541145284075867 -0.0027142554722358733 -0.031546999241512337 0.028165987689084473 -0.0058311891155989493 -0.0016284703760934449 -0.0051469039248607041 0.019343419275717266 0.00021364453507840311 -0.0023108867452071432 0.0037743592970427217 0.005083763702258888 -0.010738616445494092 0.0092137373960139001 -0.018771121510400734 -0.0038211213803788224 0.030538013707607201 -0.0011513555878564276 0.034112047457296728 0.0079100678613908786
leaf_weight=12.091670617461203 5483.659555003047 88.996694415807724 6133.3733676224947 216.24756702780724 2197.9371000826359 9141.3792533576488 142.5319736301899 398.45343573391438 2278.1849339306355 1815.5131314098835 2927.4033424705267 431.86836649477482 20.050747156143188 20.46145486831665 892.25868290662766 7736.7064730972052 1276.1018240898848 74.694055840373039 189.17536829411983 3015.3379210233688 849.10714662075043 31.167638838291168 41.786286786198616 160.10455121099949 49.68262006342411 41.723197117447853 38.320149332284927 884.25720551609993 19.00237999856472 85.426733553409576
leaf_count=49 22242 360 24764 874 8862 36870 575 1636 9181 7380 11834 1750 141 83 3623 31335 5536 302 765 12186 3437 126 169 647 201 169 155 3586 77 344
internal_value=-8.88281e-07 0.000161073 0.000556242 0.00120594 0.00162716 0.00254637 -0.00111068 -0.00086523 0.000388006 -0.000594263 4.0548e-05 -0.00142277 -0.00313135 0.00200467 -0.00193442 -0.00206304 -0.0055553 -0.00117411 0.00562875 -0.00172958 0.00158679 0.00507727 0.000892282 0.00508411 -0.0095751 0.0103935 0.0136729 8.01398e-06 0.00880628 0.0126779
internal_weight=46693 44396.1 33871.4 23246.3 19750.9 11339.3 10524.7 10625 8411.56 10226.6 8411.06 10019.4 2296.93 1301.44 8717.96 8628.97 1296.15 3495.45 263.869 3231.59 1280.98 505.316 282.741 201.891 80.8503 222.575 180.852 1000.78 116.521 104.429
internal_count=189259 179526 136896 93804 79677 45732 42630 43092 33945 41456 34076 40588 9733 5270 35318 34958 5677 14127 1067 13060 5187 2042 1143 816 327 899 730 4056 470 421
is_linear=0
shrinkage=0.03


Tree=45
num_leaves=31
num_cat=0
split_feature=12 3 23 12 45 9 13 24 23 27 43 24 16 16 35 12 20 23 9 24 9 40 35 14 45 7 7 21 5 14
split_gain=24.9958 40.2047 34.1654 38.4527 33.5415 39.3417 38.4205 64.025 40.6692 45.8966 30.5029 45.3805 28.1673 26.936 25.7281 25.631 36.4037 55.4331 45.127 32.6874 85.3207 25.8836 25.049 23.4212 21.9764 21.6177 19.3592 20.0022 17.6566 17.648
threshold=0.0014016321288821668 1.0000000180025095e-35 -0.0602227051110093 0.025176461593112234 0.0021564145774948368 -0.034861972020519626 0.0013417783504140843 0.82702113488208517 -0.0028525193174907255 0.010266225203950714 -1.7079519632802478 0.37249245891534505 0.024824845291688519 0.013332736813899527 -0.01380980201320676 -0.0012456648261396197 0.33000000000000007 -0.015190257469593569 -0.074361296511386274 -0.3115416793707067 -0.017284753012093399 0.057182037927536185 0.002113402966065491 0.32050001144409185 0.001017552897143214 0.020667082179333822 0.020751446802167364 -1.0000000180025095e-35 -0.013048258173150138 0.22469999313354497
decision_type=2 2 2 2 2 2 2 2 2 2 2 2 2 2 2 2 2 2 2 2 2 2 2 2 2 2 2 2 2 2
left_child=1 13 3 14 6 25 7 -4 9 -8 11 29 -10 24 -2 19 18 -18 -17 20 -12 -21 -15 -13 -1 -6 -7 -28 -16 -3
right_child=2 10 4 -5 5 26 8 -9 12 -11 15 23 -14 22 28 16 17 -19 -20 21 -22 -23 -24 -25 -26 -27 27 -29 -30 -31
leaf_value=-0.021948123982329759 0.021106952513414014 -0.012084862669939477 0.0063873838897881199 -0.051189143829640994 -0.012228842022929702 0.0012067177980900319 0.021703875641588027 0.057823350088350246 0.00073785234439469939 0.0035884127517580495 0.040348158670389232 0.045458376840388781 -0.0068885767915827269 0.018683324114123746 -0.016793787011799365 -0.048677856541764972 0.0055838355731781591 -0.0011829534525940608 -0.0019725482180636689 -4.1089213876319418e-05 0.0029289713682753896 -0.0165231907910048 -0.032585501364195461 0.010553927814460153 -0.0021800170669415519 0.021925058842211742 0.018312133616903096 -0.0025018314019894135 -0.0035134529062411384 0.0071818582694311147
leaf_weight=165.52816911041737 34.59036985039711 55.629702687263489 1150.0228768140078 15.986447289586065 19.944944337010384 2397.9444328993559 131.32057124376297 22.200466588139534 5481.9391513317823 3032.9143474847078 56.257578432559967 39.412945151329041 473.50558982789516 40.993586495518684 104.57726450264454 18.645039036870003 1595.1315770298243 3437.5525018721819 13119.599216341972 8325.579880386591 2178.5374018549919 86.643922492861748 10.846043199300764 30.84013819694519 72.906295895576477 101.86072053015232 42.037491276860237 3611.7281398028135 650.90757767856121 185.35747058689594
leaf_count=962 140 224 4644 66 80 9690 530 89 22178 12257 227 164 1915 179 424 79 6450 13904 53147 33654 8792 354 76 124 305 410 170 14643 2636 746
internal_value=-8.80743e-07 -0.000532727 0.000905043 -0.00512544 0.00120026 -0.000548002 0.00224895 0.00736152 0.00159179 0.00434023 -0.000422018 0.00891937 0.00013149 -0.0116424 -0.00419338 -0.000522907 -0.00120776 0.00096181 -0.00203883 0.000645912 0.00387094 -0.000210851 0.00795671 0.0301358 -0.0159036 0.0163326 -0.000887765 -0.00226236 -0.00535177 0.00273431
internal_weight=46690.9 29419.5 17271.5 806.062 16465.4 6173.52 10291.9 1172.22 9119.68 3164.23 29129.2 311.24 5955.44 290.274 790.075 28817.9 18170.9 5032.68 13138.2 10647 2234.79 8412.22 51.8396 70.2531 238.434 121.806 6051.71 3653.77 755.485 240.987
internal_count=189259 119387 69872 3266 66606 24993 41613 4733 36880 12787 117865 1258 24093 1522 3200 116607 73580 20354 53226 43027 9019 34008 255 288 1267 490 24503 14813 3060 970
is_linear=0
shrinkage=0.03


Tree=46
num_leaves=31
num_cat=0
split_feature=3 11 12 0 43 12 9 2 16 4 4 9 18 11 28 22 28 11 17 38 17 13 35 22 12 2 9 19 15 38
split_gain=24.1835 23.3694 21.3755 32.4054 26.3128 25.7973 29.1982 24.0834 29.2728 24.3482 23.8931 30.6764 19.6441 17.8932 17.5595 16.8445 14.4418 30.0602 16.6595 13.8115 13.5537 15.0613 13.1713 13.1686 17.3168 14.8728 14.7917 18.3173 12.741 16.7622
threshold=11.540876170196841 -0.35349593495934956 0.0014503830025475466 -0.053071467874260682 -1.4395025738507863 0.00069635057671637039 -0.016132360952751893 -0.020885593883112199 -0.0023271029120851832 9.9989559118625078 0.082080023318179776 -0.074361296511386274 2.26397742276809 -0.012049941927990719 0.51283688877457945 0.38333333333333336 -9.9411349836180687 0.0076340326340326179 -0.0076813456080284748 -0.10339107324196915 -0.0092361377707147248 0.0026633346931072138 0.0024338037179355621 1.7833333333333334 -0.0012456648261396197 -0.060474482609434048 0.018882999850977373 0.86506217963563647 0.16749992370605471 -0.23373745091103612
decision_type=2 2 2 2 2 2 2 2 2 2 2 2 2 2 2 2 2 2 2 2 2 2 2 2 2 2 2 2 2 2
left_child=13 14 4 15 5 6 -3 8 -5 -9 12 -12 -6 -1 23 -4 17 -15 20 -19 21 -18 -7 24 25 -2 27 -25 -20 -30
right_child=1 2 3 7 10 22 -8 9 -10 -11 11 -13 -14 16 -16 -17 18 19 28 -21 -22 -23 -24 26 -26 -27 -28 -29 29 -31
leaf_value=6.8498568580651905e-06 0.0182267722490498 0.028870515406592561 0.027493306080047502 0.0031250625948741205 0.00085465419630744322 0.015247449080112635 0.0015445895030068934 0.001487127468864416 -0.0062395336091099459 0.016944948570047112 -0.036650696922717302 -0.0012635451718322594 -0.0040732864421607765 -0.036242214077439237 -0.0048660399788189148 0.0078296699019618395 -0.021100343104015561 -0.012568705667929964 -0.0017334851365542604 0.027876938031703175 -0.027283739534517557 -0.0028215020675214707 0.051005522198930474 0.0053961174868331994 -0.0031561743874872401 0.001101278916570734 -0.0077132746921982527 -0.00067685216772051698 -0.029480604341000433 -0.0038196194212145661
leaf_weight=1000.6039723306894 49.69052591919899 40.796303734183311 56.549859493970871 481.42964559793472 13120.657550439239 20.06679904460907 256.19880919158459 12398.879579752684 799.02213215827942 92.392458736896515 22.096107736229897 9981.1296159774065 770.78837707638741 38.856441766023636 1168.5861011445522 127.85149052739143 58.436684399843216 19.756786480545998 889.31562256813049 12.347876280546187 41.71911033987999 132.69422636926174 17.232402116060257 769.39427290856838 2436.9494702517986 559.94152049720287 157.45395310223103 1066.7338670939207 35.794332846999168 63.647866755723953
leaf_count=4056 202 169 228 1946 52975 81 1031 50018 3235 372 93 40375 3131 278 4781 515 275 94 3741 50 224 555 70 3125 9921 2276 643 4339 167 293
internal_value=-8.85463e-07 0.000154296 0.000431845 0.00136707 -0.000106856 0.00825155 0.00529818 0.0011998 -0.00271859 0.00160146 -0.000223793 -0.00134171 0.00058122 -0.00300507 -0.00155269 0.0138599 -0.00533665 -0.0184938 -0.00457237 0.00298722 -0.0117916 -0.00841011 0.0317678 -0.000784469 -0.00202492 0.00249716 0.00111118 0.00186791 -0.00287226 -0.0130563
internal_weight=46687 44393.8 38185.1 13956.1 24229 334.294 296.995 13771.7 1280.45 12491.3 23894.7 10003.2 13891.4 2293.17 6208.75 184.401 1292.57 70.9611 1221.61 32.1047 232.85 191.131 37.2992 5040.16 3046.58 609.632 1993.58 1836.13 988.758 99.4422
internal_count=189259 179526 154239 56314 97925 1351 1200 55571 5181 50390 96574 40468 56106 9733 25287 743 5677 422 5255 144 1054 830 151 20506 12399 2478 8107 7464 4201 460
is_linear=0
shrinkage=0.03


Tree=47
num_leaves=31
num_cat=0
split_feature=3 3 24 17 13 4 17 17 16 14 40 9 45 22 40 15 24 10 29 15 39 17 45 35 16 15 4 40 15 9
split_gain=22.7822 23.014 28.7915 55.3475 49.5199 37.4003 33.2396 85.7775 29.9353 24.2363 35.0258 32.9922 29.2167 22.9277 22.0055 21.1559 18.3336 17.3814 15.9359 14.6556 14.6889 13.8758 17.0545 22.8043 15.8502 14.2154 14.2023 12.8455 14.0212 12.4347
threshold=11.540876170196841 17.643800142510276 -0.30722455485499761 0.0012825784211732251 0.011709639650154599 9.9989559118625078 -0.00041939063062344063 -0.0010495815049438412 0.0094161073591658827 0.2621000003814698 -0.039057171230984455 0.010203439908615658 -0.0078340934961835008 1.8500000000000003 -0.0086984685961535597 0.27399997711181645 0.41278606997376849 -0.026141676884081273 -0.035704500780746128 -0.43799996376037592 -0.023922913493913841 -0.0063482758954855395 -0.0044975906417759311 -0.015302216564075394 -0.018452179793248018 0.28049993515014654 -0.43874943251695248 0.0028041559956284326 -0.049500083923339842 0.0011457830469195909
decision_type=2 2 2 2 2 2 2 2 2 2 2 2 2 2 2 2 2 2 2 2 2 2 2 2 2 2 2 2 2 2
left_child=17 2 3 6 5 -5 7 -2 -6 10 -4 -12 14 -14 -11 16 19 -1 -8 -3 -21 -19 24 -24 -23 -26 -25 28 -18 -29
right_child=1 15 9 4 8 -7 18 -9 -10 12 11 -13 13 -15 -16 -17 27 21 -20 20 -22 22 23 26 25 -27 -28 29 -30 -31
leaf_value=0.0063344251498549092 -0.00051255073472184528 0.010232668200419905 -0.050055665322853486 0.0038857044315196718 0.012400294197433366 0.029844555127135561 -0.031142264228194005 0.017520912681709706 0.038239129864352524 0.0061070711347955206 -0.0027318181375472015 0.0029934499046964016 3.6193685438116446e-05 0.0020784456150091525 -0.0054262070280831198 0.0049125023498700921 -0.0013205219451364676 -0.0085925092846400736 -0.005410183243615402 -0.0056453132709808956 -0.0015786728490014457 -0.022709798889632829 -0.020923285152511812 0.0043104882062905102 -0.0035528467023612088 -0.03177127346432651 -0.002364156777428197 0.0032462369628681559 0.0068850720856571297 -0.0066605993476122919
leaf_weight=169.22349040210247 2453.8533543348312 89.071866005659103 13.427823856472967 2620.0066092163324 134.65096442401409 50.922090530395508 22.426412835717201 262.81194399297237 57.622083604335785 172.27903518080711 4368.3284789770842 1142.8571807742119 12759.298028275371 8080.9065542966127 1096.7340155690908 505.45218473672867 281.45307959616184 412.8002859801054 634.30491982400417 891.53110888600349 7734.9650141000748 59.851113379001617 50.142436981201172 413.60469287633896 231.31045430898666 17.266346111893654 936.64145919680595 211.50505532324314 560.93644650280476 247.41302154958248
leaf_count=691 9911 360 56 10568 543 205 91 1061 232 697 17639 4616 51616 32668 4433 2042 1141 1789 2560 3623 31335 285 255 1754 986 96 3877 857 2270 1002
internal_value=-8.86145e-07 0.000149663 0.000530384 0.00237154 0.00543917 0.00438062 -0.00023215 0.00123202 0.0201439 0.00011486 -0.00166248 -0.00154457 0.000558977 0.000828088 -0.00386047 -0.00107584 -0.00137802 -0.00291828 -0.0062889 -0.00187395 -0.00199895 -0.00365629 -0.00246385 -0.00105733 -0.00885001 -0.00551292 -0.000319593 0.00194351 0.00414348 -0.00209476
internal_weight=46683.6 44392.8 33870.4 6236.6 2863.2 2670.93 3373.4 2716.67 192.273 27633.8 5524.61 5511.19 22109.2 20840.2 1269.01 10522.3 10016.9 2290.84 656.731 8715.57 8626.5 2121.62 1708.82 1400.39 308.428 248.577 1350.25 1301.31 842.39 458.918
internal_count=189259 179526 136896 25171 11548 10773 13623 10972 775 111725 22311 22255 89414 84284 5130 42630 40588 9733 2651 35318 34958 9042 7253 5886 1367 1082 5631 5270 3411 1859
is_linear=0
shrinkage=0.03


Tree=48
num_leaves=31
num_cat=0
split_feature=12 3 23 12 9 2 16 24 40 43 24 30 11 16 30 12 20 23 9 24 9 40 35 23 22 41 37 14 1 4
split_gain=22.591 35.5875 32.0055 34.8745 29.4028 27.722 29.8328 42.1913 31.4187 27.2926 40.9255 30.8243 25.7297 25.1382 27.7395 23.8942 33.8675 52.0104 41.6669 29.8293 78.3885 24.4631 23.8868 20.834 16.7226 16.6124 15.6366 15.5252 14.3967 14.1249
threshold=0.0014016321288821668 1.0000000180025095e-35 -0.0602227051110093 0.025176461593112234 -0.074361296511386274 -0.0016983908763292524 0.0056286138876285646 0.82702113488208517 -0.00071750243349146664 -1.7079519632802478 0.37249245891534505 -0.0016502784582371282 0.37255444813584354 0.013332736813899527 0.00091635407976054038 -0.0012456648261396197 0.33000000000000007 -0.015190257469593569 -0.074361296511386274 -0.3115416793707067 -0.017284753012093399 0.057182037927536185 -0.01380980201320676 0.0033444245092909279 1.9500000000000002 1.0000000180025095e-35 0.044344338281776162 0.63829999923706071 0.028310369403681975 -0.34582657119794641
decision_type=2 2 2 2 2 2 2 2 2 2 2 2 2 2 2 2 2 2 2 2 2 2 2 2 2 2 2 2 2 2
left_child=1 13 3 22 26 6 7 -6 -8 10 24 -12 23 -1 -15 19 18 -18 -17 20 -11 -21 -2 -7 -3 -14 -4 -24 -13 -26
right_child=2 9 4 -5 5 12 8 -9 -10 15 11 28 25 14 -16 16 17 -19 -20 21 -22 -23 27 -25 29 -27 -28 -29 -30 -31
leaf_value=-0.015206981897141024 0.020246630838217525 0.011216316332772 0.008674710927503524 -0.049268208617824306 0.00085213042103411002 0.0050159998383541874 -0.0075064801569717189 0.021508609412785755 -0.00069534005448820759 0.038604518318473682 0.050020575265162584 0.036008569986935898 -0.0033540446753087417 0.02017102659174733 -0.03191087004050832 -0.047236455138466568 0.005407800994846855 -0.0011457100332704145 -0.0018987970867368764 -2.3981431883323215e-05 0.0028055262342488066 -0.016066855559787402 -0.0034688823438155133 0.0015730207917601759 -0.019375222390584881 0.0019754250125799994 0.03267823365711809 -0.01580248883250834 -0.0033259224288856464 0.0019304205966276153
leaf_weight=234.38465228676796 34.678478568792343 109.83640722930431 74.480738997459412 15.689441248774527 4715.8954953849316 2979.1405632346869 835.25604453682899 90.70402567088604 2255.3786834031343 56.476135656237602 32.505919232964516 12.693346604704855 1032.9832665473223 39.301840901374817 12.018285326659678 18.269229859113693 1595.9877998381853 3437.0290633589029 13115.59866578877 8324.9930359125137 2179.2202030718327 86.432022944092751 648.05442716181278 3372.3255890160799 40.520696312189102 1073.3405256718397 36.343202516436577 107.02349208295345 24.613311856985092 90.671694204211235
leaf_count=1267 140 442 300 66 19084 12034 3381 365 9134 227 138 51 4178 172 83 79 6450 13904 53147 33654 8792 354 2627 13641 163 4341 148 433 99 365
internal_value=-8.86311e-07 -0.000506624 0.000860313 -0.00497877 0.00114594 0.00104158 -0.000236616 0.00124193 -0.00253608 -0.000403266 0.00843861 0.0286649 0.00223507 -0.011043 0.00797435 -0.000498651 -0.00116002 0.000932432 -0.00196186 0.000629819 0.00370985 -0.000188831 -0.00409891 0.00318794 0.00258018 -0.000638253 0.0165463 -0.00521703 0.0100574 -0.00465014
internal_weight=46681.8 29410.6 17271.3 805.446 16465.8 16355 7897.23 4806.6 3090.63 29124.8 310.841 69.8126 8457.79 285.705 51.3201 28814 18166.9 5033.02 13133.9 10647.1 2235.7 8411.43 789.756 6351.47 241.029 2106.32 110.824 755.078 37.3067 131.192
internal_count=189259 119387 69872 3266 66606 66158 31964 19449 12515 117865 1258 288 34194 1522 255 116607 73580 20354 53226 43027 9019 34008 3200 25675 970 8519 448 3060 150 528
is_linear=0
shrinkage=0.03


Tree=49
num_leaves=31
num_cat=0
split_feature=39 9 8 11 1 20 9 30 40 12 30 24 40 45 36 11 23 14 16 1 40 35 40 35 17 17 3 9 27 29
split_gain=22.3607 22.0885 23.1636 21.6985 20.104 24.6177 20.7551 19.424 21.4 20.5352 39.8122 31.056 24.3683 20.863 19.3902 19.6693 18.6936 18.2331 17.9874 17.6358 20.8748 16.9245 15.5174 14.3535 15.6409 20.0119 14.6081 14.3241 15.4268 13.516
threshold=-0.0048902877450805616 -0.036332974557442242 -0.011311188916281408 -0.47036874451273042 0.053896455184652199 0.43500000000000005 -0.010193566210162422 0.057182037927536185 0.018130773998777053 0.0020152905075796436 -0.00092457129043087879 -0.2810073965299586 -0.011225504557857384 0.002093568274317312 -0.017889196257299612 0.43957648776925895 -0.11437166639007595 0.37079999923706058 0.031285019211099788 0.057643363472641089 0.00053727833841989592 -0.0098827484640561236 -0.0049849001118457709 -0.0063342815293408218 -0.010220155721914178 -0.013487389387941405 12.58717674516592 0.00053146475856974136 0.028438770292206646 0.028417793241709278
decision_type=2 2 2 2 2 2 2 2 2 2 2 2 2 2 2 2 2 2 2 2 2 2 2 2 2 2 2 2 2 2
left_child=7 18 3 -3 5 6 -4 8 9 10 11 -1 21 -14 17 -16 -12 -5 19 20 -2 -11 -7 27 25 -25 -26 28 -10 -29
right_child=1 2 4 14 -6 22 -8 -9 23 12 16 -13 13 -15 15 -17 -18 -19 -20 -21 -22 -23 -24 24 26 -27 -28 29 -30 -31
leaf_value=0.0064954472906249405 0.012088241999332545 -0.0099083719726753977 0.0047280115129149976 0.0095009560568651407 -0.0010892793808600545 -0.017399472542845958 0.00080164854634053875 0.015011066608046554 0.036184174064776635 -0.018900900275203851 0.012091405117881119 -0.00028445839478134972 0.0028131274129900865 -0.00098601436157873322 -0.0006286536698921956 -0.010629727193961269 -0.0023082398763171921 -0.00044156327571764589 -0.024335698858431461 0.01265934443825828 -0.012484670013156974 -0.0032950926911004515 0.0062458886317866141 -0.016735922830258956 -0.032459934443445866 0.018531570396424793 -0.010273912332908685 -0.00032694766416402419 -0.0017618556545683111 -0.032688384787482344
leaf_weight=881.7579034268856 59.033296585083008 224.10578496754169 1362.0190353244543 328.94242733716965 2977.4797632396221 25.523041874170303 10976.8210523054 69.908189594745636 19.075483873486519 78.546283289790154 81.791633889079094 1958.8719465583563 3330.6767866015434 2134.6962337493896 9113.0537234172225 180.49073860049248 10172.617325663567 335.11900798976421 15.545665442943571 284.99711155891418 65.786741510033607 306.99652153253555 1171.2293749302626 24.176497429609299 29.265927791595459 36.105936229228973 305.86335384845734 94.725251466035843 19.498719304800034 13.238836646080015
leaf_count=3572 238 925 5495 1339 12087 103 44439 282 77 327 332 7979 13469 8641 37002 732 41286 1356 65 1148 265 1244 4720 98 136 146 1240 383 79 54
internal_value=-8.81904e-07 0.000556717 0.000448642 -0.000676778 0.00114256 0.00163351 0.00123506 -0.000774086 -0.000830711 -0.000662573 -0.00132277 0.00182009 0.000815018 0.00132924 -0.000469011 -0.000822885 -0.00219338 0.00448346 0.00733925 0.00854078 -0.000862978 -0.00647445 0.00574161 -0.00670864 -0.00968079 0.00438741 -0.0122114 0.00131126 0.017003 -0.00429519
internal_weight=46678 27120.1 26694.8 10181.7 16513.1 13535.6 12338.8 19557.8 19487.9 18946 13095 2840.63 5850.92 5465.37 9957.61 9293.54 10254.4 664.061 425.363 409.817 124.82 385.543 1196.75 541.95 395.412 60.2824 335.129 146.538 38.5742 107.964
internal_count=189259 109914 108198 41354 66844 54757 49934 79345 79063 76850 53169 11551 23681 22110 40429 37734 41618 2695 1716 1651 503 1571 4823 2213 1620 244 1376 593 156 437
is_linear=0
shrinkage=0.03


Tree=50
num_leaves=31
num_cat=0
split_feature=37 35 15 19 23 15 12 23 13 12 23 30 38 20 15 43 35 12 9 6 10 7 20 30 23 16 11 11 23 16
split_gain=20.9778 38.6131 23.6468 30.0563 34.3497 40.8234 33.0972 32.5316 24.4551 39.3313 43.8998 38.1848 34.073 24.2894 22.9573 22.8761 33.0069 22.6548 20.477 20.1634 18.4696 18.2263 20.5328 19.0679 16.9181 16.835 16.3574 15.8087 15.5679 23.7148
threshold=1.0000000180025095e-35 -0.017047400045778923 -1.0000000180025095e-35 0.91905512836432435 -0.0019133226519179173 -0.0099999904632568342 0.037521183991521358 0.13359829933681708 0.0096268971944142526 0.0023783717216026407 -0.0602227051110093 -0.017961617732116585 -0.7085479850447588 -0.33749999999999991 -0.078999948501586897 -1.4395025738507863 0.0047736973658133721 -0.024468026908215465 0.012531714875464036 -0.016229048510533802 -0.00098502894584108123 0.033929600522252155 0.47500000000000003 -0.0036341425461108036 -0.033420362227749849 0.0047060358796775165 -0.25735930735930729 0.43039405684754528 0.0033444245092909279 0.0053920342696041909
decision_type=2 2 2 2 2 2 2 2 2 2 2 2 2 2 2 2 2 2 2 2 2 2 2 2 2 2 2 2 2 2
left_child=1 -1 3 4 5 6 -2 14 9 15 20 -12 -10 -7 -6 16 -4 18 -14 -17 -11 22 27 25 -19 -23 -24 -5 -3 -30
right_child=2 28 8 21 7 13 -8 -9 12 10 11 -13 17 -15 -16 19 -18 24 -20 -21 -22 23 26 -25 -26 -27 -28 -29 29 -31
leaf_value=0.05070057308729712 0.0029832306719706717 0.009335287228121894 0.0053973099699466962 -0.0012636811260806277 0.00073479552142964848 0.0058719295629779547 -0.033551330164770694 0.016568202488861143 -0.010632291068464934 -0.022635660165381648 0.036407610217108186 0.0038742264131297458 0.015818480235475857 -0.01042753211973063 -0.0030582490108693361 -0.0014113069760626669 0.040173424577419667 -0.0050806994464194268 -0.010349244935166663 0.0010269188807955621 0.00074350068209572866 0.0087918687558564308 -0.0042695398722070151 -0.0047971507152194696 -3.3927215560349131e-07 -0.0035592891637263491 0.0047741270911469055 -0.0066302807626493314 -0.0087077850379967802 0.0077133791561800639
leaf_weight=16.54620948433876 5159.5718289315701 284.79795411229134 170.703353703022 8292.2990367487073 2472.1251895278692 107.92932236194611 22.413436651229858 91.390817850828171 338.10733656585217 79.266962334513664 32.724248617887497 4169.4017084389925 127.73977406322956 346.28703412413597 3426.8152117878199 4723.517600402236 28.691814363002777 770.79579126834869 34.098253980278969 8628.7177198976278 49.342748403549194 188.15142983198166 229.40751817822456 2483.3140594437718 2514.2087678313255 210.3719492405653 835.71854981780052 525.30900795757771 155.15654315054417 161.57585318386555
leaf_count=70 20931 1159 698 33605 10010 435 91 369 1397 322 132 16859 515 1401 13922 19185 117 3117 138 34905 200 766 931 10144 10201 859 3372 2130 627 651
internal_value=-8.73916e-07 0.00548929 -7.45486e-05 -0.000715226 0.000388221 0.00206931 0.00282521 -0.00119348 0.000646668 0.00111035 0.00359917 0.00412758 -0.00154404 -0.00655451 -0.00146866 0.000314991 0.0104014 -0.000652562 0.0103051 0.000164366 -0.0136659 -0.00172029 -0.00110814 -0.00381958 -0.0011924 0.00227196 0.0028263 -0.0015834 0.00424567 -0.000330797
internal_weight=46676.5 618.077 46058.4 24391.1 11626.5 5636.2 5181.99 5990.33 21667.3 17882.4 4330.74 4202.13 3784.95 454.216 5898.94 13551.6 199.395 3446.84 161.838 13352.2 128.61 12764.6 9882.73 2881.84 3285 398.523 1065.13 8817.61 601.53 316.732
internal_count=189259 2507 186752 98966 47159 22858 21022 24301 87786 72418 17513 16991 15368 1836 23932 54905 815 13971 653 54090 522 51807 40038 11769 13318 1625 4303 35735 2437 1278
is_linear=0
shrinkage=0.03


Tree=51
num_leaves=31
num_cat=0
split_feature=3 3 2 9 9 11 2 9 28 8 18 15 11 1 2 26 15 14 28 11 17 23 26 20 35 17 13 9 15 27
split_gain=20.9157 21.1978 30.7422 20.6216 19.865 19.6217 25.327 24.233 19.5204 20.1275 19.2891 16.4532 16.2357 15.6732 15.5646 14.7765 14.5928 13.9838 13.8526 28.639 14.889 13.6422 12.8703 14.3637 12.8517 12.8485 14.2507 12.1601 11.6582 14.0299
threshold=11.540876170196841 17.643800142510276 -0.010869554771555321 0.0160888517234942 -0.015798407945428212 0.25769412878787884 0.01350052067904264 0.017866054105221546 0.44209460274695461 0.028246442555306502 -3.8132279760722541 0.19300003051757816 -0.012049941927990719 0.016984034679824928 0.02773635037209693 0.043066556261064093 -0.50600004196166981 0.36789999008178714 -9.9411349836180687 0.0076340326340326179 -0.0076813456080284748 -0.035447956709125893 -0.067576276746737204 -0.22999999999999995 0.028256386443936844 -0.0092361377707147248 0.0026633346931072138 -0.011085133666493927 0.16749992370605471 1.0000000180025095e-35
decision_type=2 2 2 2 2 2 2 2 2 2 2 2 2 2 2 2 2 2 2 2 2 2 2 2 2 2 2 2 2 2
left_child=12 2 3 8 10 6 7 -4 9 -2 -3 16 -1 21 -15 -8 -6 -18 19 -14 25 -7 -12 -24 -10 26 -20 -13 29 -22
right_child=1 4 5 -5 11 13 15 -9 24 -11 22 27 18 14 -16 -17 17 -19 20 -21 28 -23 23 -25 -26 -27 -28 -29 -30 -31
leaf_value=6.819520499830168e-05 -0.0010317906679020959 -0.013440090117249325 0.0016913838915084739 -0.0075303722416321002 0.011299055689774866 -0.011057730725968322 0.0052896913454778738 -0.002339068614852214 -0.0036488322313742898 0.0020491411083340535 -0.015619009166919075 -0.0095594292487733504 -0.035910756493389866 -0.0015527105661678716 0.0013707003778170609 -0.0060209793952889085 -0.00087505221680170265 -0.0033042565106320824 -0.020285123266383692 0.0027808041016201073 0.012156172009305036 0.006702797991655767 0.0092125502200344662 0.0017385239911845661 0.0212783189239878 -0.026410383437031171 -0.0024322337271879949 0.0044330062182483549 -0.012465857327022533 -0.0026269295218148618
leaf_weight=1000.2812895327806 5480.4711256623268 62.880533680319786 11988.815638288856 397.74969051778316 75.52703295648098 42.738409876823425 2073.7670698314905 1511.8960973471403 1795.1513339728117 2927.9679049551487 30.30320031940937 61.741356611251831 37.349699534475803 4510.8096115589142 2574.6144979000092 109.43879076838493 4841.3548114448786 3812.0617106258869 57.829129695892334 31.941945806145668 62.125701680779457 436.09354370832443 346.00028581917286 698.81528601050377 18.809880346059799 40.829960256814957 132.30359375476837 590.59445044398308 98.601981058716774 825.73837374150753
leaf_count=4056 22242 256 48314 1636 305 172 8361 6112 7304 11834 123 250 278 18222 10428 442 19624 15453 275 144 271 1753 1403 2827 76 224 555 2389 460 3470
internal_value=-8.63581e-07 0.000143288 0.000508657 -0.000828618 -0.00103307 0.00111955 0.00172482 0.00124003 -0.000567855 4.10445e-05 0.00271004 -0.00148713 -0.00279865 -0.00013544 -0.000490437 0.00472271 -0.00183059 -0.00194518 -0.0050273 -0.0180748 -0.00428469 0.00511757 0.00365462 0.00421362 -0.00339035 -0.0111412 -0.00786221 0.00310867 -0.00267937 -0.00159253
internal_weight=46674.6 44387.6 33868.3 10620.1 10519.3 23248.2 15683.9 13500.7 10222.4 8408.44 1138 9381.28 2287 7564.26 7085.42 2183.21 8728.94 8653.42 1286.72 69.2916 1217.43 478.832 1075.12 1044.82 1813.96 230.963 190.133 652.336 986.466 887.864
internal_count=189259 179526 136896 43092 42630 93804 63229 54426 41456 34076 4609 38021 9733 30575 28650 8803 35382 35077 5677 422 5255 1925 4353 4230 7380 1054 830 2639 4201 3741
is_linear=0
shrinkage=0.03


Tree=52
num_leaves=31
num_cat=0
split_feature=39 30 13 30 18 14 23 20 38 6 31 13 45 23 34 10 5 2 33 14 14 13 29 20 15 15 4 1 25 15
split_gain=20.8672 22.5503 26.2613 22.0375 20.3545 21.3261 34.96 21.0357 19.9469 22.5523 19.6804 25.908 19.3622 17.9866 17.6025 17.3998 16.9822 15.8634 15.823 22.3587 19.97 20.3868 15.8027 21.7146 18.3217 15.3891 13.0863 12.9489 12.8965 12.8282
threshold=-0.00098191392917771985 0.057182037927536185 0.020145467941419967 0.015138458025456396 0.97569912931682401 0.25869999885559086 0.071624424345167859 0.43500000000000005 0.60961615072462216 -0.029502506948026693 1.0000000180025095e-35 0.01758878073147312 -0.0035191973999813861 -0.074948297211989492 -0.026113542763469538 0.012865679675308193 -0.056974463787185396 0.032425438668046681 9.8858069356687519 0.38649999618530279 0.26469999313354498 0.0035951117202034058 0.0045197238949348578 0.43500000000000005 -0.18000001907348631 0.30550003051757818 0.76281918166981744 0.028462997553053936 -0.4837574663709453 -0.0030000209808349605
decision_type=2 2 2 2 2 2 2 2 2 2 2 2 2 2 2 2 2 2 2 2 2 2 2 2 2 2 2 2 2 2
left_child=1 2 4 12 10 6 -6 -7 9 18 11 -1 27 -14 25 -12 -5 -18 20 -20 21 -2 23 -16 -24 -11 -22 -4 -3 -10
right_child=8 28 3 16 5 7 -8 -9 29 14 15 -13 13 -15 22 -17 17 -19 19 -21 26 -23 24 -25 -26 -27 -28 -29 -30 -31
leaf_value=0.00059038775477885362 -0.016489133579960277 -0.0063690605522651218 -0.031007527002356882 0.021476140754882713 -0.013504038786614582 -0.0030235860228676721 0.028543758451579263 0.006318126593976443 -0.0031403034232792954 -0.0028665352698268305 -0.00047439616211817623 0.015392634553255451 -0.035271642125601528 -0.0042320435105484598 0.0022944423266452094 -0.0035348242547869079 0.0024155118944324408 -0.023182541982429923 0.017436652672074129 -0.010437518105592535 0.00030643134464829278 -0.0032695990730565701 0.0069966128005618505 0.0078286817681370476 0.0001135712937726615 0.017826169965033015 -0.0066691335343175475 -0.012397940015748636 0.021624595792462092 0.00039893405163250474
leaf_weight=10391.969448655844 126.28517673909664 19.35721243917942 45.923793531954288 35.192142844200134 267.77347016334534 2041.9646852463484 19.063156276941299 242.7324253320694 1835.2587084174156 968.4217988550663 8047.3006195574999 107.52036243677139 17.505420684814453 418.0725417137146 7333.8945994600654 2110.4154179990292 146.23924055695534 25.602938741445541 92.760212689638138 35.931363165378571 3671.1583509594202 622.70809450000525 376.27802856266499 698.89154309034348 4640.190604954958 33.463842734694481 259.13363887369633 125.92192329466343 63.069596841931343 1851.6177567094564
leaf_count=42118 513 78 234 145 1088 8313 77 982 7443 3927 32610 436 73 1698 29713 8548 600 104 378 145 14911 2547 1522 2817 18779 136 1056 512 254 7502
internal_value=-8.65991e-07 -0.000614095 -0.000667797 -0.00596275 -0.000482143 -0.00299912 -0.0107095 -0.0020311 0.000655327 0.00104987 -0.000168815 0.000741971 -0.00884375 -0.00547949 0.00165672 -0.00111025 0.00248989 -0.00139837 -0.000723628 0.00965404 -0.00100904 -0.0054985 0.00195094 0.00277595 0.000629858 -0.00217538 -0.000153484 -0.0173711 0.0150505 -0.00136283
internal_weight=46671.6 24125.6 24043.2 814.458 23228.7 2571.53 286.837 2284.7 22546 18859.1 20657.2 10499.5 607.424 435.578 14051.1 10157.7 207.034 171.842 4807.98 128.692 4679.29 748.993 13049.3 8032.79 5016.47 1001.89 3930.29 171.846 82.4268 3686.88
internal_count=189259 97870 97538 3366 94172 10460 1165 9295 91389 76444 83712 42554 2517 1771 56894 41158 849 704 19550 523 19027 3060 52831 32530 20301 4063 15967 746 332 14945
is_linear=0
shrinkage=0.03


Tree=53
num_leaves=31
num_cat=0
split_feature=12 45 23 16 24 9 27 14 23 9 43 24 30 12 20 23 45 9 24 13 9 24 9 45 13 13 30 9 1 18
split_gain=19.8591 28.004 38.2975 32.1669 29.3878 43.3105 29.3367 33.8923 26.9726 24.3959 22.5132 39.4844 29.3262 20.8982 38.5085 43.083 39.5273 38.9233 36.0544 27.4344 24.6893 64.782 56.2671 26.4245 22.6448 30.941 23.9593 19.9492 19.448 20.2375
threshold=0.0013055598480894526 0.0018312718652271807 -0.081732104092105212 0.068745377841747349 0.82702113488208517 -0.0088722968594856684 1.0000000180025095e-35 0.23750000000000002 -0.0602227051110093 -0.036332974557442242 -1.7079519632802478 0.37249245891534505 -0.0016502784582371282 -0.0013952504652329329 0.33000000000000007 -0.015190257469593569 0.003370071515306476 -0.074361296511386274 -0.38175725231969598 0.013667525005958471 0.0040768099445123275 -0.31278057502131701 -0.017284753012093399 0.017369677132613906 0.020145467941419967 0.015178257109849371 0.025176461593112234 -0.0062594491432921831 0.047513828514543353 0.93452170076587959
decision_type=2 2 2 2 2 2 2 2 2 2 2 2 2 2 2 2 2 2 2 2 2 2 2 2 2 2 2 2 2 2
left_child=10 3 -3 4 6 -6 7 -2 -8 -4 11 -1 -13 20 17 18 -17 -15 -16 -19 21 22 -12 -23 25 -22 -26 -5 29 -11
right_child=1 2 9 27 5 -7 8 -9 -10 28 13 12 -14 14 15 16 -18 19 -20 -21 24 23 -24 -25 26 -27 -28 -29 -30 -31
leaf_value=0.0018380497657842663 0.056562979637836457 -0.047904933221678117 0.011133062986308175 -0.046743201860560357 0.05552010341872151 -0.0088209911850131231 -0.0048455276601230514 0.010179258209943339 0.0020102033969824247 0.00049310154929584483 0.037430772468863706 0.048510922204179741 0.0094866614384862685 -0.046184873174520233 -0.0040862818931045241 -0.0017500686090695565 0.010373875810810916 -0.0017203024914760373 0.0073887994405950359 -0.009448222530166115 -0.0014264686841962452 -0.00019603988507047244 0.0067248127877433993 0.010876133872082546 -0.014418692101939761 0.0079885188276649297 0.0082053978601489205 -0.0095939370204786451 -0.003855773979509149 -0.0068508375967195187
leaf_weight=246.7158058732748 16.0486880838871 15.406071349978445 157.20731772482395 16.140599936246872 22.085574790835381 16.41346500813961 545.54368489980698 121.62610401213169 9696.3211611062288 5120.5940118283033 56.581910356879234 32.03029103577137 37.765995815396309 17.943027466535568 305.71542239189148 3175.9242863804102 261.9848552942276 12816.569881334901 1270.7011052668095 427.22151352465153 3852.8322827666998 4660.1045511439443 1058.0189813673496 202.41831830143929 206.20977538824081 342.03864559531212 52.945033997297287 67.068481758236885 1490.6651298552752 361.55201536417007
leaf_count=996 65 66 634 66 89 67 2213 491 39202 20721 227 138 152 79 1234 12850 1061 52129 5133 1734 15567 19010 4295 819 840 1383 214 272 6049 1463
internal_value=-8.5967e-07 0.000792784 -0.000656008 0.00177859 0.00192698 0.0280893 0.00182994 0.0155862 0.00164503 -0.000553916 -0.000483402 0.00747386 0.0273953 -0.000571135 -0.00118265 0.00105686 -0.000826167 -0.00202941 0.00516343 -0.00196959 0.000500275 0.00176019 0.00828358 0.000264875 -0.00119047 -0.000658796 -0.00979662 -0.0168 -0.000817408 8.76275e-06
internal_weight=46670.4 17646.7 7145.42 10501.2 10418 38.499 10379.5 137.675 10241.9 7130.02 29023.7 316.512 69.7963 28707.2 18276.1 5014.33 3437.91 13261.7 1576.42 13243.8 10431.1 5977.12 1114.6 4862.52 4454.03 4194.87 259.155 83.2091 6972.81 5482.15
internal_count=189259 71398 28933 42465 42127 156 41971 556 41415 28867 117861 1286 290 116575 74220 20278 13911 53942 6367 53863 42355 24351 4522 19829 18004 16950 1054 338 28233 22184
is_linear=0
shrinkage=0.03


Tree=54
num_leaves=31
num_cat=0
split_feature=4 28 29 15 14 6 28 16 27 37 35 24 9 23 2 0 35 24 9 40 35 6 14 14 7 32 2 31 25 14
split_gain=20.444 22.7146 22.5987 21.1988 20.3577 17.5936 16.9567 30.8011 16.3672 16.3139 28.2371 16.1187 30.8155 40.6854 16.3472 23.9447 19.8599 15.3666 19.0605 16.722 15.1301 13.7822 13.1977 12.9096 15.6628 11.4399 14.69 13.2683 10.2929 9.61955
threshold=0.32350331944917438 -9.9411349836180687 0.027590650402889664 -0.019000005722045896 0.81510002136230475 -0.049236464725145916 -9.9411349836180687 0.029126042875974052 0.083198707723562262 1.0000000180025095e-35 -0.017047400045778923 -0.43612202545406825 0.0051420121111805236 -0.033420362227749849 0.0010863705565627728 0.0063241408916262553 0.0005022653674202894 0.65408646504637191 -0.074361296511386274 0.0074535750744168959 0.0051221853908051907 0.20211402947898097 0.25789999961853033 0.37079999923706058 0.025379068965657781 0.10450771453039513 0.010594919749150731 0.010010114958374125 -0.77402921027672744 0.40629999160766611
decision_type=2 2 2 2 2 2 2 2 2 2 2 2 2 2 2 2 2 2 2 2 2 2 2 2 2 2 2 2 2 2
left_child=1 3 4 -1 5 17 7 -7 21 10 -3 12 13 -11 16 -16 -13 18 -2 -19 -14 -4 -8 28 -25 26 -6 -28 -12 -23
right_child=2 9 8 -5 25 6 22 -9 -10 11 23 14 20 -15 15 -17 -18 19 -20 -21 -22 29 -24 24 -26 -27 27 -29 -30 -31
leaf_value=-0.032086872894175548 -0.033089035826182722 0.04970822728505999 -0.0069159275929000152 0.0014177824947231622 -0.0024031722277078706 0.00489974594371305 -0.0030132856018778567 0.048779730700264638 -0.015424905058081006 0.0012676525938235669 -0.0093377274881989453 0.00057832991308357634 -0.0019453018562020233 0.011419302826063104 0.0034444827219061516 0.00026550159623453751 -0.0012890428714844094 0.0086902793785180645 -0.0040589012278058612 -0.018193794665317644 0.0089349651882267601 0.012752801385523989 4.0317787223595312e-05 -0.026168416866743861 0.0024365490337618675 0.037105059228068629 0.026588087855607706 -0.0040930265286598187 0.0093177886790468019 -0.0038296326678305924
leaf_weight=37.498457871377468 20.600620090961456 13.038523420691488 369.74103674292564 31.084912955760956 63.368248045444489 167.69590535759926 1583.4043047726154 15.749220401048659 145.99250215291977 852.98080059885979 29.279082864522934 9886.3566948026419 1160.8421898782253 608.98261450231075 2780.6778704971075 9147.172519788146 10644.691861152649 149.70480225980282 1709.9126209318638 24.187043622136116 127.68025767803192 63.836179152131081 6515.6484575867653 23.776621356606483 62.548049584031105 13.245079830288885 45.549235597252846 17.58250205218792 292.78674153983593 62.126208022236824
leaf_count=283 89 56 1506 141 257 678 6399 64 596 3444 118 40208 4690 2491 11202 36940 43194 605 6952 98 516 259 26386 96 253 54 184 71 1177 252
internal_value=-8.49316e-07 0.000347196 -0.00113366 -0.0169011 -0.000794204 -0.000950214 -0.000352387 0.00866695 -0.00659635 0.000380396 0.00624791 0.000310166 0.00251522 0.00549633 0.000123316 0.0010066 -0.000389843 -0.00355024 -0.00440449 0.00495091 -0.000867171 -0.00399621 -0.000556677 0.00486037 -0.00544219 0.0105784 0.00780092 0.0180432 0.00762181 0.00457414
internal_weight=46667.7 35699.4 10968.3 68.5834 10326.6 10186.9 8282.5 183.445 641.696 35630.8 421.429 35209.4 2750.49 1461.96 32458.9 11927.9 20531 1904.41 1730.51 173.892 1288.52 495.703 8099.05 408.39 86.3247 139.745 126.5 63.1317 322.066 125.962
internal_count=189259 144809 44450 424 41837 41271 33527 742 2613 144385 1700 142685 11141 5935 131544 48142 83402 7744 7041 703 5206 2017 32785 1644 349 566 512 255 1295 511
is_linear=0
shrinkage=0.03


Tree=55
num_leaves=31
num_cat=0
split_feature=3 11 30 13 23 14 14 19 35 13 26 39 5 10 14 30 41 41 17 45 35 29 20 20 30 44 45 28 10 16
split_gain=19.6817 20.0211 18.692 36.3607 23.7105 31.8037 48.0395 29.0753 21.5399 20.1922 17.8362 17.3335 17.0645 16.2646 14.4189 14.1479 13.17 12.7832 12.3683 15.9331 21.3147 15.1902 15.9759 13.8091 12.5072 12.4836 12.074 17.9827 11.5003 14.9163
threshold=11.540876170196841 -0.35349593495934956 0.014040787500521552 0.020145467941419967 0.058026236002556041 0.24159999847412111 0.24770000457763677 1.1214988387236087 -0.024468026908215465 0.01758878073147312 0.0040567987337092092 -1.0000000180025095e-35 0.069252598163467641 -0.026141676884081273 0.22469999313354497 0.0099428392593748308 -0.00067004488622773915 0.0028345656385663112 -0.0063482758954855395 -0.0044975906417759311 -0.015302216564075394 0.010057728718117319 -0.14249999999999999 0.41000000000000009 0.00091635407976054038 -0.023904054763768858 -0.0035191973999813861 0.11661497824447765 -0.035740598169230857 -0.021428788449997085
decision_type=2 2 2 2 2 2 2 2 2 2 2 2 2 2 2 2 2 2 2 2 2 2 2 2 2 2 2 2 2 2
left_child=13 10 3 9 7 14 -7 8 -4 11 -2 -3 28 -1 -6 -11 -14 -9 25 21 -21 22 -20 -22 -23 -15 -5 -28 -12 -30
right_child=1 2 4 26 5 6 -8 17 -10 15 12 -13 16 18 -16 -17 -18 -19 19 20 23 24 -24 -25 -26 -27 27 -29 29 -31
leaf_value=0.0062311570030310756 4.1947506714785958e-05 -0.00026948185617361379 0.020284253339040194 -0.011136387428928671 0.014168746131331613 0.043780748984346973 0.0084472376945637882 -0.011008115878634664 0.002735166657115113 0.010720053302800228 -0.007524084868464908 0.0010681913873112532 -0.0065981437550588044 0.0084165730561146269 -0.022364728545324741 -0.011968657524519222 0.0082695605625826996 0.00034083733979926195 -0.0055431259695606682 -0.020253549258315677 0.0007582074894608719 -0.0098557988487728947 -0.021065027196166167 -0.0094935151330766097 0.018422131191477505 -0.0097628667948200173 -0.0071910625343999425 0.0029175972781966238 -0.010114815225210811 -0.0018846689810078985
leaf_weight=169.27399981021881 3352.1256169825792 19170.070100322366 67.939427837729454 255.93767207860947 12.907542571425436 37.705543920397758 424.73783068358898 202.48181650042534 856.66258428990841 249.51729683578014 611.22667264938354 15990.35056976974 74.723938643932343 37.402314841747284 39.406039878726006 27.457044437527657 189.87500278651714 159.83499605953693 150.68479759991169 49.646728038787842 1217.0340141132474 25.91036830842495 98.813630953431129 130.97994709014893 30.822527036070824 373.22026273608208 433.34107096493244 249.61637003719807 223.46553835272789 1752.5254416912794
leaf_count=691 13648 77483 274 1039 52 156 1713 819 3458 1006 2517 64550 305 163 159 111 772 647 662 255 5100 113 466 531 126 1626 1759 1013 910 7135
internal_value=-8.41182e-07 0.000138917 0.000395773 0.000248042 0.0033785 0.00882012 0.0113282 0.0012019 0.00402467 0.000402428 -0.00144173 0.000338869 -0.0031857 -0.00271683 -0.0133507 0.00847087 0.00407085 -0.00600156 -0.00343315 -0.0023068 -0.000948884 -0.00850444 -0.0116906 -0.000237902 0.00550737 -0.00810696 -0.00557903 -0.00349642 -0.00392784 -0.00281542
internal_weight=46665.7 44381.9 38178 36376.3 1801.68 514.757 462.443 1286.92 924.602 35437.4 6203.94 35160.4 2851.82 2283.79 52.3136 276.974 264.599 362.317 2114.51 1703.89 1397.66 306.231 249.498 1348.01 56.7329 410.623 938.895 682.957 2587.22 1975.99
internal_count=189259 179526 154239 146961 7278 2080 1869 5198 3732 143150 25287 142033 11639 9733 211 1117 1077 1466 9042 7253 5886 1367 1128 5631 239 1789 3811 2772 10562 8045
is_linear=0
shrinkage=0.03


Tree=56
num_leaves=31
num_cat=0
split_feature=40 12 3 30 30 43 24 24 15 23 12 45 16 22 24 35 16 30 35 17 3 15 45 5 1 18 12 2 24 8
split_gain=19.4333 22.0429 27.469 28.2692 38.178 31.6048 38.4466 34.994 31.1339 26.1554 31.2378 26.3636 32.1151 31.9331 26.9203 22.032 21.7227 24.4203 19.6141 33.742 24.5061 18.9664 17.8515 16.598 16.3912 15.362 15.307 14.9202 20.2368 19.4358
threshold=0.017554610457252443 0.0014016321288821668 1.0000000180025095e-35 -0.0008818368715310924 -0.00082621411214489876 -9.9411349836180687 0.074730521970860289 -0.29809520598647843 -0.18000001907348631 -0.0602227051110093 0.025176461593112234 0.0018312718652271807 0.068745377841747349 0.05000000000000001 0.82702113488208517 -0.01380980201320676 0.013332736813899527 0.00091635407976054038 -0.0074894625125593141 -0.0025464146793509074 12.16877308399819 -0.64100017547607413 0.001017552897143214 -0.013048258173150138 0.055911777902981193 0.34196237918543909 -0.0086984685961535597 0.01350052067904264 0.55971801978397395 0.31519436480414831
decision_type=2 2 2 2 2 2 2 2 2 2 2 2 2 2 2 2 2 2 2 2 2 2 2 2 2 2 2 2 2 2
left_child=1 2 16 5 -5 6 -4 -7 -6 10 15 12 14 24 -11 -3 22 -18 -2 26 -21 -14 -1 -17 -13 -15 -20 28 -22 -29
right_child=18 9 3 4 8 7 -8 -9 -10 11 -12 13 21 25 -16 23 17 -19 19 20 27 -23 -24 -25 -26 -27 -28 29 -30 -31
leaf_value=-0.019800636170137591 0.0026894745157037578 0.01982030132163971 0.0038558213103851409 -0.016827765122472912 0.0035594503157748724 0.0049390047952080143 0.047734381572781134 -0.00014593913072808481 -0.0010098711374016743 0.0023077712884537012 -0.046977885393756136 0.0051511069662404981 -0.045657375690080187 2.0143880393745902e-05 0.027497759216706323 -0.015747269123006918 0.019238317137436775 -0.030985613808300432 0.014705957546659657 -0.032628204815870955 -0.0083886751400242959 -0.0093194964788867636 -0.0016488629538408937 -0.0028050579431054515 0.020925498060223209 -0.0036738381092237026 -0.0011541414013884867 0.0062422756543304573 -0.026308965813343486 -0.015325070999913419
leaf_weight=150.03456129133701 349.77262531220913 34.717693820595741 46.776315659284592 133.09250801801682 1435.7789172828197 1676.2559838443995 29.185210809111595 4455.9470323324203 20560.819079905748 9334.3242784589529 15.18910591304302 290.9482287466526 16.018336370587349 4751.5707366764545 38.33958774805069 103.88878609240055 38.838977098464966 11.233084879815577 66.026028379797935 39.06329907476902 393.75339971482754 66.992560565471649 72.239791810512543 630.0373397320509 74.457145467400551 1287.8225687742233 321.18230966478586 117.89229562878609 66.257869765162468 55.219625681638718
leaf_count=896 1415 140 188 539 5812 6760 128 18020 83273 37730 66 1174 66 19242 156 423 171 83 266 159 1598 272 304 2555 302 5217 1333 478 269 224
internal_value=-8.34465e-07 0.000107198 -0.000397808 -0.000306678 -0.000808545 0.00148228 0.0207144 0.00124405 -0.000711619 0.000975263 -0.00437426 0.00123964 0.00224628 -0.000246499 0.00241081 -0.00353238 -0.00987992 0.00797116 -0.00347024 -0.00550395 -0.00956749 -0.0163315 -0.0139013 -0.00463706 0.00836539 -0.00076755 0.00155029 -0.00814466 -0.0109698 -0.000637325
internal_weight=46663.7 45254.5 28610.2 28337.9 22129.7 6208.16 75.9615 6132.2 21996.6 16644.3 783.833 15860.5 9455.67 6404.8 9372.66 768.644 272.346 50.0721 1409.17 1059.39 672.186 83.0109 222.274 733.926 365.405 6039.39 387.208 633.123 460.011 173.112
internal_count=189259 183517 116174 114720 89624 25096 316 24780 89085 67343 3184 64159 38224 25935 37886 3118 1454 254 5742 4327 2728 338 1200 2978 1476 24459 1599 2569 1867 702
is_linear=0
shrinkage=0.03


Tree=57
num_leaves=31
num_cat=0
split_feature=4 29 3 40 24 40 15 14 33 1 4 40 35 20 40 24 17 16 42 9 0 35 24 9 29 3 15 13 13 31
split_gain=19.4454 21.2221 19.7308 22.9281 23.8652 20.4656 19.4053 19.3085 16.9253 16.5171 19.9258 23.2359 16.4207 35.333 43.6505 53.4057 37.8882 29.0723 29.01 21.2706 24.0867 22.3034 26.1881 22.3477 15.9042 15.7617 15.8231 15.7309 15.719 15.0994
threshold=0.32350331944917438 0.027590650402889664 1.0000000180025095e-35 -0.011225504557857384 0.68784132901899109 0.0040312939603535294 -0.26749982833862301 0.81510002136230475 0.54671383370256887 0.029239765973157073 1.5262207070009712 -0.010698562786912447 3.3777321479174416e-05 -0.11249999999999998 -0.0011221965029666501 -0.0030061286161820583 -0.008207339795413925 0.00077312396387557508 1.0000000180025095e-35 0.019768361071046132 0.021782517666722668 0.0027521982244895541 0.82702113488208517 -0.026177312386288589 -0.019168486318981076 13.60406148372868 0.043499994277954111 0.0061258538511526177 0.0022688397463330495 -0.012903387509387722
decision_type=2 2 2 2 2 2 2 2 2 2 2 2 2 2 2 2 2 2 2 2 2 2 2 2 2 2 2 2 2 2
left_child=2 7 3 -1 5 6 -5 9 -3 10 -2 -12 13 16 15 -15 24 -16 -18 21 28 22 -14 -23 -4 -11 -27 -7 -21 -22
right_child=1 8 12 4 -6 27 -8 -9 -10 25 11 -13 19 14 17 -17 18 -19 -20 20 29 23 -24 -25 -26 26 -28 -29 -30 -31
leaf_value=-0.024742426033578971 0.0001754058431866582 -0.0083568214082370054 0.0038478641946831696 -0.037380825314590471 -0.032260453843897342 -0.031704720990855542 0.0035314721463988921 0.010298878023530817 0.0057545283486221824 -0.0066301769613897818 0.034456841514036315 0.0057158687954476329 -0.00070597642646748175 0.0018548230538323238 0.0019904902900733227 -0.01306275829698122 0.026022434482451125 0.006960100197021723 0.00053161087656482784 -0.0019212256407784454 -0.004916295506619003 0.0096175084573989281 0.016093684186629747 0.0011292723478922117 -0.0080027180114654317 -0.0022647458030392534 0.001017323998834235 -0.0051151392034421463 -0.0095061433293965672 0.0036240494530561307
leaf_weight=51.176389329135418 2913.4034556746483 552.26576374471188 119.92887832224369 10.822577834129332 24.367026224732399 30.697769299149513 290.67819507420063 139.74122728407383 88.795729354023933 546.89864085614681 28.602966457605362 220.31968589127064 12357.081771671772 791.80641451478004 2081.6772564351559 297.00807404518127 40.421505510807037 2157.4428227543831 6757.083707600832 427.41116920113564 286.29044306278229 289.58519217371941 84.079433172941208 7747.6516896337271 678.89557525515556 4624.7193606942892 1851.2129109501839 57.59738290309906 579.04957604408264 533.5485792607069
leaf_count=335 11751 2251 485 72 184 194 1311 566 362 2226 116 888 49993 3195 8414 1201 174 8713 27304 1738 1159 1169 341 31302 2743 18782 7508 275 2349 2158
internal_value=-8.33434e-07 -0.00110576 0.00033862 -0.00579843 -0.0034576 -0.00165707 0.0020629 -0.000776906 -0.00640221 -0.000928866 0.000871483 0.00901841 0.000419684 0.00127055 0.00314352 -0.00221441 -4.31175e-05 0.00451971 0.000683193 -7.33445e-05 -0.00317558 0.000203318 -0.000592442 0.00143511 -0.00622357 -0.00173955 -0.00132653 -0.0143596 -0.00628508 0.000641733
internal_weight=46660.3 10966 35694.3 465.339 414.163 389.796 301.501 10324.9 641.061 10185.2 3162.33 248.923 35229 12924.3 5327.93 1088.81 7596.33 4239.12 6797.51 22304.7 1826.3 20478.4 12441.2 8037.24 798.824 7022.83 6475.93 88.2952 1006.46 819.839
internal_count=189259 44450 144809 2371 2036 1852 1383 41837 2613 41271 12755 1004 142438 52229 21523 4396 30706 17127 27478 90209 7404 82805 50334 32471 3228 28516 26290 469 4087 3317
is_linear=0
shrinkage=0.03


Tree=58
num_leaves=31
num_cat=0
split_feature=39 6 14 38 2 9 34 23 9 37 7 10 32 3 40 10 6 20 32 1 33 14 2 23 24 10 16 35 24 16
split_gain=18.5269 22.2605 22.8849 20.1004 23.2213 19.1691 18.6429 18.3738 19.5262 24.1061 18.8786 18.1527 18.0644 17.4532 16.931 17.0057 17.1187 16.6016 20.0188 17.6237 16.2263 16.1788 15.4659 20.5324 15.1916 15.0685 14.7936 18.0383 17.1004 14.2245
threshold=-0.0048902877450805616 -0.0094691655980141381 0.29720000267028818 0.17805789030845534 -0.023437830029396093 -0.036332974557442242 -0.02209343110764413 0.11561066042934286 0.0079003133977205604 1.0000000180025095e-35 0.028002744868539774 0.03014601858964536 0.079716842318665534 19.536250485302773 0.018130773998777053 0.0061185602360936528 0.26243853703836711 0.27500000000000008 0.059541369836680534 0.016984034679824928 -0.69458575125643029 0.18960000038146976 0.0013376529294593833 -0.11437166639007595 -0.3869249671486657 0.0059197721872167727 -0.047077618025553845 0.00069635057671637039 0.65408646504637191 -0.0047235036839139216
decision_type=2 2 2 2 2 2 2 2 2 2 2 2 2 2 2 2 2 2 2 2 2 2 2 2 2 2 2 2 2 2
left_child=3 2 7 14 29 11 20 8 9 -2 -10 12 -3 26 15 22 24 19 -19 -8 -7 -6 23 -1 -17 -16 28 -28 -4 -5
right_child=1 5 13 4 21 6 17 -9 10 -11 -12 -13 -14 -15 25 16 -18 18 -20 -21 -22 -23 -24 -25 -26 -27 27 -29 -30 -31
leaf_value=0.026272340450882607 0.0098534154997527192 0.023721026654531255 -0.0080022344401546371 0.0016638474898536633 0.026147374470691334 -0.0091504625493996818 0.0034324948176256836 0.019745110312224076 0.0044423247339358341 -0.0055184198433897531 -0.0065835574989587704 -0.0047105816801726406 -0.0085638413192277614 -0.0094768635028900997 -0.011658212391025612 -0.00741282514544527 0.0077727912635320124 0.0040314770135476434 -0.0034459732483864075 0.00035800228354704365 -0.00074143369449598026 0.0015991493779240868 0.0017691972899679012 -0.0011492959597485827 -0.0022506034409371161 0.0004562400283915729 0.0023172766708961586 -0.00086396874959280038 0.013692223962045781 -0.0074359041927889646
leaf_weight=24.657623216509819 96.512317463755608 91.095098823308945 300.11999849975109 238.55712103843689 24.298679143190384 240.24124685674906 2006.9843030571938 31.573876395821571 469.29819791018963 1886.8909894749522 199.03483162820339 43.457958221435547 18.820560306310654 161.8920831233263 259.02567891031504 594.7935755699873 138.01453024148941 3025.961792960763 360.64058683812618 10236.87817850709 1471.5357339531183 4321.159888163209 2281.0569412410259 7346.2043912187219 3733.8782626092434 143.65603081882 3388.450660161674 3046.3200693652034 36.698887020349503 439.31375175714493
leaf_count=100 397 367 1216 970 98 977 8217 127 1898 7698 810 175 76 659 1071 2408 558 12203 1461 41379 5962 17535 9203 29898 15125 583 13769 12366 157 1796
internal_value=-8.40618e-07 0.000506727 -0.000652728 -0.000704942 0.000930808 0.00114404 0.00105066 -0.00300518 -0.00327607 -0.00477043 0.00115873 0.0117033 0.018193 0.000257689 -0.00127079 -0.00109779 -0.00262831 0.00137617 0.0032352 0.000861966 -0.00192161 0.00173642 -0.000389509 -0.00105756 -0.00295993 -0.0073364 0.000490418 0.000811226 -0.00563846 -0.00423351
internal_weight=46657 27112.4 9616.79 19544.6 5023.33 17495.6 17342.2 2683.31 2651.74 1983.4 668.333 153.374 109.916 6933.48 14521.3 14118.6 4466.69 15630.5 3386.6 12243.9 1711.78 4345.46 9651.92 7370.86 4328.67 402.682 6771.59 6434.77 336.819 677.871
internal_count=189259 109914 39097 79345 20399 70817 70199 10930 10803 8095 2708 618 443 28167 58946 57292 18091 63260 13664 49596 6939 17633 39201 29998 17533 1654 27508 26135 1373 2766
is_linear=0
shrinkage=0.03


Tree=59
num_leaves=31
num_cat=0
split_feature=4 28 29 15 14 27 33 6 24 28 40 37 35 24 13 14 15 24 15 38 40 40 31 38 3 14 13 10 33 43
split_gain=18.1419 20.1986 20.0329 19.59 18.5441 17.6156 21.5617 16.9638 15.7623 15.202 24.4954 14.3522 25.4421 15.1199 46.9403 30.3031 15.0263 24.3256 21.5285 14.7889 15.7185 14.2514 13.9249 13.9149 13.2215 12.5543 11.794 21.2882 11.1034 9.59668
threshold=0.32350331944917438 -9.9411349836180687 0.025323785297115407 -0.019000005722045896 0.81510002136230475 0.083198707723562262 0.48095907128947962 -0.049236464725145916 0.65408646504637191 -9.9411349836180687 -0.0083289946440419007 1.0000000180025095e-35 -0.017047400045778923 -0.43612202545406825 0.014306392480665148 0.39230001449584967 -0.013500022888183591 0.27543248665722603 -0.078999948501586897 -0.35838059726704857 -0.0026147685318018148 0.0074535750744168959 0.020544844848155538 -0.10339107324196915 15.117424305162045 0.25789999961853033 0.0096268971944142526 -0.0027204628121993346 0.70464846394765257 -0.42443960640835149
decision_type=2 2 2 2 2 2 2 2 2 2 2 2 2 2 2 2 2 2 2 2 2 2 2 2 2 2 2 2 2 2
left_child=1 3 4 -1 7 6 -4 8 22 10 -9 12 -3 14 15 -13 18 -18 -15 20 -14 -10 -2 -5 -21 -11 29 -28 -8 -6
right_child=2 11 5 23 26 -7 28 9 21 25 -12 13 19 16 -16 -17 17 -19 -20 24 -22 -23 -24 -25 -26 -27 27 -29 -30 -31
leaf_value=-0.031444104655982297 -0.0034780579965124022 0.047794205785377367 -0.0059878134290862074 -0.01499455321433823 0.035198571616787536 -0.015161989200992014 0.022988925394379741 0.035960539231548773 0.0086427978142559151 -0.002887669067254251 0.0039113754691690646 0.0048972253339258729 -0.017978836919101619 0.00057300699021648111 0.0454666148385693 -0.0014662737847702793 -6.7713688105001762e-07 0.0024905754850528344 -0.0016771593778096125 0.025326130520066412 0.0033224269785151594 -0.016452700053573382 -0.013089315358126604 0.026156117005680737 0.0058010356073132444 9.931268579911826e-05 -0.029143627276493504 0.012593688146050103 0.00099819161801639376 0.011427214213078553
leaf_weight=35.417991355061531 1572.3444565534592 12.632833212614058 477.67377868294716 18.767050787806514 19.447099342942238 147.70764352381229 36.301946237683296 24.822833105921745 148.78897061944008 1575.0371412187815 158.58033899962902 1516.2885709702969 35.954931646585464 7520.0811875909567 22.619161933660507 1211.7180091887712 12175.823633983731 4966.3693040832877 7791.6546847596765 47.753363013267517 234.65217956900597 23.596002086997032 148.47816897928715 12.205192044377325 90.114910066127777 6462.7183943390846 16.776138752698898 31.935435906052589 47.97035139799118 71.410510674118996
leaf_count=283 6397 56 1946 91 79 605 148 101 601 6368 641 6152 146 30440 91 4898 49338 20169 31597 192 944 96 611 50 362 26176 68 129 195 289
internal_value=-8.30577e-07 0.000327039 -0.00106821 -0.0162049 -0.00073085 -0.00594281 -0.00351955 -0.000880717 -0.00344096 -0.000291132 0.00824909 0.000357847 0.00586341 0.000291991 0.00242756 0.0020707 0.000110991 0.000721079 -0.000572031 0.00456663 0.000492178 0.00520773 -0.00430735 0.00122164 0.0125639 -0.000486001 0.0101297 -0.00178053 0.0104711 0.0165152
internal_weight=46655.6 35692.1 10963.6 66.3902 10253.9 709.654 561.946 10114.4 1893.21 8221.16 183.403 35625.7 421.108 35204.6 2750.63 2728.01 32453.9 17142.2 15311.7 408.475 270.607 172.385 1720.82 30.9722 137.868 8037.76 139.569 48.7116 84.2723 90.8576
internal_count=189259 144809 44450 424 41556 2894 2289 40991 7705 33286 742 144385 1700 142685 11141 11050 131544 69507 62037 1644 1090 697 7008 141 554 32544 565 197 343 368
is_linear=0
shrinkage=0.03


Tree=60
num_leaves=31
num_cat=0
split_feature=40 12 13 24 4 2 0 16 5 15 22 5 13 4 13 2 43 24 35 17 3 12 17 19 17 19 45 38 2 24
split_gain=17.7861 20.3835 27.1313 57.6732 25.4625 23.2009 27.8651 26.9111 40.5398 30.991 24.9294 21.85 21.2573 20.4818 27.0534 20.1884 18.9537 35.2825 18.3502 31.6733 23.1777 17.304 15.2526 20.6479 18.6562 14.8541 16.7441 14.0068 13.9194 19.0798
threshold=0.017554610457252443 0.0014016321288821668 0.0013205237637713633 0.82702113488208517 -9.9411349836180687 -0.0020262954584401986 0.010775698085903505 0.012230600592963617 -0.046912520133223549 -0.64100017547607413 0.05000000000000001 -0.067929851180990194 0.001946388878054829 0.68726140101692945 0.0022504033284520826 -0.024706265193412583 -1.4395025738507863 0.37249245891534505 -0.0074894625125593141 -0.0025464146793509074 12.16877308399819 -0.0044975906417759311 -0.014817996692911286 1.0263452322960016 0.0014021088908344045 0.70415616872912956 -0.020087167181932798 -0.74211178747508544 0.01350052067904264 0.55971801978397395
decision_type=2 2 2 2 2 2 2 2 2 2 2 2 2 2 2 2 2 2 2 2 2 2 2 2 2 2 2 2 2 2
left_child=1 4 3 22 11 7 12 8 -4 -9 -8 -1 -7 16 15 -15 17 -6 27 25 -21 -18 23 -3 -24 26 -20 -2 29 -22
right_child=18 2 5 -5 13 6 10 9 -10 -11 -12 -13 -14 14 -16 -17 21 -19 19 20 28 -23 24 -25 -26 -27 -28 -29 -30 -31
leaf_value=0.018845935929373177 -0.013065128044053617 -0.017697608354697573 0.0062572834188606794 0.05311879846088971 0.0022019004951914249 -0.0050933585928967812 0.010560997241438105 -0.036951000013810582 -0.00075980707069054471 -0.0033100932898357588 -0.00048440551469460961 -0.016591733273876405 0.0041963260373366175 -0.017456618651956878 -0.00067620166534685592 -0.0050777684977702546 0.0015038115675564585 0.025943019274163932 -0.01455236015152858 -0.031715775442930257 -0.0080763027211934145 -0.00052166496921966787 0.0093607953054324709 0.008615941804190317 0.0022156512947729607 -0.002397604880136297 0.015353726913449372 0.0049309254765869679 -0.00059864477801832865 -0.0255053678457066
leaf_weight=17.684423223137856 44.61527393758297 64.250636711716652 889.6110954284668 21.854612752795219 294.38036860525608 237.06583280861378 192.67284451425076 24.975917518138885 4435.2680648416281 1864.6027713865042 4040.8960639834404 136.7199028134346 3418.2379637658596 139.49752289056778 1874.916307926178 790.46001888811588 4652.2445366308093 69.671144962310791 20.270739026367664 38.873333945870399 393.22194689512253 20627.248361192644 524.07528901100159 46.092063248157501 883.03082209825516 266.99172393232584 99.829065352678299 305.18479654192924 173.06547603011131 66.019170209765434
leaf_count=73 181 259 3610 89 1186 955 777 103 17946 7558 16326 740 13852 581 7610 3221 18852 292 93 159 1598 83619 2116 186 3566 1103 403 1234 702 269
internal_value=-8.21755e-07 0.000102513 0.000937283 0.00473148 -0.000383201 0.000550585 0.00167501 -0.000678955 0.000412517 -0.00375475 1.82789e-05 -0.0125329 0.00359384 -0.000317258 -0.00275119 -0.00693465 -5.10358e-05 0.00674541 -0.00332126 -0.00529024 -0.00923169 -0.000148912 0.0040346 -0.00670598 0.00487685 0.00154387 0.0103061 0.00263562 -0.0078494 -0.0105819
internal_weight=46653.5 45245.5 16642.6 1539.3 28602.8 15103.3 7888.87 7214.46 5324.88 1889.58 4233.57 154.404 3655.3 28448.4 2804.87 929.958 25643.5 364.052 1408.07 1058.27 671.18 25279.5 1517.45 110.343 1407.11 387.092 120.1 349.8 632.307 459.241
internal_count=189259 183517 67343 6216 116174 61127 31910 29217 21556 7661 17103 813 14807 115361 11412 3802 103949 1478 5742 4327 2728 102471 6127 445 5682 1599 496 1415 2569 1867
is_linear=0
shrinkage=0.03


Tree=61
num_leaves=31
num_cat=0
split_feature=39 30 13 9 6 34 9 2 30 31 13 29 38 45 12 32 38 28 10 2 2 5 9 18 2 34 14 45 0 15
split_gain=17.4082 20.1303 22.6625 19.8953 19.9348 22.969 20.6802 26.0197 19.1252 18.9369 22.1249 19.387 17.9916 17.622 16.7375 20.4359 16.6945 16.5742 16.419 32.701 18.7352 15.3757 14.8682 15.3028 14.8358 13.3049 14.0424 13.0247 12.9083 12.5679
threshold=-0.00098191392917771985 0.057182037927536185 0.020145467941419967 -0.036332974557442242 -0.029502506948026693 -0.026113542763469538 0.017553625569373683 0.0039880655143540384 0.015138458025456396 -0.0093008791478718048 0.014761735773843061 0.020746374969700141 0.082126609944655385 -0.0035191973999813861 0.0074535750744168959 0.079716842318665534 -0.3903424633208416 0.10656404040482227 0.013522446512221595 -0.00087798324552426643 0.02773635037209693 -0.056974463787185396 0.037618562828015491 0.25405370432912017 0.032425438668046681 0.025318194818326138 0.87180000305175798 -0.00019335781065587417 -0.0086207203259846838 0.31800003051757814
decision_type=2 2 2 2 2 2 2 2 2 2 2 2 2 2 2 2 2 2 2 2 2 2 2 2 2 2 2 2 2 2
left_child=1 2 9 14 22 27 12 -8 13 10 16 -12 -7 -4 15 28 -1 -15 19 -11 -20 -10 25 -24 -23 26 -5 29 -2 -6
right_child=3 -3 8 4 5 6 7 -9 21 18 11 -13 -14 17 -16 -17 -18 -19 20 -21 -22 24 23 -25 -26 -27 -28 -29 -30 -31
leaf_value=-0.0020229901973051975 0.010491657512128759 0.014227989467606306 -0.016413458788310801 -0.0012018418511786969 -0.0082448645141171093 0.0028025808326505044 -0.0071476799088981699 0.00062515328518291465 0.020394385319026761 -0.0017138960685522744 0.013275814340515913 -0.0096641003769029916 0.00063056911692980122 -0.0095511452614805946 0.023368714401896078 -0.012125140067574567 0.0013991871474766785 0.0025636679045172878 -0.0049331259632833567 0.0013842693713554165 -0.00026234989564454366 0.0023151733020309686 0.0040805903069644645 0.035789292575569141 -0.022479485345685828 -0.0078853796144115335 0.0095145876707033866 -0.00081717305818029828 -0.012785597069588688 0.022448439104417673
leaf_weight=1715.607340157032 236.71753126382828 82.550099924206734 170.28147523850203 4840.007418371737 393.53984726965427 6815.2188748568296 548.38961625099182 1321.9765043109655 35.205483257770538 8052.2322197109461 209.43078848719597 39.393190011382103 6914.7547688931227 272.15975642204285 51.668538823723793 52.559112563729286 5087.2967717051506 162.20986923575401 1815.5139180272818 4951.6801179721951 1345.8538426458836 146.12892325222492 50.505813360214233 18.79563894867897 25.510527789592743 262.77840697020292 112.60905832052231 884.11459678411484 23.576653972268105 12.384425058960913
leaf_count=6965 954 332 746 19702 1597 27608 2232 5340 145 32640 848 160 27992 1110 209 213 20626 661 7351 20117 5465 600 205 76 104 1072 455 3589 95 50
internal_value=-8.16047e-07 -0.000561133 -0.000611941 0.000598566 0.000484291 0.000987427 0.00130556 -0.00165383 -0.00553995 -0.000439694 0.000857533 0.00964402 0.0017087 -0.00823366 0.00755033 0.00493788 0.000536157 -0.00502702 -0.00100558 -0.000534165 -0.00294469 0.00233433 -0.00112378 0.0126805 -0.00137002 -0.00130721 -0.000958179 -0.00285972 0.00838327 -0.00730844
internal_weight=46650.7 24111.1 24028.5 22539.6 22175.1 16890.4 15600.3 1870.37 811.496 23217 7051.73 248.824 13730 604.651 364.522 312.853 6802.9 434.37 16165.3 13003.9 3161.37 206.845 5284.7 69.3015 171.639 5215.39 4952.62 1290.04 260.294 405.924
internal_count=189259 97870 97538 91389 89918 68408 63172 7572 3366 94172 28599 1008 55600 2517 1471 1262 27591 1771 65573 52757 12816 849 21510 281 704 21229 20157 5236 1049 1647
is_linear=0
shrinkage=0.03


Tree=62
num_leaves=31
num_cat=0
split_feature=3 3 11 23 20 15 2 23 10 8 28 15 9 40 44 27 43 9 45 25 5 5 16 32 45 40 10 35 36 1
split_gain=17.3858 18.5189 17.2492 16.2631 21.9914 15.925 27.4609 23.0483 15.2008 14.2419 15.3293 13.4449 13.4257 12.8484 12.2449 12.5696 12.9085 12.076 14.2096 13.4339 12.1052 11.9797 11.5748 11.2291 10.5797 12.4218 10.5419 10.4705 9.89785 9.58663
threshold=19.536250485302773 11.540876170196841 -0.39864245092643547 0.11561066042934286 -0.20999999999999996 -0.013500022888183591 -0.026577643078284453 -0.033420362227749849 -0.026141676884081273 0.37327272101731573 0.51283688877457945 -0.14699997901916503 -0.036332974557442242 0.013117786259907168 0.01521029074561444 0.10455300079503439 0.15219317288468484 0.00011456988836534778 -0.039057171230984455 -0.21360602406182796 -0.0052479259070312692 -0.086584283147530403 0.029126042875974052 0.047101745743735615 0.017369677132613906 0.0067695506112495857 -0.0092802771654898458 0.00071106817234608329 -0.04809728311942911 0.03624738273065696
decision_type=2 2 2 2 2 2 2 2 2 2 2 2 2 2 2 2 2 2 2 2 2 2 2 2 2 2 2 2 2 2
left_child=1 8 9 5 28 6 -4 -7 29 10 21 -6 26 -12 24 16 23 18 -10 -19 -20 -3 27 -16 -14 -26 -2 -11 -5 -1
right_child=12 2 3 4 11 7 -8 -9 17 22 13 -13 14 -15 15 -17 -18 19 20 -21 -22 -23 -24 -25 25 -27 -28 -29 -30 -31
leaf_value=0.015871549533570267 -0.0015252048308174158 0.0046464821004715126 -0.0049232000246018691 -0.026592416094423827 0.024884410466091147 -0.0011239649316980656 1.9020331739009781e-05 0.0014342679376617665 -0.032707411621028269 0.012100728475204275 -0.0051354548926769465 0.007810981546344728 -0.0058253639117381018 -0.023704817692096449 0.018938734968720682 -0.020523229207795337 -0.0019713590317011012 -0.002866362649234136 -0.0077464775897898869 0.0053594517257481598 -0.0017284666580662945 -0.0017886216632263846 -0.019108671623650608 0.00063189887172035593 0.026928647903431253 -0.0092971362928147352 0.030761844008758213 1.0926819002072236e-08 -0.0012832090755197484 0.00089051698852883035
leaf_weight=59.032696351408958 18.058017581701279 287.78082928061485 1076.1726466715336 16.734588831663132 50.579510346055031 3917.1432149708271 16927.055583059788 16608.179501280189 16.629050984978676 139.51481154561043 686.08386163413525 231.51703773438931 1035.0098976641893 35.258244752883911 65.253185257315636 22.281021282076836 196.10642321407795 638.60917229950428 611.23023855686188 248.10428459942341 592.355359852314 2732.6063122451305 16.896260067820549 56.063069239258766 19.422289684414864 15.175348296761511 18.349501088261604 119.4621893465519 82.297905534505844 110.22543375194073
leaf_count=240 73 1173 4377 68 205 15836 68393 67081 140 566 2821 933 4211 145 265 91 797 2593 2647 1005 2657 11159 69 228 79 62 74 486 334 451
internal_value=-8.06768e-07 0.000102768 0.000242591 0.00043583 0.00660248 0.000374828 -0.000276409 0.000946043 -0.00253421 -0.00162888 -0.00211388 0.0108722 -0.00323928 -0.0060431 -0.00370395 0.00125805 0.00278696 -0.00322907 -0.00516519 -0.000564763 -0.00478466 -0.00117549 0.00494925 0.0104787 -0.00527986 0.0110392 0.0147476 0.00651885 -0.00555998 0.0061155
internal_weight=46649.2 45203.5 42927.3 38909.7 381.129 38528.6 18003.2 20525.3 2276.19 4017.6 3741.73 282.097 1445.72 721.342 1409.31 339.704 317.423 2106.93 1220.21 886.713 1203.59 3020.39 275.873 121.316 1069.61 34.5976 36.4075 258.977 99.0325 169.258
internal_count=189259 183379 173646 157227 1540 155687 72770 82917 9733 16419 15298 1138 5880 2966 5733 1381 1290 9042 5444 3598 5304 12332 1121 493 4352 141 147 1052 402 691
is_linear=0
shrinkage=0.03


Tree=63
num_leaves=31
num_cat=0
split_feature=7 40 0 42 23 6 36 24 16 14 23 0 9 24 3 0 24 33 10 25 9 28 16 35 24 40 12 32 17 19
split_gain=16.7857 24.7002 22.9782 22.3845 21.6633 21.8615 30.2657 23.0615 22.8921 21.0209 20.3678 20.3274 28.1603 18.5382 15.8641 14.8642 21.9884 19.4378 14.4577 14.3071 13.9075 21.1177 13.2676 15.1614 13.1044 12.4281 12.3487 12.2391 13.7777 12.023
threshold=0.040284150674756998 0.057182037927536185 0.081405523133949678 0.044000026702880869 0.11561066042934286 -0.0094691655980141381 -0.016312697464520635 0.82702113488208517 0.015540362284556542 0.43969999313354496 -0.1017614639748614 0.010775698085903505 0.018349416487230461 0.19564770316073996 18.641272089649011 -0.067658654415710812 0.10491767956936711 -0.69458575125643029 -0.0022623589416561423 -0.84910831978621193 0.02681631781026151 0.16722790069015583 -0.0015345511680399085 -0.0031629281506603984 -0.44086463964476963 0.00069635057671637039 0.00023643999860201978 0.026495697367869334 -0.001105457592317292 0.88466547071499602
decision_type=2 2 2 2 2 2 2 2 2 2 2 2 2 2 2 2 2 2 2 2 2 2 2 2 2 2 2 2 2 2
left_child=1 4 9 -4 5 6 7 -1 -8 15 18 12 -7 -13 -6 16 25 -18 -11 26 -17 -22 23 -12 -24 -2 -5 -3 29 -29
right_child=2 27 3 19 14 11 8 -9 -10 10 22 13 -14 -15 -16 20 17 -19 -20 -21 21 -23 24 -25 -26 -27 -28 28 -30 -31
leaf_value=0.0012655952505869095 0.0051209098055081479 -0.033596684962230776 -0.0072633406024337739 0.015382310745715846 0.010246976014799937 0.0016325687262353397 -0.0021499430927551352 0.030414309200029212 0.0010616199055099216 0.045979361292603035 -0.0078296367171761007 -0.0011879425063726966 -0.004259104842270614 0.00198594837765027 -0.011684302786017496 -0.0051976318194409451 0.023152292392118478 -0.0075626372060915246 0.0031546007542263667 0.012744088645564528 0.0080789469273593317 -0.0097670963407020771 -0.017753129508184459 0.0051577087418213053 -0.001613958741644581 0.028215084137528098 -0.014349320336478505 0.020584139592100092 -0.024203954054321155 -0.011211535918588351
leaf_weight=4415.3468262255192 46.017153933644295 23.686292320489883 95.902362436056137 19.120252773165703 287.88810439407825 15413.886909618974 9467.1182839721441 24.564053282141685 2531.7339041084051 15.108388826251032 94.844279229640961 6864.243969976902 766.43945364654064 2182.9746082574129 33.097169354557991 2362.7112831026316 21.497388422489166 134.95203045010567 13.376859143376349 232.43795113265514 176.15014469623566 90.253236442804337 49.083277642726898 550.18186689913273 584.20063418149948 38.533436268568039 36.714211374521255 18.204509869217873 30.982931718230247 25.976011514663696
leaf_count=17933 189 97 389 78 1162 62379 38538 100 10299 61 384 27745 3115 8825 134 9678 88 556 54 941 718 368 200 2235 2377 158 150 74 128 106
internal_value=-7.9908e-07 0.000186546 -0.00172948 0.00529167 0.00022181 0.000162 -0.000689278 0.00142686 -0.00147231 -0.00237525 0.000778773 0.00071671 0.00135349 -0.000422124 0.00798562 -0.00381132 0.00331948 -0.00334216 0.0258686 0.00946847 -0.00446497 0.00203299 0.000219684 0.00324806 -0.00286484 0.0156459 -0.00416786 -0.0147921 -0.00886623 0.00188982
internal_weight=46647.2 42086.1 4561.08 384.175 41987.3 41666.3 16438.8 4439.91 11998.9 4176.91 1306.8 25227.5 16180.3 9047.22 320.985 2870.11 241 156.449 28.4852 288.272 2629.11 266.403 1278.31 645.026 633.284 84.5506 55.8345 98.8497 75.1635 44.1805
internal_count=189259 170635 18624 1558 170230 168934 66870 18033 48837 17066 5311 102064 65494 36570 1296 11755 991 644 115 1169 10764 1086 5196 2619 2577 347 228 405 308 180
is_linear=0
shrinkage=0.03


Tree=64
num_leaves=31
num_cat=0
split_feature=39 38 2 9 10 8 21 14 17 43 21 41 0 32 2 1 18 32 22 30 9 19 17 8 38 14 9 27 12 12
split_gain=16.5512 18.4891 21.3927 17.515 18.07 19.3435 23.6617 17.508 16.5944 16.0253 15.9555 15.3657 15.283 15.7938 15.1309 15.3802 14.327 14.6954 14.2051 18.622 13.6336 13.3578 20.4669 16.2506 20.4522 15.6244 15.4243 13.1058 12.7481 13.8238
threshold=-0.0048902877450805616 0.17805789030845534 -0.027059573769757362 -0.036332974557442242 -0.020938082436537865 0.12755442432805017 1.0000000180025095e-35 0.18960000038146976 0.026634413004907324 -9.9411349836180687 0.63750000000000007 -0.030771644152635481 -0.009302852628769764 0.079716842318665534 -0.017104993390432643 0.058263296393169885 2.26397742276809 0.034426160466549768 1.7500000000000002 0.057182037927536185 0.019105418442342741 1.0538961013276713 -0.040576400128713858 -0.025509483498183837 0.52383186271515314 0.30710000038146978 -0.010628926296527829 0.046395438215222164 -0.001099281352624865 0.0005022653674202894
decision_type=2 2 2 2 2 2 2 2 2 2 2 2 2 2 2 2 2 2 2 2 2 2 2 2 2 2 2 2 2 2
left_child=1 9 28 12 5 6 11 -4 20 -1 18 -5 13 14 15 -2 -9 -18 19 -11 -7 23 -23 25 -25 -6 -24 -14 -3 -30
right_child=3 2 7 4 21 8 -8 16 -10 10 -12 -13 27 -15 -16 -17 17 -19 -20 -21 -22 22 26 24 -26 -27 -28 -29 29 -31
leaf_value=0.01379315030554655 -0.0026951661467387671 0.0037183964719547952 0.026570309083748824 0.0025468997843479317 -0.0023817885810635607 0.0035553565506586042 0.035787795876914497 0.0017992648864921397 -0.023987112439654727 -0.0021447264052801957 0.026692038740884345 -0.0047370742591899438 -0.029182061736744692 -0.0060475266323050079 0.026059616479533497 0.012722124846283942 -0.014626950079698447 0.0018977845302339872 -0.00010495960993648849 0.016780439711181934 -0.0043923936237722661 0.025289119975386 0.0027097890794030377 0.0025778607172283721 -0.00079760592333202093 0.0010178594039580444 -0.00098410492644928228 0.0061131384686113404 -0.014864725783840503 -0.0033034839860177851
leaf_weight=63.798633769154549 82.918678030371666 122.52344088256359 25.085316568613052 305.03837588429451 1841.916382022202 915.01457822322845 13.76285572350025 4269.8534955829382 22.779408007860184 8923.5752488970757 18.33543798327446 1791.2121460437775 19.079352200031281 58.594273447990417 49.976171016693115 195.63189171254635 98.971570938825607 94.854302749037743 5462.3558714911342 47.040700733661652 246.60378125309944 27.967933431267738 1200.7119645029306 8049.7308671846986 2021.1656595692039 3584.2861478477716 6662.8951314091682 18.796309411525726 142.37326928973198 268.84895963966846
leaf_count=258 334 501 101 1246 7490 3721 56 17324 93 36204 74 7322 77 238 201 790 405 386 22221 189 1006 113 4859 32535 8179 14540 27038 76 586 1096
internal_value=-7.91719e-07 -0.000666438 0.000902456 0.000478959 0.00038272 -0.00169744 -0.00341972 0.0015776 0.00137083 -0.00120931 -0.00127554 -0.00367714 0.00652126 0.00830072 0.0108598 0.00813272 0.00143715 -0.00654009 -0.00131107 -0.00204549 0.0018681 0.000675721 -0.000328962 0.00118733 0.00190043 -0.000136146 -0.000420076 -0.0116663 -0.00477547 -0.00730621
internal_weight=46645.7 19537.6 5022.51 27108.1 26683.1 3294.41 2110.01 4488.76 1184.4 14515.1 14451.3 2096.25 424.997 387.121 328.527 278.551 4463.68 193.826 14433 8970.62 1161.62 23388.7 7891.58 15497.1 10070.9 5426.2 7863.61 37.8757 533.746 411.222
internal_count=189259 79345 20399 109914 108198 13444 8624 18216 4820 58946 58688 8568 1716 1563 1325 1124 18115 791 58614 36393 4727 94754 32010 62744 40714 22030 31897 153 2183 1682
is_linear=0
shrinkage=0.03


Tree=65
num_leaves=31
num_cat=0
split_feature=4 28 29 14 27 33 18 20 19 9 45 30 45 12 17 30 17 14 12 14 20 30 18 4 9 19 2 28 16 9
split_gain=16.4401 18.933 18.6013 17.1414 16.497 20.3035 15.6718 15.2619 15.1495 23.2438 26.6289 24.5702 23.198 22.7492 28.5887 25.0892 22.7524 27.7919 23.5907 16.9334 16.7435 19.1166 15.3928 14.9166 14.0112 13.3079 17.6322 12.4028 33.3071 13.9712
threshold=0.32350331944917438 -9.9411349836180687 0.025323785297115407 0.81510002136230475 0.083198707723562262 0.48095907128947962 -1.9484942156612226 -0.14749999999999999 0.98439699088671706 -0.010628926296527829 -0.0006524083417065908 -0.017047400045778923 -0.00051792912668605063 -0.0044975906417759311 0.0078817622132458087 -0.0074894625125593141 -0.008207339795413925 0.37079999923706058 0.000679663966706377 0.18960000038146976 0.47500000000000003 -0.00061030796463612156 -0.52376927532099304 0.59582563781728848 -0.040193287180356689 0.9515053579007875 0.010594919749150731 -9.9411349836180687 0.029126042875974052 -0.026177312386288589
decision_type=2 2 2 2 2 2 2 2 2 2 2 2 2 2 2 2 2 2 2 2 2 2 2 2 2 2 2 2 2 2
left_child=1 7 3 6 5 -4 23 -1 13 10 11 -10 -12 14 19 -16 17 -15 -18 -3 22 -22 -11 -2 -25 -5 -27 28 -8 -29
right_child=2 8 4 25 -6 -7 27 -9 9 20 12 -13 -14 16 15 -17 18 -19 -20 -21 21 -23 -24 24 -26 26 -28 29 -30 -31
leaf_value=0.0013519829450207854 -0.00092382012340237794 0.031010506646440981 -0.005772225863854061 -0.0060703990916506885 -0.014654646503728714 0.010194491971246073 0.0033509711418967902 -0.028079646711933155 0.040255946685205185 0.00044641523935149731 -0.029546316540751655 0.0059621419134485345 0.00065520419434789774 0.00084385998488641458 -0.028725407589430648 -0.0016488875778495381 -0.0003542465325783825 -0.0053230027002423037 0.0020467863771942828 0.0046142814172846084 0.0083985966886415166 -4.7812439645291725e-05 -0.0019608035831611527 -0.041162186909003182 -0.0078164707110490814 0.0033492884357366596 0.028089749419012811 0.0052530311255614276 0.049135017717368806 -0.00088642521546097993
leaf_weight=27.15885192155838 459.66674628853798 22.100254908204079 477.09793911874294 35.630133077502251 147.26414011418819 84.349968731403351 220.73585583269596 38.105559647083282 19.281637370586395 3379.579426817596 23.139145001769066 756.89458744227886 2121.6065004169941 1395.0614887848496 33.861866757273674 340.56336273252964 6733.2631322145462 1244.3685016185045 8129.3754791021347 2124.0661031976342 349.80931502580643 776.4673123806715 8170.6188818067312 11.663837984204291 409.24917295575142 54.233362808823586 49.670570179820061 346.97854565083981 15.291118398308752 8647.0495698899031
leaf_count=125 1863 89 1946 144 605 343 893 299 78 13690 94 3062 8599 5674 137 1376 27325 5035 32873 8626 1413 3138 33176 51 1668 221 200 1407 63 35046
internal_value=-7.81105e-07 0.000311333 -0.00101711 -0.000692117 -0.00571758 -0.00337344 -0.000836239 -0.0158321 0.000340911 -0.000360071 0.00205254 0.00681406 0.000329367 0.000886968 0.0035516 -0.0040976 0.000503216 -0.00206353 0.00095904 0.0048861 -0.000915988 0.00257555 -0.00125645 -0.00466016 -0.00874051 0.00975094 0.0151763 -0.000471423 0.00631711 -0.000649573
internal_weight=46644.2 35685.3 10958.9 10250.2 708.712 561.448 10110.6 65.2644 35620.1 15597.4 2920.92 776.176 2144.75 20022.7 2520.59 374.425 17502.1 2639.43 14862.6 2146.17 12676.5 1126.28 11550.2 880.58 420.913 139.534 103.904 9230.06 236.027 8994.03
internal_count=189259 144809 44450 41556 2894 2289 40991 424 144385 63250 11833 3140 8693 81135 10228 1513 70907 10709 60198 8715 51417 4551 46866 3582 1719 565 421 37409 956 36453
is_linear=0
shrinkage=0.03


Tree=66
num_leaves=31
num_cat=0
split_feature=40 12 13 24 3 30 30 17 24 39 42 40 13 33 23 30 2 35 17 3 31 40 40 40 17 19 17 19 19 9
split_gain=16.504 18.2563 25.6713 53.6842 23.1199 25.3074 35.7598 30.4134 32.0163 26.0868 24.2903 21.6627 25.1486 21.2963 20.1571 22.5064 18.5302 17.3254 29.2113 21.8666 17.2627 17.0467 15.1896 31.7486 14.3163 19.3499 17.3107 13.8145 13.7667 20.7555
threshold=0.017554610457252443 0.0014016321288821668 0.0013205237637713633 0.82702113488208517 1.0000000180025095e-35 -0.0008818368715310924 -0.00082621411214489876 0.0037921068778953176 0.33087671264027824 -0.0039580785490810318 1.0000000180025095e-35 -0.012904684853244497 0.037447803232827495 1.3086271480745089 0.025520953245718059 0.057182037927536185 -0.003333325310355711 -0.0074894625125593141 -0.0025464146793509074 12.16877308399819 0.0024592271796673166 -0.015302216564075394 -0.0032286348666550977 -0.011225504557857384 -0.014817996692911286 1.0263452322960016 0.0014021088908344045 1.3121087704958885 0.70415616872912956 0.019105418442342741
decision_type=2 2 2 2 2 2 2 2 2 2 2 2 2 2 2 2 2 2 2 2 2 2 2 2 2 2 2 2 2 2
left_child=1 4 3 24 20 7 27 10 -9 -8 -6 14 16 -14 15 -4 -13 -2 28 -20 22 -16 23 -1 25 -3 -26 -7 29 -19
right_child=17 2 11 -5 5 6 9 8 -10 -11 -12 12 13 -15 21 -17 -18 18 19 -21 -22 -23 -24 -25 26 -27 -28 -29 -30 -31
leaf_value=-0.031067253548429891 0.0025865994581365267 -0.017156853216820533 -0.0081442730781411052 0.051522050502867497 0.019204960277225024 -0.019564618419159571 -0.0018127548918830646 -0.0029406981122849715 0.0089825900967916081 0.00026638807208996534 0.0025574433238738678 -0.0005269517451869652 0.0092688720951580456 0.045159530029630177 0.0060273428141421163 0.025583052270639152 0.0016533438654315537 0.015225490835856564 -0.030811577824347666 -0.0075653230985023101 -0.019374401714618343 -0.024255133906009564 -0.0088533898707710973 0.026032044273193937 0.0090439600446711871 0.0083202190354336267 0.0021625154361569619 0.012188548286748238 -0.0023502402990697425 -0.019219277766786187
leaf_weight=11.80423780530691 349.75588002800941 64.136283546686172 577.83837273716927 21.617803826928139 80.429912999272346 119.02660512924194 9791.7469975501299 1800.8336477726698 228.3906227350235 12195.892857313156 4097.6624120473862 6391.5549995303154 99.508931964635849 17.495371833443642 201.88182343542576 18.372956693172455 7776.9863047450781 101.47515274584293 38.647424086928368 631.35337720811367 95.462655074894428 18.241905063390732 125.48445568233728 34.028638482093811 524.36150313913822 46.125791728496552 883.0602014362812 13.756273850798605 266.72677956521511 18.636032253503799
leaf_count=97 1415 259 2371 89 337 483 39719 7278 925 49366 16556 25894 401 77 820 74 31416 420 159 2569 545 74 660 152 2116 186 3566 56 1103 76
internal_value=-7.77878e-07 9.87329e-05 0.00088875 0.00457943 -0.000361034 -0.000278251 -0.000753251 0.00141446 -0.00159872 -0.000659516 0.00287791 0.000512567 0.000784178 0.0146355 -0.00424052 -0.00710493 0.000669793 -0.00320102 -0.0051164 -0.00890623 -0.0091513 0.0035178 -0.00345472 0.0113261 0.00391079 -0.00649906 0.00472633 -0.016275 0.00144755 0.00988116
internal_weight=46642.3 45235.7 16641.2 1539.3 28594.5 28327.7 22120.4 6207.32 2029.22 21987.6 4178.09 15101.9 14285.5 117.004 816.335 596.211 14168.5 1406.59 1056.84 670.001 266.78 220.124 171.317 45.8329 1517.68 110.262 1407.42 132.783 386.838 120.111
internal_count=189259 183517 67343 6216 116174 114720 89624 25096 8203 89085 16893 61127 57788 478 3339 2445 57310 5742 4327 2728 1454 894 909 249 6127 445 5682 539 1599 496
is_linear=0
shrinkage=0.03


Tree=67
num_leaves=31
num_cat=0
split_feature=3 3 11 19 5 30 23 40 35 16 7 18 11 18 9 40 6 42 17 45 17 5 16 24 24 6 33 28 40 6
split_gain=16.0252 16.8901 15.4627 17.5035 16.4248 14.1317 24.9567 24.4757 20.928 17.0236 30.204 18.9457 13.6804 13.53 12.6448 11.3123 13.8816 17.063 11.6795 13.7698 12.4105 10.6735 10.2263 17.1854 13.4144 9.97048 11.4975 10.9885 10.1197 10.9285
threshold=19.536250485302773 11.540876170196841 -0.39864245092643547 0.80861874037491654 -0.086584283147530403 0.014040787500521552 0.04513280057604447 -0.00042650531832713287 -0.024468026908215465 0.01778906291570026 0.027213418742994922 -2.8773780644875031 -0.012049941927990719 -0.97459404366698899 -0.024051442529193275 -0.015302216564075394 -0.018417014509818804 0.012499974895016057 -0.0076813456080284748 -0.0044975906417759311 -0.0092361377707147248 -0.15881392635768152 -0.015051051149191303 -0.34710946331707909 0.22892045627291471 0.033101144590587224 -0.0048383761202588351 0.077506706794822314 0.0075552135489054132 0.043921667612485289
decision_type=2 2 2 2 2 2 2 2 2 2 2 2 2 2 2 2 2 2 2 2 2 2 2 2 2 2 2 2 2 2
left_child=1 12 3 -3 -5 9 8 -8 -7 11 -11 -4 21 -6 -2 16 -14 -18 20 -20 -17 -1 24 -24 -23 26 -16 -27 29 -29
right_child=14 2 5 4 13 6 7 -9 -10 10 -12 -13 15 -15 25 18 17 -19 19 -21 -22 22 23 -25 -26 27 -28 28 -30 -31
leaf_value=0.027332005028899074 0.0085588011886553166 0.00096513277684472489 -0.0031386289158101097 0.0040940232152707791 0.00054339388671229211 0.014248833794835672 0.016384007296985352 0.0039011354489103351 -0.00091326289742963763 0.003333685713102393 -0.0010678225104127077 0.00017840000462077604 -0.031190409075779683 -0.0051639482765924033 -0.011346457430819048 -0.0068094370542401694 0.028529197619884136 -0.019011759111287548 -0.010303249228270351 -0.00083639399618174858 -0.025480594732611953 -0.012448435209602983 0.012334566466292543 -0.00044768192755605216 0.0050794944953489315 0.0015255933216928384 -0.0025486880126551858 0.018310202710774846 -0.019215208220973543 -0.0049838272466642842
leaf_weight=12.886168867349623 78.995294868946075 1544.2642478197813 1636.0720576494932 255.63063712418079 476.18509221076965 88.841752395033836 198.47260949015617 491.33150869607925 1053.3963529616594 3875.4674890488386 2199.4948244392872 29363.857803925872 30.952442526817322 1739.1249805688858 269.44074684381485 188.52346081286669 10.3904195278883 19.633198440074921 166.39126533269882 818.46536213159561 38.599830202758312 119.08370758593082 109.49269744753838 699.02635256946087 58.650472089648247 439.56256258487701 265.35361151397228 19.18116506934166 42.456402584910393 329.69111442565918
leaf_count=53 320 6312 6623 1042 1949 358 800 1988 4257 15629 8933 118639 190 7116 1099 831 44 119 736 3536 221 484 443 2837 239 1787 1082 78 173 1341
internal_value=-7.6952e-07 9.86549e-05 0.00023209 -0.0015404 -0.00310628 0.000415011 0.00298704 0.00749275 0.000266025 0.000287915 0.00174008 3.33837e-06 -0.00242206 -0.00393714 -0.00311108 -0.00448442 -0.0170928 -0.00255903 -0.00385008 -0.00243582 -0.00998262 0.000205494 -0.000148935 0.00128334 -0.0066644 -0.0037861 -0.00698119 -0.00172962 -0.00538606 -0.00370311
internal_weight=46638.9 45194.2 42922.1 4015.2 2470.94 38906.9 1832.04 689.804 1142.24 37074.9 6074.96 30999.9 2272.1 2215.31 1444.68 1272.96 60.9761 30.0236 1211.98 984.857 227.123 999.139 986.253 808.519 177.734 1365.69 534.794 830.891 391.329 348.872
internal_count=189259 183379 173646 16419 10107 157227 7403 2788 4615 149824 24562 125262 9733 9065 5880 5677 353 163 5324 4272 1052 4056 4003 3280 723 5560 2181 3379 1592 1419
is_linear=0
shrinkage=0.03


Tree=68
num_leaves=31
num_cat=0
split_feature=40 30 19 24 6 3 6 7 13 41 32 2 36 45 31 44 27 19 33 45 18 43 25 7 31 25 44 22 40 18
split_gain=15.599 16.6305 18.7694 16.4375 22.6264 15.7666 16.0792 18.7043 19.877 18.0816 15.9484 21.9104 18.1351 14.3206 12.9923 12.9886 16.6101 11.8185 11.4036 11.3284 11.3182 12.9266 12.6562 10.6622 11.7513 12.9543 10.9956 14.1266 10.4557 10.2777
threshold=0.017554610457252443 0.057182037927536185 0.87837233395829928 0.51123605715378917 0.018253431764243436 19.536250485302773 0.31670942536295615 0.040284150674756998 0.00049865380950421154 -0.025663722420097509 0.055345775119059894 0.078225984085527014 0.033036832467535381 0.017369677132613906 -0.017559587932493834 0.023477136750211368 0.10940632052273991 0.48234580100212493 -0.027069290019642974 -0.015215324876021777 0.046397906610927957 -0.22869572628813281 -0.42604042674534198 0.018778874699834709 0.00732600301968824 0.016143278171543152 0.0039460564331098525 1.5500000000000003 0.022121160975405275 0.19385196086734496
decision_type=2 2 2 2 2 2 2 2 2 2 2 2 2 2 2 2 2 2 2 2 2 2 2 2 2 2 2 2 2 2
left_child=1 5 -3 14 19 6 7 8 -1 -9 12 -12 -8 15 20 18 -17 -6 -7 -5 22 -22 -2 26 -25 -26 27 -16 -28 -4
right_child=3 2 29 4 17 13 10 9 -10 -11 11 -13 -14 -15 23 16 -18 -19 -20 -21 21 -23 -24 24 25 -27 28 -29 -30 -31
leaf_value=-0.0096133717897860342 -0.00060958568546494896 0.027515639496506906 0.0096707775955739827 -0.038049165547643787 0.029466343155792069 -0.0080919017886691372 0.02565517473140597 0.0014971192535293955 0.00034559727074825206 -0.0032205339603868666 -0.0010273994069672175 0.018273417769271875 0.0023667540311629221 0.016767119120096902 -0.0099493545635783529 0.0050086974011174382 -0.027052239965903831 -0.00084178130267357706 -0.0020369891997828646 -0.012182508166502459 0.01435638501450274 -0.0071619526472553778 0.022713200032660041 -0.0098093549981198049 -0.0029714295387993023 0.020544654871741185 0.0015175661475413571 0.0073051864216677328 0.024240782320689564 -0.020121684487159449
leaf_weight=181.19977407157421 34.453311562538147 42.336305022239685 32.361234873533249 16.407720565795898 13.855676457285879 528.08578030765057 65.988260596990585 1005.3194773569703 39402.872812561691 2681.4465145766735 293.81155806779861 64.567726492881775 55.325349375605583 31.983776330947876 90.252326473593712 218.9720164835453 15.57789573073387 70.482955500483513 595.75658819079399 213.76501201093197 36.065981850028038 82.823570847511292 53.390617713332176 266.05565568059683 351.46309553086758 22.428100287914276 39.120640158653259 81.05840839445591 34.118814639747143 15.371629253029822
leaf_count=744 139 170 130 67 56 2152 266 4115 159737 10959 1190 259 224 130 365 890 64 286 2425 871 146 336 216 1114 1429 91 158 327 141 62
internal_value=-7.66865e-07 9.59584e-05 0.0129741 -0.00311299 -0.00915563 7.02628e-05 0.000170212 0.000109658 0.000300009 -0.00193411 0.00563255 0.00244995 0.0150344 -0.00307481 -0.00137139 -0.003542 0.00287933 0.00413743 -0.00488215 -0.0140264 0.00539955 -0.000634214 0.0135658 -0.00295397 -0.00499011 -0.0015608 0.00237427 -0.00178509 0.0121032 7.65768e-05
internal_weight=46636.7 45231 90.0692 1405.74 314.511 45140.9 43750.5 43270.8 39584.1 3686.77 479.693 358.379 121.314 1390.38 1091.23 1358.39 234.55 84.3386 1123.84 230.173 206.733 118.89 87.8439 884.497 639.947 373.891 244.55 171.311 73.2395 47.7329
internal_count=189259 183517 362 5742 1280 183155 177494 175555 160481 15074 1939 1449 490 5661 4462 5531 954 342 4577 938 837 482 355 3625 2634 1520 991 692 299 192
is_linear=0
shrinkage=0.03


Tree=69
num_leaves=31
num_cat=0
split_feature=4 28 45 28 1 23 29 9 32 3 1 33 19 12 40 17 9 45 30 45 17 23 12 20 30 20 33 3 5 8
split_gain=15.5217 17.6128 28.9488 17.3382 19.1869 16.7795 16.0831 15.9993 16.6385 14.8232 15.6195 14.5845 14.4495 21.9486 27.7984 29.2404 21.6531 25.0657 23.1266 21.8586 21.2198 23.8932 22.3545 15.7548 18.3568 13.868 16.3851 14.8909 13.5076 12.7965
threshold=0.32350331944917438 -9.9411349836180687 -0.0029299981724404361 -1.7068374921875538 0.038262300587255167 -0.0062592788234543109 0.025323785297115407 0.035627601838127285 0.071174343527166645 13.4038445112666 0.020594867590502119 0.54671383370256887 0.98439699088671706 -0.0044975906417759311 0.057182037927536185 0.0082538819042622859 -0.010628926296527829 -0.0006524083417065908 -0.017047400045778923 -0.00051792912668605063 -0.008207339795413925 -0.044914961063194751 0.000679663966706377 0.47500000000000003 0.0055982554158711456 -0.29249999999999998 -0.094713852602843915 14.254592243810249 0.0588848267983434 0.74689741591675574
decision_type=2 2 2 2 2 2 2 2 2 2 2 2 2 2 2 2 2 2 2 2 2 2 2 2 2 2 2 2 2 2
left_child=3 2 5 4 25 -2 7 9 28 10 -3 -8 13 14 15 -5 17 18 -14 -19 21 -15 -22 29 -25 26 -1 -27 -9 -18
right_child=1 6 -4 12 -6 -7 11 8 -10 -11 -12 -13 16 20 -16 -17 23 19 -20 -21 22 -23 -24 24 -26 27 -28 -29 -30 -31
leaf_value=0.030756451606324665 0.051813370131034431 0.0018157386531780593 0.00087185779161677579 0.0052325812143908176 0.021937013288180277 0.015690680888895085 -0.0072659797888901751 0.01138333045004827 -0.01557798572737221 -0.00071373294069158421 -0.007213410284731798 0.0052727340165540778 0.038996691710846881 -0.0097909443266835147 -0.02228322983083908 -0.0040017241690117108 -0.0012693569383856981 -0.028739734052422149 0.005778682182489954 0.0006296422182529471 -0.00034073231066475169 -0.00093711237734772721 0.0019993797181912356 0.0031404006057311278 -0.020670369759570942 -0.031389368044958989 -0.01211309527946869 0.0052880627465619751 -0.0042179055442332246 0.015740384779776944
leaf_weight=10.273372352123259 14.915989950299261 235.41338612139225 194.99982117116451 2113.493406586349 14.214681729674338 51.646023839712143 610.04174415767193 225.77187582850456 29.885730996727943 8787.9740436822176 644.51425823569298 96.726254001259804 19.345228061079979 311.05792221426964 37.085140258073807 361.38563291728497 11497.748271301389 23.055400878190994 756.43107339739799 2119.9457711726427 6715.966646283865 2322.512197881937 8111.1173868775368 1096.0222837775946 29.936077475547791 51.086080960929394 36.648665234446526 12.375865653157232 64.134082823991776 39.943452820181847
leaf_count=42 62 949 790 8573 59 210 2495 915 122 35629 2623 394 78 1261 154 1460 46667 94 3059 8593 27257 9427 32791 4428 121 369 165 50 261 161
internal_value=-7.57186e-07 -0.000988435 0.00670289 0.000302526 -0.0108688 0.0237855 -0.00117655 -0.000867067 0.00573487 -0.00108544 -0.00479778 -0.00554997 0.000341674 0.000875866 0.00349785 0.00388417 -0.00034302 0.00198637 0.00660703 0.000313673 0.000498655 -0.00198286 0.00093942 -0.000879909 0.00250734 -0.0150934 -0.002727 -0.0242368 0.00793197 -0.00121047
internal_weight=46635.7 10956 261.562 35679.6 124.599 66.562 10694.5 9987.69 319.792 9667.9 879.928 706.768 35555 19972.6 2511.96 2474.88 15582.4 2918.78 775.776 2143 17460.7 2633.57 14827.1 12663.7 1125.96 110.384 46.922 63.4619 289.906 11537.7
internal_count=189259 44450 1062 144809 685 272 43388 40499 1298 39201 3572 2889 144124 80923 10187 10033 63201 11824 3137 8687 70736 10688 60048 51377 4549 626 207 419 1176 46828
is_linear=0
shrinkage=0.03


Tree=70
num_leaves=31
num_cat=0
split_feature=15 13 30 13 12 23 16 12 17 2 19 23 30 23 15 9 38 15 23 31 11 39 39 28 33 23 6 5 13 28
split_gain=15.8556 33.977 65.6134 32.4353 28.7124 35.0585 30.6009 28.5122 28.9568 25.2568 24.8024 21.9128 29.7295 24.9685 28.5426 26.5275 21.6357 18.8024 22.2342 21.122 16.6711 14.4864 14.4571 14.0419 13.6725 13.4306 12.9109 18.4105 18.3043 13.1537
threshold=0.02249999046325684 0.0084878852766796693 -0.017961617732116585 0.0075274082882425342 0.002309455836495678 -0.0602227051110093 0.049395651135654729 -0.011998888491094881 0.0063073279569676932 -0.012172303941353673 0.91905512836432435 0.11561066042934286 0.057182037927536185 0.060468123195616362 0.015000009536743167 0.0039008954062434253 -0.4039516250569814 -0.014500045776367187 0.066500038984560597 -0.0011001020431409723 -0.45555311676909566 -0.014249791924009806 0.0415332196975252 0.16221058377535338 9.8858069356687519 -0.041945879523856165 0.0348720365256684 -0.055491284691164149 0.012840851580706801 -0.39020912310728834
decision_type=2 2 2 2 2 2 2 2 2 2 2 2 2 2 2 2 2 2 2 2 2 2 2 2 2 2 2 2 2 2
left_child=10 2 -2 4 6 -6 -4 8 22 -5 11 12 13 14 -1 -15 -12 20 19 -19 -18 -20 23 -3 -22 -11 27 29 -29 -9
right_child=1 7 3 9 5 -7 -8 26 -10 25 16 -13 -14 15 -16 -17 17 18 21 -21 24 -23 -24 -25 -26 -27 -28 28 -30 -31
leaf_value=0.0008230186489645246 0.061808028976824754 0.016745968856961873 -0.00027214348993810872 -0.0009770999570653644 -0.01293137116317882 0.0045404712533344974 0.0092879411496768951 -0.0098150489190729478 -0.010012600943334756 0.015674548734527418 -0.0035321555048060784 0.011418010678049442 0.022612896237835987 -0.0084637226524076035 -0.0068430233833040146 0.0043434053261770227 -0.0087754319195897275 0.0032924544763094838 0.028896520263301067 -0.0014352027609614707 -0.0012429160600161489 0.0068771966410379141 -0.018031600359486304 0.0033874866571966728 0.024605341036254707 0.006613775958813752 -0.00023479559955962194 -0.0028101147091076609 -0.008954309611265197 0.0068163735822049463
leaf_weight=13212.590920180082 16.226877987384796 182.15661838650703 8230.9569083601236 366.90600563585758 108.15156236290932 2333.7144280821085 312.78915132582188 53.756080448627472 81.315852120518684 178.58018989861012 2982.6197394505143 163.12027189135551 53.834686085581779 548.44927685707808 452.06872396916151 198.14574812352657 268.56911140680313 1548.3956499248743 38.116193652153015 1887.0781366080046 8911.7997886613011 91.302312836050987 15.647122055292128 115.86714243888855 18.455570235848427 838.79998688399792 1324.9900700300932 1204.9407344311476 684.15650676190853 209.97029985487461
leaf_count=53593 65 734 33379 1487 440 9439 1267 223 332 721 12155 658 216 2266 1846 801 1108 6281 154 7655 36194 369 63 467 79 3385 5364 4872 2793 853
internal_value=-7.54619e-07 0.000755335 0.00152219 0.00144311 0.000897791 0.00376663 7.78541e-05 -0.00169725 0.00594086 0.0057707 -0.000405475 0.000483946 0.000360644 0.000277519 0.000569403 -0.00506472 -0.00123174 -0.00069418 0.00115544 0.00069559 -0.00141098 0.0133623 0.0100766 0.0115524 -0.0011895 0.00820421 -0.00256473 -0.00399873 -0.0050353 0.00342634
internal_weight=46633.5 16258.9 12386.1 12369.9 10985.6 2441.87 8543.75 3872.8 394.987 1384.29 30374.5 14628.2 14465.1 14411.3 13664.7 746.595 15746.3 12763.7 3564.89 3435.47 9198.82 129.419 313.671 298.024 8930.26 1017.38 3477.81 2152.82 1889.1 263.726
internal_count=189259 65884 50183 50118 44525 9879 34646 15701 1596 5593 123375 59380 58722 58506 55439 3067 63995 51840 14459 13936 37381 523 1264 1201 36273 4106 14105 8741 7665 1076
is_linear=0
shrinkage=0.03


Tree=71
num_leaves=31
num_cat=0
split_feature=37 35 13 30 13 17 2 14 18 6 36 40 15 15 31 30 17 23 14 16 30 23 23 31 40 19 41 14 43 24
split_gain=15.5137 30.6446 18.2831 36.5543 23.746 58.0202 21.3966 20.2202 19.7011 18.5326 28.6675 24.9496 23.1585 25.6127 21.6949 21.3691 18.1161 18.7531 15.1013 15.0971 14.8923 13.9126 13.5481 21.3379 18.5711 19.8853 13.5791 12.6763 12.5614 12.036
threshold=1.0000000180025095e-35 -0.017047400045778923 0.020145467941419967 0.015138458025456396 0.018360313375594486 0.0054525438608215475 0.036345802533412595 0.27690000534057624 -0.23391692416562559 -0.0094691655980141381 -0.015388907034210133 0.017554610457252443 -0.18000001907348631 0.02249999046325684 0.0020642117348558396 -0.00047961695654442704 0.0086899436516392099 -0.044118286612470907 0.29829999923706058 0.0046052596880162408 0.0095208493907367447 0.078506861201905795 0.0033444245092909279 0.0095487666385802878 0.00030556011104153065 0.93079199764494813 0.010000216877259984 0.34409999847412115 0.45136162980532385 0.47671923407684708
decision_type=2 2 2 2 2 2 2 2 2 2 2 2 2 2 2 2 2 2 2 2 2 2 2 2 2 2 2 2 2 2
left_child=1 -1 4 7 9 8 19 16 -6 10 15 -12 14 -14 -11 -2 17 -4 -10 27 29 -8 28 24 -24 -26 -25 -5 -3 -9
right_child=2 22 3 6 5 -7 21 20 18 12 11 -13 13 -15 -16 -17 -18 -19 -20 -21 -22 -23 23 26 25 -27 -28 -29 -30 -31
leaf_value=0.046456290442530745 0.0043812559637515106 0.0056213417273138742 0.0016971150272310745 0.018047655389855415 0.03227020313818256 0.062949632122943092 -0.024210882649200672 -0.0046186244648889442 -0.00028498214169571097 0.007453422277648317 -0.0013794946683133242 -0.010765065739578883 -0.00047661648917827164 0.0015121142510374369 0.0006937915882002303 -3.8057368160781976e-05 -0.045988088949349672 -0.01741599082052615 0.01646967063000114 -0.0026374149900177798 -0.017491439794155964 0.0044123684163476246 -0.0049214413323763612 -0.032490264040072228 0.02199375883879038 -0.0015963534391844265 -0.0015232092478856139 0.0051534904113015798 0.022677714801086005 0.0052270580122677768
leaf_weight=15.441260129213331 1319.0961873158813 238.12278844416142 65.211879789829254 104.33870933949947 22.44267138838768 16.437599256634712 38.053438663482666 666.33367770910263 237.86735598742962 802.35912935435772 11778.9711997509 260.54676906764507 15914.729782268405 9196.2160370647907 914.21176727116108 3884.8912598788738 14.918209508061407 158.4827963411808 60.788557782769203 130.1688986569643 69.015457674860954 25.540879890322685 136.11295653879642 27.845469608902931 68.750811368227005 60.425587758421898 23.499483734369278 200.44613102078438 46.438957795500755 134.26259076595306
leaf_count=70 5362 969 264 420 91 66 155 2715 968 3248 47936 1060 64464 37177 3720 15770 66 723 245 559 282 103 551 113 276 243 95 811 190 547
internal_value=-7.49219e-07 0.00472611 -6.40924e-05 -0.00320786 4.96541e-05 0.00797648 0.00353857 -0.00624282 0.00516231 -1.10567e-05 -0.000778402 -0.00158261 0.000482158 0.000251703 0.00385338 0.00108214 -0.0139788 -0.0118441 0.00312527 0.00591501 -0.00412014 -0.0127152 0.00365431 -0.000615047 0.00281111 0.0109589 -0.0183173 0.00956762 0.00840485 -0.00296747
internal_weight=46632 616.637 46015.3 1606.77 44408.6 337.536 498.548 1108.22 321.099 44071 17243.5 12039.5 26827.5 25110.9 1716.57 5203.99 238.613 223.695 298.656 434.954 869.612 63.5943 601.196 316.634 265.289 129.176 51.345 304.785 284.562 800.596
internal_count=189259 2507 186752 6645 180107 1370 2048 4597 1304 178737 70128 48996 108609 101641 6968 21132 1053 987 1213 1790 3544 258 2437 1278 1070 519 208 1231 1159 3262
is_linear=0
shrinkage=0.03


Tree=72
num_leaves=31
num_cat=0
split_feature=39 38 17 14 13 45 30 38 35 24 9 35 19 32 23 9 39 12 9 36 24 36 9 9 17 40 44 20 23 12
split_gain=14.9072 18.2324 21.6236 18.9851 35.9644 23.9289 21.842 17.4582 18.9181 16.8732 18.7882 18.055 19.0962 16.1938 15.8479 18.915 18.9602 16.9061 15.7585 19.3937 20.2218 18.2737 28.1725 16.2903 15.9282 15.5223 15.4913 15.4233 27.6172 14.4711
threshold=-0.00098191392917771985 0.17805789030845534 -0.0043537438965972732 0.32370000839233404 0.002800232789916078 0.0047736973658133721 -8.4634815780275014e-05 0.60961615072462216 0.0068982255722212747 -0.30016866402644815 -0.036332974557442242 -0.012904684853244497 0.6786454482357388 0.079716842318665534 0.035904714945283252 -0.040193287180356689 -0.031073806466458808 -0.0057703979947873784 0.010203439908615658 0.0050209131076884286 -0.51182049506300242 -0.0061781523438127258 0.011079756108554448 0.01425140428146692 -0.00054362373465843686 0.0025683552941045923 -0.056103240090055434 0.47500000000000003 -0.01456937236115474 0.0074535750744168959
decision_type=2 2 2 2 2 2 2 2 2 2 2 2 2 2 2 2 2 2 2 2 2 2 2 2 2 2 2 2 2 2
left_child=1 2 14 4 6 -6 -4 9 -9 11 13 12 -2 -11 15 -1 -17 -16 19 20 -3 22 -20 -23 -22 -19 -13 -5 -29 -10
right_child=7 18 3 27 5 -7 -8 8 29 10 -12 26 -14 -15 17 16 -18 25 21 -21 24 23 -24 -25 -26 -27 -28 28 -30 -31
leaf_value=0.031323502707426495 0.037111394874384349 0.013741750723228745 0.00074898048638884056 0.00024659046046962503 0.0013347408542845576 -0.0038310191605194287 -0.0067981131486526724 -0.00048220060067425964 -0.0093764109824099294 0.011266916031550653 0.00032856660392689203 -0.015609322692148198 0.007348160427362407 -0.0078033894164339351 0.018565221535786797 -0.010662120194791175 -0.0030781677244941614 0.0043177728834448972 0.020652948147282121 -0.0039709489080849425 0.0029437768973004622 0.00087279318688498792 -0.00029187870388871953 0.012052791729508199 -0.0010644657942602965 -0.00516714815567178 0.0025957073723241876 0.017449507110108033 0.0010426675387512471 0.0031665553184881375
leaf_weight=13.887684151530264 26.624764963984489 108.58012861013412 449.63193929195404 7221.5824004113674 2957.2287499904633 1109.9558594673872 1484.86590167135 3183.0964092388749 396.11617764830589 239.27509163320065 14813.350484743714 42.563955187797546 71.510230794548988 48.1377132833004 47.860218450427055 325.72491715848446 3327.5772809311748 346.57862660288811 61.954541191458702 876.28159104287624 1529.2764773219824 179.99353839457035 861.54526056349277 336.74548509716988 2142.1448526829481 281.34076029062271 3607.2688634395599 133.07039313018322 301.64470443129539 104.65481300652027
leaf_count=57 107 441 1818 29304 12028 4505 6046 12917 1603 964 60090 173 288 196 193 1327 13526 1406 250 3573 6208 727 3490 1363 8706 1145 14626 537 1220 425
internal_value=-7.41365e-07 -0.000519429 -0.000999661 -0.000413337 -0.00167664 -7.5022e-05 -0.00504396 0.000553969 -0.00133491 0.000923139 0.000475965 0.00272483 0.0154232 0.0080729 -0.00284356 -0.00362151 -0.00375435 0.00137804 0.000898532 5.02591e-05 0.000982457 0.00364099 0.00111324 0.00815851 0.000605109 6.80317e-05 0.0023834 0.00057695 0.00606496 -0.00675509
internal_weight=46630.1 24097.5 18000.9 13658 6001.68 4067.18 1934.5 22532.6 3683.87 18848.7 15100.8 3747.97 98.135 287.413 4342.97 3667.19 3653.3 675.78 6096.52 4656.28 3780 1440.24 923.5 516.739 3671.42 627.919 3649.83 7656.3 434.715 500.771
internal_count=189259 97870 73112 55458 24397 16533 7864 91389 14945 76444 61250 15194 395 1160 17654 14910 14853 2744 24758 18928 15355 5830 3740 2090 14914 2551 14799 31061 1757 2028
is_linear=0
shrinkage=0.03


Tree=73
num_leaves=31
num_cat=0
split_feature=4 1 14 4 40 6 24 24 40 3 40 24 40 13 35 20 16 17 35 42 20 40 23 24 16 16 20 9 16 23
split_gain=14.7507 15.7232 18.089 16.1941 19.7187 14.897 17.8978 20.1817 18.7973 14.7439 20.3281 21.6502 19.1579 15.4437 14.6203 34.8715 43.6244 36.171 28.3011 27.4907 23.3358 41.005 31.7218 22.2892 20.621 45.9217 32.5387 17.1976 14.4136 16.9303
threshold=0.32350331944917438 0.029239765973157073 0.76720001220703138 1.5262207070009712 -0.010698562786912447 -0.046250404433447516 0.46049183256452331 0.45352631576139846 0.002191359961870322 1.0000000180025095e-35 -0.011225504557857384 0.68784132901899109 0.0040312939603535294 0.0061258538511526177 0.00025322232040186156 -0.11249999999999998 0.01778906291570026 -0.008207339795413925 -0.011225504557857384 1.0000000180025095e-35 1.0000000180025095e-35 0.0066024442781312453 0.10196791574982962 0.48216574278442553 0.0056286138876285646 0.005572143600663943 -0.11249999999999998 -0.0061218170463538807 0.014247998529231509 -0.071093676657450255
decision_type=2 2 2 2 2 2 2 2 2 2 2 2 2 2 2 2 2 2 2 2 2 2 2 2 2 2 2 2 2 2
left_child=9 3 5 -2 -5 6 7 -3 -8 10 -1 12 -12 -14 15 17 23 -11 -18 -19 24 22 -22 -17 25 -16 -26 -23 29 -7
right_child=1 2 -4 4 -6 28 8 -9 -10 14 11 -13 13 -15 20 16 18 19 -20 -21 21 27 -24 -25 26 -27 -28 -29 -30 -31
leaf_value=-0.023514830227710285 0.00018084625186684845 -0.0058037237502355961 0.0082401294988201004 0.031731889474059409 0.0051232733106334263 0.0058749930807129019 0.0053951096474459167 -0.033525745405521112 -0.0078830104064010423 -0.005848061278177925 0.0023785221843460112 -0.031446752976267693 -0.031182854826717787 -0.0044832794004593668 0.0014549629335989256 0.0010198615972228046 0.029268275253864415 0.020624848588291913 0.0072134598841176499 0.00032276811277745786 -0.0013348678180801093 -0.047279662412443177 0.020742372988482714 0.0073709279805970673 -0.001756522017597982 0.029049828256761862 0.0060613542969710282 -0.014881002578866764 0.0014962092761321255 -0.0024337779168928232
leaf_weight=48.077957592904568 2949.7242261320353 1157.1902190893888 161.52203193306923 28.222921788692474 224.04567152261734 232.39861425757408 277.99381801486015 24.127496525645256 146.53294323384762 911.12022256851196 298.99453435838223 22.572474017739296 29.701598539948463 56.75429105758667 7449.3042923510075 4908.8414109796286 55.346394032239914 60.528087854385376 971.99313235282898 7251.9610474258661 8102.306034475565 19.246650174260139 59.001285284757614 553.3950307071209 4218.2019937932491 54.673836216330528 540.54375824332237 63.048475489020348 1361.1902806311846 4390.4398441463709
leaf_count=335 11903 4729 654 116 903 946 1129 107 597 3687 1383 184 194 275 30108 19834 223 259 3926 29313 32810 79 240 2234 17064 220 2185 256 5530 17836
internal_value=-7.33762e-07 -0.0009637 -0.00169423 0.000804768 0.00810015 -0.00190565 -0.0044713 -0.00636992 0.000811931 0.000294923 -0.00506431 -0.00289026 -0.00121795 -0.0136558 0.000364327 0.00108593 0.00273002 -0.000211489 0.00840163 0.000490816 -0.00015342 -0.00138773 -0.00117526 0.00166331 0.000676342 0.00165602 -0.000868493 -0.0224582 -0.00121714 -0.00201608
internal_weight=46629 10953.4 7751.4 3201.99 252.269 7589.87 1605.84 1181.32 424.527 35675.6 456.101 408.023 385.45 86.4559 35219.5 14713.2 6489.58 8223.61 1027.34 7312.49 20506.3 8243.6 8161.31 5462.24 12262.7 7503.98 4758.75 82.2951 5984.03 4622.84
internal_count=189259 44450 31528 12922 1019 30874 6562 4836 1726 144809 2371 2036 1852 469 142438 59476 26217 33259 4149 29572 82962 33385 33050 22068 49577 30328 19249 335 24312 18782
is_linear=0
shrinkage=0.03


Tree=74
num_leaves=31
num_cat=0
split_feature=15 19 14 22 24 26 14 45 9 23 23 20 16 15 15 15 42 9 18 23 42 0 6 4 14 41 7 17 30 16
split_gain=14.3513 25.9715 29.9996 35.9457 23.8824 24.9951 21.8036 21.5887 21.8371 21.0054 31.1909 30.4746 20.4596 19.9375 20.5037 18.48 29.2496 24.184 21.7561 18.4447 17.7694 17.2685 20.0346 17.1994 17.2637 22.4354 19.7015 16.8133 28.7255 20.064
threshold=-1.0000000180025095e-35 0.91905512836432435 0.53370000839233411 0.61666666666666681 0.27543248665722603 1.0000000180025095e-35 0.18960000038146976 -0.024468026908215465 -1.0000000180025095e-35 0.13359829933681708 0.060468123195616362 0.41000000000000009 0.013145512222566979 -0.64100017547607413 -0.053500080108642573 0.0019999980926513673 1.0000000180025095e-35 -0.030493243762176544 -3.2750160261476204 -0.0092572122041962319 0.04253580334485503 -0.023289589847003671 0.057763545622443242 -0.9095557259146777 1.1414000320434572 -0.017534696010227377 0.033929600522252155 0.0083601916978833304 -0.017047400045778923 -0.022057570049391784
decision_type=2 2 2 2 2 2 2 2 2 2 2 2 2 2 2 2 2 2 2 2 2 2 2 2 2 2 2 2 2 2
left_child=1 2 9 13 5 20 -7 8 -6 10 12 -12 -1 -4 -15 16 -9 18 -17 -19 -2 22 -22 -3 26 -26 -25 29 -29 -8
right_child=4 23 3 -5 7 6 27 15 -10 -11 11 -13 -14 14 -16 17 -18 19 -20 -21 21 -23 -24 24 25 -27 -28 28 -30 -31
leaf_value=-0.00038538711510227239 0.0020981234709676793 -0.0070952071208788695 -0.029485498904481024 0.010011923406669412 0.0067487621629345991 0.023360064939635772 -0.0055680748591359127 0.048654095998571303 -0.038428265660667302 0.01434810804569147 -0.0084226865406758552 0.013550335770455982 0.0028279428851361748 0.0038343505319198569 -0.013142192108637167 -0.023802318756781245 0.0066733255999861822 0.0053778855055983668 0.01244739607383674 0.00054193285849957488 0.00028175922459677648 -0.0024458790128401783 0.015252586978465439 -0.00067474347369243901 0.021697309419576646 -0.011104088638218395 -0.0035693805213595996 -0.042034089802469907 -0.003641128663613023 -8.793826106310009e-05
leaf_weight=7755.9114504158497 5545.1228050738573 464.39641796797514 21.8582374304533 612.97585807740688 16.373749628663063 32.512634500861168 665.78415910899639 15.440613716840742 23.378485031425953 91.817477211356163 602.84259305894375 62.716719731688499 2315.7917468398809 284.05476146936417 82.661562636494637 15.786933228373526 457.89968746900558 856.97214525938034 265.51765841245651 4133.8624726980925 286.09734201431274 1711.4436810612679 111.92401131987572 9639.6998801976442 62.861906945705414 26.75406102836132 2711.425350792706 17.742733165621758 1527.8720161467791 6206.1854169294238
leaf_count=31479 22451 1957 89 2476 66 131 2698 66 132 370 2490 253 9393 1149 335 64 1854 3467 1079 16773 1166 6947 455 39053 252 108 11100 72 6183 25151
internal_value=-7.41908e-07 -0.000495865 0.000519411 0.00548687 0.000558751 -3.51617e-05 -0.00116003 0.00221206 -0.0198201 5.99851e-05 -6.21968e-05 -0.00635213 0.000353455 -0.00165139 7.66639e-06 0.0023645 0.00804276 0.0018547 0.010413 0.00137231 0.00120661 -0.0011369 0.00449157 -0.00142661 -0.00121501 0.0119047 -0.0013102 -0.00125474 -0.00408186 -0.000618876
internal_weight=46625.7 24735.8 11830.6 1001.55 21889.9 16104.7 8450.1 5785.23 39.7522 10829.1 10737.3 665.559 10071.7 388.575 366.716 5745.48 473.34 5272.14 281.305 4990.83 7654.59 2109.47 398.021 12905.1 12440.7 89.616 12351.1 8417.58 1545.61 6871.97
internal_count=189259 100504 48034 4049 88755 65254 34235 23501 198 43985 43615 2743 40872 1573 1484 23303 1920 21383 1143 20240 31019 8568 1621 52470 50513 360 50153 34104 6255 27849
is_linear=0
shrinkage=0.03


Tree=75
num_leaves=31
num_cat=0
split_feature=37 35 13 13 17 12 7 23 13 17 19 40 8 36 40 15 19 9 15 12 16 9 8 9 39 31 39 23 31 40
split_gain=14.0882 28.9803 17.0847 22.3104 54.4879 20.6644 19.8848 17.7208 23.9207 21.4372 31.8428 17.0503 16.4886 24.5277 21.0246 19.3874 19.3257 34.537 20.5371 14.737 14.5169 18.6499 17.9244 16.1053 13.2585 13.1824 13.1686 12.4316 20.1516 17.7329
threshold=1.0000000180025095e-35 -0.017047400045778923 0.020145467941419967 0.018360313375594486 0.0054525438608215475 0.00018779889018508489 0.019226377105698061 0.043058361735639081 0.056128745892911676 -1.0000000180025095e-35 1.0665492706021591 -0.039057171230984455 -0.025509483498183837 -0.015388907034210133 0.017554610457252443 0.44999990463256839 1.0538961013276713 -0.0031659491679905901 -0.10550003051757811 0.028256386443936844 0.008003753646609461 -0.014191388952268767 -0.048565494277395649 -0.0059931112174335336 -0.015672042108644962 -0.020743423969009335 0.0092962960456314612 0.0033444245092909279 0.0095487666385802878 0.00030556011104153065
decision_type=2 2 2 2 2 2 2 2 2 2 2 2 2 2 2 2 2 2 2 2 2 2 2 2 2 2 2 2 2 2
left_child=1 -1 3 12 5 6 -5 8 11 10 -10 19 13 15 -15 -2 18 -18 -14 -4 21 -9 25 -23 -11 -22 -13 -3 29 -29
right_child=2 27 7 4 -6 -7 -8 20 9 24 -12 26 16 14 -16 -17 17 -19 -20 -21 22 23 -24 -25 -26 -27 -28 28 -30 -31
leaf_value=0.045521164516754406 0.00067057500163917661 0.0080222172608876603 -0.041751210358812241 0.029624467978180438 0.060954268743706928 -0.0021157646532748982 0.0058954427451542836 0.016336288117015069 0.024737114265111118 -0.015561446925041 -0.015581124211678668 -0.0091127851090873225 0.0034638475951285293 -0.0012553297232232932 -0.0098015818672754461 0.011051836005357639 0.0024138608852601676 -0.001850053420587401 0.00060625072903938899 -0.0059156396026936063 -0.0013730959302495538 -0.018922456208499912 0.0043430554972200058 0.0043562894968302169 0.0013888943898155788 -0.02494183057080273 -0.00038870404275340392 -0.004849269135081347 -0.017841634410536156 0.010668830394991467
leaf_weight=15.12323386967182 5135.3454644307494 284.65869536995888 24.024849638342857 45.742875128984451 16.467279970645905 171.30701366066933 104.15224182605743 101.2641869187355 67.622056171298027 56.740829735994339 23.847204804420471 577.76973858475685 2669.1747201085091 12292.733791165054 264.64906892180443 167.17597763240337 2346.9268551915884 6296.3793495371938 14892.717309065163 18.116179451346397 37.81665775924921 32.261505618691444 91.458610109984875 156.51358500123024 154.9437123388052 49.074944242835045 213.17434307932854 136.07298713922501 51.239511519670486 129.20265918970108
leaf_count=70 20850 1159 132 184 66 699 421 411 273 233 97 2383 10802 50009 1078 680 9498 25559 60261 73 154 132 386 632 631 235 873 551 208 519
internal_value=-7.36296e-07 0.00450499 -6.10932e-05 4.88058e-05 0.00773075 0.0050021 0.0131367 -0.00310218 -0.00512634 0.0020895 0.0142256 -0.00775214 -1.00607e-05 -0.000713004 -0.00143544 0.000997872 0.000469023 -0.000692268 0.00104057 -0.0263457 0.00180811 0.00594965 -0.00492702 0.000377971 -0.00315455 -0.0146843 -0.00676148 0.00347318 -0.000618011 0.00270883
internal_weight=46623.7 616.297 46007.4 44402.8 337.669 321.202 149.895 1604.63 1136.24 303.154 91.4693 833.085 44065.1 17859.9 12557.4 5302.52 26205.2 8643.31 17561.9 42.141 468.389 290.039 178.35 188.775 211.685 86.8916 790.944 601.174 316.515 265.276
internal_count=189259 2507 186752 180107 1370 1304 605 6645 4695 1234 370 3461 178737 72617 51087 21530 106120 35057 71063 205 1950 1175 775 764 864 389 3256 2437 1278 1070
is_linear=0
shrinkage=0.03


Tree=76
num_leaves=31
num_cat=0
split_feature=11 3 3 24 17 13 24 0 22 2 32 23 17 15 20 10 39 35 2 33 39 6 11 15 33 41 17 19 28 34
split_gain=14.3144 15.4851 14.9066 19.244 52.2946 36.9595 27.4686 18.7121 25.5022 17.3633 17.2187 17.0208 15.2209 19.7121 15.6559 14.528 12.4486 12.3159 12.1612 12.0022 14.2012 10.9628 11.9051 14.8884 9.92047 10.9014 8.92008 12.7619 11.7101 8.80941
threshold=-0.45555311676909566 11.777514176235735 17.643800142510276 -0.30722455485499761 0.0012825784211732251 0.011709639650154599 -0.31278057502131701 -0.027482709265513185 1.0000000180025095e-35 -0.00087798324552426643 0.018921105427364037 0.13359829933681708 -0.0041608264084509261 0.086999940872192399 -0.11249999999999998 -0.026141676884081273 0.025325546861937227 0.0023422465051926608 -0.026092649863906726 0.2047865593370837 0.029256059344457724 -0.14934404945838028 -0.48473193473193471 -0.18000001907348631 1.5264546567106889 -0.014192400729511093 -0.0076813456080284748 0.79506267082363824 -9.9411349836180687 0.0017963546189562753
decision_type=2 2 2 2 2 2 2 2 2 2 2 2 2 2 2 2 2 2 2 2 2 2 2 2 2 2 2 2 2 2
left_child=19 15 3 4 6 -6 -3 8 -4 10 -5 -11 14 -14 -9 16 -2 -10 -17 20 21 -1 23 -23 29 -26 27 -20 -28 -21
right_child=1 2 7 9 5 -7 -8 12 17 11 -12 -13 13 -15 -16 18 -18 -19 26 24 -22 22 -24 -25 25 -27 28 -29 -30 -31
leaf_value=0.0087577930730380702 0.01180363580353436 -0.0011673493901150928 0.030582825607248055 -0.0026931156178927806 0.0041761338316454837 0.018019406672543519 0.011055732399868614 -0.0011452842113623821 0.00027612469862788779 0.00090469649727525979 -2.2372268978509356e-05 0.014845670636501086 -0.0026673578865960574 0.0016508212300725899 0.0038929746091883699 -0.012216271971682381 -0.013821563821702316 0.0079489163289268323 -0.00037062813692521066 -0.0021916539489295209 0.0063174052985848529 0.019307420305541199 -0.0012706328586861262 -0.011915224166153315 0.030226788893390574 -0.0019786693089686056 -0.013875841237159389 -0.011988430021774882 -0.0009754521239749408 -0.010513534130269146
leaf_weight=69.015994310379028 105.53092756867409 3069.4131561666727 29.480720356106758 2697.3120970278978 2572.1423517912626 186.13798859715462 174.89802019298077 1373.9137943983078 726.63845418393612 12691.314683154225 11168.116987094283 79.312417507171631 5598.1900443136692 1146.2300582230091 931.37543839216232 117.30647639930248 20.352403104305267 254.12519803643227 155.57685524225235 175.38232280313969 198.21363781392574 14.776499956846235 508.76666854321957 196.94992290437222 12.886881306767462 35.567289352416992 65.73575559258461 187.83810521662235 1729.1232588365674 329.70871064066887
leaf_count=283 430 12391 120 10910 10365 748 705 5570 2956 51231 45254 319 22699 4636 3775 479 83 1033 682 725 810 61 2095 814 53 146 437 850 7236 1363
internal_value=-7.30544e-07 9.64685e-05 0.00022778 0.000538976 0.00207348 0.00511032 -0.000508414 -0.000781871 0.00309061 0.000193167 -0.000541925 0.000991277 -0.00121417 -0.00193347 0.000890257 -0.00225788 0.00766064 0.00226422 -0.00281143 -0.00284368 -0.000861819 -0.00266423 -0.00375835 -0.00973618 -0.00638002 0.0065867 -0.00229548 -0.00672523 -0.00144792 -0.00762393
internal_weight=46621.3 45080.1 42698.6 32638.6 6002.59 2758.28 3244.31 10060 1010.24 26636.1 13865.4 12770.6 9049.71 6744.42 2305.29 2381.46 125.883 980.764 2255.58 1541.27 987.723 789.509 720.493 211.726 553.545 48.4542 2138.27 343.415 1794.86 505.091
internal_count=189259 182909 172712 131923 24209 11113 13096 40789 4109 107714 56164 51550 36680 27335 9345 10197 513 3989 9684 6350 4063 3253 2970 875 2287 199 9205 1532 7673 2088
is_linear=0
shrinkage=0.03


Tree=77
num_leaves=31
num_cat=0
split_feature=4 29 28 15 28 16 15 9 18 3 39 40 8 26 33 8 18 24 0 25 19 29 39 27 24 17 9 24 15 24
split_gain=14.0857 16.3106 15.52 21.6458 14.7874 27.3349 16.2483 15.1351 15.8736 16.7744 16.1109 15.2954 25.5781 14.5263 13.7685 13.8857 13.0988 16.3471 14.0938 14.5075 13.9459 13.451 13.0297 12.6948 11.9139 27.792 46.283 23.1952 12.8889 29.3022
threshold=0.32350331944917438 0.027590650402889664 -1.7068374921875538 -0.034999990463256823 -9.9411349836180687 0.029126042875974052 -0.12749996185302734 0.035627601838127285 -1.9484942156612226 13.4038445112666 -0.015672042108644962 -0.00036650857440539741 0.031130991200790065 -0.016949267319038053 0.54671383370256887 0.47965572342521218 2.8177381370473973 0.50059171810201375 -0.031748637084759883 -1.1775348906874752 0.89401414012925595 -0.00065839080920392773 0.022347329085432126 0.026225499004597096 -0.30722455485499761 0.00093142759493065788 -0.02777411565152486 -0.31278057502131701 -1.0000000180025095e-35 0.031035237333212378
decision_type=2 2 2 2 2 2 2 2 2 2 2 2 2 2 2 2 2 2 2 2 2 2 2 2 2 2 2 2 2 2
left_child=2 4 3 23 5 6 -2 8 10 -10 -6 12 -9 -13 -3 -16 24 18 21 -20 -19 -18 -8 -1 25 27 -27 -4 -26 -30
right_child=1 14 16 -5 7 -7 22 11 9 -11 -12 13 -14 -15 15 -17 17 20 19 -21 -22 -23 -24 -25 28 26 -28 -29 29 -31
leaf_value=-0.032964092215003467 -0.015913102796433088 -0.0073686919166666689 -0.00074693962548996187 7.1571601309772709e-06 -0.01321371561773816 0.044191565347913929 0.0096906117563737154 0.034933734268258916 -0.0047175781531951224 -0.00026127441562540441 -0.0028783833974481824 -0.010250650215666068 0.0016708727134450419 0.0062770855921701237 -0.0024011604984274268 0.023484244526036605 0.015236499669101213 -0.0053396177872833458 -0.019951874671677007 -0.0038392667382937777 0.023813430561196249 -0.0041485415493880103 -0.013118607316074997 0.0059772327662237076 -0.00044479562509759207 0.058610208555174258 0.0034199087499926588 0.010272366277328238 -0.00079275196488661902 0.0021076833277709228
leaf_weight=40.264231026172638 32.305418863892555 549.25547452270985 3477.4157848358154 73.129815071821213 171.72227618098259 16.161435052752495 186.10935175418854 37.651997536420822 839.27774511277676 8070.8115486353636 647.84545850753784 66.331492647528648 46.503676876425743 171.8627738058567 62.195746302604675 26.639481335878372 66.56270407140255 24.374637141823769 52.978445246815681 992.05689199268818 37.470370419323444 62.430800631642342 25.646238058805466 9.268776595592497 14795.928286515176 13.736657068133352 3063.9528167694807 180.86416408419609 5515.115205809474 7263.4670919775963
leaf_count=326 131 2251 14069 320 703 68 755 152 3409 32723 2636 270 188 698 254 108 272 102 217 4040 156 256 104 39 60011 55 12426 729 22332 29459
internal_value=-7.2538e-07 -0.000941876 0.000288206 -0.0103646 -0.000653866 0.00640679 0.00390472 -0.00083665 -0.00104854 -0.000681032 -0.00504392 0.00555881 0.016553 0.0016745 -0.00559643 0.00536123 0.000324967 -0.00270938 -0.00350128 -0.0046561 0.0123235 0.00585445 0.00692813 -0.0256773 0.000434265 0.00156533 0.00366624 -0.000202149 0.000157965 0.000855883
internal_weight=46619.3 10950.3 35669 122.663 10312.2 260.222 244.061 10052 9729.66 8910.09 819.568 322.35 84.1557 238.194 638.091 88.8352 35546.4 1235.87 1174.03 1045.04 61.845 128.994 211.756 49.533 34310.5 6735.97 3077.69 3658.28 27574.5 12778.6
internal_count=189259 44450 144809 685 41837 1058 990 40779 39471 36132 3339 1308 340 968 2613 362 144124 5043 4785 4257 258 528 859 365 139081 27279 12481 14798 111802 51791
is_linear=0
shrinkage=0.03


Tree=78
num_leaves=31
num_cat=0
split_feature=39 6 34 20 36 32 9 31 13 35 15 25 26 14 30 30 14 7 15 45 9 2 20 35 14 24 9 37 2 28
split_gain=13.9382 16.9809 18.764 18.6754 16.9911 16.9693 16.8746 15.388 18.7889 22.961 21.9214 17.6704 17.0193 21.8055 17.2278 19.1359 16.8789 16.6087 14.8187 15.9925 13.6802 17.1733 13.6759 25.4358 21.5567 13.5382 13.3641 15.6728 13.237 14.2547
threshold=-0.0048902877450805616 -0.029502506948026693 -0.026113542763469538 0.27500000000000008 -0.017889196257299612 0.07373208464962315 -0.034861972020519626 -0.0061838446930399926 0.0016813077788886751 0.00029019666071459203 0.28049993515014654 -1.0546112562408496 0.015560747118357083 0.2621000003814698 0.0051221853908051907 0.014040787500521552 0.18960000038146976 0.031839567341740684 0.30550003051757818 -0.00012636959433654321 -0.010193566210162422 0.010324459984013967 0.2950000000000001 -0.0041588612697717629 0.41609998703002932 -0.48928226957225346 0.010436549527646539 0.016260839135666432 -0.020519428057868324 2.0922592659286487
decision_type=2 2 2 2 2 2 2 2 2 2 2 2 2 2 2 2 2 2 2 2 2 2 2 2 2 2 2 2 2 2
left_child=7 4 18 20 -2 6 -5 8 9 10 11 -1 14 -14 16 -16 -10 -15 19 -3 21 -4 -6 -24 -25 -22 27 -11 29 -9
right_child=1 2 3 5 22 -7 -8 28 12 26 -12 -13 13 17 15 -17 -18 -19 -20 -21 25 -23 23 24 -26 -27 -28 -29 -30 -31
leaf_value=-0.013429595060622449 0.004162343528127911 -0.0076632041298546894 0.0039805346115972728 0.030252412997184897 -0.00041022655186334097 -0.0053798685466425666 0.0032269353432486988 -0.0037401814164328899 0.034454176171289409 -0.021371942158071078 0.022726311941350871 0.0026202115665427913 -0.010196255116427086 0.0033585500313177397 -0.0038987012841120191 0.0053945003561369012 0.0034497372341502513 -0.0044152414087185819 0.014043674825818645 -0.00076849847677254218 0.0036454941759485522 -0.0040457563805761827 0.023494301801473716 -0.0055973452161991923 0.0027689373717660537 -2.324714530124433e-05 0.00087127208477690769 -0.0050842029450702663 -0.00081240809239841382 0.017344318528354392
leaf_weight=68.523796826601028 559.49663309752941 447.69895923137665 1780.6732577085495 20.906188353896141 4513.6807559430599 210.16456581652164 3858.6566016077995 2039.780308008194 15.890421092510222 56.356284588575363 44.617681056261063 623.39050975441933 217.38632459938526 620.23986656963825 652.11899520456791 287.25924296677113 2870.7680127620697 411.42686803638935 47.486822292208672 935.3797234967351 981.44776913523674 277.2786627560854 30.873200640082359 1427.0568309277296 343.99204759299755 11660.617224395275 341.52237303555012 940.43603532761335 10302.99952878058 29.272600993514061
leaf_count=279 2276 1817 7194 84 18424 853 15567 8327 64 229 180 2531 886 2511 2640 1166 11652 1677 193 3799 3992 1121 125 5792 1393 47284 1387 3836 41860 120
internal_value=-7.21863e-07 0.000439594 0.000877519 0.00112968 -0.000848382 0.0029228 0.00337257 -0.000611856 0.000496093 -0.0019091 0.00234499 0.00103072 0.00147941 -0.00156116 0.00247203 -0.00105687 0.00362041 0.000258376 -0.00243453 -0.0030003 0.000630817 0.00289911 -0.00129228 -0.00350176 -0.00397236 0.00026157 -0.00425031 -0.00600507 -0.00125215 -0.00344188
internal_weight=46617.4 27095.4 20220.3 18789.7 6875.1 4089.73 3879.56 19522 7149.94 2074.85 736.532 691.914 5075.09 1249.05 3826.04 939.378 2886.66 1031.67 1430.57 1383.08 14700 2057.95 6315.6 1801.92 1771.05 12642.1 1338.31 996.792 12372.1 2069.05
internal_count=189259 109914 81904 76095 28010 16504 15651 79345 29038 8442 2990 2810 20596 5074 15522 3806 11716 4188 5809 5616 59591 8315 25734 7310 7185 51276 5452 4065 50307 8447
is_linear=0
shrinkage=0.03


Tree=79
num_leaves=31
num_cat=0
split_feature=3 3 2 9 28 6 11 2 9 6 15 3 22 9 10 27 12 9 45 9 25 45 16 10 31 19 18 8 27 32
split_gain=13.5109 13.7915 14.0105 33.0643 26.0446 25.9466 20.0226 21.2681 20.7572 17.6296 18.3702 15.8443 15.4984 14.4391 13.1156 12.4758 11.5379 11.2928 10.7024 10.1377 12.2816 11.9898 10.7777 10.0091 9.52436 9.3951 13.1761 11.0736 13.337 11.7808
threshold=19.536250485302773 11.540876170196841 -0.0077194584543212917 0.0160888517234942 0.47105326744505766 0.045864073994367212 0.18208556149732621 0.01350052067904264 0.0024593276294883133 0.31670942536295615 0.034499979019165045 16.074197993804102 0.11666666666666668 0.035627601838127285 -0.026141676884081273 0.075184893733639277 -0.005997017480660804 -0.036332974557442242 0.0047736973658133721 0.00011456988836534778 -0.21360602406182796 -0.039057171230984455 0.044606058317460333 -0.0092802771654898458 1.0000000180025095e-35 1.163444004925217 1.0219992588888702 0.15747018403683691 0.089059359455003706 0.015094325408627561
decision_type=2 2 2 2 2 2 2 2 2 2 2 2 2 2 2 2 2 2 2 2 2 2 2 2 2 2 2 2 2 2
left_child=1 14 3 4 5 -3 7 8 -4 10 -8 -9 15 -14 -1 -5 -6 23 -11 21 -21 -16 -23 -2 -22 27 -27 -19 29 -29
right_child=17 2 6 12 16 -7 9 11 -10 18 -12 -13 13 -15 19 -17 -18 25 -20 20 24 22 -24 -25 -26 26 -28 28 -30 -31
leaf_value=0.0058439828605218675 -0.0022367418382596865 -0.00040402430854832568 0.0026775859774145084 0.012605844492342666 0.0025489260138360226 0.0027532277353607701 -0.0011346637878927872 0.0076316698646096814 5.0140253471770724e-05 0.0093101785536447382 0.0013642163761377365 0.0020417056280250235 -0.009896904609751964 0.0061530957738428751 -0.031663935053022077 -0.018057194810023137 -0.0036774269002204508 -0.0093356168608636474 -0.0060930687137551644 -0.0026051912008759758 0.010733144088336992 -0.0038104932462367236 -0.021005807119715513 0.029230189442486263 -0.0010556130765004526 0.0012545524575624095 -0.012570447875829074 -0.027025995910072473 -0.018588436424921393 0.00026884272914779795
leaf_weight=169.15091554820538 18.030710801482201 9782.9424836784601 4140.3308838903904 57.312429964542389 303.45362620055676 3080.2277480214834 8865.1096556633711 789.37028448283672 7811.9789814203978 258.51714999973774 3775.1890922933817 1081.7034006714821 561.68313713371754 55.424564331769943 14.583296738564966 15.085457339882849 2283.3551188111305 356.72992016375065 48.160683810710907 637.57577939331532 132.92341028153896 1160.7913305684924 33.759868271648884 18.362878248095512 115.07924091815948 518.82667909562588 70.471293464303017 14.751019224524496 41.159849718213081 404.2136048078537
leaf_count=691 73 39711 16691 235 1232 12458 35867 3181 31509 1041 15254 4368 2314 228 140 62 9301 1457 194 2593 539 5135 169 74 466 2116 289 60 168 1643
internal_value=-7.15035e-07 9.05525e-05 0.000210953 -0.000487202 -0.000200348 0.000352014 0.000631862 0.00142588 0.000960299 -0.000215908 -0.000388341 0.0044 -0.00691484 -0.0084554 -0.00219156 0.00621663 -0.00294703 -0.00285878 0.00689125 -0.00284044 -0.000401771 -0.00462654 -0.00429646 0.0136403 0.00526288 -0.00328581 -0.000398712 -0.00536862 -0.00229305 -0.000692161
internal_weight=46616.3 45173.7 42909.8 16139.5 15450 12863.2 26770.4 13823.4 11952.3 12947 12640.3 1871.07 689.506 617.108 2263.86 72.3979 2586.81 1442.55 306.678 2094.71 885.578 1209.13 1194.55 36.3936 248.003 1406.15 589.298 816.854 460.124 418.965
internal_count=189259 183379 173646 65541 62702 52169 108105 55749 48200 52356 51121 7549 2839 2542 9733 297 10533 5880 1235 9042 3598 5444 5304 147 1005 5733 2405 3328 1871 1703
is_linear=0
shrinkage=0.03


Tree=80
num_leaves=31
num_cat=0
split_feature=4 13 27 45 45 9 3 31 8 14 10 10 37 35 40 17 12 14 24 35 5 27 24 17 29 8 38 7 34 13
split_gain=13.4013 19.2565 17.221 32.2766 17.9986 15.6353 13.8477 12.9471 16.1701 19.9927 18.5411 14.7418 12.7656 22.2285 13.5618 16.7565 18.8179 16.6159 43.9118 20.5196 15.0367 12.7476 12.3061 13.4685 15.9298 14.4939 11.5253 11.3252 12.2697 10.0749
threshold=0.68726140101692945 0.0025599394033512077 1.0000000180025095e-35 -0.0029299981724404361 -0.0050965524669645884 -0.074361296511386274 10.41986767671259 0.00067054861750397035 0.048306769719995597 0.20750000000000005 -0.022112347325458429 0.014843721223717901 1.0000000180025095e-35 -0.01380980201320676 0.0090456825759031335 0.010833040895280968 -0.0044975906417759311 0.25869999885559086 -0.44614915007250827 9.156570893712997e-05 0.039563089536443392 1.0000000180025095e-35 -0.16233156433741144 0.011393269699289907 -0.00065839080920392773 0.14235118089950791 -1.0214866172823507 0.014965012820510689 0.0061189555022726633 0.0075274082882425342
decision_type=2 2 2 2 2 2 2 2 2 2 2 2 2 2 2 2 2 2 2 2 2 2 2 2 2 2 2 2 2 2
left_child=6 5 3 4 -3 -2 7 8 10 -10 -1 21 13 -8 17 16 -16 18 -14 -19 -17 -9 -7 25 -25 -24 -23 -5 -29 -12
right_child=1 2 -4 27 -6 22 12 11 9 -11 29 -13 14 -15 15 20 -18 19 -20 -21 -22 26 23 24 -26 -27 -28 28 -30 -31
leaf_value=0.014067397077852801 -0.034379659366313306 0.014771799749917897 -0.0010719233255895625 0.010782279265373606 0.049808619601600754 -0.0084757443609096532 0.043861553323125892 -0.025803566292546758 -0.017753427144732759 0.010352087018002601 -0.0074717732670498277 -0.023459035680196073 0.010733052588288378 0.0041455482334882944 0.0015445905589914384 0.010257305768093061 -0.0036164237092510755 0.0016782127184184349 -0.0017377773373996332 7.4610623712452568e-05 -0.006813588452287459 -0.022942293324904214 -0.0067935099258004004 0.014245510959781781 -0.0051963774949975589 0.0025373415810411382 -0.0028382518902723692 0.0010462371651629413 -0.016380672364105186 0.00073158959178975429
leaf_weight=54.083979442715645 15.710040703415869 88.132143497467041 2898.0113372951746 65.272863551974297 15.519369795918463 420.80776438117027 13.063462525606154 24.849655866622925 25.977758839726448 184.97651533782482 349.99394477158785 40.786574423313141 267.01799470186234 435.4818226993084 880.69171150028706 183.889514118433 2286.9279465228319 11193.110546380281 5259.5340498536825 20038.010143116117 62.129048243165016 26.999832518398762 494.60602085292339 87.415158644318581 67.001333177089691 214.93331554532051 518.76381585747004 131.01387260854244 50.329242274165154 219.08500115573406
leaf_count=221 73 357 11771 263 66 1718 62 182 131 807 1544 168 1074 1753 3568 744 9261 45252 21251 81122 252 114 2026 356 274 876 2252 531 204 986
internal_value=-7.12e-07 -0.00154758 -0.000312517 0.00597059 0.0200177 -0.00463247 0.000166559 -0.00271883 -0.00028806 0.00689106 -0.00271835 -0.00603507 0.00026924 0.00530224 0.000213042 -0.00159575 -0.00218151 0.000381022 -0.00113524 0.000649335 0.00594626 -0.00478964 -0.00426872 -0.00221961 0.00580967 -0.00396701 -0.00383283 6.66421e-05 -0.00379036 -0.00431363
internal_weight=46614.1 4548.75 3248.28 350.267 103.652 1300.47 42065.4 1445.52 834.117 210.954 623.163 611.4 40619.9 448.545 40171.3 3413.64 3167.62 36757.7 5526.55 31231.1 246.019 570.613 1284.76 863.956 154.416 709.539 545.764 246.616 181.343 569.079
internal_count=189259 18515 13192 1421 423 5323 170744 6405 3689 938 2751 2716 164339 1815 162524 13825 12829 148699 22325 126374 996 2548 5250 3532 630 2902 2366 998 735 2530
is_linear=0
shrinkage=0.03


Tree=81
num_leaves=31
num_cat=0
split_feature=12 45 23 24 9 23 23 27 30 3 22 9 29 43 24 23 30 29 23 37 45 30 45 12 20 13 8 35 40 40
split_gain=13.391 21.7902 31.1028 21.8992 34.9238 21.1688 26.4483 28.9213 21.8692 20.9015 18.4261 23.3926 18.1055 20.4746 32.5468 21.8248 21.1666 17.4444 24.8426 16.9257 16.6897 28.0798 16.3465 15.3064 27.7572 20.516 14.4114 13.1232 12.987 20.3642
threshold=0.0013055598480894526 0.0018312718652271807 -0.081732104092105212 0.82702113488208517 -0.0088722968594856684 -0.0602227051110093 -0.0028525193174907255 0.010266225203950714 -0.0011221965029666501 1.0000000180025095e-35 0.2166666666666667 -0.024051442529193275 0.036760681725490171 -1.7079519632802478 0.37249245891534505 -0.025680198421886829 -0.0016502784582371282 -0.023433878943790221 0.097401713255440434 0.048611171305965803 0.0026294153207729923 -0.0083289946440419007 0.0018955860716268309 -0.0012456648261396197 0.33000000000000007 0.0026633346931072138 0.47965572342521218 0.028256386443936844 0.0026294153207729923 0.00061596892562089888
decision_type=2 2 2 2 2 2 2 2 2 2 2 2 2 2 2 2 2 2 2 2 2 2 2 2 2 2 2 2 2 2
left_child=9 3 -3 5 -5 -2 7 -7 -8 20 11 19 13 14 15 -11 -16 18 -12 -4 21 -1 -19 25 -25 -15 -14 -13 29 -23
right_child=1 2 10 4 -6 6 8 -9 -10 12 17 27 26 23 16 -17 -18 22 -20 -21 -22 28 -24 24 -26 -27 -28 -29 -30 -31
leaf_value=0.028970629904225276 -0.0043177506057254502 -0.044571596197302082 0.010438033482800873 0.049724767644437048 -0.0085619624216163991 0.017643456530525816 -0.002447140685889341 0.0033008128813867645 0.0016136624972550259 0.013911775194084954 -0.0075454296051866761 0.002705851525092695 -0.004911675948923824 -0.0033322149243999962 0.045393109725756484 -0.0051524300582301676 0.010643643615543499 -0.013327658708568975 0.017441900847251002 0.040185898011455772 0.0021847149604437479 -0.020649612419302934 -0.00041970748669185762 -0.0015415285224127443 0.0011827949265464145 0.0011575300590004052 0.0016244963175273783 -0.010419350626802581 -0.032704708366909863 0.0048373534861007482
leaf_weight=12.787341326475142 544.99769839644432 14.466575756669043 82.898832514882088 21.262072324752808 16.378600090742111 131.40534627437592 1591.0019266158342 3412.022759616375 4778.2399501800537 90.044872120022774 571.6141145825386 853.11327151954174 1271.3891213089228 1018.8916231095791 29.48392279446125 135.18050004541874 33.93204402923584 89.768885150551796 38.20296348631382 21.724964737892151 85.443021178245544 90.368229992687702 5389.6761633828282 11985.225657761097 4680.2898690104485 9070.1357632428408 398.84146106243134 74.551159158349037 37.517058417201042 41.022653728723526
leaf_count=66 2216 66 336 89 67 536 6429 13782 19346 362 2321 3447 5189 4125 134 544 137 363 154 89 359 619 21855 48645 18930 36660 1614 302 293 184
internal_value=-7.02387e-07 0.000651212 -0.000627812 0.00152085 0.0243624 0.00143864 0.00175512 0.0038327 0.000599296 -0.000397317 -0.000538545 0.00316768 -0.000319606 -0.00013239 0.0078149 0.00246942 0.0267997 -0.00116685 -0.00598006 0.0166151 -0.0087501 -0.0138922 -0.000631176 -0.00021813 -0.000776438 0.00070411 -0.00335088 0.00165105 -0.0171372 -0.0126921
internal_weight=46611.9 17631.3 7136.02 10495.3 37.6407 10457.7 9912.67 3543.43 6369.24 28980.6 7121.55 1032.29 28713.4 27043.2 288.641 225.225 63.416 6089.26 609.817 104.624 267.138 181.695 5479.45 26754.5 16665.5 10089 1670.23 927.664 168.908 131.391
internal_count=189259 71398 28933 42465 156 42309 40093 14318 25775 117861 28867 4174 116340 109537 1177 906 271 24693 2475 425 1521 1162 22218 108360 67575 40785 6803 3749 1096 803
is_linear=0
shrinkage=0.03


Tree=82
num_leaves=31
num_cat=0
split_feature=4 29 27 14 18 11 30 9 19 2 23 23 23 18 14 35 16 12 13 40 2 27 31 5 10 16 30 35 0 40
split_gain=13.0719 14.9811 15.2588 14.4038 12.8318 15.1724 16.4816 14.6016 12.4738 17.0326 11.4038 17.4789 13.5316 11.3035 14.103 26.6757 16.0121 15.0139 14.8953 13.3609 12.0409 13.0917 11.934 15.449 19.7908 16.7124 11.6164 11.382 13.8245 11.768
threshold=0.32350331944917438 0.025323785297115407 0.083198707723562262 0.81510002136230475 -1.9484942156612226 0.43039405684754528 0.00089139016890425532 -0.040193287180356689 0.9515053579007875 0.010594919749150731 -0.036926684740472906 -0.013576183783442162 -0.072383730619236961 2.8177381370473973 0.32909999847412114 0.00089139016890425532 -0.014313218649987787 0.002196520981032811 0.0047613750804442172 0.0026294153207729923 0.087835197730000855 0.052942237939461075 -0.1048846476832669 -0.070281864518649748 -0.023449659918012913 0.0049750549214838055 0.0009406990303126656 0.0014503830025475466 -0.031748637084759883 0.001652118329190571
decision_type=2 2 2 2 2 2 2 2 2 2 2 2 2 2 2 2 2 2 2 2 2 2 2 2 2 2 2 2 2 2
left_child=13 3 -3 4 5 7 -7 -2 -5 -10 12 -12 -6 20 15 18 -17 27 19 -15 22 -22 -1 25 -25 -24 -23 29 -29 -16
right_child=1 2 -4 8 10 6 -8 -9 9 -11 11 -13 -14 14 17 16 -18 -19 -20 -21 21 26 23 24 -26 -27 -28 28 -30 -31
leaf_value=-0.0087354075600622316 -0.028935353383057201 -0.0028789995604251916 -0.013758626450473075 -0.0063593675536170718 0.0028713462843087886 -0.019403993427661019 -0.00080497724829486526 -0.0015147946555916015 0.0025522762738784685 0.026889113440954935 0.0025611327156974755 -0.00076425081102045626 -0.0043021343199409999 -0.001357147231730492 -0.0050119479074792455 0.0011516973262876784 -0.019666773517348506 0.015495917277410334 0.024841217640867951 -0.024095490706388532 -0.012050438179824872 0.0047074300072342378 0.0061628870962086128 -0.0021464366009164289 0.00047164601724559969 -0.00017329121326970054 0.02566012367241231 0.033263582698510888 0.003391217870814475 0.0084939416855258718
leaf_weight=129.72911853343248 17.938118234276772 559.7732163220644 146.35475888848305 35.589551210403442 296.88398826122284 107.80936492979527 71.200494289398193 681.38398809731007 53.96390226483345 49.736100628972054 1876.348444133997 5882.2287903279066 1166.7662018686533 379.31981348991394 383.91096864640713 42.772770449519157 149.3480094820261 55.747172191739082 18.410082966089249 24.77658274769783 19.951101213693619 50.085779964923859 841.14992579817772 2846.7130895704031 29814.120766557753 675.53803245723248 45.400515034794807 16.204680517315865 99.895726129412651 68.409235671162605
leaf_count=528 78 2289 605 144 1206 440 291 2773 221 200 7605 23864 4734 1548 1564 175 619 226 75 109 81 202 3416 11641 120936 2755 183 66 407 278
internal_value=-6.95628e-07 -0.000907545 -0.00513395 -0.000616097 -0.000748226 -0.00421304 -0.0120063 -0.00221815 0.00896523 0.0142246 -0.000418234 3.9966e-05 -0.00284708 0.000277654 -0.00253781 -0.00576349 -0.0150319 0.000638562 -0.00154901 -0.00275132 0.000378976 0.0100517 0.000346429 0.000380902 0.000243454 0.00334073 0.0146697 -0.000818555 0.00756064 -0.00296931
internal_weight=46607.5 10946 706.128 10239.8 10100.6 878.332 179.01 699.322 139.29 103.7 9222.23 7758.58 1463.65 35661.5 1238.8 614.627 192.121 624.168 422.506 404.096 34422.7 115.437 34307.3 34177.5 32660.8 1516.69 95.4863 568.421 116.1 452.32
internal_count=189259 44450 2894 41556 40991 3582 731 2851 565 421 37409 31469 5940 144809 5067 2526 794 2541 1732 1657 139742 466 139276 138748 132577 6171 385 2315 473 1842
is_linear=0
shrinkage=0.03


Tree=83
num_leaves=31
num_cat=0
split_feature=39 31 14 45 13 14 14 38 35 38 45 6 9 34 0 40 17 29 10 34 11 8 9 12 14 13 11 25 38 14
split_gain=12.9698 17.3549 20.0911 17.9159 16.748 21.3835 20.0746 16.3867 17.7334 16.1354 16.0614 15.2382 16.0558 16.3792 15.0381 17.7095 14.7514 14.5062 14.3544 19.4387 16.5541 14.347 14.1581 13.6603 13.4298 20.9812 17.1802 14.4197 13.2794 12.4351
threshold=-0.00098191392917771985 0.00086245062058008164 0.18960000038146976 0.0019777789103873522 0.0017283936660102098 0.25869999885559086 0.26010000228881841 0.60961615072462216 0.0068982255722212747 -0.32822614576952519 0.0047736973658133721 -0.029502506948026693 0.017553625569373683 -0.026113542763469538 0.013476744689284082 0.00077813769834681325 -0.00092868737351060643 0.0045197238949348578 0.013843584698900697 0.01351700483297018 -0.45555311676909566 0.085970311996452511 -0.002775335510182718 0.0074535750744168959 0.26469999313354498 0.0035951117202034058 1.0000000180025095e-35 -1.2126287147770582 -1.3011800288503081 0.36909999847412117
decision_type=2 2 2 2 2 2 2 2 2 2 2 2 2 2 2 2 2 2 2 2 2 2 2 2 2 2 2 2 2 2
left_child=1 2 3 -1 5 21 -7 11 -9 16 -11 24 13 -13 15 -14 -6 -15 20 28 -3 -4 -21 -10 25 27 -27 -2 -20 -30
right_child=7 18 4 -5 9 6 -8 8 23 10 -12 12 14 17 -16 -17 -18 -19 19 22 -22 -23 -24 -25 -26 26 -28 -29 29 -31
leaf_value=0.031375239747486128 -0.041100664312681112 -0.0069738037498540476 -0.01912964451445371 -0.009100784469499636 -0.0036664091401506951 0.036853796212151679 -0.0012927628632123027 -0.00048819452589622951 -0.0091135565750956223 0.0025856904935209766 -0.0010993927334335921 -0.002266305556504773 -0.00034111837300297753 0.0028938723245479424 0.00074414504932456341 -0.010529981882855716 0.00074511070464700307 0.0006986134724098293 0.024881249226744961 -0.0049154647240703961 -0.00053633592225498113 0.014816682829323217 0.0025505815536917445 0.0030781098039475104 0.00011553181264120749 0.0021509638604735115 -0.0076570032931296533 -0.011392534088115174 -0.0036200537983868243 -0.0095461487053239962
leaf_weight=34.06657150387764 17.007887184619904 374.61870056390762 91.264114335179329 13.840696737170218 1111.550183236599 12.462685540318487 3310.1209428235888 3181.8765796497464 395.62494134902954 4770.4911658018827 1370.2036857455969 849.05961372703314 329.57447417080402 7064.8282107785344 1121.0187988430262 287.42852614820004 1766.0226022526622 4394.0626731812954 12.560397475957869 364.7673599421978 8917.7155177891254 12.773448213934897 612.34494204819202 104.57763065397739 4012.9753170609474 376.78520515561104 280.31881839782 108.57238288223743 757.45689521729946 550.13254441320896
leaf_count=137 70 1551 373 56 4534 51 13465 12917 1603 19355 5563 3449 1340 28620 4531 1171 7184 17783 51 1481 36218 52 2487 425 16332 1536 1169 443 3076 2236
internal_value=-6.89701e-07 -0.000484679 0.000291008 0.0196815 0.000216363 -0.00156904 -0.00114968 0.000516793 -0.00131367 0.000894751 0.00176342 0.000874506 0.00137302 0.00175417 -0.00132613 -0.00508756 -0.000958973 0.00205207 -0.00132082 -0.00344424 -0.000795861 -0.0149618 -0.00023658 -0.00656464 -0.000585587 -0.00418036 -0.00203309 -0.015416 -0.0058184 -0.0061133
internal_weight=46606.1 24082.4 12492.8 47.9073 12444.9 3426.62 3322.58 22523.7 3682.08 9018.27 6140.69 18841.6 14046 12308 1738.02 617.003 2877.57 11458.9 11589.6 2297.26 9292.33 104.038 977.112 500.203 4795.66 782.684 657.104 125.58 1320.15 1307.59
internal_count=189259 97870 50770 193 50577 13941 13516 91389 14945 36636 24918 76444 56894 49852 7042 2511 11718 46403 47100 9331 37769 425 3968 2028 19550 3218 2705 513 5363 5312
is_linear=0
shrinkage=0.03


Tree=84
num_leaves=31
num_cat=0
split_feature=3 40 35 17 3 12 45 40 16 45 30 24 15 12 21 24 30 3 9 2 19 9 27 16 4 44 9 27 38 28
split_gain=12.4714 13.0246 18.0263 22.7183 19.9675 14.3554 26.1326 33.1987 30.2738 22.077 32.6475 39.6459 26.5584 24.8968 37.7206 21.342 18.6988 17.2279 15.1883 13.2991 12.9933 17.7274 12.4213 13.0785 11.1702 11.0326 12.3754 14.0889 10.3865 11.2628
threshold=19.536250485302773 0.017554610457252443 -0.0074894625125593141 -0.0025464146793509074 12.16877308399819 0.001103164755017949 0.0017579846090431505 -0.039057171230984455 0.068745377841747349 -0.00036650857440539741 -0.00092457129043087879 -0.31797276378218869 -0.15950002670288085 -0.010698562786912447 0.16250000000000003 0.82702113488208517 0.025176461593112234 8.7191539100468187 -0.0062594491432921831 0.01350052067904264 0.70415616872912956 0.019105418442342741 0.028571962660036934 0.025245599916842529 -0.17116073623598368 0.020238018716732208 -0.022248004680745104 0.10940632052273991 -0.74211178747508544 -0.38379081682665811
decision_type=2 2 2 2 2 2 2 2 2 2 2 2 2 2 2 2 2 2 2 2 2 2 2 2 2 2 2 2 2 2
left_child=1 5 22 20 -5 9 8 24 15 13 11 -11 -12 14 -1 -7 -9 -15 -10 -6 21 -4 23 -3 -8 -2 -27 -28 -24 -30
right_child=25 2 3 4 19 6 7 16 18 10 12 -13 -14 17 -16 -17 -18 -19 -20 -21 -22 -23 28 -25 -26 26 27 -29 29 -31
leaf_value=0.0020529895858380008 -0.0040327802560513734 0.006564358891440648 0.014310583632624382 -0.029269586087964886 -0.0095860473848990817 0.0018124670780871937 -0.03876876841659016 -0.00072209118127473525 -0.043536076458334488 0.0095964042803575195 0.0037734389524852747 0.0013579726146430806 -0.0006867935830386807 -0.013267182633889299 0.035710519087249905 0.025128160753632146 0.0085281367014016212 -0.0019897473367532547 -0.01028033498751626 0.00047956936644900976 -0.0027432426561315544 -0.017821008055358335 -0.018386395405209172 0.033737227120819176 -0.0051845998343025166 0.024883408723582863 0.0026172979016254958 -0.026500626107543043 -0.014072685558521899 0.0048713146789467893
leaf_weight=791.80953972041607 1162.7134718596935 110.98844774067402 99.564663611352444 38.189905405044556 443.03027805685997 10735.303325042129 27.111045926809311 6660.8061030432582 15.262707471847532 657.63713842630386 1317.3638473749161 2620.7644694447517 13662.978029802442 124.12338625639677 31.146702811121941 35.44971390068531 202.66050060093403 6849.6546405106783 64.991061702370644 161.09293940663338 252.11176650971174 18.292517691850662 27.891207829117775 18.615324541926384 13.278889909386633 20.781197220087051 242.07189011573792 15.940242439508436 34.887083306908607 148.35907210409641
leaf_count=3198 4745 447 413 159 1812 43418 147 26977 64 2653 5336 10617 55543 757 125 148 819 27717 264 655 1048 75 114 75 54 84 985 66 142 602
internal_value=-6.85142e-07 8.69905e-05 -0.002812 -0.00482101 -0.0082319 0.000176522 0.000834378 -0.000608544 0.00175242 -0.000271758 0.000298883 0.00301058 -0.000294563 -0.00160811 0.00332684 0.00188921 -0.000448956 -0.00219047 -0.0166049 -0.00690199 0.00110072 0.00932347 0.00315644 0.0104673 -0.0277274 -0.00274762 0.00261217 0.000818364 -0.00133122 0.00126469
internal_weight=46604.9 45163.4 1353.02 1012.28 642.313 43810.3 17754.9 6903.86 10851 26055.5 18258.7 3278.4 14980.3 7796.73 822.956 10770.8 6863.47 6973.78 80.2538 604.123 369.969 117.857 340.741 129.604 40.3899 1441.51 278.793 258.012 211.137 183.246
internal_count=189259 183379 5542 4162 2626 177837 71891 27997 43894 105946 74149 13270 60879 31797 3323 43566 27796 28474 328 2467 1536 488 1380 522 201 5880 1135 1051 858 744
is_linear=0
shrinkage=0.03


Tree=85
num_leaves=31
num_cat=0
split_feature=7 0 42 13 14 23 6 16 36 35 5 31 5 15 15 31 16 16 45 13 42 5 13 22 30 14 15 3 10 13
split_gain=12.5612 20.7986 20.7856 19.9505 18.3033 18.2687 16.9242 22.9414 22.3276 20.8261 19.1346 19.6651 18.6152 18.14 17.2608 22.5052 17.4264 16.5833 15.4587 15.1599 17.9273 15.2231 14.6636 13.9931 13.9226 15.1129 13.8918 13.6489 13.3975 12.9313
threshold=0.040284150674756998 0.081405523133949678 0.044000026702880869 0.00049865380950421154 0.43969999313354496 -0.1017614639748614 -0.0094691655980141381 -0.043569304040952765 -0.016312697464520635 0.00075683934619710238 0.032884033816627863 0.056723942206999771 -0.035439226877112533 -0.1234999656677246 -0.23700003623962398 0.0060933505574932408 -0.05293237145493053 0.011380883231967983 0.0087907803282750007 0.00059646715298376264 0.050586821393500271 -0.046912520133223549 0.005584085483988332 1.8500000000000003 5.3292204253589632e-05 0.39979999542236339 1.0000000180025095e-35 16.981084630718101 -0.0022623589416561423 0.00090756532449601203
decision_type=2 2 2 2 2 2 2 2 2 2 2 2 2 2 2 2 2 2 2 2 2 2 2 2 2 2 2 2 2 2
left_child=3 4 -3 17 19 28 7 12 13 -10 14 -12 29 -9 15 -8 -16 -1 -14 20 -2 26 24 -23 -4 -26 -21 -22 -6 -5
right_child=1 2 22 6 5 -7 10 8 9 -11 11 -13 18 -15 16 -17 -18 -19 -20 21 27 23 -24 -25 25 -27 -28 -29 -30 -31
leaf_value=-0.0046628223310836506 0.013249295438589829 -0.0069316460116085202 -0.011716385367890467 -0.01295111563946663 0.043873397196662445 0.00029970464866721708 0.009860033877310017 -0.0026646272365702457 0.00015620960794320346 -0.0023919161123283524 -0.00083949360520010994 0.0046677337597135016 -0.01199279049162124 0.0024192045434812378 0.0082193132898974296 -0.0014344049511095136 0.00095120721852391254 -0.025807708139118066 0.011202602312381738 -0.0037298597567563324 0.0051351014313174405 -0.0071734130497396213 0.017225747526518516 -0.0015663231538527585 8.8367809962776743e-05 0.021264534541483637 0.0047250137785573411 -0.015678757457672766 0.0026875869775705662 0.0038267702842907292
leaf_weight=140.39270228147507 102.86001567542553 95.657427787780762 40.966840282082558 52.496817052364349 15.1637209802866 1276.6659589260817 454.00827944278717 767.50332534313202 6349.7142952531576 5293.1647058054805 8098.34693210572 628.85724402219057 354.6621388271451 3569.465115211904 302.68386613577604 244.17503905296326 15530.624242551625 43.794311180710793 27.892642199993134 445.40599880367517 64.73103603720665 1337.9659544974566 119.87853729724884 571.74531266838312 77.355262935161591 49.896201565861702 287.98250525444746 50.458461359143257 13.381074279546736 194.60344874113798
leaf_count=577 421 389 166 214 61 5196 1834 3108 25864 21573 32809 2552 1461 14524 1232 992 62805 182 113 1834 265 5484 485 2366 316 202 1178 207 54 795
internal_value=-6.8758e-07 -0.00149801 0.0051851 0.000161325 -0.00211358 0.000830417 0.000204665 -0.000539141 -0.000317823 -0.00100224 0.000693774 -0.000442659 -0.00615592 0.00151953 0.00129371 0.00591004 0.00109015 -0.00969046 -0.0103016 -0.00345658 0.00414629 -0.0040838 0.00920826 -0.00549472 0.0034947 0.00839169 -0.000409852 -0.00398236 0.0245665 0.000262284
internal_weight=46602.5 4550.11 383.754 42052.4 4166.36 1305.21 41868.2 16609.5 15979.8 11642.9 25258.7 8727.2 629.655 4336.97 16531.5 698.183 15833.3 184.187 382.555 2861.15 218.05 2643.1 288.097 1909.71 168.218 127.251 733.389 115.189 28.5448 247.1
internal_count=189259 18624 1558 170635 17066 5311 169876 67652 65069 47437 102224 35361 2583 17632 66863 2826 64037 759 1574 11755 893 10862 1169 7850 684 518 3012 472 115 1009
is_linear=0
shrinkage=0.03


Tree=86
num_leaves=31
num_cat=0
split_feature=39 38 2 6 36 20 32 35 4 9 2 43 32 41 13 12 6 33 17 5 9 19 40 12 27 11 16 37 0 30
split_gain=12.5148 15.2955 19.1761 14.4944 15.4939 15.2358 20.3306 15.7482 14.971 14.6834 13.8589 13.7843 13.6811 13.5524 13.4856 13.3408 15.9943 13.0058 19.4024 13.7743 16.6111 13.9002 12.8099 13.8 14.2357 13.5035 12.0445 14.6657 11.9509 11.9306
threshold=-0.0048902877450805616 0.17805789030845534 -0.023437830029396093 -0.029502506948026693 -0.017889196257299612 0.27500000000000008 0.055877092760207379 0.0055982554158711456 0.12637020549310576 -0.032743328723827875 0.003787676934238387 -9.9411349836180687 0.0071770269430116839 -0.0027624180048397167 0.0017283936660102098 -0.011225504557857384 0.071171337395701376 9.8858069356687519 0.0070522728894765177 -0.082214144284042875 0.005872169351344673 1.5390994350309943 0.018130773998777053 0.037521183991521358 0.044723708599358931 0.12141687141687142 -0.0047235036839139216 0.026769477830880656 -0.067658654415710812 0.032392279229588886
decision_type=2 2 2 2 2 2 2 2 2 2 2 2 2 2 2 2 2 2 2 2 2 2 2 2 2 2 2 2 2 2
left_child=1 11 14 4 13 12 7 9 10 -7 -8 -1 -5 -2 -3 16 -14 19 -19 21 -21 -6 23 25 -25 -13 27 -16 -17 -24
right_child=3 2 -4 5 17 6 8 -9 -10 -11 -12 22 15 -15 26 28 -18 18 -20 20 -22 -23 29 24 -26 -27 -28 -29 -30 -31
leaf_value=0.012858807254972326 0.0080745010907521033 -0.010193663810123304 0.0015788354213228382 0.0060619513115248349 0.0026224628004567394 0.026859794231338982 -0.003540545682273512 -0.008021073572412496 -0.010321033943362198 0.0033812992763052586 0.0076737771242059456 -0.00032784338657424112 0.0069817773275057593 -0.0013568218264208571 -0.016870434005083815 0.0084635121513463741 -0.0020407390162425409 0.013328384898211162 -0.018821504107478512 -0.002789658534316816 0.00075166555596620037 0.026501179559098954 -0.0085630383019173733 -0.0017043695988161105 0.024887645344887004 -0.0022527369156591392 -0.0045034567948776666 0.0093164480801668469 -4.4398543126348716e-05 0.006540566745355871
leaf_weight=63.626000016927719 318.35026969760656 208.74939875304699 4342.7179943993688 373.2328040972352 370.16475323587656 24.131477072834969 298.21164625883102 109.2802852243185 167.77792260050774 3657.1922319680452 148.60257506370544 8699.9345545470715 538.24781414866447 240.87961243093014 22.378298997879028 150.13228717446327 263.34424363076687 107.60472783446312 20.040641158819199 4110.9847474396229 1678.9488045424223 23.322534456849098 339.53976497799158 34.995827823877335 37.5690096616745 5264.9959319084883 306.32096876204014 137.58535017073154 14487.571713075042 54.645276218652725
leaf_count=258 1290 861 17633 1548 1508 97 1210 441 682 14749 600 35416 2172 986 91 615 1064 441 82 16793 6815 95 1412 142 153 21344 1254 560 58726 221
internal_value=-6.83966e-07 -0.000579927 0.000847648 0.000416578 -0.000773872 0.000821111 0.0023814 0.00320204 -0.00268004 0.0035352 0.000189141 -0.0010741 0.000386431 0.0040121 -0.00385632 0.00024923 0.00401764 -0.00119796 0.00828077 -0.00139363 -0.00176276 0.00403779 -0.00113553 -0.000985753 0.0120631 -0.00105356 -0.00101918 0.005653 4.28632e-05 -0.00646925
internal_weight=46601.1 19513.1 5017.75 27088 6870.3 20217.7 4405.2 3790.6 614.592 3681.32 446.814 14495.3 15812.5 559.23 675.034 15439.3 801.592 6311.07 127.645 6183.42 5789.93 393.487 14431.7 14037.5 72.5648 13964.9 466.285 159.964 14637.7 394.185
internal_count=189259 79345 20399 109914 28010 81904 17779 15287 2492 14846 1810 58946 64125 2276 2766 62577 3236 25734 523 25211 23608 1603 58688 57055 295 56760 1905 651 59341 1633
is_linear=0
shrinkage=0.03


Tree=87
num_leaves=31
num_cat=0
split_feature=15 19 14 22 24 26 14 45 9 17 24 13 14 16 16 23 15 40 15 16 9 18 13 40 12 16 23 17 30 16
split_gain=12.3809 23.3279 27.6283 34.0133 21.6515 23.0507 19.8721 19.5546 19.7429 19.1811 23.3345 55.7775 23.1203 34.2003 29.1457 23.1053 18.3204 18.9545 17.5729 26.4846 21.1498 19.7466 17.4775 17.546 22.3926 17.0952 17.0493 16.1917 26.7634 18.8028
threshold=-1.0000000180025095e-35 0.91905512836432435 0.53370000839233411 0.61666666666666681 0.27543248665722603 1.0000000180025095e-35 0.18960000038146976 -0.024468026908215465 -1.0000000180025095e-35 -0.0044082261206284988 -0.30383596376367511 0.0084061785796065627 0.37390001296997072 0.0044530178676530493 -0.0081013613958680515 0.13359829933681708 -0.64100017547607413 0.0017579846090431505 0.0019999980926513673 0.010350914992999191 -0.030493243762176544 -3.2750160261476204 0.0084370610209572074 -0.0016502784582371282 0.0040830451446623901 0.068745377841747349 -0.0092572122041962319 0.0083601916978833304 -0.017047400045778923 -0.022057570049391784
decision_type=2 2 2 2 2 2 2 2 2 2 2 2 2 2 2 2 2 2 2 2 2 2 2 2 2 2 2 2 2 2
left_child=1 2 9 16 5 22 -7 8 -6 12 11 -11 14 -14 -1 -12 -4 -18 19 -9 21 -20 23 24 -2 -25 -22 29 -29 -8
right_child=4 -3 3 -5 7 6 27 18 -10 10 15 -13 13 -15 -16 -17 17 -19 20 -21 26 -23 -24 25 -26 -27 -28 28 -30 -31
leaf_value=0.0055675076917287326 0.0032941843830960327 -0.0013433073933382307 -0.028444598909129998 0.0096661797065425211 0.0059484283405520123 0.022260926856183659 -0.0053871963889317058 0.0064895286812343281 -0.037310021123846002 0.0012571143542734781 -0.00030274322177733387 0.014810065846430413 -0.01205609243652824 0.0014951685079204655 -0.0030908476100729538 0.015831775819260954 -0.0047618364446869958 0.0098707802363361304 -0.022912820279781608 0.046941008491818877 0.005139314882748546 0.011690654060504829 -0.001765237573806307 0.00089844263855128656 0.014455811900185068 0.016462007144629365 0.00049058714049367042 -0.04075180673456099 -0.003568668740425955 -7.9576321184846106e-05
leaf_weight=509.77061098068953 923.98858536034822 12894.090103879571 21.727976724505424 613.46132479608059 16.404171764850616 32.570419132709503 665.11171352863312 458.05615325272083 22.545577511191368 1511.8582601174712 6561.05434666574 333.60086396336555 437.70204228162766 271.63685393333435 1115.7278009355068 80.865280002355576 249.69767813384533 117.00699153542519 15.722716018557547 15.045343562960623 857.35740555822849 264.98863564431667 1493.6674519181252 4974.8903084993362 196.09980887174606 64.339573353528976 4132.1113118752837 17.622774749994278 1527.0168687999249 6203.8225175514817
leaf_count=2086 3766 52470 89 2476 66 131 2698 1854 132 6144 26666 1344 1775 1100 4544 326 1010 474 64 66 3467 1079 6044 20159 790 260 16773 72 6183 25151
internal_value=-6.74419e-07 -0.000460757 0.000501657 0.00526774 0.000519056 -4.64988e-05 -0.00112706 0.0020937 -0.0190912 6.04247e-05 0.000722856 0.00370706 -0.00234758 -0.00686672 -0.000375511 -0.000106306 -0.00167883 -9.29064e-05 0.00223737 0.00777595 0.00174017 0.0097525 0.00114605 0.00185205 0.00524831 0.00109715 0.00128939 -0.0012176 -0.00399289 -0.000593508
internal_weight=46599.6 24718.2 11824.1 1001.89 21881.4 16099.1 8446.14 5782.23 38.9497 10822.2 8487.38 1845.46 2334.84 709.339 1625.5 6641.92 388.433 366.705 5743.28 473.101 5270.18 280.711 7652.99 6159.32 1120.09 5039.23 4989.47 8413.57 1544.64 6868.93
internal_count=189259 100504 48034 4049 88755 65254 34235 23501 198 43985 34480 7488 9505 2875 6630 26992 1573 1484 23303 1920 21383 1143 31019 24975 4556 20419 20240 34104 6255 27849
is_linear=0
shrinkage=0.03


Tree=88
num_leaves=31
num_cat=0
split_feature=4 1 14 31 28 13 9 16 20 28 39 9 36 23 10 31 17 16 18 32 10 10 38 3 20 14 1 40 7 9
split_gain=12.3117 17.6099 15.0303 15.9083 13.289 12.5294 14.5935 16.2529 14.1317 12.1377 11.766 16.6038 16.9875 19.0975 16.0268 15.8604 21.1285 20.8139 17.357 12.0086 15.3198 11.7447 11.5406 11.4883 19.3713 11.2966 11.1552 11.1365 15.6037 14.343
threshold=0.68726140101692945 0.016638221684452857 0.21270000457763674 0.0071048709799155845 -1.0215285307556552 0.0025599394033512077 -0.074361296511386274 -0.0024598676693110516 -0.33249999999999991 -0.76067879649183989 -1.0000000180025095e-35 -0.036332974557442242 -0.036148507581805038 0.10775895652480065 -0.020187384963607464 -0.0093008791478718048 -0.0063482758954855395 0.068745377841747349 4.4863478253842937 0.079716842318665534 0.025318194818326138 -0.0056665918069774704 -1.3011800288503081 1.0000000180025095e-35 -0.14749999999999999 0.3282999992370606 0.029863058994552379 0.012623608139634977 0.018778874699834709 0.00053146475856974136
decision_type=2 2 2 2 2 2 2 2 2 2 2 2 2 2 2 2 2 2 2 2 2 2 2 2 2 2 2 2 2 2
left_child=4 2 -2 21 23 6 -3 8 -8 -7 15 19 13 -13 -14 16 17 -6 -18 20 -12 -4 -11 24 -1 -9 -26 29 -29 -17
right_child=1 5 3 -5 10 9 7 25 -10 22 11 12 14 -15 -16 27 18 -19 -20 -21 -22 -23 -24 -25 26 -27 -28 28 -30 -31
leaf_value=0.0046095280115902304 0.020698314281744262 -0.033490633463100369 -0.0047288401566568279 -0.014479439148133405 -0.0019877566982233717 0.0024451840265416096 0.021675882335133977 -0.0061583818067242474 -0.0090887074321447919 0.0086810248761848823 0.013745656686109697 0.017725489435760331 -0.0015943458179089108 -0.012158877267704224 0.00095539831428233127 -0.0015371408133562005 0.0019839926862858489 -0.030034635153653701 -0.010614796519849982 -0.0055740856136900991 -0.0054553332252345391 0.012194213498198991 -0.0024034436648903892 -0.0023574521813255075 -0.029045892892425131 0.001498757033077991 0.015061391647610176 0.0015689860249868278 -0.0070319703532603084 0.00034632239504559339
leaf_weight=32.577440425753593 51.107671409845352 15.376423239707945 55.128986522555351 39.931550651788712 1248.1595769375563 740.99163100123405 13.816150009632109 272.36668361723423 491.03528594970703 87.932308092713356 211.14372351765633 97.771591633558273 2578.758003666997 23.962318882346153 15889.652177527547 7089.6139696165919 5509.7089818865061 24.276871860027313 100.20446157455444 51.151547074317932 45.447808027267456 111.67242076992989 2188.6399326920509 771.69066622853279 50.080476194620132 477.23653908073902 5.7534730136394492 287.49481015652418 558.84346415102482 7476.228996232152
leaf_count=153 209 73 222 161 5067 3009 56 1114 2014 355 851 396 10526 97 64288 28834 22331 100 410 207 183 449 8902 3122 429 1951 25 1165 2303 30257
internal_value=-6.70032e-07 -0.00148393 0.0061306 0.00252923 0.000159647 -0.00194186 -0.00444188 -0.00408582 -0.00824678 -0.000889814 0.000236709 0.000787414 0.000673002 0.011843 0.000599376 -0.000230095 0.000967313 -0.00252286 0.00175895 0.0076988 0.0103448 0.00660103 -0.00197531 -0.00353102 -0.0137744 -0.00128345 -0.0245008 -0.000764801 -0.00411029 -0.000570413
internal_weight=46597.8 4545.24 257.841 206.733 42052.5 4287.39 1269.83 1254.45 504.851 3017.56 41192.4 18897.9 18590.1 121.734 18468.4 22294.5 6882.35 1272.44 5609.91 307.743 256.592 166.801 2276.57 860.102 88.4114 749.603 55.8339 15412.2 846.338 14565.8
internal_count=189259 18515 1041 832 170744 17474 5208 5135 2070 12266 167015 76548 75307 493 74814 90467 27908 5167 22741 1241 1034 671 9257 3729 607 3065 454 62559 3468 59091
is_linear=0
shrinkage=0.03


Tree=89
num_leaves=31
num_cat=0
split_feature=11 39 31 23 20 13 30 0 13 17 24 15 19 44 36 8 45 28 13 28 31 13 12 15 15 15 15 24 23 0
split_gain=11.8684 14.6492 12.2031 15.2809 17.3674 14.9512 30.3311 27.9292 22.0395 49.4085 20.7807 16.0765 14.7395 12.0183 11.8396 9.63692 8.92044 8.90759 9.64583 8.56444 8.53516 8.45601 10.2699 7.82314 9.89931 11.3431 8.45396 8.5541 8.37851 8.01258
threshold=-0.48473193473193471 0.032058533818942865 -0.1048846476832669 0.11561066042934286 -0.20999999999999996 0.020145467941419967 0.015138458025456396 0.040594713519218492 0.018360313375594486 0.0054525438608215475 0.50366795602826964 -0.016499996185302731 1.3783122812580337 -0.01447573826572717 -0.04809728311942911 -0.45294651636286554 0.00091816376051004323 -0.38379081682665811 0.0067168483122443086 -0.74211178747508544 0.028315897618708636 0.02772231458642949 -0.00036178422033192819 -0.056000089645385741 -0.090500020980834942 -0.15950002670288085 0.13650002479553225 0.074730521970860289 -0.013780868094083283 -0.076917278785436666
decision_type=2 2 2 2 2 2 2 2 2 2 2 2 2 2 2 2 2 2 2 2 2 2 2 2 2 2 2 2 2 2
left_child=1 15 21 5 14 8 10 -8 11 -10 -7 -4 13 -6 -5 16 -1 19 -19 -3 -16 22 -2 24 25 -17 29 -28 -26 -25
right_child=2 17 3 4 12 6 7 -9 9 -11 -12 -13 -14 -15 20 23 -18 18 -20 -21 -22 -23 -24 26 28 -27 27 -29 -30 -31
leaf_value=0.024116902609433798 -0.020596608200057102 0.0025380656669291134 -0.00055851933351128472 -0.027101879524255128 0.023107200948148259 -0.0043244285177514007 0.0064209449402915326 -0.018849254701078368 0.0051958743370982604 0.058881271171083549 -0.019408224788130184 0.00059697453958153755 -0.016466767745324042 0.0079647775836822008 -0.0047595545149217008 0.0038767564267375406 -0.0087822356151572873 -0.008191688287044677 0.014201526033366503 0.035434472234609306 0.017381574877673864 0.0085223106962801238 -0.0040455040052308749 -0.0038199366849378017 0.031471160773137247 -0.01902414323125462 0.010004577672873662 -0.016311837605739867 0.00070227515824780248 -0.017461913079660663
leaf_weight=16.325136706233028 58.113700181245804 13.625488370656969 20005.257198624313 17.416713863611221 58.866300076246262 999.36656788736582 386.16659601777792 43.830234587192535 318.03695946931839 16.215431734919548 89.569413967430592 23645.337126918137 18.732537671923637 237.48441185057163 76.423245534300804 37.633479848504066 13.59425865113735 47.168639078736305 27.350348591804504 14.92438569664955 19.710928961634636 23.366953790187836 80.450392693281174 51.589546263217926 12.051467716693876 40.321739971637726 29.251689538359642 17.930388405919075 23.489713951945305 155.68146404623985
leaf_count=67 236 56 81266 71 238 4110 1609 180 1291 65 423 95845 76 960 311 156 56 194 112 61 80 95 329 214 50 168 121 74 98 647
internal_value=-6.7102e-07 -0.00459347 4.9242e-05 7.82246e-05 0.00571612 2.51171e-05 -0.00290117 0.00384511 0.000126171 0.00780029 -0.00556513 6.74067e-05 0.00934128 0.0109726 -0.00434307 -0.00720461 0.00916876 0.0054861 2.71864e-05 0.0197346 -0.000219835 -0.00817179 -0.010987 -0.00853599 -0.00198615 -0.00796856 -0.0114575 3.67123e-06 0.0111355 -0.0140664
internal_weight=46595.3 500.938 46094.3 45932.4 428.634 45503.8 1518.93 429.997 43984.8 334.252 1088.94 43650.6 315.083 296.351 113.551 397.869 29.9194 103.069 74.519 28.5499 96.1342 161.931 138.564 367.949 113.496 77.9552 254.453 47.1821 35.5412 207.271
internal_count=189259 2074 187185 186525 1736 184789 6322 1789 178467 1356 4533 177111 1274 1198 462 1651 123 423 306 117 391 660 565 1528 472 324 1056 195 148 861
is_linear=0
shrinkage=0.03


Tree=90
num_leaves=31
num_cat=0
split_feature=37 35 39 38 35 31 17 7 0 21 37 9 19 23 17 0 10 2 1 2 7 27 28 12 27 23 31 40 19 41
split_gain=11.8353 26.7524 13.5039 16.969 15.553 15.3882 19.2328 22.7065 19.6843 18.8444 16.31 14.2689 15.1482 16.2509 14.5571 14.2167 13.7136 24.652 16.4635 14.9547 13.4557 12.8698 12.5805 11.8362 11.284 11.1072 19.2067 16.5061 18.4258 12.7078
threshold=1.0000000180025095e-35 -0.017047400045778923 0.00081189702544724556 0.60961615072462216 0.0063791057725518666 -0.0093008791478718048 -0.0063482758954855395 0.026724217164956095 -0.0082005083455318362 -0.12499999999999999 0.083126307147029996 -0.036332974557442242 0.98140509660090613 0.012005683311461847 -0.040576400128713858 -0.0086207203259846838 0.013522446512221595 -0.00087798324552426643 1.0000000180025095e-35 0.02773635037209693 0.035811406597866566 0.039441500279468765 2.0922592659286487 0.007046210478571114 0.051135846313264198 0.0033444245092909279 0.0095487666385802878 0.00030556011104153065 0.93079199764494813 0.010000216877259984
decision_type=2 2 2 2 2 2 2 2 2 2 2 2 2 2 2 2 2 2 2 2 2 2 2 2 2 2 2 2 2 2
left_child=1 -1 5 11 -5 6 10 9 -9 -8 -2 15 13 -13 -14 -4 17 22 -19 -18 -21 -12 -7 -6 -17 -3 27 -27 -29 -28
right_child=2 25 3 4 23 16 7 8 -10 -11 21 12 14 -15 -16 24 19 18 -20 20 -22 -23 -24 -25 -26 26 29 28 -30 -31
leaf_value=0.044263941974093224 -0.0032993360538782039 0.0074613309847578538 0.0099702599429957461 -0.00053409760674984913 -0.008687492210441258 -0.0016700480440506697 0.029470945009048358 0.0025304001446701894 -0.0027144704659736681 0.0026740861813946584 0.027931201707356423 0.0026085145248100879 0.020823242132432876 -5.4287117651229557e-06 -0.0003147957583326729 -0.030834273855770814 -0.0043589023506248889 -0.0081423569527265746 0.0012702819705483028 -0.0021215192321813342 0.004303401959562937 0.0026296291076853507 0.0092982990721634726 0.0020939336412633997 0.0081125810739271029 -0.0047592153773344222 -0.031308324860185997 0.020830427390997674 -0.0018725987744618536 -0.0013040668513513854
leaf_weight=14.595270425081251 1377.5053064450622 284.26814237236977 247.64355662465096 3019.8916428685188 394.21016865968704 8921.1769471168518 23.772333741188049 1027.9576538801193 1724.2280445098877 3655.6339975595474 25.665785327553749 5702.0774591192603 29.445184797048569 3427.0878861472011 6992.0087358430028 14.595158308744432 2014.4141116738319 172.55963020026684 5425.9896381646395 1093.8346862345934 400.88636481761932 61.325025364756584 95.118394255638123 119.40075497329235 12.369136050343512 135.97911727428436 27.683090418577194 68.802669838070869 60.434361502528191 23.479013785719872
leaf_count=70 5600 1159 1001 12262 1599 36220 96 4195 7025 14792 106 23105 119 13904 28398 59 8172 959 21887 4446 1635 250 387 485 50 551 113 276 243 95
internal_value=-6.64247e-07 0.00413268 -5.59725e-05 0.000531057 -0.00135492 -0.000506254 0.000599048 0.00130556 -0.00075548 0.00284722 -0.00250374 0.00093678 0.000821482 0.00162724 -0.000226151 0.00771786 -0.000987802 -0.000583438 0.000980164 -0.0026719 -0.000398346 0.0100946 -0.00155434 -0.0061811 -0.0129685 0.00315752 -0.000709479 0.00253705 0.0102139 -0.0175389
internal_weight=46594 615.242 45978.8 19958.7 3533.5 26020.1 7896.09 6431.59 2752.19 3679.41 1464.5 16425.2 16150.6 9129.17 7021.45 274.608 18124 14614.8 5598.55 3509.14 1494.72 86.9908 9016.3 513.611 26.9643 600.646 316.378 265.216 129.237 51.1621
internal_count=189259 2507 186752 80982 14346 105770 32064 26108 11220 14888 5956 66636 65526 37009 28517 1110 73706 59453 22846 14253 6081 356 36607 2084 109 2437 1278 1070 519 208
is_linear=0
shrinkage=0.03


Tree=91
num_leaves=31
num_cat=0
split_feature=4 29 27 33 14 6 24 9 40 28 15 42 27 1 14 19 2 6 41 45 22 18 24 14 19 31 5 3 33 37
split_gain=11.813 13.5885 14.266 17.5996 13.4442 12.7866 12.7074 16.751 13.3661 12.6884 19.7855 12.3348 12.1127 11.6623 15.3291 11.6422 16.1164 11.4814 13.1821 15.7436 12.418 11.5193 13.9692 16.6458 12.5606 11.7247 14.62 11.3146 10.8147 10.7634
threshold=0.32350331944917438 0.025323785297115407 0.083198707723562262 0.48095907128947962 0.81510002136230475 -0.049236464725145916 0.70769265019919902 -0.0053386489159337712 0.0074535750744168959 -1.7068374921875538 -0.034999990463256823 0.014862521561006399 0.026225499004597096 0.016286707223108373 0.25389999389648443 0.9515053579007875 0.010594919749150731 0.36611778461559569 -0.017534696010227377 0.00082773716612596427 0.15000000000000002 2.8177381370473973 0.50059171810201375 0.25869999885559086 0.89401414012925595 -0.1048846476832669 -0.046912520133223549 17.643800142510276 0.70464846394765257 0.040404001040240611
decision_type=2 2 2 2 2 2 2 2 2 2 2 2 2 2 2 2 2 2 2 2 2 2 2 2 2 2 2 2 2 2
left_child=9 4 3 -3 5 6 7 -2 -8 10 12 -12 -1 27 -15 -6 29 21 -19 -20 -21 25 23 -23 -24 -11 -27 -7 -5 -17
right_child=1 2 -4 28 15 13 8 -9 -10 17 11 -13 -14 14 -16 16 -18 18 19 20 -22 22 24 -25 -26 26 -28 -29 -30 -31
leaf_value=-0.032299269641676231 -0.0071504476787540927 -0.0049553622401688202 -0.01324828752895388 0.02225187468844373 -0.0061380209167316568 0.0052313200459735238 0.010042040891778882 -0.001183906785770473 -0.016647740218109632 -0.008686766305240446 -0.02033278846450377 0.007687869555057035 0.0060208481897345255 -0.0035717022513010797 7.654540279709595e-05 -0.01699370582556653 0.026066258975350531 -0.010172622913941812 0.016161635580014239 -0.020274824967511484 0.0056472584506936157 -0.018178842591305058 -0.0054130431645895254 -0.0024835768809686573 0.022370351324868011 0.002192372788621908 0.00017170943108208231 -0.008788255494105059 0.00056045492461478897 0.011668455596285052
leaf_weight=37.518093921244144 715.09031569957733 474.80217480659485 145.82565534114838 36.37674905359745 35.549263760447502 531.70978145301342 112.30870455503464 1038.4956232607365 19.875737965106964 128.6641164124012 19.209659159183502 53.56297379732132 9.2551965266466123 1237.4870762079954 6383.639993801713 17.441756680607796 49.762802436947823 36.905379548668861 128.0984860509634 20.830210581421852 82.532646283507347 64.404947370290756 24.272805474698544 1090.977588146925 36.920343041419983 3605.9227132275701 30312.830086566508 57.403266131877899 47.959031164646149 36.400218337774277
leaf_count=326 2929 1946 605 148 144 2142 454 4240 82 524 86 234 39 5015 25898 71 200 149 516 84 333 265 102 4454 154 14666 122877 231 195 150
internal_value=-6.52325e-07 -0.000862985 -0.00489164 -0.00271219 -0.000585505 -0.000713153 -0.00294085 -0.00361699 0.00602887 0.000263963 -0.00949329 0.000291308 -0.0247167 -0.000201483 -0.000515842 0.00867573 0.0137587 0.00029679 0.00647849 0.00913343 0.000423308 0.000249746 -0.00261866 -0.00335848 0.0113498 0.00035224 0.000386527 0.00386525 0.00991667 0.00238354
internal_weight=46592 10940.1 704.964 559.138 10235.2 10096 1885.77 1753.59 132.184 35651.9 119.546 72.7726 46.7733 8210.24 7621.13 139.154 103.605 35532.4 268.367 231.461 103.363 35264 1216.58 1155.38 61.1931 34047.4 33918.8 589.113 84.3358 53.842
internal_count=189259 44450 2894 2289 41556 40991 7705 7169 536 144809 685 320 365 33286 30913 565 421 144124 1082 933 417 143042 4975 4719 256 138067 137543 2373 343 221
is_linear=0
shrinkage=0.03


Tree=92
num_leaves=31
num_cat=0
split_feature=8 14 45 45 23 16 40 12 15 14 43 12 20 20 19 23 12 15 8 15 24 14 34 26 35 35 21 45 16 14
split_gain=11.667 22.8222 37.6307 32.0056 31.0044 29.2706 27.2968 27.7513 24.2313 23.5166 22.9027 23.0059 21.251 19.6851 22.4372 21.2901 23.6671 20.2038 19.2284 18.9723 23.3913 20.3297 18.8105 22.2625 18.7055 24.9828 26.3173 23.8345 22.8183 21.8593
threshold=0.028246442555306502 0.26110000610351569 -0.0057703979947873784 -0.005997017480660804 0.067857835771719069 0.0013971128281725805 -0.039057171230984455 0.0074535750744168959 -0.0025000095367431635 0.24250000000000002 -1.7079519632802478 0.003355041060711579 0.33000000000000007 0.43500000000000005 1.0538961013276713 -0.034713897697889753 0.037521183991521358 0.038999986648559574 0.74689741591675574 -0.10550003051757811 -0.50148834584815438 0.18960000038146976 0.026771405453847364 0.0090810551718038621 0.0051221853908051907 0.00066309459019881401 0.16250000000000003 -0.0065302758329785241 0.01703253804718028 0.55210000991821306
decision_type=2 2 2 2 2 2 2 2 2 2 2 2 2 2 2 2 2 2 2 2 2 2 2 2 2 2 2 2 2 2
left_child=1 2 3 4 5 -1 -4 8 -8 -6 11 -3 -9 14 15 16 -2 18 -16 20 -17 -21 23 -15 25 26 -12 -27 29 -26
right_child=13 10 6 -5 9 -7 7 12 -10 -11 24 -13 -14 22 17 19 -18 -19 -20 21 -22 -23 -24 -25 28 27 -28 -29 -30 -31
leaf_value=-0.006108990569444625 -0.0010497874473514202 0.015291738035034644 -0.040282397901502578 0.038772828889219069 0.057294738620591319 0.0085730796160532023 -0.0078367272974643864 0.00075259627984230841 -0.0019232506907664098 0.011289226230978992 0.00028119218057151866 -0.0051297839244294581 0.025143197844528734 0.007703062542171641 -0.0023312189786812237 0.024936140986454438 -0.032252817986783928 0.0013404034576762302 0.020651952699145871 0.015710783568667223 0.0037388727730415204 0.000827831906515918 -0.0040976738009035635 0.00073468225092473667 0.0020342789080198785 -0.010924654765621628 0.02887239303832977 -0.0016856949696079874 -0.0035144618216845381 0.0098902648569349112
leaf_weight=258.52807381004095 3277.8705707266927 166.30540040135384 18.496700309216976 23.508179187774658 15.180019646883009 231.76404638588428 1345.3568082526326 544.55096718668938 1162.530404523015 29.304290890693665 9508.0856221169233 70.778472989797592 34.166822269558907 910.14295214414597 5080.6382644623518 48.143005043268204 22.024306401610374 2052.6343272924423 32.974289387464523 83.309290394186974 1748.6040717437863 9741.2027888223529 262.4370538443327 754.83184379339218 1990.718480989337 262.36831359565258 29.063266709446907 5959.9825789108872 545.21135714650154 379.54684275388718
leaf_count=1093 13291 688 108 95 61 974 5495 2208 4714 118 38707 286 138 3664 20648 194 90 8314 133 335 7073 39458 1060 3047 8066 1070 117 24266 2211 1537
internal_value=-6.51034e-07 -0.000490289 -0.00265754 0.00451315 0.00300713 0.000831313 -0.00394681 -0.00372906 -0.00509554 0.0269883 -7.04777e-05 0.00919514 0.00219259 0.00045964 0.000205913 0.000868554 -0.00125804 -0.0011738 -0.00218302 0.00147241 0.00430684 0.000954035 0.00336725 0.00454388 -0.000188107 -0.000596483 0.00036832 -0.00207526 0.00201935 0.00329225
internal_weight=46590.3 22575.4 3663.39 558.285 534.776 490.292 3105.1 3086.61 2507.89 44.4843 18912.1 237.084 578.718 24014.8 22087.4 14921.2 3299.89 7166.25 5113.61 11621.3 1796.75 9824.51 1927.41 1664.97 18675 15759.5 9537.15 6222.35 2915.48 2370.27
internal_count=189259 91952 15004 2341 2246 2067 12663 12555 10209 179 76948 974 2346 97307 89536 60441 13381 29095 20781 47060 7267 39793 7771 6711 75974 64160 38824 25336 11814 9603
is_linear=0
shrinkage=0.03


Tree=93
num_leaves=31
num_cat=0
split_feature=1 4 23 40 45 16 15 21 24 6 23 16 5 22 30 14 45 30 40 13 23 30 13 1 9 24 17 17 43 15
split_gain=11.6363 18.9154 17.7702 28.1641 29.9745 21.2664 18.3647 17.3894 18.9013 15.4924 15.7034 36.2278 24.6524 20.3424 40.6673 25.723 23.7246 20.6417 18.8292 44.7669 18.3793 17.8732 14.9948 16.5268 14.8876 23.8341 22.0148 39.0647 17.5538 17.0834
threshold=0.047513828514543353 0.85717236622881832 0.043772138061069346 -0.00030168631091931 -0.00010969125636906272 0.026745438121152942 0.12300009727478028 0.16250000000000003 -0.30383596376367511 -0.0087086576549520994 -0.010936518154149059 -0.022536938084767279 -0.0073448166812333229 1.7833333333333334 -0.0029299981724404361 0.24159999847412111 0.0068982255722212747 -0.00061030796463612156 0.001017552897143214 0.0028183012803924263 -0.039430267008258212 -0.017961617732116585 0.020145467941419967 0.056476673194938508 0.0046894002004514547 -0.45906666096342613 0.0012825784211732251 0.0031190015092672509 -9.9411349836180687 0.19300003051757816
decision_type=2 2 2 2 2 2 2 2 2 2 2 2 2 2 2 2 2 2 2 2 2 2 2 2 2 2 2 2 2 2
left_child=9 2 7 -4 6 -6 -5 22 -9 10 11 18 20 15 -15 -12 -17 -16 -1 -20 -13 -14 -2 -24 25 26 -11 -28 -26 -30
right_child=1 -3 3 4 5 -7 -8 8 -10 24 13 12 21 14 17 16 -18 -19 19 -21 -22 -23 23 -25 28 -27 27 -29 29 -31
leaf_value=-0.0096307578158898455 -0.00093708534173790234 -0.0039731855328177523 0.0085543024331285137 0.0036189225514148249 -0.0012492900570580034 -0.015991835706300635 0.01885053003274181 0.031421604691954298 0.0030926795765361692 0.0021471316306549003 -0.014920627643755555 -0.0047547013338444469 0.022433040179539919 -0.0058473009528015769 0.007222078543516852 -0.0026627555873355458 0.0039705276321777457 0.00072314930158181765 0.031262506543729175 -0.006817671117814581 0.0017062784818809619 0.0042633844644421144 -0.017063572321627991 -0.0024707658539248811 0.020525022245692803 0.0010864949912502608 0.03225220414779538 0.0071588087274600835 -0.00050441299819302995 0.0057618354505956683
leaf_weight=390.97465215623379 6738.4631475508213 1518.230176076293 472.68305905163288 349.96232365071774 947.63089488446712 97.084756657481194 89.451478093862534 29.537669226527214 75.066165879368782 519.84154875576496 142.54809755086899 557.83991426974535 50.224867329001427 807.51854342222214 501.30790646374226 4948.5172886624932 538.03139221668243 3587.8682999834418 37.474874496459961 107.44819156825542 1367.9987946301699 1631.64694108814 109.6727748811245 192.35339799523354 36.848345533013344 11238.385327354074 67.991736188530922 312.28930680453777 8713.150672018528 409.98786145448685
leaf_count=1587 27435 6226 1917 1419 3851 400 360 119 305 2116 585 2276 202 3330 2039 20134 2222 14635 152 436 5550 6646 449 786 150 45548 273 1273 35183 1655
internal_value=-6.5007e-07 -0.000873188 -0.000356098 0.00217688 0.000145718 -0.00261931 0.00671962 -0.0010498 0.0110921 0.000256982 -0.000493244 0.00107117 0.0021523 -0.00110909 0.00030495 -0.00233916 -0.00201227 0.00151988 -0.0062071 0.00302928 -0.000165214 0.00480598 -0.0012302 -0.00776976 0.000773702 0.00146271 0.00615991 0.0116453 -0.000139349 -0.000222812
internal_weight=46588 10620.1 9101.91 1956.81 1484.13 1044.72 439.414 7145.09 104.604 35967.9 14669.4 4143.61 3607.71 10525.8 4896.69 5629.1 5486.55 4089.18 535.898 144.923 1925.84 1681.87 7040.49 302.026 21298.5 12138.5 900.123 380.281 9159.99 9123.14
internal_count=189259 43267 37041 7947 6030 4251 1779 29094 424 145992 59794 16849 14674 42945 20004 22941 22356 16674 2175 588 7826 6848 28670 1235 86198 49210 3662 1546 36988 36838
is_linear=0
shrinkage=0.03


Tree=94
num_leaves=31
num_cat=0
split_feature=12 40 14 14 4 5 16 17 9 2 10 41 16 45 1 29 16 23 8 16 40 14 36 37 17 40 8 1 29 27
split_gain=11.4175 20.0503 30.8388 21.9615 18.9334 18.1934 18.0729 16.3849 16.352 18.5943 19.2599 18.0763 16.844 29.9935 17.8617 15.743 19.5938 18.112 19.0534 18.5619 17.9039 15.388 14.5775 13.2122 12.6919 12.745 12.5362 12.0507 11.6426 11.1201
threshold=0.0013055598480894526 -0.012904684853244497 0.2671000003814698 0.26850000381469735 -9.9411349836180687 -0.067929851180990194 -0.040387037146018691 0.0048070217598894733 -0.074361296511386274 -0.0016983908763292524 0.017489597451445144 0.012314504156248613 0.0043420004998594866 9.156570893712997e-05 0.04676278079343333 0.036760681725490171 0.046257528509006905 -0.072383730619236961 0.028246442555306502 -0.026463838984610018 -0.00024413189078236006 0.36789999008178714 0.013730181321937382 0.044344338281776162 0.00050816787805301323 0.002093568274317312 0.47965572342521218 0.055911777902981193 -0.016483204779427909 0.030334994859093297
decision_type=2 2 2 2 2 2 2 2 2 2 2 2 2 2 2 2 2 2 2 2 2 2 2 2 2 2 2 2 2 2
left_child=4 2 7 -4 5 -1 -5 -2 23 12 22 -12 13 -10 -14 16 17 19 -19 -6 -18 -8 -11 27 25 -7 -17 -3 -29 -22
right_child=1 8 3 6 15 24 21 -9 9 10 11 -13 14 -15 -16 26 20 18 -20 -21 29 -23 -24 -25 -26 -27 -28 28 -30 -31
leaf_value=0.01761582652406718 -0.012123755173487492 -0.013925669774889227 0.033061996962704454 0.019624252569431091 -0.0076841285412125081 -0.0027412664585948093 0.0014805197802343086 -0.039976346536883471 0.0039217328935470114 0.0034237228506241242 -0.0022018443148274103 0.0032502410183799396 -0.00069114287820591354 -0.0010387404184068777 -0.0058233461122757166 -0.0045973180146692393 -0.002839348078858953 -0.0012540876622531508 0.00038823899379656566 0.0050168950273458924 0.012561957843448658 -0.0080259070966915268 -2.1508510685882977e-05 0.027553652338142338 -0.032004715615603675 -0.025878520485459928 0.0014952235753325591 -0.012675093828223341 0.020678552737799453 0.0033759585535496155
leaf_weight=17.57847123593092 128.46394921839237 21.148758098483086 16.40889447927475 32.768245160579681 116.53738653659821 70.259471148252487 308.41047567129135 22.31000280380249 1790.2492912113667 4712.4305108189583 1742.2109557241201 797.98372092843056 2582.7508594840765 2833.1709360927343 799.16719727218151 1270.110188126564 189.70164251327515 12590.77833648771 12842.333876393735 929.88841922581196 242.24084611237049 304.59848535060883 1444.023789845407 35.130524948239326 30.046356037259102 30.828625924885273 399.58174273371696 12.28970058262348 40.324324294924736 232.37919031083584
leaf_count=73 520 86 66 132 472 328 1252 132 7246 19032 7058 3231 10461 11484 3263 5194 767 51318 51992 3765 980 1237 5836 148 209 203 1618 50 164 942
internal_value=-6.47476e-07 0.00060142 -0.00400001 -0.00121191 -0.000367012 -0.0110439 -0.00208279 -0.0162451 0.000823941 0.000748392 0.00170877 -0.000489111 -0.000294919 0.00088202 -0.00190391 -0.000311906 -0.000137987 -0.000265653 -0.000424802 0.00360242 0.00495075 -0.00324314 0.00261563 0.0124116 -0.0148857 -0.00979739 -0.00313928 0.00519998 0.0128877 0.00806439
internal_weight=46586.1 17623.8 812.96 662.186 28962.3 148.713 645.777 150.774 16810.9 16702 8696.65 2540.19 8005.34 4623.42 3381.92 28813.6 27143.9 26479.5 25433.1 1046.43 664.322 613.009 6156.45 108.893 131.134 101.088 1669.69 73.7628 52.614 474.62
internal_count=189259 71398 3339 2687 117861 813 2621 652 68059 67611 35157 10289 32454 18730 13724 117048 110236 107547 103310 4237 2689 2489 24868 448 740 531 6812 300 214 1922
is_linear=0
shrinkage=0.03


Tree=95
num_leaves=31
num_cat=0
split_feature=3 23 15 36 1 40 35 17 3 10 9 6 7 14 13 2 15 3 7 17 29 44 33 45 25 27 15 8 16 9
split_gain=11.2646 11.7128 16.4993 16.3065 14.5922 14.0253 23.8354 15.7669 17.3413 14.0129 13.6211 13.5817 15.0116 20.1761 16.2513 13.617 16.0201 12.9056 11.7072 11.6089 10.722 10.282 11.2646 13.2011 12.3344 10.3402 10.2213 10.0949 9.76466 9.71376
threshold=19.536250485302773 0.11561066042934286 -0.14699997901916503 -0.052929283189990774 0.048269583128975779 0.017554610457252443 -0.0074894625125593141 -0.0025464146793509074 12.16877308399819 -0.013389387483002274 0.00053146475856974136 0.31670942536295615 0.039866521842482322 0.39979999542236339 0.00049865380950421154 0.012604071246990299 -0.09750003814697264 18.60166071368857 0.021011945347484001 0.0015475184922862826 -0.056285928147604893 0.01257029845222186 -0.031670922351498369 0.0032650730390137834 -0.19579340926079339 0.089059359455003706 -1.0000000180025095e-35 0.24049226002888632 0.0046052596880162408 0.019768361071046132
decision_type=2 2 2 2 2 2 2 2 2 2 2 2 2 2 2 2 2 2 2 2 2 2 2 2 2 2 2 2 2 2
left_child=1 5 9 -4 19 11 10 18 -9 -3 -7 12 14 -14 -1 16 -13 -17 -8 -5 -6 22 23 24 28 -23 -26 -27 -2 -12
right_child=21 2 3 4 20 6 7 8 -10 -11 29 15 13 -15 -16 17 -18 -19 -20 -21 -22 25 -24 -25 26 27 -28 -29 -30 -31
leaf_value=-0.0087578257278371485 -0.0077012907852766089 0.00028302004911489318 -0.016040665565399247 0.023051084304049951 -0.026286407507162338 0.014572287869349729 0.007862402211097996 -0.028791910430676294 -0.0072303918801413245 0.031051999268372165 -0.0026677771531627937 0.016408247668059261 -0.0036973931021915428 0.00070463184722940387 0.00028432334674795333 0.011934168725302017 -0.0050018602854918822 -0.0072092945480000063 -0.0043381075793875205 0.00077796174193417585 0.0024196426755672125 0.003419124437976726 -0.0012307320478959403 0.0015968151060686594 -0.0073478285853470189 0.0053559241964634789 0.025337015499984791 -0.022596270487965888 -0.017969544718051397 0.012252519188929502
leaf_weight=179.7136659771204 207.82574880123138 20.86178632080555 37.596734300255775 58.433110460639 12.331665173172949 80.209589093923569 106.52277026325464 35.749796971678734 550.86564050614834 36.854978516697884 195.63697127997875 39.083250164985657 2100.6967727541924 1691.7111196517944 39031.272648446262 242.48489728569984 161.11985168606043 36.459804579615593 210.98351712524891 32.929144591093063 232.44568276405334 338.92348816990852 558.41120359301567 112.2279952019453 19.815493434667587 19.397650733590126 15.228847861289976 29.03148128092289 139.16238957643509 49.134270712733269
leaf_count=742 850 84 154 235 50 324 436 150 2257 152 794 158 8654 6892 158357 976 656 147 890 133 940 1379 2280 459 81 80 62 119 570 198
internal_value=-6.51699e-07 8.2669e-05 0.00500192 0.00269647 0.00479219 3.51999e-05 -0.00312511 -0.0056298 -0.0085444 0.0199305 0.00384312 0.000124531 6.85651e-05 -0.00173375 0.000242881 0.00514746 -0.000822222 0.009432 -0.000244859 0.0150233 0.000973457 -0.00261266 -0.0041504 -0.00744901 -0.0101064 0.0015663 0.00685568 -0.0114004 -0.0118195 0.000327256
internal_weight=46583.1 45143.1 431.453 373.736 336.14 44711.6 1229.1 904.122 586.615 57.7168 324.981 43482.5 43003.4 3792.41 39211 479.148 200.203 278.945 317.506 91.3623 244.777 1440.02 1052.67 494.26 382.032 387.353 35.0443 48.4291 346.988 244.771
internal_count=189259 183379 1748 1512 1358 181631 5049 3733 2407 236 1316 176582 174645 15546 159099 1937 814 1123 1326 368 990 5880 4302 2022 1563 1578 143 199 1420 992
is_linear=0
shrinkage=0.03


Tree=96
num_leaves=31
num_cat=0
split_feature=4 28 16 15 3 11 8 8 43 14 28 15 39 19 19 42 45 0 24 13 14 23 30 35 35 24 5 40 40 15
split_gain=10.9183 12.5467 21.5607 14.8619 12.5948 13.9582 13.0735 13.4636 12.2099 13.6946 11.9995 19.0986 11.9578 11.8869 11.8579 11.6903 11.1646 10.9699 10.3158 40.7594 26.1523 30.7547 22.1261 12.5137 25.6694 24.4862 20.5038 18.9797 24.4149 19.1401
threshold=0.32350331944917438 -9.9411349836180687 0.029126042875974052 -0.12749996185302734 13.4038445112666 -0.47036874451273042 -0.0026937896178932156 -0.30783588440267007 -0.15273057093166995 0.53370000839233411 -1.7068374921875538 -0.034999990463256823 0.022347329085432126 0.63589570430190312 1.3268686672350862 0.014862521561006399 -8.4634815780275014e-05 -0.10489401629644098 -0.43612202545406825 0.014306392480665148 0.39230001449584967 -0.0037122867144007625 -0.0017120521766838934 0.00061596892562089888 0.0027521982244895541 0.75183934542560171 -0.046912520133223549 -0.0011221965029666501 -6.6033479423637558e-05 -0.26749982833862301
decision_type=2 2 2 2 2 2 2 2 2 2 2 2 2 2 2 2 2 2 2 2 2 2 2 2 2 2 2 2 2 2
left_child=10 2 3 -2 -3 6 7 -6 9 -7 11 -1 14 -8 -5 -13 -14 -10 19 20 22 -22 -12 27 25 -25 -26 29 -29 -20
right_child=1 4 -4 12 5 8 13 -9 17 -11 18 15 16 -15 -16 -17 -18 -19 23 -21 21 -23 -24 24 26 -27 -28 28 -30 -31
leaf_value=-0.024378589667295919 -0.015520204161505407 -0.0042930479198997331 0.039214395087349745 0.0060906503560550947 -0.00014343060011530494 0.00023724009308325719 -0.013252071882226983 -0.01717748589853629 -0.029011393986686312 0.0060691858510342834 0.0096708609038306456 -0.019814872149719526 -0.033042740541032962 0.0094695545771471094 0.028787427856113261 0.0075022911595987686 0.0065982303948020956 -0.0012647076715927891 0.013137682046803193 0.04213489223766375 -0.0029278470229966956 0.015309257591056733 0.0018844527298386546 -0.0018476543494360025 0.004867051881748399 0.012454158752353376 0.00018602202948847331 0.0043736133827318975 0.00071291688835323328 -0.0015475487993927377
leaf_weight=46.068271271884441 32.243457719683647 946.05559797585011 16.180363774299622 162.57518266141415 61.548669323325157 3244.1503724753857 30.924583464860916 129.89200438559055 12.852449640631674 407.94912451505661 478.88549637794495 19.137360244989395 12.57760100066662 62.810204461216927 23.742094025015831 53.55669130384922 13.006977915763853 5779.5503469407558 81.758210733532906 22.63995473086834 1121.5305193960667 89.893370017409325 1045.5919628292322 7961.6438417285681 948.78450673818588 109.2190947830677 7493.7062245830894 1934.315435230732 10766.450577408075 3472.287451736629
leaf_count=365 131 3852 70 659 255 13173 128 546 55 1653 1932 86 51 260 98 234 53 23466 329 91 4535 363 4253 32281 3852 449 30374 7816 43671 14178
internal_value=-6.43699e-07 -0.000829853 0.00567737 0.00345475 -0.00098853 -0.000667219 -0.00720636 -0.011701 -0.00046977 0.000888684 0.000253758 -0.00926629 0.00634203 0.00197333 0.00898286 0.000310803 -0.0128896 -0.00132627 0.000285583 0.00204748 0.00171575 -0.00157457 0.0043304 0.00013726 -0.000444389 -0.00165411 0.000712086 0.00072816 0.00127044 -0.00120973
internal_weight=46581.5 10936.1 260.326 244.145 10675.7 9729.68 285.175 191.441 9444.5 3652.1 35645.5 118.762 211.902 93.7348 186.317 72.6941 25.5846 5792.4 35526.7 2758.54 2735.9 1211.42 1524.48 32768.2 16513.4 8070.86 8442.49 16254.8 12700.8 3554.05
internal_count=189259 44450 1062 992 43388 39536 1189 801 38347 14826 144809 685 861 388 757 320 104 23521 144124 11174 11083 4898 6185 132950 66956 32730 34226 65994 51487 14507
is_linear=0
shrinkage=0.03


Tree=97
num_leaves=31
num_cat=0
split_feature=37 40 38 13 30 2 13 17 12 6 14 40 9 30 13 31 14 40 19 6 25 38 12 15 9 6 16 16 3 18
split_gain=10.9018 17.2795 15.5625 13.6607 28.5733 19.1023 18.83 45.4475 18.9194 19.8949 15.6891 14.1562 16.4256 13.833 52.9498 13.7655 14.4344 13.4049 12.8592 14.9659 12.6723 12.7817 12.4755 11.6066 11.4068 11.2651 9.21945 8.99929 12.3503 12.0488
threshold=1.0000000180025095e-35 0.01079125978862612 -9.9411349836180687 0.020145467941419967 0.015138458025456396 0.036345802533412595 0.018360313375594486 0.0054525438608215475 0.00018779889018508489 0.12215306750059719 0.27690000534057624 -0.024468026908215465 0.0007157577570456817 -0.017961617732116585 0.0091864695550862869 -0.1048846476832669 0.53370000839233411 -4.0000383760315589e-05 1.099784189104845 -0.061420616175041569 -0.59514912154289978 -0.52037495938649403 -0.00021573987340376357 -1.0000000180025095e-35 -0.0010099057406004709 0.019032153177728665 0.0035496077280335147 0.0052847914193365443 18.641272089649011 0.32475721490096071
decision_type=2 2 2 2 2 2 2 2 2 2 2 2 2 2 2 2 2 2 2 2 2 2 2 2 2 2 2 2 2 2
left_child=1 27 -3 6 10 18 13 8 9 -8 11 -5 -13 14 -2 22 -17 -16 19 -6 24 -22 -15 -10 -12 -7 -20 28 29 -1
right_child=3 2 -4 4 5 25 7 -9 23 -11 20 12 -14 15 17 16 -18 -19 26 -21 21 -23 -24 -25 -26 -27 -28 -29 -30 -31
leaf_value=-0.0037845803950404518 0.058701060849364543 0.0056629387063352986 0.032007898683006568 -0.042200049171614559 0.02085611351729158 0.0037590193502184529 0.016092341561362845 0.055864231055884145 0.0077040879492541849 -0.019862310795043588 -0.03906512402924301 -0.018980462740073183 -0.0025788783251523271 -0.021074919789122331 0.0095907207652867251 -0.00021774341604063356 0.0015588435909097054 -0.0019459409913455893 0.0019630514811364748 0.0051043483360737572 -0.012537886965453967 -0.0013711706089062532 -0.0023463236870802213 -0.0083603877554671146 -0.0069287019761081047 -0.02225549932821284 -0.01732329535887725 0.0061919214209344205 -0.024546896646344143 0.010650915562754035
leaf_weight=195.35074891149998 16.229074582457542 48.128568738698959 34.751653328537941 13.498669296503065 69.270343169569969 24.401341661810875 134.63218520581722 16.368371412158012 65.664083212614059 15.439170464873312 16.596370190382004 106.90630540251732 113.07879017293453 52.41407984495163 166.82243229448795 38912.271560415626 4602.8030263632536 198.50645123422146 82.345303609967232 250.94992546737194 105.83477875590324 718.88873992860317 82.230181992053986 105.52961091697216 24.787253439426422 38.806133627891541 30.595711663365364 245.81443813443184 19.714964970946312 70.933679804205894
leaf_count=805 65 193 152 66 288 99 542 66 271 63 69 526 461 214 674 158018 18627 802 334 1031 435 2938 337 428 102 159 137 990 80 287
internal_value=-6.38992e-07 0.00396813 0.0167094 -5.37139e-05 -0.00278064 0.0031939 4.43742e-05 0.00710211 0.00461769 0.0123934 -0.00547762 -0.0123794 -0.0105496 -9.74472e-06 0.00567759 -5.94598e-05 -2.98251e-05 0.00332212 0.00544203 0.00851178 -0.00361704 -0.00280417 -0.00963696 -0.0021986 -0.0198166 -0.0122126 -0.00326162 0.00198248 -0.0016355 6.07922e-05
internal_weight=46579.6 614.694 82.8802 45964.9 1595.96 496.369 44368.9 337.633 321.265 150.071 1099.59 233.484 219.985 44031.3 381.558 43649.7 43515.1 365.329 433.161 320.22 866.107 824.724 134.644 171.194 41.3836 63.2075 112.941 531.814 285.999 266.284
internal_count=189259 2507 345 186752 6645 2048 180107 1370 1304 605 4597 1053 987 178737 1541 177196 176645 1476 1790 1319 3544 3373 551 699 171 258 471 2162 1172 1092
is_linear=0
shrinkage=0.03


Tree=98
num_leaves=31
num_cat=0
split_feature=15 5 39 16 13 38 12 30 17 16 23 23 6 16 14 37 35 17 35 13 9 15 15 12 22 23 26 22 13 30
split_gain=10.7188 19.2312 18.8486 18.4744 17.4471 19.2837 19.164 29.5085 17.1266 20.7613 20.0981 17.7123 17.1078 16.4641 16.0912 15.8826 20.8674 17.092 32.6501 47.3966 28.0595 19.3662 28.0057 19.4586 15.8412 15.4173 16.8091 16.7156 18.039 12.9464
threshold=-1.0000000180025095e-35 -0.046912520133223549 -0.024435252690070092 0.094201740289612299 0.010821226273766331 -0.53884699975560035 0.0023783717216026407 -0.017961617732116585 -0.003087608260766728 0.068745377841747349 0.058026236002556041 -0.032301671011680431 -0.015434618122353192 -0.003928822773819775 0.26289999961853033 1.0000000180025095e-35 -0.017047400045778923 0.0041752835271147625 -0.0026085876233636119 0.0065446744502447689 0.02047309133045375 -0.18000001907348631 -0.18900003433227536 -0.0044975906417759311 0.41666666666666674 0.034958715531838221 -0.011420594762821342 1.6166666666666669 0.00431094737707074 -0.0078340934961835008
decision_type=2 2 2 2 2 2 2 2 2 2 2 2 2 2 2 2 2 2 2 2 2 2 2 2 2 2 2 2 2 2
left_child=2 8 14 4 6 -6 12 -8 10 11 -2 -10 -3 -7 25 16 -4 21 19 -19 -20 22 -17 -23 -13 27 -27 -1 -29 -18
right_child=1 3 15 -5 5 13 7 -9 9 -11 -12 24 -14 -15 -16 17 29 18 20 -21 -22 23 -24 -25 -26 26 -28 28 -30 -31
leaf_value=-0.019668353451051335 0.0042305489477464054 -0.001772335570776047 0.042496162687544713 0.022751743757336223 -0.0079405024993330249 -0.004435751731071292 0.031306277550402141 0.002048668514341797 -0.010840400655156882 0.022598255284966839 0.016197637644095101 0.0086169138175963625 0.00064378112359956999 0.00082901421648956585 -0.0019822632962853029 0.00082355382329619856 -0.0094983535092947324 0.017743248062099457 0.00086302151218932562 0.0020837065005320557 -0.0056643462430701966 0.0019681000680651303 0.013863522650275208 -0.0017137363471141905 0.00019459192350186348 0.023115786734471996 -0.0073418295609235093 0.02380113438592241 -0.0091619117261456124 0.0071205039515229726
leaf_weight=138.18045601248741 593.51083650439978 3766.5805124714971 13.672983556985853 32.568009659647942 425.38205871731043 819.3456616550684 31.259823694825172 4130.0501087158918 110.59297089278698 40.075141832232475 160.45006848871708 241.98981247842312 8799.1429402828217 1538.2268665507436 1999.8508314862847 1944.0406860485673 49.404877468943596 239.33611316978931 5699.9789936617017 636.75439417362213 661.50122067332268 1460.0317671075463 160.46499335765839 11217.668695494533 1186.1823810338974 24.842563882470131 47.467946574091911 17.477902352809906 102.97040759772062 288.81055878102779
leaf_count=564 2424 15342 68 131 1767 3322 126 16692 451 162 648 987 35618 6256 8164 7929 201 966 23170 2600 2691 5942 648 45594 4829 101 212 72 422 1160
internal_value=-6.30397e-07 0.000482982 -0.000428896 0.00017566 0.000137973 -0.00206146 0.000503903 0.00226845 0.00305751 0.00128118 0.00677726 0.000726007 -8.04508e-05 -0.00100069 -0.00299627 -0.000161414 0.00616179 -0.000262462 0.000932031 0.00636168 0.00018427 -0.000847303 0.00181783 -0.00128972 0.00162167 -0.00912385 0.00312201 -0.0125477 -0.00437874 0.0046929
internal_weight=46577.8 21875.4 24702.5 19542.6 19510 2782.95 16727 4161.31 2332.8 1578.84 753.961 1538.77 12565.7 2357.57 2330.79 22371.7 351.888 22019.8 7237.57 876.091 6361.48 14782.2 2104.51 12677.7 1428.17 330.939 72.3105 258.629 120.448 338.215
internal_count=189259 88755 100504 79254 79123 11345 67778 16818 9501 6429 3072 6267 50960 9578 9535 90969 1429 89540 29427 3566 25861 60113 8577 51536 5816 1371 313 1058 494 1361
is_linear=0
shrinkage=0.03


Tree=99
num_leaves=31
num_cat=0
split_feature=19 16 9 28 1 43 15 23 23 37 25 39 17 30 30 30 8 17 18 25 15 16 40 6 13 30 13 19 8 16
split_gain=10.8152 16.365 26.2824 14.5297 21.9088 14.2493 17.8896 16.9456 16.3541 28.0296 17.9666 16.2583 16.6161 15.6955 13.6401 20.6842 15.9948 14.2449 15.3779 13.7316 13.6384 13.4892 13.4876 13.3828 13.0939 15.1029 21.0076 14.2055 13.062 13.4495
threshold=0.5318513864966169 0.02171836091932736 0.026085425086466201 0.54671383370256887 0.035029743008853413 0.55911936815328478 -1.0000000180025095e-35 0.00078856484458113285 0.063602054617170389 0.053370794982354058 -0.36845149252677184 -0.026095719063865805 -0.0200752759480658 -0.0048139379632042246 0.014040787500521552 0.015138458025456396 0.34318307242623086 -0.008207339795413925 1.6277097393968269 -0.093314341352318544 -0.19850006103515624 -0.023750121526123633 0.010345142085719622 -0.13639996607402663 0.00073925490971924834 0.0074535750744168959 0.013667525005958471 0.18792232959535674 -0.30783588440267007 -0.030063757850132062
decision_type=2 2 2 2 2 2 2 2 2 2 2 2 2 2 2 2 2 2 2 2 2 2 2 2 2 2 2 2 2 2
left_child=1 14 24 5 23 6 11 -7 10 -10 -8 12 -2 20 16 -16 19 21 -19 22 -9 -18 -1 -5 -3 26 -26 -27 -17 -30
right_child=3 2 -4 4 -6 7 8 13 9 -11 -12 -13 -14 -15 15 28 17 18 -20 -21 -22 -23 -24 -25 25 27 -28 -29 29 -31
leaf_value=0.0012312811244286537 0.015706034826163211 -0.0097788592629376309 -0.018524144813128824 0.016218740585901746 -0.0036214325201250281 0.00030331261107797053 0.0014514426287873554 0.019272166682452421 0.0017499408522083741 0.015549685346926892 -0.0010529266117740627 -0.0001276622294224314 -0.0042355896362673328 -0.0026305470310545552 0.026913100801009723 0.026217348977148877 -0.023233267427672052 0.0037183983486899206 0.01894950387823376 -0.0032247249581316942 -0.013703902449651735 -0.00062219449335373521 -0.0066606889090522359 -4.6261472799340507e-05 0.008181971921022017 0.023786015669541916 0.029487453321033634 -0.0091983925861374646 -0.018581771447230194 0.0042145766888807834
leaf_weight=2388.8933202177286 38.77084094285965 39.056155622005463 38.348808512091637 46.308478102087975 2579.8757082819939 2218.4869410693645 10318.710414044559 12.047004982829092 462.57085290551186 185.63008570671082 3436.9035903885961 15176.069951765239 1250.9841337427497 2013.2587316557765 39.89751797914505 21.440623417496681 30.295309662818909 904.2916491702199 63.873105078935623 1263.4916894212365 179.11098571121693 109.8367573171854 212.2105038613081 2702.5077625140548 467.09360583871603 14.129817724227903 45.72988073527813 69.805523812770844 26.047291859984398 220.24192524701357
leaf_count=9703 158 159 156 189 10520 9015 41837 49 1871 756 13954 61705 5123 8198 161 88 123 3660 258 5135 731 445 867 10963 1894 58 185 293 106 899
internal_value=-6.22414e-07 0.00119338 0.00559492 -0.000175652 -0.00163582 4.48144e-05 0.000272988 -0.00154772 0.00104515 0.00570188 0.000825714 -0.000402478 -0.00363613 -0.00341057 0.000631435 0.00676176 0.000252207 0.0034293 0.00472325 -0.000658926 -0.0116257 -0.00551051 0.000587416 0.00022775 0.00704965 0.00815103 0.0100818 -0.00364574 0.00375878 0.00180366
internal_weight=46575.9 5954.68 674.164 40621.2 5328.69 35292.5 30869.6 4422.9 14403.8 648.201 13755.6 16465.8 1289.75 2204.42 5280.52 307.627 4972.89 1108.3 968.165 3864.6 191.158 140.132 2601.1 2748.82 635.815 596.759 512.823 83.9353 267.73 246.289
internal_count=189259 24190 2745 165069 21672 143397 125404 17993 58418 2627 55791 66986 5281 8978 21445 1254 20191 4486 3918 15705 780 568 10570 11152 2589 2430 2079 351 1093 1005
is_linear=0
shrinkage=0.03


Tree=100
num_leaves=31
num_cat=0
split_feature=3 3 10 2 9 6 0 41 16 14 3 14 14 22 9 27 6 9 39 16 24 19 12 41 14 6 30 38 27 14
split_gain=10.5095 10.6672 11.9033 11.5154 28.7352 21.6876 29.05 28.4548 16.5629 22.0122 17.9615 23.3827 17.809 14.4578 13.7335 11.7444 10.5666 9.93498 9.29215 10.0173 21.9926 11.3882 9.04894 8.88564 8.75708 10.0672 12.7983 11.1038 11.0113 8.72088
threshold=19.536250485302773 11.540876170196841 -0.026141676884081273 -0.0077194584543212917 0.0160888517234942 0.045864073994367212 -0.0010989788487810541 -0.030771644152635481 -0.00055677575524866333 0.76720001220703138 18.380034352538939 0.36469999313354501 0.63829999923706071 0.11666666666666668 0.035627601838127285 0.075184893733639277 -0.034558579153584172 -0.024051442529193275 -0.024435252690070092 -0.014733526295683613 0.13179562185492558 1.0350993463547289 0.0016824831423845074 0.011520439093397478 0.87180000305175798 0.029621524103006894 0.015138458025456396 0.36049203224984977 0.089059359455003706 0.59010000228881843
decision_type=2 2 2 2 2 2 2 2 2 2 2 2 2 2 2 2 2 2 2 2 2 2 2 2 2 2 2 2 2 2
left_child=1 2 18 4 5 7 -7 -3 9 12 11 -10 -5 15 -15 -6 -11 23 -1 20 -20 -21 -12 -2 25 26 27 -19 -27 -4
right_child=17 3 29 8 13 6 -8 -9 10 16 22 -13 -14 14 -16 -17 -18 24 19 21 -22 -23 -24 -25 -26 28 -28 -29 -30 -31
leaf_value=0.020792580649087226 -4.7379810072465008e-05 0.0035093773975309788 -0.0030163359500801948 -0.00030843108399818624 0.012422988247548757 0.0025480616131039161 -0.0071806703307580183 -0.0013328332109438913 0.00059714756460170384 0.014790350627489632 -0.0035939236206398201 0.0031445117525961577 -0.0085230970246519596 -0.0093531284650755567 0.0063130290140746064 -0.017382624056960887 0.0016420049669773429 -0.0052946254955568619 -0.040707956736450231 0.0118697315400058 0.014744659688493139 -0.0099911210143933758 0.001244380517669843 0.020712415399521601 0.022037249355022513 -0.00025486447613317617 0.016760922761889122 -0.016329059917854088 -0.012066661971769763 0.0055910934826280245
leaf_weight=30.244554787874222 48.885785728693008 1220.3277050107718 1971.2459538578987 10913.856062144041 57.320419505238533 3512.5475639402866 299.81073698401451 10404.330935999751 8679.0641452968121 125.41932921111584 984.33646409213543 5177.837283372879 242.80577999353409 559.48710721731186 55.34317609667778 15.01473657786846 97.985772922635078 379.32409186661243 13.577311724424364 84.111766472458839 12.239559546113012 28.786844596266747 538.07441233098507 29.90876217186451 12.336027681827543 765.63633830845356 20.078604087233543 104.7384288161993 78.294546648859978 111.95570556819439
leaf_count=124 199 4966 8586 44103 235 14225 1215 42296 35046 505 3995 20903 981 2314 228 62 395 1556 56 343 50 118 2177 121 50 3120 82 430 322 456
internal_value=-6.16369e-07 7.98544e-05 -0.00193263 0.000185546 -0.000447761 -0.00018056 0.00178298 -0.00082451 0.000567153 -0.000300503 0.00120918 0.00154901 -0.000487209 -0.00645038 -0.00794296 0.00623618 0.00902347 -0.00252431 0.0057256 0.0024405 -0.0144183 0.00629566 -0.00188389 0.0078326 -0.00312418 -0.00335443 -0.00670868 -0.00768219 -0.00135069 -0.00255375
internal_weight=46574.9 45135.7 2252.16 42883.6 16124.2 15437 3812.36 11624.7 26759.4 11380.1 15379.3 13856.9 11156.7 687.165 614.83 72.3352 223.405 1439.2 168.96 138.715 25.8169 112.899 1522.41 78.7945 1360.41 1348.07 504.141 484.063 843.931 2083.2
internal_count=189259 183379 9733 173646 65541 62702 15440 47262 108105 45984 62121 55949 45084 2839 2542 297 900 5880 691 567 106 461 6172 320 5560 5510 2068 1986 3442 9042
is_linear=0
shrinkage=0.03


Tree=101
num_leaves=31
num_cat=0
split_feature=7 40 0 42 16 9 12 22 2 27 8 0 9 29 24 40 18 11 36 11 24 45 8 37 25 36 35 35 25 15
split_gain=10.5967 19.1587 18.8162 19.2391 15.1744 15.8075 25.1035 17.9304 17.7324 15.4034 13.1671 24.7738 23.9578 21.4671 20.2797 17.8556 17.8238 17.5891 17.8345 19.0248 17.4 16.0774 13.9834 12.5774 12.0334 11.947 11.7407 21.755 14.8648 13.8464
threshold=0.040284150674756998 0.057182037927536185 0.081405523133949678 0.044000026702880869 -0.0043578933675257883 0.02047309133045375 -0.001844127946578244 0.11666666666666668 -0.0058920339248022075 0.019543939740271524 0.028246442555306502 0.010515364014138686 0.018349416487230461 0.0028408076443759401 0.19564770316073996 0.001017552897143214 -1.4850728822252783 -0.47036874451273042 -0.03724491587886878 0.35429187353018032 0.68784132901899109 0.0085575842899309213 -0.34098841952829739 0.12515685675235286 -0.84910831978621193 -0.013162410793784312 0.00011406313996892905 -0.0004215574583149836 -0.19120829771998499 -0.049500083923339842
decision_type=2 2 2 2 2 2 2 2 2 2 2 2 2 2 2 2 2 2 2 2 2 2 2 2 2 2 2 2 2 2
left_child=1 10 4 -4 26 7 25 23 -8 -9 17 12 13 -12 16 -14 -13 22 20 -20 -19 -16 -1 -6 -5 -7 27 -2 -29 -28
right_child=2 -3 3 24 5 6 8 9 -10 -11 11 14 15 -15 21 -17 -18 18 19 -21 -22 -23 -24 -25 -26 -27 29 28 -30 -31
leaf_value=0.0042575398601567829 -0.00012708691683786612 -0.013132988187189493 -0.0066905180965392743 -0.0036885877291909785 0.0051642694066386333 -0.029498893575626069 -0.0079258152976571863 0.009207268110291645 0.009988688523422655 -0.0056692925293347473 0.00299734784197951 -0.005485940106818181 0.00033817940301888685 0.00048426675293170392 0.0033774414209597637 -0.0097045649694210822 -0.00076519264396092846 0.0022043315210922999 -0.00022275844110477389 -0.0038608806575188078 0.016842534390181168 -0.0037762311496054575 -0.010289475033938785 -0.021328854296548388 0.011846567613670521 -0.0021349829384698705 -0.0062032213622923056 0.015621148740451883 -0.016506728931088614 0.0011471746063141438
leaf_weight=76.334198951721191 361.79278924316168 97.527646198868752 95.476809903979301 55.606700599193573 232.36075930297375 28.18721367418766 63.411691233515739 64.705650702118874 230.44298629462719 1962.6100352182984 6540.1456156224012 823.14514373242855 360.0628150254488 5747.636135481298 1612.6258939355612 285.81510344147682 5734.1542684286833 1327.8381230831146 17337.814807079732 1397.9277472347021 77.339702628552914 342.86474823951721 269.21650840342045 17.330343961715698 232.50730228424072 29.271801933646202 360.60018222033978 154.35392428934574 14.149076476693152 640.05504122376442
leaf_count=315 1474 405 389 228 948 116 263 278 938 8053 26476 3334 1466 23266 6522 1166 23189 5403 70584 5677 316 1389 1127 71 941 120 1501 630 58 2616
internal_value=-6.13021e-07 0.000148159 -0.00137705 0.0049806 -0.00196338 -0.00334634 0.00257675 -0.0042602 0.00612287 -0.00519448 0.000179048 0.000698619 0.00152583 0.00182185 -0.000558177 -0.00410595 -0.00135779 -0.000364869 -0.00024973 -0.000494209 0.00301 0.00212316 -0.00707595 0.00332546 0.00884824 -0.0155587 0.000410871 0.00401974 0.0129234 -0.00150164
internal_weight=46573.3 42030.4 4542.86 383.591 4159.27 2628.32 351.314 2277.01 293.855 2027.32 41932.9 21446.4 12933.7 12287.8 8512.79 645.878 6557.3 20486.5 20140.9 18735.7 1405.18 1955.49 345.551 249.691 288.114 57.459 1530.95 530.296 168.503 1000.66
internal_count=189259 170635 18624 1558 17066 10787 1437 9350 1201 8331 170230 86808 52374 49742 34434 2632 26523 83422 81980 76261 5719 7911 1442 1019 1169 236 6279 2162 688 4117
is_linear=0
shrinkage=0.03


Tree=102
num_leaves=31
num_cat=0
split_feature=4 25 1 18 29 39 35 39 28 24 23 23 30 8 16 15 20 26 23 43 13 28 9 29 15 11 14 30 1 30
split_gain=10.227 18.395 13.2655 13.108 19.4105 13.6466 12.8867 12.2819 11.8437 11.414 26.2199 19.8518 34.4367 16.4187 23.2259 20.8173 22.9766 19.7635 18.1018 15.8042 11.8171 10.9652 10.6557 16.493 10.4375 13.3465 10.9695 13.7398 12.8924 12.5292
threshold=0.68726140101692945 -0.75908336960224265 0.016638221684452857 0.21195474004698461 0.0032072316157129373 -0.027321928240934254 0.013117786259907168 0.024649689810710928 -1.0215285307556552 0.33396008348670719 -0.081732104092105212 -0.015190257469593569 -0.017047400045778923 -0.094476543547198852 -0.043569304040952765 -0.23700003623962398 -0.12999999999999998 0.018266705727101765 -0.071093676657450255 -1.4395025738507863 0.011054078479383273 -15.387578275574134 0.048468827770488603 -0.014492561325503549 -0.1654999732971191 -0.0078745039682539802 0.325900001525879 0.010345142085719622 0.01153845624810826 -0.0032352926264064795
decision_type=2 2 2 2 2 2 2 2 2 2 2 2 2 2 2 2 2 2 2 2 2 2 2 2 2 2 2 2 2 2
left_child=8 3 6 4 7 -5 -3 21 24 13 -11 12 -12 14 20 16 -15 -17 -16 -13 -10 -2 -4 -24 25 -1 27 29 -28 -26
right_child=1 2 22 5 -6 -7 -8 -9 9 10 11 19 -14 15 18 17 -18 -19 -20 -21 -22 -23 23 -25 26 -27 28 -29 -30 -31
leaf_value=0.00076444604540784546 0.021602209914931645 0.008117190669504875 -0.0011492015524457032 -0.024040716124885741 -0.017564004828961866 0.0027437481748645576 -0.01944801849154015 0.0128773488220877 -0.0074283933101719638 -0.041679306557921694 0.037667418552506896 0.0099292287017714483 0.0049169948055962876 0.00064309342785738241 0.0072808953527745725 0.00069537938763279228 0.0095311292551685679 -0.0012847177355780348 -0.0011202387931287421 0.00067637411532769107 -0.033282746379153058 -0.0076214887253551371 -0.0084935658313969164 0.035999161353183651 -0.01259961927615841 -0.026322035747081366 0.023543316743606539 -0.019310137201459063 0.00013178451688167857 -0.00034288008415715666
leaf_weight=28.627926826477051 12.037165552377699 225.86238284409046 3571.2890790253878 18.783209607005119 149.34306684136391 193.32678985595703 16.370011150836945 32.812082648277283 347.87666414678097 12.839417785406111 30.586198598146439 169.53664223849773 522.75324229896069 612.91130171716213 238.11043743789196 16709.128568373621 456.91031213104725 6227.4104680120945 7547.3496070280671 8283.6309182494879 16.673202931880951 288.76550658047199 13.266052648425104 17.246500462293625 100.74578437209129 38.243259817361832 22.691915549337864 56.28738384693861 315.58332750201225 294.42315201461315
leaf_count=116 50 912 14552 78 617 794 66 135 1416 64 123 701 2114 2478 967 67582 1843 25270 30704 33685 68 1187 54 70 451 204 98 299 1281 1280
internal_value=-6.12405e-07 -0.00135344 -0.000541344 -0.00584467 -0.00857492 0.000371874 0.00625434 -0.00455094 0.00014548 0.000218114 0.00116123 0.0012223 0.0067273 -4.64145e-05 -0.00120985 0.000348564 0.00443909 0.000157771 -0.000863299 0.000861949 -0.00861088 -0.00645205 -0.000998375 0.0166549 -0.00334595 -0.0147262 -0.00238232 -0.00544289 0.00170226 -0.00346766
internal_weight=46571.4 4539.1 3844.03 695.068 482.958 212.11 242.232 333.615 42032.3 41175.7 9019.35 9006.51 553.339 32156.4 8150.01 24006.4 1069.82 22936.5 7785.46 8453.17 364.55 300.803 3601.8 30.5126 856.603 66.8712 789.732 451.456 338.275 395.169
internal_count=189259 18515 15654 2861 1989 872 978 1372 170744 167015 36687 36623 2237 130328 33155 97173 4321 92852 31671 34386 1484 1237 14676 124 3729 320 3409 2030 1379 1731
is_linear=0
shrinkage=0.03


Tree=103
num_leaves=31
num_cat=0
split_feature=19 29 16 9 14 13 11 2 30 16 13 13 17 30 33 10 0 3 24 32 10 29 30 34 2 37 16 18 45 45
split_gain=10.1937 19.3981 15.2991 24.6037 16.5149 13.8217 13.177 12.9571 15.5613 15.0729 12.2191 20.9845 32.9959 19.6736 22.7894 14.5963 11.9173 13.9938 13.561 11.7531 11.6543 11.8925 11.2395 10.9652 10.5668 10.3384 9.69595 9.48867 8.96468 8.87074
threshold=0.5318513864966169 0.05084963308691081 0.02171836091932736 0.026085425086466201 0.65329998016357427 0.00073925490971924834 -0.48473193473193471 -0.00087798324552426643 0.037521183991521358 -0.030063757850132062 0.020145467941419967 0.01758878073147312 0.0054525438608215475 0.022121160975405275 0.48095907128947962 0.015210655924553989 -0.012163529842463319 14.165066117983185 0.58406638250171039 0.096741664102363831 -0.046578667464122515 -0.006435237372998579 0.0075552135489054132 -0.085107948869992303 0.087835197730000855 0.014245981598221163 -0.034652779331774623 0.76359254941971733 0.025176461593112234 0.012623608139634977
decision_type=2 2 2 2 2 2 2 2 2 2 2 2 2 2 2 2 2 2 2 2 2 2 2 2 2 2 2 2 2 2
left_child=2 6 7 4 5 -4 19 8 16 27 11 23 -13 15 -15 -12 17 -1 -18 25 -11 -22 -7 -8 26 -2 -3 -9 29 -28
right_child=1 24 3 -5 -6 22 10 9 -10 20 13 12 -14 14 -16 -17 18 -19 -20 -21 21 -23 -24 -25 -26 -27 28 -29 -30 -31
leaf_value=-0.0049063140463265643 0.015667248569795698 0.0057910182002875073 -0.009478860146076809 -0.017955282692769151 -0.016977944293877369 0.010625578177712581 -0.0099457011919376528 -0.0085063361109190879 0.026119633305442827 0.033777260492068438 -0.0031511599962016248 0.0053691997830799445 0.054286327134076919 -0.000297369662724275 0.019854957877160438 -0.012417283434390624 -0.0022833711547872236 0.003111264254072009 -0.018032005907084002 0.010310605468792509 -0.0001138833521939813 0.0042114353340745236 -0.0017658285611185784 4.5080325632604515e-05 0.013408385923342819 -0.0091677012288250599 -0.0050907435778251436 0.011260920961337285 0.014288630374358962 -0.019033567717905004
leaf_weight=253.9114174246788 15.921220839023588 76.442311018705368 39.000956743955612 38.247250810265541 25.206624239683151 495.89731783419847 99.131489515304565 169.04850363731384 19.078039512038231 10.83501213788986 836.24063074588776 384.82770796120167 12.823796540498732 254.55915349721909 63.003852419555187 187.25980859994888 1448.8542787581682 857.92599029839039 50.939643114805222 35.799118235707283 913.55496739596128 1530.7003539502621 75.971899002790451 37302.887809671462 30.411305174231529 287.51016084849834 964.84655302017927 25.100280314683914 20.639670878648758 42.893438190221786
leaf_count=1033 66 313 159 156 102 2009 407 688 77 44 3498 1559 52 1056 266 770 5857 3500 206 148 3703 6234 319 151403 123 1195 3952 103 85 176
internal_value=-6.12029e-07 -0.000170556 0.00115861 0.00541381 0.00681899 0.00780093 -5.93803e-05 0.00061516 -0.000876204 0.00209609 -8.35645e-06 9.14841e-05 0.00694672 -0.0028225 0.00370081 -0.00484649 -0.00107341 0.00128028 -0.00281826 -0.00594656 0.00273244 0.00259482 0.0089794 1.86004e-05 -0.00403692 -0.0078646 -0.00451712 -0.00595075 -0.00528335 -0.00568421
internal_weight=46569.5 40615.2 5954.27 674.324 636.077 610.87 39480 5279.95 2630.71 2649.24 39140.7 37799.7 397.652 1341.06 317.563 1023.5 2611.63 1111.84 1499.79 339.23 2455.09 2444.26 571.869 37402 1135.23 303.431 1104.82 194.149 1028.38 1007.74
internal_count=189259 165069 24190 2745 2589 2487 160420 21445 10673 10772 159011 153421 1611 5590 1322 4268 10596 4533 6063 1409 9981 9937 2328 151810 4649 1261 4526 791 4213 4128
is_linear=0
shrinkage=0.03


Tree=104
num_leaves=31
num_cat=0
split_feature=39 42 17 36 24 35 31 13 16 12 14 23 16 23 3 34 12 2 23 3 23 24 2 15 36 12 33 41 14 2
split_gain=10.1263 18.4375 25.8733 17.3349 17.4242 16.7029 16.2647 15.4131 20.7001 16.9115 16.0417 14.7744 46.1772 17.9222 13.8545 13.6344 13.1714 13.1148 14.5149 13.1618 13.0827 15.9082 15.1804 14.594 12.6131 14.4701 10.8996 12.1308 10.6943 10.2396
threshold=0.00081189702544724556 1.0000000180025095e-35 -0.011867941429533206 -0.016312697464520635 0.82702113488208517 -0.017856878618375253 0.00086245062058008164 0.0017283936660102098 0.014992192985090974 0.0015864213735166006 0.25309999465942384 0.04513280057604447 -0.0018676054697938243 -0.00058532286889793536 10.41986767671259 -0.026113542763469538 5.3292204253589632e-05 -0.020519428057868324 0.054693326997979179 17.423362070961613 0.11561066042934286 0.77631141223124389 -0.044597227528840801 -0.0070000171661376946 -0.076540375944184627 0.0054313710297503115 -0.57944819713322449 0.046129808380185516 0.61510000228881845 0.087835197730000855
decision_type=2 2 2 2 2 2 2 2 2 2 2 2 2 2 2 2 2 2 2 2 2 2 2 2 2 2 2 2 2 2
left_child=1 2 -1 4 -2 -4 7 8 10 -10 -3 13 -13 -9 16 26 -8 18 -16 -19 21 23 -23 -17 -7 -26 27 28 -5 -28
right_child=3 6 5 15 -6 24 14 11 9 -11 -12 12 -14 -15 17 20 -18 19 -20 -21 -22 22 -24 -25 25 -27 29 -29 -30 -31
leaf_value=-0.019017708922383969 0.004685539845024342 -0.018741621288672409 0.041905881619643523 -0.01048183663298163 0.039145061507358289 -0.021075889305462753 -0.013802020540875702 0.0016968847479598129 0.0011042841828489008 0.013966743672326825 -0.0023263574249978575 0.011656554436466326 -0.00012436257052116247 -0.0010417151179497805 -0.0023258562902898545 -0.00027212835378690353 -0.0023386190781606708 2.7185358865264065e-05 -0.01000865387080057 -0.002401601173995363 0.0093713985864130496 0.015280586476328 -0.01534899013533845 0.0014677842325372722 0.01262832472049431 -0.0015306854098991046 -0.0013359775481540856 0.0080066585267744069 0.0152669735713011 0.019314025728115424
leaf_weight=33.358851298689842 610.52085745334625 54.624394401907921 13.079871624708174 281.18485685437918 13.498159810900686 13.484715700149534 150.60095395892859 4513.6220246478915 746.20329567790031 104.93464946746826 2800.1219745278358 446.86847718060017 907.6425346583128 4108.1895269155502 1805.9734701663256 8670.6386339962482 224.9529899507761 7314.9412897676229 252.22794169187546 2767.8955009430647 151.77826003730297 17.172475203871727 95.827904790639877 8684.2543598860502 225.50019286572933 91.245812714099884 1388.2326161265373 42.380195617675781 15.307458057999609 21.953329145908356
leaf_count=135 2480 224 67 1150 57 55 724 18341 3035 424 11410 1808 3688 16717 7383 35222 955 29577 1040 11235 614 70 407 35176 920 370 5651 173 62 89
internal_value=-6.03839e-07 -0.000384308 0.00620579 0.000509438 0.00543093 0.00865672 -0.000479057 0.000235882 -0.00141619 0.00269006 -0.00264046 0.000849572 0.00376229 0.000391975 -0.00126057 0.000350878 -0.00693556 -0.00108503 -0.00326737 -0.000639554 0.000601657 0.000525457 -0.0106943 0.00059851 0.00733977 0.0085495 -0.00217543 -0.0070065 -0.00915246 -0.0010145
internal_weight=46568.2 26575.5 376.669 19992.7 624.019 343.311 26198.8 13682.2 3705.88 851.138 2854.75 9976.32 1354.51 8621.81 12516.6 19368.7 375.554 12141 2058.2 10082.8 17619.7 17467.9 113 17354.9 330.231 316.746 1749.06 338.873 296.492 1410.19
internal_count=189259 108108 1547 81151 2537 1412 106561 55647 15093 3459 11634 40554 5496 35058 50914 78614 1679 49235 8423 40812 71489 70875 477 70398 1345 1290 7125 1385 1212 5740
is_linear=0
shrinkage=0.03


Tree=105
num_leaves=31
num_cat=0
split_feature=12 13 24 2 16 15 17 30 26 45 16 9 4 17 42 19 23 23 10 13 10 32 30 30 24 23 43 14 9 3
split_gain=9.90834 21.7866 43.4281 18.532 20.9668 26.8093 25.2414 22.5281 23.3529 19.0578 17.6559 19.6961 17.5808 16.9629 16.764 16.596 24.5521 22.084 19.0148 17.9757 16.3183 16.2275 15.6085 31.7147 24.6268 48.0263 29.6382 29.17 26.3436 25.054
threshold=0.0013055598480894526 0.0013205237637713633 0.82702113488208517 -0.0016983908763292524 0.0056286138876285646 -0.64100017547607413 0.0054525438608215475 0.00029019666071459203 -0.0025665512837370129 -0.00036650857440539741 -0.022536938084767279 0.0041735378306545154 -9.9411349836180687 -0.014817996692911286 0.016600821300467038 0.88779502603606886 0.00587400164213392 -0.02699538140810195 0.017489597451445144 0.001946388878054829 -0.01112721794256072 0.025641032954217397 -0.0008818368715310924 -0.00082621411214489876 -0.29469972582982851 0.018940965643562225 -9.9411349836180687 0.2621000003814698 0.048468827770488603 16.765923891912646
decision_type=2 2 2 2 2 2 2 2 2 2 2 2 2 2 2 2 2 2 2 2 2 2 2 2 2 2 2 2 2 2
left_child=12 2 10 4 7 -6 -7 8 -3 -9 14 20 -1 -13 -2 16 17 -5 19 -17 -12 -20 24 -24 25 29 27 -26 -28 -14
right_child=1 3 -4 15 5 6 -8 9 -10 -11 11 13 22 -15 -16 18 -18 -19 21 -21 -22 -23 23 -25 26 -27 28 -29 -30 -31
leaf_value=-0.010683340976990759 0.028396326183686586 0.0016469164826095515 0.047152555068628504 0.00093034299117741761 -0.033681430790225925 -0.0042390448210631072 0.0020007374230805487 0.0056425809622619328 -0.0047572902675492848 0.0003309927097475273 0.008143521329841974 -0.009666477220862035 0.0062521829588089222 0.0096083005926251124 -0.0069024559535812175 -0.0073047253672517678 0.00018333919562245858 0.0075481456849402079 -0.0087070895064924221 0.001826326314957945 -0.0013340701974905748 -0.0010873840544538104 -0.015301599903880102 -0.00057940133007211418 0.0011993799454821873 0.038546586163936858 -0.00052493418808938913 0.043918888199680955 0.03230126616144767 -0.0012031968755388423
leaf_weight=147.20082218945026 12.882611140608786 916.57524263858795 20.533329948782921 731.15995693206787 25.107099264860153 2155.155440762639 800.07270143926144 949.55310392379761 1162.2724612206221 1689.9101356267929 226.88813403248787 44.062032744288445 1037.8320892304182 609.76773373782635 201.5801410228014 207.67761068046093 1825.5072415694594 1196.4817023873329 340.67664390802383 2954.3040371313691 585.24084551632404 961.47428074479103 132.4790907651186 22148.354059904814 30.650108635425568 35.596118271350861 4701.750147588551 27.109120711684227 22.106150284409523 666.01465135812759
leaf_count=813 52 3715 89 2954 106 8755 3248 3844 4715 6853 922 178 4198 2461 816 838 7401 4839 1381 11963 2365 3903 540 89991 123 143 19145 129 89 2690
internal_value=-5.93372e-07 0.000560377 0.00378754 0.000215486 -0.000842119 -0.002812 -0.00254974 0.000402164 -0.00193364 0.00224185 0.00325766 0.00443384 -0.00034197 0.00830936 -0.00478209 0.00120634 0.00267672 0.00503799 -2.98599e-05 0.0012266 0.00131373 -0.0030809 -0.000289118 -0.000666938 0.0010018 0.00405847 -0.000110149 0.0212497 -0.000371318 0.00333796
internal_weight=46566 17616.9 1700.95 15915.9 7698.65 2980.34 2955.23 4718.31 2078.85 2639.46 1680.42 1465.96 28949.1 653.83 214.463 8217.28 3753.15 1927.64 4464.13 3161.98 812.129 1302.15 28801.9 22280.8 6521.06 1739.44 4781.62 57.7592 4723.86 1703.85
internal_count=189259 71398 6883 64515 31236 12109 12003 19127 8430 10697 6794 5926 117861 2639 868 33279 15194 7793 18085 12801 3287 5284 117048 90531 26517 7031 19486 252 19234 6888
is_linear=0
shrinkage=0.03


Tree=106
num_leaves=31
num_cat=0
split_feature=4 29 27 33 14 6 31 24 23 41 16 23 6 7 20 4 13 17 10 41 28 11 44 40 31 31 19 2 31 33
split_gain=9.89805 11.7602 12.9318 16.6929 11.5309 11.1628 13.1597 13.2284 12.0847 11.7888 13.7954 12.3176 11.0299 12.8261 16.6599 14.5239 14.3965 25.3204 15.4516 14.0589 13.2196 14.7245 12.7877 12.0103 11.8695 11.4413 10.7897 15.2872 10.7449 10.2359
threshold=0.32350331944917438 0.025323785297115407 0.083198707723562262 0.48095907128947962 0.81510002136230475 -0.052402613043349915 0.022593152855039756 0.46624225802092906 0.051259704305748659 -0.0069687395916813773 0.0097588232401476654 -0.087244285963609461 0.36611778461559569 0.03878043805371352 0.35500000000000004 -0.22353562811450176 0.00049865380950421154 -0.0026765496890661885 -0.001147947447334549 -0.037145895491804325 -1.7068374921875538 0.0076340326340326179 -0.0087551565568365301 0.057182037927536185 0.0060933505574932408 0.00086245062058008164 0.9515053579007875 0.010594919749150731 -0.067441303773385267 0.70464846394765257
decision_type=2 2 2 2 2 2 2 2 2 2 2 2 2 2 2 2 2 2 2 2 2 2 2 2 2 2 2 2 2 2
left_child=12 4 3 -3 5 6 8 -8 -2 11 -11 -7 13 16 15 19 17 24 -19 -15 21 -18 -14 -22 -1 -17 -6 -28 -16 -5
right_child=1 2 -4 29 26 9 7 -9 -10 10 -12 -13 22 14 28 25 20 18 -20 -21 23 -23 -24 -25 -26 -27 27 -29 -30 -31
leaf_value=-0.0056438208477883134 -0.0033945622651528709 -0.0046584004304269337 -0.012526098801917455 0.021818598482837542 -0.0062120755630079381 0.015761853748751976 -0.017360209218357781 0.005177106051508072 0.0029988296110502266 -0.0019131030887294858 0.0012808828895818798 0.0011983798476164142 -0.005238098426025857 0.003000851085595928 -0.031801716834675149 0.0031362964615608063 -0.021881518162274575 -0.028014399009139379 -0.0032298633426318451 -0.0042565565292285437 0.00050121186599256173 0.0011257794809049241 0.009979748626471786 -0.011192260439350461 0.022769924287456045 -0.0016033065478595052 0.001835117946246294 0.024925986468173903 -0.0068001778215609756 0.00071477961739515141
leaf_weight=28.325533539056778 1302.0118567347527 473.74908925592899 144.98276294767857 36.413065046072006 35.51445634663105 53.380210503935814 98.892921507358551 30.720625087618828 334.42772574722767 4011.6180334985256 1747.1018869876862 2509.7517517656088 65.65530227124691 293.57691037654877 16.329601719975471 997.12891222536564 50.366710565984249 57.395568892359734 37.384865701198578 1322.0794311389327 31264.09485989809 49.778003543615341 204.46138881146908 79.251459777355194 24.831215649843216 848.41616526991129 53.582423895597458 49.774473488330841 294.14747948944569 47.886849045753479
leaf_count=116 5326 1946 605 148 144 217 417 126 1361 16267 7088 10189 265 1205 67 4087 369 241 154 5430 126726 220 824 329 101 3473 221 200 1202 195
internal_value=-5.80931e-07 -0.000790344 -0.00454357 -0.00246968 -0.000532332 -0.000650524 -0.0028168 -0.0120185 -0.00208799 -0.000190799 -0.0009441 0.00150168 0.000241664 0.000195534 -0.00145799 -0.00086083 0.000392947 -0.00894373 -0.0182385 -0.00293783 0.000436875 -0.0104455 0.00628086 0.000471645 0.00762915 0.000957452 0.00805342 0.0129552 -0.00811514 0.0098305
internal_weight=46563 10929.8 703.032 558.049 10226.8 10087.9 1766.05 129.614 1636.44 8321.85 5758.72 2563.13 35633.2 35363.1 3771.68 3461.2 31591.4 147.937 94.7804 1615.66 31443.5 100.145 270.117 31343.3 53.1567 1845.55 138.871 103.357 310.477 84.2999
internal_count=189259 44450 2894 2289 41556 40991 7230 543 6687 33761 23355 10406 144809 143720 15464 14195 128256 612 395 6635 127644 589 1089 127055 217 7560 565 421 1269 343
is_linear=0
shrinkage=0.03


Tree=107
num_leaves=31
num_cat=0
split_feature=31 5 24 27 16 14 13 16 29 28 1 2 11 28 8 20 24 17 16 14 35 11 14 31 35 10 19 35 0 35
split_gain=9.59349 11.8055 19.0519 20.3286 20.5532 16.3218 18.6987 18.5124 20.5138 18.0817 15.3223 14.547 22.3407 14.389 14.1209 18.5996 20.767 19.0842 14.8578 15.6645 13.9589 13.9493 13.7967 13.2169 12.9372 12.9114 12.8282 13.3321 12.2422 11.5278
threshold=-0.1048846476832669 -0.070281864518649748 0.63495336893992083 0.04536087626935089 0.014247998529231509 0.39230001449584967 0.0015178481673002026 -0.00087225867110518314 -0.018823056738197744 -0.33386084065344152 0.047513828514543353 0.02706121267543405 0.43039405684754528 0.88517426471798999 -0.10925712149740205 -0.11249999999999998 -0.55603190054904816 -0.008207339795413925 -0.047077618025553845 0.32769998550415042 -6.6033479423637558e-05 0.15160027238678928 0.29720000267028818 0.0086207304693809977 0.00022465348747046344 0.020742582507951964 0.68906358102860732 0.0024338037179355621 0.093640722447759964 -0.0041588612697717629
decision_type=2 2 2 2 2 2 2 2 2 2 2 2 2 2 2 2 2 2 2 2 2 2 2 2 2 2 2 2 2 2
left_child=-1 2 5 26 25 6 9 29 -9 -2 14 12 13 -12 18 17 -17 -16 19 -3 28 -8 -20 -14 -22 -5 -4 -28 -13 -7
right_child=1 10 3 4 -6 7 21 8 -10 -11 11 20 23 -15 15 16 -18 -19 22 -21 24 -23 -24 -25 -26 -27 27 -29 -30 -31
leaf_value=-0.0070199982872690024 -0.01896024579174925 -0.022596938459646047 -0.026402578116175392 0.021422582406351847 -0.0081080887845099772 -0.0012883971757961603 0.0032027579912325258 -0.0080216137335137501 0.0057908209125946556 -0.0032223675046791434 -0.0011494167812954215 0.0019408144710172004 -0.015021293700172463 -0.0063893642587293676 -0.0030742782901196563 0.012764572356377398 0.0013848979528348312 0.00028880570957528199 -0.0022363866503830611 -0.0042579652729795555 -0.0078415764863002998 -0.010189275655517529 0.00021421792379094413 -0.0020969838369482071 -0.00022389575687028254 -0.0087732379038083595 -0.005848402999486124 0.014040655480913284 0.011465800933898748 0.012613567414994168
leaf_weight=174.57638100534678 85.22430145740509 49.743688501417637 14.88368187099695 155.2570334225893 29.717991948127747 67.760575175285339 579.45998435467482 164.75291235744953 234.52718532085419 286.85248517990112 4968.7073747366667 1003.5220956355333 184.93083231151104 521.11658601462841 1724.0175297856331 146.34956033527851 10460.30971981585 12744.877554655075 2978.5442572385073 266.48152202367783 222.93137699365616 79.618641972541809 6760.7467809990048 115.80758620798588 2007.4008451551199 13.884172573685644 67.484011396765709 55.09842212498188 138.16278474032879 258.39322751760483
leaf_count=715 360 224 61 630 121 275 2375 671 953 1173 20271 4079 755 2139 6985 589 42443 51578 12221 1084 908 326 27515 472 8170 56 274 223 561 1052
internal_value=-5.81541e-07 2.58361e-05 0.00222756 0.00876894 0.0149012 0.000975114 -0.00145042 0.00442284 9.14664e-05 -0.00682713 -7.81973e-05 -0.00117077 -0.00208295 -0.00164681 0.000206757 0.000587633 0.00154191 -0.000111917 -0.000743038 -0.00714277 0.000395673 0.00158496 -0.000535245 -0.0100444 -0.000985316 0.0189439 -0.000102013 0.00309134 0.0030935 0.00972534
internal_weight=46561.1 46386.6 2092.91 336.325 198.859 1756.59 1031.16 725.434 399.28 372.077 44293.7 9162.58 5790.56 5489.82 35131.1 25075.6 10606.7 14468.9 10055.5 316.225 3372.02 659.079 9739.29 300.738 2230.33 169.141 137.466 122.582 1141.68 326.154
internal_count=189259 188544 8550 1365 807 7185 4234 2951 1624 1533 179994 37355 23637 22410 142639 101595 43032 58563 41044 1308 13718 2701 39736 1227 9078 686 558 497 4640 1327
is_linear=0
shrinkage=0.03


Tree=108
num_leaves=31
num_cat=0
split_feature=39 42 17 35 36 24 31 17 15 6 38 7 23 5 38 7 7 24 3 12 8 35 36 12 15 15 44 12 16 20
split_gain=9.4625 17.0982 24.265 16.2463 16.1156 15.8454 15.3548 13.5982 18.2421 21.1501 20.0391 16.9946 18.6626 17.574 13.5892 13.9356 13.5278 14.3472 12.9424 12.3379 12.232 12.1461 11.7773 13.4411 11.6262 12.9717 11.5065 10.975 10.3686 19.9382
threshold=0.00081189702544724556 1.0000000180025095e-35 -0.011867941429533206 -0.017856878618375253 -0.016312697464520635 0.82702113488208517 0.00086245062058008164 -0.005969793726116098 -0.12050004005432127 0.010583895972963943 0.59595686480597909 0.026045600782167683 -0.087244285963609461 -0.052658952346137815 0.60961615072462216 0.062942267757692585 0.040736180205795398 -0.50148834584815438 10.41986767671259 5.3292204253589632e-05 -0.60246100393269431 0.0063791057725518666 -0.076540375944184627 0.0054313710297503115 -0.011000013351440427 -0.18000001907348631 -0.084770473768047097 0.0074535750744168959 0.044606058317460333 0.22
decision_type=2 2 2 2 2 2 2 2 2 2 2 2 2 2 2 2 2 2 2 2 2 2 2 2 2 2 2 2 2 2
left_child=1 2 -1 -4 5 -2 7 8 9 -3 -10 12 -9 -13 15 16 20 -18 19 -8 -6 24 -5 -24 25 -16 -17 -23 -20 -30
right_child=4 6 3 22 14 -7 18 11 10 -11 -12 13 -14 -15 21 26 17 -19 28 -21 -22 27 23 -25 -26 -27 -28 -29 29 -31
leaf_value=-0.018467241919940515 0.0045336360762556456 -0.011495024321136232 0.041458686004365315 -0.02042575725070081 -0.018415838423140304 0.037683220866208463 -0.013381237304494191 0.019391405827698119 -0.0014676527055479203 0.0033115003413905614 0.0089466306783353919 0.0025005659577574434 0.0014632524837692568 -0.0019771951433776962 0.0044136868008862705 -0.014409038098034448 0.012102760932787464 -0.003015507835384337 -0.00119216936531135 -0.0022686180644104176 0.00091827215961511879 -0.0081341424351965425 0.012171282681564031 -0.0014786456634694892 0.0010893326478987979 -0.0038716624454616069 0.011437033739832335 0.0027791927765233649 -0.0024836765885441923 0.013090891130630975
leaf_weight=33.302627384662628 610.66101687401533 310.53007829189301 12.843360304832457 13.451419249176977 29.510814726352692 13.259199276566504 149.87289662659168 52.656981885433197 1996.9993706196547 120.52522447705269 181.39294628798962 1060.590025909245 6878.8235092163086 3078.7368443459272 198.87486196309328 17.123359501361847 59.203950569033623 1234.4653556495905 11838.520179033279 224.7776600420475 14398.695418402553 380.69418718665838 225.19113057851791 91.227952137589455 1604.3861029744148 1174.0035000517964 163.74927438795567 106.03369140625 165.91285327076912 133.50286346673965
leaf_count=135 2480 1263 67 55 120 57 724 213 8152 488 739 4335 27893 12564 811 70 240 5064 48020 955 58378 1547 920 370 6505 4780 668 431 674 541
internal_value=-5.77638e-07 -0.000371555 0.00598026 0.00835591 0.000492474 0.00523811 -0.000462739 0.000231932 -0.00171625 -0.00735505 -0.000600464 0.000691129 0.00159945 -0.000829891 0.000339589 0.000710476 0.000615222 -0.00232363 -0.00122224 -0.00671404 0.000878727 -0.00136311 0.00706706 0.00823582 -0.000644842 -0.00267145 0.00899017 -0.00575667 -0.00105273 0.00446068
internal_weight=46559.5 26568.9 376.016 342.714 19990.7 623.92 26192.8 13680.3 2609.45 431.055 2178.39 11070.8 6931.48 4139.33 19366.7 15902.7 15721.9 1293.67 12512.6 374.651 14428.2 3463.99 329.871 316.419 2977.26 1372.88 180.873 486.728 12137.9 299.416
internal_count=189259 108108 1547 1412 81151 2537 106561 55647 10642 1751 8891 45005 28106 16899 78614 64540 63802 5304 50914 1679 58498 14074 1345 1290 12096 5591 738 1978 49235 1215
is_linear=0
shrinkage=0.03


Tree=109
num_leaves=31
num_cat=0
split_feature=19 29 15 27 13 37 8 12 40 15 39 15 15 25 43 13 24 35 13 12 2 21 14 2 15 20 34 22 15 14
split_gain=9.41866 17.3386 14.8855 17.6708 13.6832 15.1692 13.4614 13.8088 24.9214 17.4741 13.9686 12.7586 12.7238 21.2328 28.6428 16.5685 40.2804 26.0433 23.5709 21.2338 15.967 14.3845 14.2976 13.6128 12.305 12.4635 12.2123 12.1152 12.468 12.2907
threshold=0.5318513864966169 0.05084963308691081 0.38299994468688969 0.015748024105072148 0.0069702585225484672 0.046341987656509702 0.34814146181954747 0.0010485240090452009 -0.0008818368715310924 -0.23700003623962398 0.0048973144607737567 -0.17349996566772458 -0.013500022888183591 -0.35237379968309601 -1.7079519632802478 0.013667525005958471 -0.45906666096342613 -0.024468026908215465 0.020145467941419967 -0.0098827484640561236 -0.026577643078284453 0.41250000000000003 0.66669998168945332 -0.067175874511702247 -0.094000005722045879 -0.12999999999999998 -0.0080841237224571847 0.55000000000000016 -0.032499980926513662 0.4248999977111817
decision_type=2 2 2 2 2 2 2 2 2 2 2 2 2 2 2 2 2 2 2 2 2 2 2 2 2 2 2 2 2 2
left_child=2 12 6 -4 -5 -6 7 8 10 -10 -1 -3 15 14 26 17 19 -2 -18 -17 -19 22 -15 -16 -8 -26 -14 29 -29 -9
right_child=1 11 3 4 5 -7 24 27 9 -11 -12 -13 13 21 23 16 18 20 -20 -21 -22 -23 -24 -25 25 -27 -28 28 -30 -31
leaf_value=0.0060705928718992287 0.019132052572568992 0.0064908445556722755 -0.034373293647915172 0.0076110605255669843 -0.025528921332131759 0.01182454599217287 0.0099600801835753264 0.0013633975553185944 0.01020830489691342 -0.0033965701128218437 -0.0023744861318449788 -0.0048041826600920615 0.024791971169736558 -0.0017928615264322083 0.009394576904482423 0.05716975027947592 0.0044791035408768692 -0.0037417818722089093 -0.0031039929363457668 0.01616983526372532 -0.00066601845218297595 0.028680679827095001 0.0048658512525485186 0.00075623936391278036 0.00066036513467265096 0.0082606372493825159 0.0076097773463468582 0.00051737286028538264 0.0064430652646620774 -0.009150882162001309
leaf_weight=579.32014798372984 58.189080402255058 98.578324347734451 21.069598123431206 46.582790836691856 35.149695381522179 13.55907294154167 253.60515774041414 397.40362410992384 89.249446243047714 1770.5967835560441 253.3673402518034 1035.0376391559839 55.626230403780937 4565.5393649637699 165.9220949113369 14.675709456205366 883.95510824024677 1687.0826852172613 633.1591225489974 50.448596000671387 15247.361930280924 14.378668680787085 309.91845439374447 15671.637466810644 768.15792743116617 259.8880402520299 112.56828960776329 532.31638441979885 799.5837260633707 133.73147059977055
leaf_count=2368 235 403 88 188 142 55 1025 1613 361 7212 1035 4246 228 18553 679 59 3583 6917 2656 203 61981 58 1251 63549 3111 1051 468 2153 3246 542
internal_value=-5.67598e-07 -0.000163957 0.00111377 -0.00951083 -0.00401357 -0.0151308 0.00132556 0.000561415 -0.000812495 -0.00274371 0.00350095 -0.00382198 -5.88967e-05 0.000448947 0.000977522 -0.000630189 0.00230607 -0.000903594 0.00131434 0.0254091 -0.000972439 -0.00128122 -0.00136959 0.000846739 0.00404169 0.0025817 0.0132924 0.00254704 0.00407476 -0.00128393
internal_weight=46557.7 40604.1 5953.58 116.361 95.2916 48.7088 5837.22 4555.57 2692.53 1859.85 832.687 1133.62 39470.5 20895.6 16005.8 18574.9 1582.24 16992.6 1517.11 65.1243 16934.4 4889.84 4875.46 15837.6 1281.65 1028.05 168.195 1863.04 1331.9 531.135
internal_count=189259 165069 24190 473 385 197 23717 18530 10976 7573 3403 4649 160420 84786 64924 75634 6501 69133 6239 262 68898 19862 19804 64228 5187 4162 696 7554 5399 2155
is_linear=0
shrinkage=0.03


Tree=110
num_leaves=31
num_cat=0
split_feature=16 9 30 37 5 34 14 40 13 5 31 40 14 40 8 0 9 43 30 16 6 0 15 14 3 36 30 3 37 43
split_gain=9.38948 13.0223 15.9609 30.2345 13.9944 13.9732 13.3578 17.7343 22.4259 27.71 21.7048 16.6831 59.8694 16.3483 12.9711 22.2001 31.1264 19.555 24.2795 18.211 16.4983 12.3708 15.0691 11.0417 20.6152 11.8006 10.6892 9.38004 10.5568 11.2524
threshold=-0.10740115070762786 0.033309770964385525 0.0036873812693115756 0.046702942595706426 0.065989775201924075 0.0065319861997432819 0.52170000076293954 -0.0018649952019426153 0.0052304558427052443 -0.035439226877112533 -0.01892801354393955 -0.0014022652661482584 0.54640001296997076 -0.0011819246355041391 0.028246442555306502 0.010515364014138686 0.018349416487230461 -9.9411349836180687 0.00074381855514928791 0.046257528509006905 0.26243853703836711 0.0081833633309019455 0.044999933242797864 0.44690000534057622 17.510261180236807 -0.076540375944184627 0.00014879944258881854 18.641272089649011 0.035374155079421106 0.26464465648151242
decision_type=2 2 2 2 2 2 2 2 2 2 2 2 2 2 2 2 2 2 2 2 2 2 2 2 2 2 2 2 2 2
left_child=27 6 21 4 5 -4 14 8 10 -10 -8 12 -9 -13 17 16 -16 18 -2 -19 -17 22 26 25 -25 -23 -3 28 29 -1
right_child=1 2 3 -5 -6 -7 7 11 9 -11 -12 13 -14 -15 15 20 -18 19 -20 -21 -22 23 -24 24 -26 -27 -28 -29 -30 -31
leaf_value=-0.016060766325001828 0.016440578196366219 0.0087542523209888663 0.018263926405573682 -0.019983621845220761 -0.011672338122767962 -0.0069746960313646815 -0.041531072549967241 0.062288366390481541 0.011935860375492185 -0.0031608501322696026 -0.0083370172099079577 -0.010394768259280441 0.0042171425790581583 0.002173167644002601 0.0014210643550317365 -0.0012676886291851082 -0.0054826568272775761 -0.0010115418128472794 -0.0066598055005505476 0.0054215872644412114 0.0045645009449081422 -0.011321585379022512 0.025639261875254421 0.0089772648099723847 -0.015870961575527961 0.0095171571770855112 -0.015253623850085439 -0.025704899366800805 0.0043901155217744865 0.0093565906875865343
leaf_weight=76.218203499913216 125.32386639714241 22.543462425470352 64.816130742430687 70.252133384346962 34.998360067605972 28.39027351140976 22.493309691548347 18.84825786948204 130.77223967015743 670.30589255690575 83.695987582206726 95.363911792635918 104.9279515594244 4013.9179287850857 11954.341135717928 7620.0130113363266 618.16057713329792 18995.713497027755 60.822688460350037 404.46585360169411 463.06306964159012 25.621924176812172 12.976498275995253 72.481431722640991 51.330330580472946 537.97977890074253 64.291105434298515 20.765211150050163 71.581528648734093 19.734459757804871
leaf_count=311 525 92 262 287 143 115 95 76 529 2710 341 388 424 16246 48484 30858 2527 77529 246 1638 1873 105 53 293 209 2180 264 85 291 80
internal_value=-5.60688e-07 2.65893e-05 0.00343797 -0.00416524 0.00450273 0.0105763 -4.75044e-05 0.00139259 -0.00241363 -0.000696383 -0.0153683 0.00220837 0.01306 0.0018815 -0.000231455 0.000293024 0.00108162 -0.000784567 0.00889261 -0.00087742 -0.000933574 0.00535472 -0.00451466 0.00678774 -0.0013244 0.00856981 -0.00902085 -0.00668612 -0.00432881 -0.0108332
internal_weight=46556.2 46367.9 985.681 198.457 128.205 93.2064 45382.2 5140.33 907.267 801.078 106.189 4233.06 123.776 4109.28 40241.9 20655.6 12572.5 19586.3 186.147 19400.2 8083.08 787.225 99.8111 687.413 123.812 563.602 86.8346 188.299 167.534 95.9527
internal_count=189259 188492 4003 807 520 377 184489 20809 3675 3239 436 17134 500 16634 163680 83742 51011 79938 771 79167 32731 3196 409 2787 502 2285 356 767 682 391
is_linear=0
shrinkage=0.03


Tree=111
num_leaves=31
num_cat=0
split_feature=3 23 2 29 39 40 40 35 17 3 14 23 23 45 35 45 14 26 19 0 44 4 40 32 23 17 33 7 19 44
split_gain=9.3285 10.1108 13.9474 13.3005 12.6138 14.3125 12.152 21.9562 14.261 16.1972 11.1409 35.1167 36.9211 24.7647 15.5838 15.6376 15.0335 10.9494 10.6855 9.91161 9.68401 9.38344 9.19995 15.4405 9.01253 10.949 9.00039 13.0395 11.4413 14.4761
threshold=19.536250485302773 0.11561066042934286 -0.031904280874992134 0.0035807229336579705 -0.021692955325335925 -0.00047961695654442704 0.017554610457252443 -0.0083289946440419007 -0.0025464146793509074 12.16877308399819 0.25869999885559086 -0.021550192841523343 -0.022351212837980514 0.002687882560392527 0.012152505246625462 -0.0044975906417759311 0.26610000610351564 0.0050378270507240508 1.2246646841755726 -0.030162248524382814 0.020238018716732208 0.32350331944917438 0.0015517498377210397 0.039660354685634495 -0.055208074749608808 0.00078722683149074076 -0.031670922351498369 0.014286432273156532 1.163444004925217 -0.010736257957153298
decision_type=2 2 2 2 2 2 2 2 2 2 2 2 2 2 2 2 2 2 2 2 2 2 2 2 2 2 2 2 2 2
left_child=1 6 18 4 -4 -6 10 -8 17 -10 11 12 -1 -13 15 -12 -16 -9 22 -5 26 -21 23 -3 25 -22 27 -2 29 -28
right_child=20 2 3 19 5 -7 7 8 9 -11 14 13 -14 -15 16 -17 -18 -19 -20 21 24 -23 -24 -25 -26 -27 28 -29 -30 -31
leaf_value=0.0020525756004061849 0.02139419799214826 0.031072618068956056 -0.0082544858210998519 0.023313562283927627 0.0011076259858695903 0.022627708423757383 0.0040134104174451247 -0.0051767491506388126 -0.027738434660242822 -0.0067961022689199818 -0.0017073686132384272 -0.00068736557710592945 0.025475855358140575 -0.0048871604390984588 0.020167160051284494 0.00041783442769924365 0.0028350311415637755 0.0057539410449770441 -0.021887924559185666 0.0011884507357411639 0.03351948717965824 -0.024115545482536815 -0.0062190468235611002 -0.00063940232338100076 0.00059534856693091594 -7.097669482630405e-06 0.0032366892367559972 -0.0071937323561068276 0.0035934918116056029 -0.0093299958290153587
leaf_weight=1553.2923560589552 14.762407347559927 19.921224221587181 20.011703118681908 14.36585623025894 37.336939409375191 109.05663971602917 308.31363779306412 184.49728368222713 35.378504529595375 549.29964861273766 3462.5071147456765 3939.7449251040816 63.022348880767822 1860.2964637130499 46.552771508693695 31148.055638752878 1386.0606276094913 149.15702791512012 21.605970129370689 69.551544904708862 17.645587548613548 16.27592933177948 77.675743147730827 45.106183782219887 243.37445241212845 17.422699764370918 131.4262976795435 526.00041934847832 265.28019551932812 221.60962778329849
leaf_count=6289 60 81 82 59 152 440 1250 789 150 2257 14111 16112 254 7559 196 126449 5612 603 88 281 72 66 316 183 992 71 538 2157 1085 905
internal_value=-5.59761e-07 7.52426e-05 0.00464863 0.00888581 0.0140853 0.0171391 3.11415e-05 -0.00291356 -0.00523917 -0.00806331 0.000114256 -0.000944644 0.00296588 -0.0020344 0.000332138 0.000205225 0.00339824 -0.000290287 -0.00222638 0.000250266 -0.00237964 -0.00361008 0.000750471 0.00907561 0.00264413 0.0168627 -0.00358649 -0.0064133 -0.00111423 -0.00465174
internal_weight=46554.6 45117.1 430.908 266.599 166.405 146.394 44686.2 1226.65 918.332 584.678 43459.5 7416.36 1616.31 5800.04 36043.2 34610.6 1432.61 333.654 164.309 100.193 1437.52 85.8275 142.703 65.0274 278.443 35.0683 1159.08 540.763 618.316 353.036
internal_count=189259 183379 1748 1080 674 592 181631 5049 3799 2407 176582 30214 6543 23671 146368 140560 5808 1392 668 406 5880 347 580 264 1135 143 4745 2217 2528 1443
is_linear=0
shrinkage=0.03


Tree=112
num_leaves=31
num_cat=0
split_feature=12 40 14 14 16 3 16 17 30 30 17 24 24 15 15 23 7 39 15 23 23 40 27 41 24 9 9 14 17 14
split_gain=9.27673 17.9123 28.0869 20.475 16.5591 15.1356 20.1299 15.0377 14.6099 30.4155 27.1484 33.4439 32.2693 31.3266 47.8939 27.543 21.5759 19.836 28.0062 17.6066 14.1292 20.8222 28.838 18.7654 14.4411 38.3804 16.4867 14.1271 14.1087 14.0939
threshold=0.0013055598480894526 -0.012904684853244497 0.2671000003814698 0.26850000381469735 -0.040387037146018691 1.0000000180025095e-35 0.013332736813899527 0.0048070217598894733 -0.0008818368715310924 -0.00082621411214489876 0.0037921068778953176 0.33087671264027824 -0.29006596201319074 -0.0059999942779541005 -0.0049999713897705073 -0.038662295161963921 0.026724217164956095 -0.0044268698158401506 -0.18000001907348631 0.020231225247760269 -0.0602227051110093 -0.011998888491094881 0.013819057348836362 -0.089689572675314078 -0.44614915007250827 -0.0059931112174335336 -0.030493243762176544 0.36789999008178714 0.0031190015092672509 0.63829999923706071
decision_type=2 2 2 2 2 2 2 2 2 2 2 2 2 2 2 2 2 2 2 2 2 2 2 2 2 2 2 2 2 2
left_child=5 2 7 -4 -5 6 -1 -2 10 -10 13 12 -12 15 -15 -7 -13 19 -19 -11 23 22 -22 -3 25 -23 -26 -6 -8 -25
right_child=1 20 3 4 27 8 28 -9 9 17 11 16 -14 14 -16 -17 -18 18 -20 -21 21 24 -24 29 26 -27 -28 -29 -30 -31
leaf_value=-0.011460252218525702 -0.011682357507726476 0.022707909797277017 0.031905496243918662 0.018765512248958938 0.0014118917918537835 0.0072619382960584225 -0.0021616049006592925 -0.038924662204142452 -0.014992580164576649 -0.0023480039625265038 0.0020859965021311111 0.018031396571131716 -0.0061190387517473122 0.055909304155973644 0.0044404177897639403 -0.001809887484341792 -0.00042629884249405139 0.0053629780753694876 -0.00015241127382087448 0.00056679687288962121 0.04404215740799549 -0.0084021108255115055 0.005543818009474696 -0.0024586988375067858 0.0062133116945882489 0.0089988823857405104 0.00049265397613917038 -0.0077011883980669313 0.032254593926894067 -0.014469979081581747
leaf_weight=212.4560381770134 128.21735782921314 24.136338129639626 16.437219679355621 32.801778554916382 308.32300798594952 363.01838430762291 29.441093295812607 21.260133482515812 131.92899122834206 7023.5781844109297 676.8590722233057 116.81127564609051 1189.5285893529654 16.3919298350811 2218.8950401842594 1768.9630277454853 111.31190924346447 892.14489257335663 11632.76752486825 2539.4341408908367 23.179487153887749 146.15172825753689 71.614425182342529 610.57603938877583 467.69623745977879 519.8336021900177 14836.087278008461 304.09255120158195 16.859001412987709 102.71149796247482
leaf_count=1267 520 98 66 132 1252 1467 170 132 539 28548 2729 472 4824 66 8986 7167 453 3610 47141 10338 99 590 289 2485 1898 2095 60086 1237 84 419
internal_value=-5.53447e-07 0.000542292 -0.00381196 -0.00115857 -0.0020009 -0.000330929 -0.00755406 -0.015557 -0.000265765 -0.000630896 0.000989797 -0.0018181 -0.00314342 0.00233644 0.00481785 -0.000265203 0.00902503 -0.000545115 0.000240448 -0.00157399 0.000752498 0.000938888 0.0149576 -0.00330796 0.000855675 0.0051802 0.000667482 -0.00311317 0.0103702 -0.00418829
internal_weight=46553.5 17613.1 811.132 661.655 645.217 28940.4 258.756 149.477 28681.6 22219.9 6461.78 2094.51 1866.39 4367.27 2235.29 2131.98 228.123 22087.9 12524.9 9563.01 16802 16064.6 94.7939 737.424 15969.8 665.985 15303.8 612.416 46.3001 713.288
internal_count=189259 71398 3339 2687 2621 117861 1521 652 116340 90176 26164 8478 7553 17686 9052 8634 925 89637 50751 38886 68059 65057 388 3002 64669 2685 61984 2489 254 2904
is_linear=0
shrinkage=0.03


Tree=113
num_leaves=31
num_cat=0
split_feature=31 5 24 27 16 15 16 10 9 29 17 13 35 45 23 1 21 18 19 40 10 19 35 10 2 40 40 20 25 23
split_gain=9.05194 10.8399 17.4635 19.161 19.1782 16.4881 20.1524 14.6074 16.7002 15.7267 14.7894 14.3408 13.938 13.7139 13.5424 13.4104 18.183 17.5775 12.6418 12.6005 12.2124 12.0257 12.5051 11.3484 11.1148 9.1694 12.1587 8.98943 8.71474 7.29937
threshold=-0.1048846476832669 -0.070281864518649748 0.63495336893992083 0.04536087626935089 0.014247998529231509 0.018499994277954106 0.032606668689601319 -0.032116153407432992 0.03091427883141119 -0.024461161927104503 0.025455343372453632 0.0059796068505378096 0.0042238270575269158 -0.0040281217280940156 0.088725373846042843 0.040709837504848974 0.16250000000000003 2.26397742276809 1.5390994350309943 -0.024468026908215465 0.020742582507951964 0.68906358102860732 0.0024338037179355621 0.00469806130334795 0.019666883077462605 0.00077813769834681325 0.0013055598480894526 -0.22999999999999995 -0.62103815807799678 -0.063764423651379742
decision_type=2 2 2 2 2 2 2 2 2 2 2 2 2 2 2 2 2 2 2 2 2 2 2 2 2 2 2 2 2 2
left_child=28 2 5 21 20 6 13 9 15 25 12 -8 -10 -2 18 17 -17 -9 -7 -11 -5 -4 -23 -12 -21 29 -27 -16 -1 -3
right_child=1 7 3 4 -6 14 11 8 10 19 23 -13 -14 -15 27 16 -18 -19 -20 24 -22 22 -24 -25 -26 26 -28 -29 -30 -31
leaf_value=-0.014665640880299705 0.009989728514668712 -0.0066935197852644387 -0.025710939378407339 0.020665387963921488 -0.0078902186351324354 0.0046337420130330769 -0.025227537002635331 0.00040438749331466942 0.0065088362260206515 0.024488223395853829 -0.020894150902789999 0.0015900124078241436 -0.0014198232962695941 -0.0015777893412623721 -0.016756745673171036 -0.001075226919479021 0.012224685808239967 -0.0033917022803492277 0.023292104904206506 -0.0038459626233784314 -0.0087081586528628529 -0.0057903459496868055 0.013475726201790637 0.0042431640409981743 -0.024352107361577887 -0.018869810158756401 0.0034921226444401148 0.0083768556154605288 -0.0010886692232481173 0.012759432800491275
leaf_weight=73.65311786532402 103.65095114707947 20.608955353498459 14.852005943655966 155.26624698936939 29.679999500513077 639.36779223382473 52.28809916973114 29307.260100841522 790.06722243130207 13.929174572229384 37.746406197547913 27.324923247098923 266.97549705207348 837.92670793831348 42.536471739411354 10858.627088919282 93.30986787378788 1140.5328534096479 34.44216288626194 1469.8878883123398 13.87750071287155 67.426338896155357 55.098335802555084 28.268924623727798 24.180347383022308 28.567076712846756 93.529604613780975 18.325140729546547 100.75499907881021 110.13008850812912
leaf_count=302 425 85 61 630 121 2605 229 118941 3203 57 154 110 1084 3427 173 44170 378 4677 142 6075 56 274 223 115 99 118 385 74 413 453
internal_value=-5.53955e-07 2.51009e-05 0.00213529 0.00839921 0.0143525 0.000935922 -0.00152986 -7.45895e-05 3.62857e-05 -0.00275214 0.00364597 -0.0160232 0.00450631 -0.000304411 0.00436335 -6.16348e-05 -0.000961912 0.000262191 0.00558747 -0.00391305 0.0182554 -0.000216855 0.00287345 -0.0101299 -0.00417784 0.00417193 -0.00173992 -0.00918914 -0.00682227 0.00969298
internal_weight=46550.1 46375.7 2092.06 336.2 198.824 1755.86 1021.19 44283.6 42522.8 1760.83 1123.06 79.613 1057.04 941.578 734.672 41399.7 10951.9 30447.8 673.81 1508 169.144 137.377 122.525 66.0153 1494.07 252.836 122.097 60.8616 174.408 130.739
internal_count=189259 188544 8550 1365 807 7185 4191 179994 172722 7272 4556 339 4287 3852 2994 168166 44548 123618 2747 6231 686 558 497 269 6174 1041 503 247 715 538
is_linear=0
shrinkage=0.03


Tree=114
num_leaves=31
num_cat=0
split_feature=4 25 45 9 1 10 27 40 18 14 1 2 36 28 1 15 10 9 29 14 36 1 31 0 3 11 16 18 40 15
split_gain=9.07747 16.7732 12.6619 12.7852 12.1979 12.4001 19.6706 13.1347 12.0307 11.7208 13.0341 10.8559 12.8961 10.719 10.7015 10.2661 15.3195 9.81375 15.2711 9.77168 13.2878 12.2561 9.69356 15.9093 13.7787 10.8923 9.38882 9.17473 12.1331 8.91539
threshold=0.68726140101692945 -0.75908336960224265 -0.00054823162770083992 0.0060745666538885449 0.016638221684452857 -0.0074101162512855605 0.012508749310760844 -0.011998888491094881 0.55658986602156157 0.2710000038146973 0.036666673024495451 0.097615523073197666 0.038396658046133063 -1.0215285307556552 0.10455300079503439 -0.1654999732971191 -0.00098502894584108123 0.048468827770488603 -0.014492561325503549 0.325900001525879 -0.061138414063290909 0.01153845624810826 -0.1048846476832669 -0.090936978130260596 18.042115795322612 -0.33552973816542392 0.012792322041652269 -1.4288091485566783 0.00029019666071459203 0.043499994277954111
decision_type=2 2 2 2 2 2 2 2 2 2 2 2 2 2 2 2 2 2 2 2 2 2 2 2 2 2 2 2 2 2
left_child=11 2 3 9 5 6 -3 -7 26 -2 -11 13 14 15 -13 16 -1 27 -19 20 -17 -21 -15 24 -24 -25 -5 28 -6 -16
right_child=1 4 -4 8 17 7 -8 -9 -10 10 -12 12 -14 22 29 19 -18 18 -20 21 -22 -23 23 25 -26 -27 -28 -29 -30 -31
leaf_value=0.00099457282401706833 0.012613086634416026 0.0091523104649981063 -0.0078860630969285212 0.011908773111723702 -0.013776337792694911 0.035958530305371918 -0.022341804194954181 0.0077334226986092609 0.034400651372523725 -0.037750931614150704 -0.0055818950191154496 -0.0096281589549546617 0.028154489420505715 -0.0075939389647092116 0.025093597481447648 0.025247248836756466 -0.027965842892063417 -0.0082585238535672571 0.034541664841715745 0.022879491480165257 -0.0060310230281335952 6.197070977643056e-05 0.012469711299352438 -0.00099270515646826063 -0.0036344351819995384 0.00037298907288901536 -0.013591187837653748 -0.0006223799188603068 -0.0013695904230652113 -0.0026405423762074151
leaf_weight=30.59138023853302 22.668326556682587 41.71105132997036 522.80134417116642 45.752817749977112 114.6247388869524 16.435398265719414 31.198678508400917 152.72917447984219 15.149789944291113 14.301334574818609 54.66507776081562 31.555029675364494 26.050466477870941 143.75585988163948 24.744276404380798 12.575564339756964 35.534196503460407 13.242167368531229 17.310647800564766 22.715783849358559 437.10255683213472 314.67021144926548 170.68680758774281 6201.349830403924 66.424217000603676 34478.193375334144 18.149991527199745 3267.6356458961964 186.14686316251755 18.034703850746155
leaf_count=124 94 168 2160 187 476 70 126 614 62 58 226 128 105 589 100 55 195 54 70 98 1974 1278 701 25329 273 139722 74 13310 766 73
internal_value=-5.50124e-07 -0.00127576 -0.00556982 0.00152464 -0.000500479 0.00601811 -0.00432428 0.0104757 0.0103645 -0.00610146 -0.0122527 0.000137082 0.00999081 0.000113482 0.00362532 -0.00321472 -0.014568 -0.000938934 0.0159913 -0.00226087 -0.0051563 0.00159825 0.000182638 0.00020996 0.0079583 0.000164797 0.00466615 -0.00108389 -0.00609783 0.0134015
internal_weight=46548.5 4534.52 693.489 170.687 3841.03 242.074 72.9097 169.165 79.0526 91.6347 68.9664 42014 100.384 41913.6 74.334 853.19 66.1256 3598.96 30.5528 787.064 449.678 337.386 41060.4 40916.7 237.111 40679.5 63.9028 3568.41 300.772 42.779
internal_count=189259 18515 2861 701 15654 978 294 684 323 378 284 170744 406 170338 301 3724 319 14676 124 3405 2029 1376 166614 166025 974 165051 261 14552 1242 173
is_linear=0
shrinkage=0.03


Tree=115
num_leaves=31
num_cat=0
split_feature=37 35 39 38 36 31 7 11 26 9 23 35 7 42 39 44 3 23 2 45 15 15 22 15 44 44 12 18 36 3
split_gain=9.01059 22.2834 10.1167 14.8946 14.6219 14.4151 16.2758 21.6529 17.3328 16.9485 18.1373 14.0594 13.2802 13.0316 12.9728 12.0321 11.9893 16.5344 17.9866 17.8248 11.9553 12.7236 12.6577 11.4859 13.0004 10.7932 10.1177 9.98631 10.4803 9.81006
threshold=1.0000000180025095e-35 -0.017047400045778923 0.00081189702544724556 0.60961615072462216 -0.016312697464520635 -0.0093008791478718048 0.026724217164956095 0.0095862314963438573 0.015560747118357083 -0.036332974557442242 0.034333006019785721 0.0063791057725518666 0.062942267757692585 0.052851207452568265 -0.024956187306241769 -0.084770473768047097 17.9345905285935 0.0043200898597919877 -0.010240495608237655 -0.024468026908215465 -0.011000013351440427 -0.18000001907348631 0.2166666666666667 0.14250001907348633 -0.027972483389443446 0.014158256599380395 0.007046210478571114 -0.1529208943557612 -0.042497179845222728 14.936790646408708
decision_type=2 2 2 2 2 2 2 2 2 2 2 2 2 2 2 2 2 2 2 2 2 2 2 2 2 2 2 2 2 2
left_child=1 -1 5 4 27 6 9 8 -8 -2 -11 20 13 -6 -9 -14 17 18 -7 -19 21 -5 -22 25 -25 -18 29 -4 -29 -13
right_child=2 -3 3 11 12 16 7 14 -10 10 -12 26 15 -15 -16 -17 23 19 -20 -21 22 -23 -24 24 -26 -27 -28 28 -30 -31
leaf_value=0.041958702424410868 -0.01519281413008707 0.0027594132849209333 0.00099794741825489351 0.0044239480707091092 0.00098212854922555422 -0.0019433255087472723 0.0034787749284849001 -0.0074245545458154014 -0.0030333429319202316 0.0009947302563882883 0.0056147123503333968 -0.014740011874578329 -0.015211260481281467 -0.0012824475682111545 -0.0016510786106924179 0.01146485808397152 -0.0042194455206458151 -0.019001554767025485 0.0011193540815267013 -0.0015851148827565581 0.0081404477016520163 -0.0037516448347050539 0.00020552803006345039 0.022024932563768047 0.00076985484767109569 0.00033371456923344097 0.0017478488186004285 0.021787046274786739 0.0067736971035460853 -0.0047782774449183982
leaf_weight=13.342116832733153 52.071148902177811 599.67902325093746 237.62416706234217 200.17752050608397 12909.59356508404 2366.4067468196154 1181.0122466981411 493.51056022942066 534.24480783939362 3435.531542763114 983.76918905973434 136.02344509214163 16.839290544390678 2779.3917827084661 1206.7673068791628 157.98302826285362 2189.7941020876169 53.345563322305679 6375.0228156000376 6150.0810386613011 207.32270196080208 1188.5059283524752 1421.2950295954943 28.01670403778553 342.52514158189297 596.11669898033142 119.36669310927391 49.704114705324173 264.70372799783945 257.19820861518383
leaf_count=70 210 2437 965 816 52332 9641 4834 2014 2192 13918 3978 553 69 11345 4918 644 8920 285 25856 25072 838 4842 5766 114 1389 2429 485 202 1079 1046
internal_value=-5.44681e-07 0.00361257 -4.87642e-05 0.000459439 0.000839593 -0.000438806 0.000631587 -0.000927713 0.00145047 0.00182268 0.00202317 -0.00130848 0.000672573 0.000580946 -0.00332685 0.00889535 -0.000905186 -0.000550358 0.000290251 -0.00173489 -0.000528108 -0.00257314 0.00121564 -0.00258519 0.00237695 -0.00324518 -0.00590204 0.00563928 0.00914713 -0.00822425
internal_weight=46547 613.021 45933.9 19945.7 16415.8 25988.2 7886.91 3415.53 1715.26 4471.37 4419.3 3529.89 15863.8 15689 1700.28 174.822 18101.3 14944.9 8741.43 6203.43 3017.3 1388.68 1628.62 3156.45 370.542 2785.91 512.588 552.032 314.408 393.222
internal_count=189259 2507 186752 80982 66636 105770 32064 13958 7026 18106 17896 14346 64390 63677 6932 713 73706 60854 35497 25357 12262 5658 6604 12852 1503 11349 2084 2246 1281 1599
is_linear=0
shrinkage=0.03


Tree=116
num_leaves=31
num_cat=0
split_feature=11 39 5 15 15 13 5 7 40 25 12 38 12 24 36 36 35 27 11 2 8 1 45 25 1 2 23 12 8 3
split_gain=8.76958 13.2887 9.82906 23.362 23.7748 17.9928 16.845 17.9604 16.6332 17.4672 16.1685 15.2862 16.6419 14.829 25.7595 15.3886 14.7888 14.3288 14.6678 19.9639 14.3787 14.3731 12.4535 12.2278 11.4713 15.3624 10.9383 10.6761 10.3535 9.36082
threshold=-0.48473193473193471 0.032058533818942865 -0.046912520133223549 -0.0059999942779541005 -0.0054999828338623035 0.00071045639401242798 -0.0076965658903417325 0.03606242780139738 -0.010698562786912447 -1.4299145109012905 -0.017856878618375253 1.0177433727153053 0.011391508711943438 0.012685266374985843 -0.090187754220383928 -0.042497179845222728 0.0068982255722212747 0.086956984109088184 0.25769412878787884 0.01350052067904264 0.58830894283789559 0.015936267090037825 -0.01012863582762732 -1.1483395091169899 0.050288159123840624 -0.024273741762116701 -0.11437166639007595 -0.0050965524669645884 -0.26680785960707426 12.703299218621959
decision_type=2 2 2 2 2 2 2 2 2 2 2 2 2 2 2 2 2 2 2 2 2 2 2 2 2 2 2 2 2 2
left_child=1 29 3 5 -5 24 7 8 22 -10 -9 16 -13 14 -6 -15 -7 18 19 -8 23 -20 -4 -19 25 -2 -12 -22 -26 -1
right_child=2 -3 6 4 13 11 17 10 9 -11 26 12 -14 15 -16 -17 -18 20 21 -21 27 -23 -24 -25 28 -27 -28 -29 -30 -31
leaf_value=0.014221146545606737 0.018979257750306924 0.0056464238046356387 0.0049794774455784304 0.034342351319044909 -0.027034230495779507 -0.00067467830863037035 0.00055566562284190815 0.018836770305164126 -0.022280983476161375 -0.00032336123580763122 0.02026349875906943 -0.020282958131660079 0.0071636049219831717 0.011788038664029324 0.00088762909400852473 0.0035704884879532378 0.006178019587197838 -0.022197856903317558 0.005407407203014452 0.0036805979143839816 0.028486973435670845 -0.00082178045687970902 -0.0084836448435002872 -0.0039643898144363825 -0.03597981032068677 -0.012718912653684909 -0.0050310405359909032 0.002463036067784626 -0.0092820507457290289 -0.0074904837279320081
leaf_weight=18.762692615389824 19.017222508788109 102.83868932723999 73.980696462094784 22.230055004358292 30.984115555882454 1871.2645695209503 16720.13244048506 26.709491759538651 32.705589815974236 10692.079192854464 15.56778748333454 65.697214990854263 28.511009305715561 243.09711115062237 738.56133076548576 1311.9941652268171 334.0294725894928 34.443454340100288 346.89569520950317 2067.4643371552229 15.626965552568434 8552.5216395407915 376.68992655724287 849.7933971658349 26.082069486379623 49.78071491420269 1321.223203651607 154.03434038162231 26.210969477891922 376.44889450073242
leaf_count=78 78 423 322 90 127 7656 67912 109 134 43458 64 271 115 996 3006 5336 1365 142 1395 8340 63 34692 1561 3475 107 203 5437 623 108 1573
internal_value=-5.37259e-07 -0.00396001 4.22887e-05 0.00133202 0.00346482 -0.00073581 -0.000106664 -0.00102417 -0.000627575 -0.000390322 -0.0042747 -0.000142271 -0.0119766 0.00316954 -0.000236585 0.00485508 0.00036328 0.00029362 0.000424308 0.000899546 -0.0031397 -0.000578969 -0.00627358 -0.00467463 -0.012007 -0.00395686 -0.00473647 0.00486002 -0.022598 -0.00645972
internal_weight=46545.4 498.05 46047.3 4767.46 2346.87 2420.59 41279.9 12539 11175.5 10724.8 1363.5 2299.5 94.2082 2324.64 769.545 1555.09 2205.29 28740.9 27687 18787.6 1053.9 8899.42 450.671 884.237 121.091 68.7979 1336.79 169.661 52.293 395.212
internal_count=189259 2074 187185 19458 9555 9903 167727 51085 45475 43592 5610 9407 386 9465 3133 6332 9021 116642 112339 76252 4303 36087 1883 3617 496 281 5501 686 215 1651
is_linear=0
shrinkage=0.03


Tree=117
num_leaves=31
num_cat=0
split_feature=19 29 16 9 14 40 14 38 15 12 2 16 23 15 23 15 24 15 15 24 13 38 16 13 24 35 37 9 2 34
split_gain=8.88523 15.645 14.222 23.2881 15.1745 14.2552 19.827 13.7974 12.8641 16.6298 11.9476 14.2207 15.4034 11.9022 11.4133 11.2543 16.5221 20.2104 40.3814 21.6827 15.771 20.8428 16.1325 15.5263 37.4467 24.4012 22.4569 20.0918 14.1864 11.6667
threshold=0.5318513864966169 0.05084963308691081 0.02171836091932736 0.026085425086466201 0.65329998016357427 0.0008647998090863413 0.33909999847412114 0.94642665656173552 -0.29700002670288078 -0.0044975906417759311 -0.00087798324552426643 -0.030063757850132062 0.048613715200030862 -0.17349996566772458 0.043772138061069346 -0.013500022888183591 0.049826737050093974 0.22100000381469728 0.23000006675720217 -0.031663517637434378 0.012147777321824793 -0.20442556783099783 0.049395651135654729 0.013667525005958471 -0.45906666096342613 -0.024468026908215465 0.013052216755750402 0.00083339874304058734 -0.026577643078284453 -0.014487876102819054
decision_type=2 2 2 2 2 2 2 2 2 2 2 2 2 2 2 2 2 2 2 2 2 2 2 2 2 2 2 2 2 2
left_child=2 15 8 4 5 6 -4 -7 9 -1 -10 12 -12 -3 -15 23 17 19 -19 -17 22 -22 -18 25 27 29 -26 -25 -27 -2
right_child=1 13 3 -5 -6 7 -8 -9 10 -11 11 -13 -14 14 -16 16 20 18 -20 -21 21 -23 -24 24 26 28 -28 -29 -30 -31
leaf_value=-0.013164380324469396 -0.006662534376690568 0.0063223321432485562 -0.007293276705411726 -0.017583497397767888 -0.016295997652064551 0.0139458582854446 0.0085809171931512003 -0.010711346673824937 -0.001091634228334846 0.01709044853152001 -0.0087689265112724339 0.0024162148696093024 0.021597492011051173 -0.0057861197624028728 0.0036963989881629539 -0.00032107533157069325 0.0015991328263514164 0.026803800907529048 0.0019101956267716521 -0.004613891728902763 -0.0065771108332538571 0.0010786362517546889 0.0097419779913021018 0.055504208454054828 0.019475392384248547 -0.0035406793860373815 0.00055665486687113354 0.015559575151830972 -0.00063962211462027113 0.025671341709627826
leaf_weight=20.408864304423332 12.897182285785673 98.605904817581177 109.4798206910491 38.143790528178215 25.13181659579277 278.94074361026287 200.50152514874935 22.038201108574867 2588.7117640972137 82.231826052069664 172.75887903571129 2397.2919194549322 16.466853842139244 902.82703547179699 130.78605219721794 8566.3919765353203 8086.7207541614771 61.326418355107307 1342.4704820513725 1208.3077025860548 494.26881752163172 908.03418178856373 225.06784616410732 14.612531721591948 58.744957029819489 1684.7377359569073 1457.4229524731636 50.496004402637482 15242.479663722217 45.386049672961235
leaf_count=82 52 403 456 156 102 1126 816 89 10509 332 703 9750 69 3709 537 34720 32776 247 5472 4906 2058 3698 909 59 251 6917 5988 203 61981 183
internal_value=-5.35976e-07 -0.00015926 0.00108191 0.0051848 0.00655012 0.0074899 0.00297444 0.0121404 0.000557779 0.0110746 0.000349198 0.00179125 -0.00612637 -0.00363623 -0.00458627 -5.94943e-05 0.000418121 -0.000368323 0.0029977 -0.000851735 0.00132312 -0.00161978 0.00181963 -0.000596939 0.00224636 -0.000861638 0.00128967 0.0245245 -0.00092836 0.0185164
internal_weight=46543.7 40591.6 5952.11 674.236 636.092 610.96 309.981 300.979 5277.87 102.641 5175.23 2586.52 189.226 1132.22 1033.61 39459.4 20892.6 11178.5 1403.8 9774.7 9714.09 1402.3 8311.79 18566.8 1581.28 16985.5 1516.17 65.1085 16927.2 58.2832
internal_count=189259 165069 24190 2745 2589 2487 1272 1215 21445 414 21031 10522 772 4649 4246 160420 84786 45345 5719 39626 39441 5756 33685 75634 6501 69133 6239 262 68898 235
is_linear=0
shrinkage=0.03


Tree=118
num_leaves=31
num_cat=0
split_feature=16 9 35 20 13 36 14 35 20 29 9 41 16 8 20 15 14 42 14 9 6 19 25 29 39 5 11 14 1 42
split_gain=8.71323 11.8028 19.247 16.047 13.3074 12.876 12.0832 29.8845 17.8078 20.0394 18.8391 15.0105 13.3501 12.6351 24.2391 32.2254 18.2077 18.1242 18.2801 14.6674 11.2497 9.62344 10.4434 9.43492 11.6264 10.6129 6.32316 13.734 8.86705 9.34809
threshold=-0.10740115070762786 0.033309770964385525 0.0042238270575269158 0.47500000000000003 0.0067652000044919648 -0.076540375944184627 0.52170000076293954 -0.0027684293983463479 -0.24999999999999997 0.0063144080512876422 0.0033850539820960515 -0.089689572675314078 -0.014733526295683613 0.028246442555306502 -0.14749999999999999 -0.18900003433227536 0.37269998550415046 1.0000000180025095e-35 0.26469999313354498 -0.024051442529193275 0.0074923894016634138 0.56811834008184936 -0.65115400119429434 0.0023206059454007944 -0.0092736587243499521 0.012460326349209684 0.18208556149732621 0.94279998779296881 0.086956628543004774 0.020689637449979918
decision_type=2 2 2 2 2 2 2 2 2 2 2 2 2 2 2 2 2 2 2 2 2 2 2 2 2 2 2 2 2 2
left_child=26 6 3 5 21 -3 13 11 9 -9 -10 -8 -13 17 16 -16 -15 19 -19 -2 -7 -4 -23 25 -25 -6 28 -28 29 -1
right_child=1 2 4 -5 23 20 7 8 10 -11 -12 12 -14 14 15 -17 -18 18 -20 -21 -22 22 -24 24 -26 -27 27 -29 -30 -31
leaf_value=-0.023212502415853434 0.037289074209269017 -0.016040308501880415 0.010114723502194124 0.030921536527485909 -0.0019190545430614746 0.0099474621645422711 0.022408673823244254 0.0023988468290244641 0.0019394704483729841 -0.0036966685561414391 0.0076736322637195103 -0.010113114511331043 -0.0018151962097591248 0.0003200430954661865 0.0092476208489702619 0.00096965901482629828 -0.002243636276557044 -0.0027058826341919491 -0.0004151018845785432 0.0049679724690227011 0.0021939266412097412 -0.005918733150217792 -0.027131360224439415 0.0086276373223296114 -0.018040269780395222 0.017590810605772826 -0.0069037268749922347 0.025730407521541879 -0.030950921214623339 -0.0024872325047367227
leaf_weight=25.375068262219429 13.174940943717955 25.248396813869476 14.50175781548023 22.163259983062744 53.644626349210739 313.25558096170425 18.840670004487038 1485.0488326847553 1282.3206640183926 721.11195158958435 862.49289165437222 267.21817225217819 502.89963158965111 6074.3688229545951 442.1410873606801 9904.7299200892448 4229.1919251531363 3942.181158926338 15313.63089197129 309.14226184785366 364.24569514393806 42.43875715136528 41.13373838365078 24.072754725813866 37.843180537223816 47.149774894118309 44.862760320305824 15.656943172216414 16.231217965483665 85.867679998278618
leaf_count=103 67 104 59 89 217 1272 76 6012 5187 2927 3486 1084 2037 24606 1816 40170 17150 16173 62428 1270 1478 174 167 98 154 191 184 63 66 351
internal_value=-5.30573e-07 2.561e-05 0.0032733 0.00578767 -0.00371598 0.004995 -4.49509e-05 0.00132474 0.00229883 0.000406449 0.00424535 -0.0040472 -0.00469444 -0.000219954 0.00029773 0.00132339 -0.000732243 -0.000765993 -0.000884086 0.00628912 0.00577892 -0.0124448 -0.0163594 0.00154536 -0.00767186 0.0072073 -0.00644609 0.00153899 -0.0102371 -0.00721478
internal_weight=46542.2 46354.2 985.698 724.913 260.785 702.75 45368.5 5139.93 4350.97 2206.16 2144.81 788.958 770.118 40228.6 20650.4 10346.9 10303.6 19578.1 19255.8 322.317 677.501 98.0743 83.5725 162.71 61.9159 100.794 187.994 60.5197 127.474 111.243
internal_count=189259 188492 4003 2943 1060 2854 184489 20809 17612 8939 8673 3197 3121 163680 83742 41986 41756 79938 78601 1337 2750 400 341 660 252 408 767 247 520 454
is_linear=0
shrinkage=0.03


Tree=119
num_leaves=31
num_cat=0
split_feature=22 22 14 40 13 24 40 24 24 24 12 25 16 30 45 22 16 24 13 24 16 45 14 2 6 45 14 3 16 30
split_gain=8.58911 31.4278 28.7606 23.9415 51.5206 22.1416 43.3363 56.3916 37.7341 29.4354 35.7484 23.9424 23.8661 22.6891 20.8949 20.3082 57.6348 26.7385 23.1673 40.5623 54.7157 21.9039 35.9484 21.6689 21.0935 20.295 19.0893 18.8728 18.6303 42.3141
threshold=1.8500000000000003 0.9833333333333335 0.50159999847412118 -0.0029247649075804429 0.0069152847823547945 0.32507817114257104 0.0018955860716268309 0.58406638250171039 0.82702113488208517 0.32789051374514766 0.00056643314239536978 -0.5154837513671503 -0.004519341263809741 -0.017047400045778923 0.00076012683576200633 0.88333333333333341 -0.047077618025553845 0.25074848444318759 0.0064122634522096556 -0.50148834584815438 0.019118358918509552 -0.00076566397573942424 0.41429998397827156 -0.012380957830519903 -0.031958853207432684 0.057182037927536185 0.60989999771118175 17.530785235379593 -0.017438779166305176 -0.012904684853244497
decision_type=2 2 2 2 2 2 2 2 2 2 2 2 2 2 2 2 2 2 2 2 2 2 2 2 2 2 2 2 2 2
left_child=1 15 25 4 -4 28 8 11 9 10 -7 14 -13 -11 -8 18 -17 -18 21 20 -20 22 -1 -21 -23 -3 -5 -9 29 -2
right_child=5 2 3 26 -6 6 7 27 -10 13 -12 12 -14 -15 -16 16 17 -19 19 23 -22 24 -24 -25 -26 -27 -28 -29 -30 -31
leaf_value=-0.00035829360532873769 -0.029756531018029442 -0.0028202203269481994 0.063031779470051327 0.0032789650629111819 0.0011682466454270004 0.059778862658603923 0.0041935046181682031 -0.010714665622280425 0.044816394426129648 0.028846290635267471 0.0035022505944780091 -0.0023037687248354619 0.009669266305749314 0.0036457577346558738 -0.0068862531352362035 0.055097662940236991 0.005906900489600667 -0.003586041691018838 -0.0057790068176593028 -0.0015457749537427926 0.042400423597029391 -0.0026195077473045642 -0.0085035015542890297 0.0020452081051293429 0.00050534381873446142 -0.040741414898674139 -0.010899442207847951 0.0026779025060970855 0.00039042768191281522 -0.0019601844004707783
leaf_weight=1204.7414644956589 50.378855362534523 5758.360874582082 18.386620119214058 739.53294397890568 35.525155499577522 18.935765370726585 276.5857509970665 540.52384870499372 20.844370275735855 32.53100922703743 21.917135328054428 213.28149498999119 503.69672428071499 2777.1670887470245 343.35292999446392 19.466031685471535 898.42738725244999 379.98435182869434 37.180635392665863 2083.5438124537468 49.402128159999847 2563.6907027065754 819.30277320742607 5516.6153894364834 8045.2414751946926 12.729943871498106 96.629803940653801 114.81616820394993 11069.198417112231 2278.9675734043121
leaf_count=4880 205 23520 74 2996 144 76 1126 2243 92 131 89 879 2058 11326 1399 78 3639 1542 150 8490 199 10446 3366 22376 32590 66 392 466 44934 9287
internal_value=-5.23874e-07 -0.000328033 -0.00212971 0.0028898 0.0222668 0.00050662 0.00224041 -0.00115928 0.00459922 0.00430513 0.0295871 0.00237447 0.00610761 0.00393753 -0.00194302 0.000227128 0.0038654 0.0030853 -5.25832e-06 0.00129336 0.0217111 -0.000795425 -0.00365535 0.00106076 -0.000249789 -0.00290387 0.00164046 -0.00836828 -0.000122743 -0.00256136
internal_weight=46541 28278.8 6661.17 890.075 53.9118 18262.2 4863.65 1992.26 2871.4 2850.55 40.8529 1336.92 716.978 2809.7 619.939 21617.6 1297.88 1278.41 20319.7 7686.74 86.5828 12633 2024.04 7600.16 10608.9 5771.09 836.163 655.34 13398.5 2329.35
internal_count=189259 114948 27192 3606 218 74311 19885 8171 11714 11622 165 5462 2937 11457 2525 87756 5259 5181 82497 31215 349 51282 8246 30866 43036 23586 3388 2709 54426 9492
is_linear=0
shrinkage=0.03


Tree=120
num_leaves=31
num_cat=0
split_feature=4 28 45 18 23 5 3 1 41 18 45 20 9 17 4 16 10 6 41 45 22 22 28 15 42 26 44 27 27 23
split_gain=8.79545 10.6346 19.2064 15.2207 13.8748 12.6606 12.0228 12.7923 14.5244 11.2189 13.6551 11.6277 20.1723 16.5574 11.5063 11.3008 10.719 9.97888 12.0742 14.9892 12.7197 19.6874 11.2003 19.0875 11.3477 10.4437 9.88774 9.98846 9.85964 9.64062
threshold=0.32350331944917438 -9.9411349836180687 -0.0029299981724404361 -0.040370294800964268 -0.0062592788234543109 -0.022659413761781374 13.4038445112666 0.020594867590502119 0.023062197821698861 -2.0280972757703077 0.0013055598480894526 -0.11249999999999998 0.035627601838127285 0.0376388805794034 0.49179400812068691 -0.0028480123825187493 -0.0045756979337747564 0.36611778461559569 -0.017534696010227377 0.00082773716612596427 0.15000000000000002 0.45000000000000007 -1.7068374921875538 -0.034999990463256823 0.014862521561006399 -0.010929024033155444 -0.01786573286043908 0.021739022896622568 0.026225499004597096 -0.016816767344860709
decision_type=2 2 2 2 2 2 2 2 2 2 2 2 2 2 2 2 2 2 2 2 2 2 2 2 2 2 2 2 2 2
left_child=17 2 4 5 -2 -4 7 8 -3 10 14 13 -13 -11 -8 -12 -6 22 29 -20 -21 -22 23 28 -25 -26 27 -9 -1 -19
right_child=1 6 3 -5 16 -7 9 26 -10 11 15 12 -14 -15 -16 -17 -18 18 19 20 21 -23 -24 24 25 -27 -28 -29 -30 -31
leaf_value=-0.032061734837701278 0.046163150846907405 0.0037000858243968105 -0.029940851303043678 0.0079834871529163073 0.02600544795388135 -0.0025888205342567095 -0.00082395812410950432 -0.011418621110695868 -0.027664594996865331 -0.0012220041372004403 -0.005752529524100279 0.00076815604989451808 0.016270329656747101 0.024426870300150144 -0.0089546723205596659 0.0088335168100150754 -0.0015069337914635187 -0.02313635562792505 0.015317333329382028 -0.020807808777651059 0.024370081380802166 -0.0058926460370442805 0.00021442697378654669 -0.019693832492584665 0.031883199107079478 0.00017168214978002504 -0.0077028371685635699 0.0080365507945985692 0.003702048865375659 0.0079325749058536919
leaf_weight=34.613444745540619 13.745171651244162 226.02839152514935 19.80820606648922 109.09697295725346 25.400874435901642 65.906345263123512 251.22399216890335 34.334404766559601 14.118002891540526 5437.2588090747595 79.23957023024559 3313.2008180618286 77.309173658490181 22.746247470378876 416.09922018647194 120.50891819596291 25.579987853765488 21.245695188641548 129.20637901127338 21.053016468882561 30.703702956438065 52.306770756840706 35232.426922500134 18.740382313728333 12.150683924555777 40.504098579287529 592.82411922514439 77.045937225222588 8.6768515557050687 15.5804555863142
leaf_count=325 62 913 81 442 106 267 1023 140 57 22098 325 13481 312 92 1714 491 104 86 520 85 124 211 143042 85 50 181 2426 316 37 63
internal_value=-5.23706e-07 -0.000745311 0.00525479 0.000550686 0.0194131 -0.00890974 -0.000891368 -0.00412298 0.00185618 -0.000577322 -0.00383399 -0.000258271 0.00112163 -0.00111515 -0.00589374 0.00304728 0.0122009 0.000227854 0.00597233 0.00849255 1.88281e-05 0.00530085 0.000183959 -0.00917604 0.000354177 0.00748947 -0.00616198 0.00203925 -0.0248935 -0.00999167
internal_weight=46538.7 10921.5 259.538 194.812 64.726 85.7146 10661.9 944.351 240.146 9717.59 867.072 8850.52 3390.51 5460.01 667.323 199.748 50.9809 35617.2 270.096 233.27 104.063 83.0105 35347.1 114.685 71.3952 52.6548 704.204 111.38 43.2903 36.8262
internal_count=189259 44450 1062 790 272 348 43388 3852 970 39536 3553 35983 13793 22190 2737 816 210 144809 1089 940 420 335 143720 678 316 231 2882 456 362 149
is_linear=0
shrinkage=0.03


Tree=121
num_leaves=31
num_cat=0
split_feature=26 24 14 14 17 8 42 14 6 14 19 40 13 8 28 23 8 24 19 8 45 34 24 10 33 32 34 23 16 40
split_gain=8.56219 23.6781 18.9254 24.8269 21.9696 19.7623 17.7023 16.7651 16.0973 27.9636 18.3613 17.8345 15.4655 14.9859 16.2267 14.7586 15.2947 17.4988 18.1276 14.9512 25.594 21.5631 15.1707 14.4268 14.1914 13.1797 21.8183 15.9759 12.9679 20.9395
threshold=0.0071141562277722099 0.2797914927728023 0.31789999961853033 0.34050001144409187 -0.0012373603408809926 -0.217195462023933 0.048161044508894087 0.325900001525879 -0.014730401841656747 0.29829999923706058 0.8720913714562667 -0.0044975906417759311 0.0021537121238246379 -0.065846209201136 0.15200628590333934 -0.072383730619236961 -0.06879353022753297 0.11529416843943888 0.75432986216182851 -0.11816747298259313 -0.016986411119452146 -0.020531881280677223 0.49055713373694071 -0.0028724408144844703 9.8858069356687519 0.047101745743735615 -0.019158019374348346 0.054693326997979179 0.014247998529231509 0.0023843875816408062
decision_type=2 2 2 2 2 2 2 2 2 2 2 2 2 2 2 2 2 2 2 2 2 2 2 2 2 2 2 2 2 2
left_child=6 8 24 25 -5 -6 15 13 9 12 28 23 -2 14 -8 16 17 18 -1 20 22 -22 -17 -12 -3 27 -27 -4 -10 -30
right_child=1 2 3 4 5 -7 7 -9 10 -11 11 -13 -14 -15 -16 19 -18 -19 -20 -21 21 -23 -24 -25 -26 26 -28 -29 29 -31
leaf_value=-0.011311519203069458 -0.019458723659030615 -0.0012847026916534738 0.0091959523855972992 -0.0022724569090393806 0.012693431548085261 0.0025204171607051801 -0.0090681124465478158 -2.3017996341874474e-06 -7.9542505904435252e-05 -0.0016870988067681195 -0.0015871036577641878 -0.0011582153231696692 -0.0068523284429030896 -0.0013017157496331888 0.00051016670196388312 0.014282371929299046 0.002949487919612242 0.041416161083917644 0.018365964557252513 0.0011438375311041292 0.0032227987797010861 -0.0012999177513324381 -0.010788686433836944 -0.010187049499129975 0.017217603082702253 -0.00032302999814739299 0.025394227921756891 -0.011291988540529365 0.0012604423108857976 0.011284449041090303
leaf_weight=25.641286984086037 111.60662519931793 1710.2725474089384 225.68373170495033 724.9109403192997 211.15330657362938 923.59969711303711 592.05581790581346 4127.6860726252198 3472.5186717510223 1859.2562983110547 324.46240323781967 5136.3484396189451 406.90218779444695 1310.441972989589 217.72060033679008 154.38658511638641 378.24816980957985 19.480273455381393 66.732094660401344 14769.714377477765 1096.0678406879306 7059.325605481863 25.278876133263111 382.54402965307236 38.141198351979256 42.899272099137306 96.426653996109962 40.38320866972208 735.31776544451714 251.77239826321602
leaf_count=104 460 6983 922 2942 856 3747 2511 16794 14077 7590 1316 20842 1661 5383 891 627 1529 79 270 59848 4472 28780 117 1554 170 176 396 169 2975 1018
internal_value=-5.20442e-07 -0.000544586 0.00146369 0.00327364 0.0018072 0.0044134 0.000303833 -0.00111607 -0.00118021 -0.00340517 -0.000666723 -0.00177312 -0.0095658 -0.00328437 -0.00649285 0.000679821 0.00583143 0.0155771 0.010128 0.000570544 -0.00044533 -0.000692074 0.0107549 -0.00624033 -0.00088108 0.0100007 0.0174757 0.00608633 0.000782967 0.00381722
internal_weight=46537 16694.2 4013.47 2265.06 1859.66 1134.75 29842.8 6247.9 12680.7 2377.77 10303 5843.35 518.509 2120.22 809.776 23594.9 490.102 111.854 92.3734 23104.8 8335.06 8155.39 179.665 707.006 1748.41 405.393 139.326 266.067 4459.61 987.09
internal_count=189259 67854 16361 9208 7545 4603 121405 25579 51493 9711 41782 23712 2121 8785 3402 95826 1982 453 374 93844 33996 33252 744 2870 7153 1663 572 1091 18070 3993
is_linear=0
shrinkage=0.03


Tree=122
num_leaves=31
num_cat=0
split_feature=12 13 24 2 0 31 45 30 24 9 43 13 24 13 14 8 24 23 23 14 14 6 45 23 1 3 9 23 30 0
split_gain=8.39154 20.0133 38.3015 16.3497 18.7927 17.5454 15.5006 26.0491 38.1442 31.5864 27.5208 23.3674 28.0136 22.9462 35.0207 22.8642 22.4939 47.8435 46.3952 22.33 21.9584 21.5472 17.5863 18.6054 16.2022 15.4793 15.3888 15.332 15.1389 18.1559
threshold=0.0013055598480894526 0.0013205237637713633 0.82702113488208517 -0.0016983908763292524 0.0084073723285064319 0.034796619338479808 -0.00036650857440539741 -0.00092457129043087879 -0.31797276378218869 -0.0088722968594856684 -9.9411349836180687 0.0072927127171545708 -0.39287575838488292 0.0068340331953849849 0.24770000457763677 0.24049226002888632 -0.48928226957225346 -0.032301671011680431 -0.0015900565040251333 0.21930000305175781 0.2621000003814698 0.012875058395734442 -0.0033740181454708358 0.0421379095267422 1.0000000180025095e-35 16.726701147776168 -0.006425696753643381 -0.0015900565040251333 0.00029019666071459203 1.0000000180025095e-35
decision_type=2 2 2 2 2 2 2 2 2 2 2 2 2 2 2 2 2 2 2 2 2 2 2 2 2 2 2 2 2 2
left_child=6 2 -2 28 5 27 11 8 9 -8 20 12 15 21 -15 -1 17 -13 -19 -12 -10 -14 24 -24 -18 -11 -6 -5 -3 -30
right_child=1 3 -4 4 26 -7 7 -9 10 25 19 16 13 14 -16 -17 22 18 -20 -21 -22 -23 23 -25 -26 -27 -28 -29 29 -31
leaf_value=-0.011952554533270286 0.0031214977426010245 -0.0022961719652590464 0.045139213215663769 0.0061823414155604316 -0.005090314224926445 -0.0058041831975844385 0.036408630989967355 -0.00036593133111724024 -0.002896184819856549 0.010980832318067006 -0.0093175515126073319 -0.0010255569010731394 -0.0031386308377974736 -0.053569358932703426 -0.0073903897898616438 -0.0030529594619787504 -0.024095592616311241 0.056247075930675447 0.009207928029551225 0.0013161467295555967 0.04238235288384757 0.0014502548846121986 0.0018582617025393157 0.016248837271401993 -0.0013091914402746246 0.0013924314648523703 0.00052362209873583251 0.0017618574023864411 0.00099874323558328494 -0.0058192446851455535
leaf_weight=473.43233388662338 1680.2668710201979 3420.0467745959759 19.754679724574089 1168.390827126801 486.08468674123287 193.94413689523935 35.476923316717148 16583.415094286203 15.449568167328833 398.03726184368134 189.98640020191669 131.98003609478474 1930.8587046042085 15.74349522590637 241.54520477354527 575.79930233210325 28.423240654170513 32.140721619129181 45.707977011799812 2755.1842091828585 25.633100762963295 1760.644191108644 1000.5031614154577 87.967713564634323 2355.9763931035995 244.67930157482624 4580.7852179706097 1784.9593197479844 3886.1763741225004 386.47671391069889
leaf_count=1954 6794 13888 89 4745 1969 791 143 67506 62 1605 768 532 7865 64 995 2343 272 130 192 11177 128 7140 4099 354 9544 988 18520 7254 15781 1567
internal_value=-5.19533e-07 0.000515864 0.00360975 0.000185209 0.00111598 0.00293666 -0.000314807 0.000139887 0.00242896 0.00885167 0.000970335 -0.00137539 -0.00271147 -0.00155373 -0.0102161 -0.00706862 0.000437889 0.00997644 0.0286286 0.000630191 0.0253549 -0.000949984 -0.000138424 0.00302127 -0.00158082 0.00733057 -1.49448e-05 0.00351067 -0.000808653 0.000382032
internal_weight=46535.5 17606.9 1700.02 15906.9 8214.16 3147.29 28928.6 20247.9 3664.45 678.193 2986.25 8680.72 4998.02 3948.79 257.289 1049.23 3682.7 209.829 77.8487 2945.17 41.0827 3691.5 3472.87 1088.47 2384.4 642.717 5066.87 2953.35 7692.7 4272.65
internal_count=189259 71398 6883 64515 33279 12790 117861 82377 14871 2736 12135 35484 20361 16064 1059 4297 15123 854 322 11945 190 15005 14269 4453 9816 2593 20489 11999 31236 17348
is_linear=0
shrinkage=0.03


Tree=123
num_leaves=31
num_cat=0
split_feature=4 41 29 3 18 6 31 28 14 24 29 7 2 22 5 41 27 14 1 20 12 9 35 6 44 22 35 29 7 15
split_gain=8.35502 10.5026 14.1546 13.3889 12.8198 12.0282 15.7256 15.5083 15.3461 14.9003 11.791 11.1414 12.193 10.8644 13.758 18.0727 14.4122 10.8266 18.6335 11.463 10.1778 9.97829 10.5145 9.38792 11.4596 12.7849 10.7635 11.0437 10.4781 17.372
threshold=0.32350331944917438 -0.0069687395916813773 0.024648096742461781 13.4038445112666 -2.1102530942257434 -0.065122863458720801 0.015552539644020385 -1.3012951407343081 1.1414000320434572 0.66366466128787838 -0.043460681101799056 0.016452155423276733 -0.019186174456155849 1.0500000000000003 0.11959978184168919 0.016855197979529783 0.050698039609735783 0.33190000534057623 0.027699241460708728 0.47500000000000003 0.000679663966706377 0.013460161710265183 -0.0044975906417759311 0.36611778461559569 -0.0087551565568365301 0.15000000000000002 -0.00068904883429804725 -0.028026521531687349 0.03878043805371352 0.088500022888183608
decision_type=2 2 2 2 2 2 2 2 2 2 2 2 2 2 2 2 2 2 2 2 2 2 2 2 2 2 2 2 2 2
left_child=23 5 3 11 20 6 8 21 9 -2 -6 12 -3 -4 16 -16 -15 18 -9 -19 -5 22 -7 28 -25 -26 -27 -28 -1 -30
right_child=1 2 13 4 10 7 -8 17 -10 -11 -12 -13 -14 14 15 -17 -18 19 -20 -21 -22 -23 -24 24 25 26 27 -29 29 -31
leaf_value=0.00035789173066231585 -0.0033425004963047993 -0.022347308382489928 -0.010790371684916889 -0.0088303323035234891 0.010841970807132631 -0.016019068852385434 -0.013472753606131394 0.0043721533731596327 0.02276963252563026 0.013310355048381449 -0.00039233071393168984 -0.0088982799539165398 0.00083542069600610368 0.0013102900800367665 -0.011083325464593077 0.023819251456601628 -0.017515356444360058 0.0021234458744025944 -0.0034493009021192016 0.015809388265513227 0.00028175474149033479 0.029452703484551489 0.011006671709109288 -0.0051194851905358076 -0.0073738133436423098 0.025347370153722518 0.030188104544692281 0.0045813298057432901 -0.0023822696790041426 0.0025778822922332988
leaf_weight=31577.086102813482 578.17590184509754 22.085072115063667 246.12161859869957 291.68054035305977 85.381416887044907 14.793484732508658 106.94040450453758 392.94403733313084 23.442857205867767 52.770579919219017 5523.5981613099575 340.07046887278557 270.57466213405132 91.563796415925026 21.095052033662796 36.376812964677811 60.969508424401283 1492.2735498249531 906.64544577896595 57.19034169614315 177.43075233697891 22.45341956615448 104.31483156979084 65.577408492565155 34.449623078107834 44.491384983062744 17.633693665266037 107.97631423175335 2956.7296720743179 809.45229415595531
leaf_count=128256 2369 91 1013 1197 349 60 447 1587 96 214 22427 1393 1097 376 87 149 254 6074 3698 232 725 91 424 265 139 179 71 435 12168 3296
internal_value=-5.04625e-07 -0.000726502 -0.0013997 -0.00105212 -0.00061977 0.000559434 -0.00280713 0.00141647 -0.00106416 -0.0019497 -0.000221319 -0.00520528 -0.000914025 -0.00651355 -0.00150121 0.0110083 -0.00621456 0.000934916 -0.00108441 0.00262859 -0.00538389 0.0111082 0.00765002 0.000222083 0.00579352 0.00929214 0.0126674 0.00817612 0.0001795 -0.0013162
internal_weight=46532.3 10918.9 7166.95 6710.82 6078.09 3751.94 761.33 2990.62 654.389 630.946 5608.98 632.73 292.66 456.127 210.005 57.4719 152.533 2849.05 1299.59 1549.46 469.111 141.562 119.108 35613.4 270.128 204.551 170.101 125.61 35343.3 3766.18
internal_count=189259 44450 29158 27279 24698 15292 3126 12166 2679 2583 22776 2581 1188 1879 866 236 630 11591 5285 6306 1922 575 484 144809 1089 824 685 506 143720 15464
is_linear=0
shrinkage=0.03


Tree=124
num_leaves=31
num_cat=0
split_feature=40 24 6 0 4 24 22 40 24 24 14 24 23 25 3 8 45 26 31 23 40 15 41 40 30 14 2 11 45 28
split_gain=8.27831 11.701 16.8891 11.1513 15.4614 11.0154 23.3023 31.0831 45.6942 34.07 29.1723 27.7066 22.5563 20.6742 17.2356 16.3753 23.2191 17.6355 19.9428 16.6059 25.4532 15.9504 15.6679 15.665 15.6396 15.0923 14.2647 11.7403 11.1223 11.0995
threshold=0.017554610457252443 0.51123605715378917 0.018253431764243436 0.033039995127582204 -0.15271477053989188 0.32507817114257104 1.8500000000000003 0.0018955860716268309 0.59695919726535618 0.82702113488208517 0.22889999389648438 0.32789051374514766 -0.081732104092105212 -0.54770784377360526 16.785807324239205 -0.094476543547198852 -0.016986411119452146 0.0071141562277722099 -0.042517542548813285 -0.071093676657450255 0.0029364485516144029 0.1755000114440918 0.049690385803817828 -0.0053028949695460483 0.007271652639629699 0.31889999389648443 -0.05600002286288825 -0.46899038461538456 -0.020087167181932798 -0.15760680931285084
decision_type=2 2 2 2 2 2 2 2 2 2 2 2 2 2 2 2 2 2 2 2 2 2 2 2 2 2 2 2 2 2
left_child=5 -2 -3 4 -4 15 10 9 13 11 14 -8 -12 -9 24 16 25 18 27 20 -18 -20 -14 -21 -7 -1 -10 -17 -27 -19
right_child=1 2 3 -5 -6 6 7 8 26 -11 12 -13 22 -15 -16 17 19 29 21 23 -22 -23 -24 -25 -26 28 -28 -29 -30 -31
leaf_value=-0.010578351514453768 -0.00080595259172700146 -0.011671818660726406 -0.0068583241738257436 -0.021473293635682515 0.021290292895017233 -0.0086720811786354813 0.028671391745036478 -0.0017794127333073026 0.0090479187920129798 0.043264847418548004 -0.040326831636678453 0.0037987740791549894 0.00037577261775582199 0.0064501006397387492 0.0042150039953151924 0.020897840708628261 0.0074919467933042836 0.0010211292041220781 0.00073007135663206784 -0.0057884942878257207 -0.035401292319863296 0.0043345323738400209 -0.0082051758781596009 -0.0013543086329180585 -0.033136478168100482 0.0037845208178731754 -0.0087452176860891243 -0.0072589191290161762 0.020744541700833976 -0.0012268203225989872
leaf_weight=27.790825769305229 1084.0953674092889 226.54985235631466 31.684483855962753 13.001868605613707 39.402025148272514 46.223919063806534 40.893778368830681 484.68339803814888 43.796491205692291 20.189173683524132 12.479623302817343 2810.0588136985898 5093.4875495359302 634.27689449489117 32.521820083260536 13.867639273405073 274.69320540130138 2561.7305978983641 13711.181047461927 794.18223674595356 13.042257934808729 1201.7708391696215 198.98709477484226 7382.1024313420057 47.876813799142838 60.210857093334198 547.19457122683525 342.29671727865934 82.46089231967926 8658.2235622704029
leaf_count=113 4462 938 129 53 160 187 165 1974 177 92 66 11457 20746 2603 132 57 1118 10389 55563 3276 53 4866 820 30096 194 244 2270 1394 333 35132
internal_value=-5.01264e-07 -0.00227685 -0.00741011 0.00407173 0.00874397 6.9839e-05 0.000947612 0.0025235 -0.000678599 0.00443055 -0.000381517 0.00415554 -4.18467e-05 0.00288544 -0.0146123 -0.000180388 -0.00131496 0.000189441 0.000852987 -0.00153573 0.00554771 0.00102054 5.31451e-05 -0.00178501 -0.0211191 0.00964729 -0.00742662 -0.00616261 0.013587 -0.00071357
internal_weight=46531 1394.73 310.638 84.0884 71.0865 45136.2 10012.7 4581.09 1709.95 2871.14 5431.58 2850.95 5304.95 1118.96 126.623 35123.6 8634.48 26489.1 15269.1 8464.02 287.735 14913 5292.47 8176.28 94.1007 170.463 590.991 356.164 142.672 11220
internal_count=189259 5742 1280 342 289 183517 40883 18738 7024 11714 22145 11622 21632 4577 513 142634 35233 107401 61880 34543 1171 60429 21566 33372 381 690 2447 1451 577 45521
is_linear=0
shrinkage=0.03


Tree=125
num_leaves=31
num_cat=0
split_feature=4 25 18 29 1 14 4 16 16 18 9 15 1 27 11 16 12 24 44 41 28 25 19 33 37 33 44 14 6 43
split_gain=8.21454 15.2748 11.9262 17.6249 10.9744 18.1143 13.4342 19.8736 13.0148 11.82 11.7092 11.9984 10.1853 17.0141 14.965 13.7304 15.8661 13.301 11.8907 10.5166 10.502 10.2519 10.0734 12.3766 10.4241 10.3144 15.8954 11.9393 9.92879 12.0076
threshold=0.68726140101692945 -0.75908336960224265 0.21195474004698461 0.0032072316157129373 0.038262300587255167 0.52809999465942392 1.5262207070009712 0.0088590257313385431 0.029845600906547195 -0.20503853178949111 0.043624992677905233 -0.0059999942779541005 0.11589385101912542 0.1444827457654945 0.41018438490348608 -0.0015345511680399085 0.0044765543470616795 -0.27632338717605937 -0.0075808150986202113 -0.01315329470234944 -1.0215285307556552 -0.31258846145493818 0.71353803659886383 -0.65224925091835739 0.10033042553328116 0.3169444818468064 0.031102564435500652 0.23989999771118167 -0.042445526330120269 0.3837575898834365
decision_type=2 2 2 2 2 2 2 2 2 2 2 2 2 2 2 2 2 2 2 2 2 2 2 2 2 2 2 2 2 2
left_child=12 2 3 -2 5 6 7 -3 -8 -7 -6 -12 20 14 15 19 -17 -15 -16 -14 22 -19 25 -24 -25 27 -27 -1 -4 -30
right_child=1 4 28 -5 10 9 8 -9 -10 -11 11 -13 13 17 18 16 -18 21 -20 -21 -22 -23 23 24 -26 26 -28 -29 29 -31
leaf_value=0.0095040362152311788 -0.0040934045302782008 -0.0036397653986073278 -0.010682806749150068 -0.016534971129217639 -0.0021280626469758119 0.00026641698625014953 0.0070420884766256263 0.004970389539092907 -0.02244759382200736 0.019864750613955366 -0.0017854973340341574 0.030248848831092346 0.024345147574440642 -0.032421781950011871 0.0389617448894694 0.0026485247215560599 -0.023956436441528176 -0.01434990412411871 0.011433320339529426 0.0057144310029597859 0.0001548379847346763 0.019449196851228194 -0.026381709115361352 -0.0057770755356658359 0.014483591967517577 0.0021991721372838719 0.033388175029495842 -0.013924226208632847 0.00068348916085056845 0.02286647590964782
leaf_weight=27.238597422838211 332.31264577805996 796.07183560729027 52.588013172149658 148.16530692577362 2199.7953888475895 43.745872139930725 320.71096716821194 346.18435920774937 14.059592783451079 75.490784332156181 21.572149753570557 20.544560074806213 38.781219467520714 17.332148030400276 21.275067821145058 102.39741858839989 25.123567253351212 18.987052142620087 42.000142648816109 91.854629933834076 40782.386543236673 14.055774867534636 25.105149336159229 467.39512863010168 24.029678672552109 215.48307600617409 15.783803209662436 69.597633976489305 132.71711736917496 26.315953582525253
leaf_count=111 1372 3225 219 617 9015 177 1302 1402 57 305 88 83 159 71 86 419 104 78 170 376 165527 57 198 1994 101 889 65 339 545 108
internal_value=-5.0057e-07 -0.00121419 -0.00531647 -0.00793002 -0.000474466 0.00142664 0.000518628 -0.00103028 0.00580359 0.0126745 -0.00182807 0.0138409 0.000130416 0.00507373 0.00761429 0.00440958 -0.00259306 -0.011137 0.0206892 0.0112452 8.62628e-05 2.7575e-05 -0.00322483 -0.00583598 -0.00478637 0.000885881 0.0043278 -0.0073342 0.000617501 0.00435421
internal_weight=46529.1 4530.27 692.099 480.478 3838.18 1596.26 1477.03 1142.26 334.771 119.237 2241.91 42.1167 41998.8 371.807 321.432 258.157 127.521 50.375 63.2752 130.636 41627 33.0428 844.633 516.53 491.425 328.103 231.267 96.8362 211.621 159.033
internal_count=189259 18515 2861 1989 15654 6468 5986 4627 1359 482 9186 171 170744 1520 1314 1058 523 206 256 535 169224 135 3697 2293 2095 1404 954 450 872 653
is_linear=0
shrinkage=0.03


Tree=126
num_leaves=31
num_cat=0
split_feature=31 5 16 20 27 29 14 24 13 38 10 31 19 10 9 7 14 40 29 17 34 40 36 2 10 4 40 40 25 8
split_gain=7.98778 10.3708 16.2612 17.9084 21.6414 21.2702 16.3116 16.0987 15.7705 15.4978 14.8642 13.2665 12.7252 12.4457 14.509 14.752 23.9306 17.6777 14.4909 13.8902 14.3044 11.7232 11.3361 10.7996 10.6834 10.6512 8.5588 11.4455 8.18838 7.74036
threshold=-0.1048846476832669 -0.070281864518649748 0.0049750549214838055 -0.12999999999999998 0.10455300079503439 -0.018823056738197744 0.36260000228881845 0.68784132901899109 0.0015178481673002026 -0.0092668145716636712 -0.010375675662253293 -0.037262102498523887 1.5390994350309943 -0.032116153407432992 0.03091427883141119 0.040284150674756998 0.39979999542236339 0.057182037927536185 -0.024461161927104503 0.025455343372453632 0.0061189555022726633 -0.024468026908215465 -1.0000000180025095e-35 0.019666883077462605 0.00469806130334795 0.31684433915280513 0.00077813769834681325 0.0013055598480894526 -0.62103815807799678 -0.40227580505790012
decision_type=2 2 2 2 2 2 2 2 2 2 2 2 2 2 2 2 2 2 2 2 2 2 2 2 2 2 2 2 2 2
left_child=28 2 6 5 10 11 7 8 -2 -7 -5 -4 25 18 15 17 -17 -15 26 20 -16 -20 -9 -23 -21 -8 -3 -28 29 -1
right_child=1 13 3 4 -6 9 12 22 -10 -11 -12 -13 -14 14 19 16 -18 -19 21 24 -22 23 -24 -25 -26 -27 27 -29 -30 -31
leaf_value=-0.03372948752813424 -0.0097367274368913483 0.0094273972052708807 -0.0026405221569404847 0.0057385124878210608 0.028833930478188781 0.0074586674159402514 0.0090725645834227459 0.0060938116268860181 0.0021203627894553299 -0.0070942033951249686 -0.0061845242696350472 -0.019157032078570602 0.024808818302715963 0.00012703304405070831 0.0067463889765563122 -0.0045601886794209229 0.00072263653291762466 -0.014266576119211092 0.023690142745956294 -0.020435478649631182 -0.00060371442552394387 -0.0035928752829199871 0.03038036976925252 -0.023839071605967575 0.0039729403822372951 0.00014285545328265062 -0.01828237752211034 0.0034495077006983393 -0.00085767101542319989 -0.0092161707560847288
leaf_weight=14.430928125977514 148.67968773841858 130.85193030536175 70.167401686310768 270.10386571288109 28.002933070063591 133.82361513748765 435.19992566108704 73.641634866595268 314.51744674891233 129.6772778481245 144.42014886438847 116.33499698340893 36.671837821602821 38210.479439161718 694.73089188337326 1627.4488336704671 1467.7022521644831 76.949048846960068 13.970090821385382 37.644385635852814 362.71765707433224 1467.0374255776405 22.607094347476959 24.101327702403069 28.250386089086533 166.09970588982105 28.445979848504066 93.517377644777298 100.59079527109861 58.953109905123711
leaf_count=59 610 538 289 1101 114 552 1766 298 1283 542 586 485 151 155141 2816 6727 5978 320 57 154 1471 6075 92 99 115 681 118 385 413 243
internal_value=-4.9925e-07 2.3582e-05 0.00208868 -0.000976397 0.00330886 -0.00519046 0.00437333 0.000634213 -0.00168559 0.000296731 0.00158453 -0.0129431 0.00765221 -7.39231e-05 2.83781e-05 -6.29411e-05 -0.0020551 9.81052e-05 -0.00254753 0.00339247 0.00422521 -0.00366384 0.0117983 -0.00392012 -0.00997111 0.00660587 0.00409834 -0.0016191 -0.0064167 -0.0140367
internal_weight=46527.8 46353.8 2089.95 892.53 442.527 450.003 1197.42 559.446 463.197 263.501 414.524 186.502 637.971 44263.8 42505.9 41382.6 3095.15 38287.4 1757.92 1123.34 1057.45 1505.11 96.2487 1491.14 65.8948 601.3 252.815 121.963 173.975 73.384
internal_count=189259 188544 8550 3669 1801 1868 4881 2283 1893 1094 1687 774 2598 179994 172722 168166 12705 155461 7272 4556 4287 6231 390 6174 269 2447 1041 503 715 302
is_linear=0
shrinkage=0.03


Tree=127
num_leaves=31
num_cat=0
split_feature=3 23 44 10 32 23 24 20 3 5 31 8 19 17 8 6 2 41 2 16 13 6 34 2 19 38 36 36 10 24
split_gain=8.11382 9.90966 11.558 20.2882 10.9521 10.2934 17.1739 17.1678 19.1904 14.5543 10.7832 9.65791 15.3327 18.4637 14.5849 12.678 18.6877 13.4652 9.60499 15.1696 12.7406 11.6177 10.8562 10.3161 11.0882 10.0786 8.92521 8.55316 13.8527 8.3516
threshold=19.536250485302773 -0.11437166639007595 -0.016197091639830231 -0.0036675227779519024 0.11583215456745914 -0.093222050148723729 -0.068122067013409629 -0.15499999999999997 16.325654834373559 0.0074661789020680222 -0.0019546343238575395 0.37861418174568545 0.80534168932279748 -0.007206477569693317 0.74689741591675574 0.10699212504464463 -0.060474482609434048 0.038434809307208689 -0.031904280874992134 -0.0015345511680399085 0.0011480408004733949 0.029621524103006894 0.025318194818326138 -0.026092649863906726 0.9515053579007875 0.76289964070251959 -0.0071813467747739185 0.0075282530494635977 -0.050460100235677437 -0.14654027435174236
decision_type=2 2 2 2 2 2 2 2 2 2 2 2 2 2 2 2 2 2 2 2 2 2 2 2 2 2 2 2 2 2
left_child=1 2 3 -1 -4 6 7 8 -3 -8 -9 15 13 -13 -14 17 -17 -7 19 20 -2 23 -22 -20 -25 27 -26 -21 -29 -23
right_child=18 5 4 -5 -6 11 9 10 -10 -11 -12 12 14 -15 -16 16 -18 -19 21 25 22 29 -24 24 26 -27 -28 28 -30 -31
leaf_value=0.036769743069052743 -0.010436871857804864 -0.021060052459755493 -0.00092433628040014017 0.0012330680106066151 0.02783158360276268 0.0001851799440074805 -0.034605986360547208 0.017461387240269945 -7.9053842934025383e-06 -0.0069278026004142802 -0.001385784388795579 -0.0033966730443205856 -0.00055705996610658746 0.00421373559129159 0.013747022162489771 0.012278328673746229 -0.0028750872358198933 -0.0023778613576039922 -0.023714430406468642 -0.0073552097877511227 0.028312841146528676 -0.0038134234277094198 -0.00019013014488967618 -0.015222496824307021 0.0020303323291242445 -0.028993091526739685 -0.0077208428107736404 -0.01386619495556753 0.025445646875213165 0.0023342487928388828
leaf_weight=27.486074984073639 14.83429443836212 61.776326730847359 117.68154919147491 30.506547212600708 13.263732105493544 35455.224475998431 29.035024285316467 51.653807610273361 105.56159333884716 41.591471657156944 57.997510358691216 335.48428283631802 2648.9067086428404 1981.602721452713 65.746536061167717 75.965490654110909 2045.1429888010025 1946.0394014194608 30.788530349731445 53.50253826379776 44.286661297082901 427.72222337126732 16.510058641433716 88.109721139073372 155.04213209450245 12.07648830115795 185.61646218597889 12.428743883967398 22.989458188414574 371.7201704531908
leaf_count=111 62 251 481 124 54 144219 133 208 429 171 234 1360 10733 8012 265 312 8336 7946 127 222 182 1745 68 362 636 50 762 52 94 1518
internal_value=-4.97936e-07 7.01928e-05 0.00692633 0.018076 0.00198841 4.13435e-05 -0.00510102 -0.0017339 -0.00777975 -0.0183065 0.00749261 8.14647e-05 0.00131935 0.00311185 -0.000210628 -7.61354e-05 -0.00233238 5.18214e-05 -0.00222078 0.00433059 0.0144903 -0.00313988 0.0205725 -0.00694084 -0.00573638 -0.00327746 -0.00328284 0.000215021 0.0116506 -0.000954914
internal_weight=46526.3 45090.7 188.938 57.9926 130.945 44901.7 347.616 276.989 167.338 70.6265 109.651 44554.1 5031.74 2317.09 2714.65 39522.4 2121.11 37401.3 1435.63 176.628 75.631 1259 60.7967 459.557 428.768 100.997 340.659 88.9207 35.4182 799.442
internal_count=189259 183379 770 235 535 182609 1426 1122 680 304 442 181183 20370 9372 10998 160813 8648 152165 5880 730 312 5150 250 1887 1760 418 1398 368 146 3263
is_linear=0
shrinkage=0.03


Tree=128
num_leaves=31
num_cat=0
split_feature=16 9 35 20 36 34 31 43 35 6 14 35 20 29 9 28 21 24 0 1 2 14 7 9 2 37 0 42 39 36
split_gain=7.94819 10.0469 17.931 14.9167 12.0124 11.1822 16.4044 14.1743 14.1073 10.6866 10.5968 27.933 16.1753 18.4322 17.3384 13.1951 11.2895 41.6122 13.9247 11.2647 14.958 13.9838 10.9326 10.202 8.69615 9.57117 13.9669 8.97968 8.84358 8.5771
threshold=-0.10740115070762786 0.033309770964385525 0.0042238270575269158 0.47500000000000003 -0.076540375944184627 0.0054982474488142379 0.0063114400797023131 0.15219317288468484 0.010625625057031371 0.0074923894016634138 0.52170000076293954 -0.0027684293983463479 -0.24999999999999997 0.0046983430382329591 0.0033850539820960515 -0.1711903895426676 0.16250000000000003 -0.47585163757332088 -0.029500558862195384 0.040709837504848974 0.02706121267543405 0.51170000076293953 0.015283426103321849 0.013460161710265183 -0.05600002286288825 0.035374155079421106 0.0077645815418313918 0.042818489561573359 -0.023922913493913841 0.0015205260551065117
decision_type=2 2 2 2 2 2 2 2 2 2 2 2 2 2 2 2 2 2 2 2 2 2 2 2 2 2 2 2 2 2
left_child=24 10 3 4 -3 7 -7 8 -4 -6 16 15 13 -13 -14 23 19 -18 -19 21 -21 -2 -17 -12 -1 26 -26 -28 -27 -30
right_child=1 2 5 -5 9 6 -8 -9 -10 -11 11 12 14 -15 -16 22 17 18 -20 20 -22 -23 -24 -25 25 28 27 -29 29 -31
leaf_value=-0.030534490088348149 0.00015487333149168396 -0.015662482968718826 -0.00075700218175526047 0.029658604426889439 0.0094981824276471477 -0.034392384916821686 -0.0049296096094892496 -0.010106481349859749 0.022158020799034471 0.0019435468636166504 -0.0016844906763470364 0.0024139122331873547 0.0018257218786107907 -0.0033174240134870689 0.0073254913665907881 0.0061878986228083273 0.052457561604632344 0.02669956209179828 0.00065210318085698901 -0.0016696438596005977 0.00074071505231196788 -0.006023334492440119 -0.0086983973305273018 0.012530229694010606 0.0025006317742280169 -0.014131305561489683 -0.01385221797823385 -0.042235857346034175 0.029521162096712995 0.0027139900588349637
leaf_weight=12.311142802238463 27830.66492145136 25.186284795403481 65.07147753238678 22.198537200689316 313.49923619627953 22.519494026899338 69.49447999894619 65.107913419604301 38.476483970880508 364.412582680583 261.77051168680191 1422.7137124240398 1282.4985476285219 782.93723602592945 863.07289430499077 49.619191080331802 16.32799856364727 20.228565067052841 212.63979072868824 8630.7605766505003 3167.5574259161949 333.67178326845169 422.18824818730354 54.986526548862457 41.361725687980652 19.469710066914558 42.937874481081963 13.089651763439177 14.17795245349407 44.323597803711891
leaf_count=50 113146 104 264 89 1272 92 283 265 156 1478 1060 5760 5187 3179 3486 200 67 82 861 35276 12898 1350 1715 222 169 80 176 54 58 180
internal_value=-4.96671e-07 2.44575e-05 0.00302042 0.0054458 0.00468135 -0.00372804 -0.0121403 0.000861468 0.00775779 0.00543718 -4.06762e-05 0.001242 0.0021835 0.000379467 0.00403805 -0.00395311 -0.000204625 0.00616094 0.00291477 -0.000244319 -0.00102252 8.16782e-05 -0.00713283 0.000783073 -0.00616188 -0.00445081 -0.010722 -0.0204835 0.00338216 0.00921075
internal_weight=46525.3 46337.6 985.966 725.297 703.098 260.67 92.014 168.656 103.548 677.912 45351.6 5139.79 4351.22 2205.65 2145.57 788.564 40211.9 249.196 232.868 39962.7 11798.3 28164.3 471.807 316.757 187.672 175.361 97.3893 56.0275 77.9713 58.5016
internal_count=189259 188492 4003 2943 2854 1060 375 685 420 2750 184489 20809 17612 8939 8673 3197 163680 1010 943 162670 48174 114496 1915 1282 767 717 399 230 318 238
is_linear=0
shrinkage=0.03


Tree=129
num_leaves=31
num_cat=0
split_feature=12 45 13 23 23 23 45 13 24 22 8 0 43 24 23 23 13 35 24 9 12 20 45 17 23 6 23 0 5 31
split_gain=7.90264 20.0092 25.2116 38.2456 22.0264 40.6851 18.5002 25.6053 32.1828 25.5592 24.1275 22.5752 21.163 20.6746 44.0355 43.0616 20.2935 18.5776 18.3355 31.5266 77.9983 23.4878 17.9173 42.0658 17.2594 17.1605 16.9284 14.9047 14.3542 13.7612
threshold=0.001103164755017949 0.00016576340297010423 0.0049876008548558034 0.083013082353706441 -0.038662295161963921 -0.0022142579936013577 -0.00036650857440539741 0.0072927127171545708 -0.39101702886685469 0.05000000000000001 0.23360174667389852 0.011794840679514315 -1.7079519632802478 -0.48928226957225346 -0.032301671011680431 -0.0015900565040251333 0.0016813077788886751 0.010345142085719622 -0.30722455485499761 -0.012864129062121378 -0.00095867572697959152 0.43500000000000005 -0.0033740181454708358 0.012830790391541494 0.029971911644435498 0.012875058395734442 0.0421379095267422 -0.10489401629644098 0.048212842169415022 0.0020642117348558396
decision_type=2 2 2 2 2 2 2 2 2 2 2 2 2 2 2 2 2 2 2 2 2 2 2 2 2 2 2 2 2 2
left_child=6 2 3 4 28 -6 7 8 10 11 16 -10 17 14 -9 -16 -1 24 19 20 -14 -21 23 -15 -8 -11 -24 -4 -2 -29
right_child=1 -3 27 -5 5 -7 12 13 9 25 -12 -13 18 22 15 -17 -18 -19 -20 21 -22 -23 26 -25 -26 -27 -28 29 -30 -31
leaf_value=-0.029747235339385381 0.0013563583963990317 -0.00030732514653257183 0.025591730268949679 0.033016246225980837 0.01103092988601371 0.0020320319707463255 0.0033721741595757492 -0.0010055073306549347 -0.02799189782939502 -0.0033018247298630828 -0.0034799947047795157 0.011153249038706025 0.053350816302535034 -0.0012831163394861204 0.054258181486487103 0.0088286010997593017 -0.01048344290078697 0.036871268653484557 -0.00039762418321986974 0.00037331356885015633 0.0054536535158890035 0.0080883383909854684 0.0019505902277522434 -0.050321092492443376 0.031797177135346855 0.00081629986968484913 0.015708340496793257 0.0017617145186760463 -0.011267769166533499 -0.0014579510851366819
leaf_weight=56.20833432674408 217.57820518314838 11542.494074441493 21.100286483764648 40.604900404810905 653.98104940354824 1465.253739669919 160.48364333808422 131.96435809135437 57.82502818107605 1899.1735187470913 538.84272491931915 17.204124704003334 35.437710836529732 2347.0926606915891 31.848896443843842 45.756506651639938 395.68929145485163 20.541775166988373 15056.530794136226 3378.4942038953304 224.1029676347971 396.86818668246269 950.98630075156689 15.850026190280913 21.841544538736343 1749.7399884536862 87.937399163842201 2673.5392439514399 129.19658014178276 2160.0140291601419
leaf_count=230 883 46859 89 175 2647 5922 649 532 237 7749 2195 70 143 9668 130 192 1639 93 61303 13713 907 1602 3898 66 105 7102 354 10819 525 8763
internal_value=-4.90956e-07 0.000472126 0.00169431 0.00413763 0.00366212 0.00480903 -0.000323956 -0.00150587 -0.00296193 -0.00168348 -0.00776732 -0.0190159 0.00018608 0.000394992 0.0095402 0.0274727 -0.0128795 0.00982456 8.36612e-05 0.00187961 0.0119935 0.00118432 -0.000168392 -0.00161205 0.00677733 -0.00132709 0.00311508 0.000432742 -0.00334697 0.000322913
internal_weight=46524.2 18903.8 7361.27 2506.61 2466.01 2119.23 27620.4 8326.12 4714.68 3723.94 990.74 75.0292 19294.3 3611.44 209.57 77.6054 451.898 202.867 19091.4 4034.9 259.541 3775.36 3401.87 2362.94 182.325 3648.91 1038.92 4854.65 346.775 4833.55
internal_count=189259 76682 29823 10152 9977 8569 112577 34062 19222 15158 4064 307 78515 14840 854 322 1869 847 77668 16365 1050 15315 13986 9734 754 14851 4252 19671 1408 19582
is_linear=0
shrinkage=0.03


Tree=130
num_leaves=31
num_cat=0
split_feature=19 29 15 27 8 0 16 9 30 30 14 45 6 18 36 35 15 40 23 40 34 15 5 33 35 30 19 23 23 30
split_gain=7.81008 14.0196 13.9561 16.5769 13.3864 15.6484 13.0921 22.5378 13.6107 17.4938 14.6725 12.6849 12.0487 15.8621 13.1952 11.8938 11.1489 11.131 10.4484 10.65 10.82 10.3984 16.851 20.7249 17.8721 17.6493 14.6541 24.1975 25.3352 15.8332
threshold=0.5318513864966169 0.05084963308691081 0.38299994468688969 0.015748024105072148 0.06850779314676389 -0.019654347326269164 0.02171836091932736 0.026085425086466201 0.014040787500521552 0.015138458025456396 0.22210000038146974 0.0038301321723513454 -0.05905419385043869 1.6277097393968269 -0.0015743662321141855 -0.011998888491094881 -0.17349996566772458 -0.012904684853244497 0.043772138061069346 0.019884692826196416 0.076540878000722803 -0.013500022888183591 -0.046912520133223549 0.48095907128947962 0.0026294153207729923 0.022121160975405275 0.90031904212085123 -0.0022142579936013577 0.11561066042934286 0.012623608139634977
decision_type=2 2 2 2 2 2 2 2 2 2 2 2 2 2 2 2 2 2 2 2 2 2 2 2 2 2 2 2 2 2
left_child=2 21 6 -4 5 -5 8 15 12 11 -11 -10 14 -14 -1 -8 -3 -17 19 20 -18 26 23 24 -23 -25 27 29 -29 -2
right_child=1 16 3 4 -6 -7 7 -9 9 10 -12 -13 13 -15 -16 17 18 -19 -20 -21 -22 22 -24 25 -26 -27 -28 28 -30 -31
leaf_value=-0.00026668620439455572 0.0019890228594550302 0.006194330636089625 -0.033446069314557444 0.014992279568358047 0.0081475002335959119 -0.023776148432233121 0.024696667772455112 -0.017257635368739081 0.042058383197831027 -0.022420757812566208 0.006039504142075991 0.0077916305475547341 0.00038578434136178472 0.008205676490840301 -0.010368021214837833 -0.028917855006539657 -0.0061131418853720785 0.0060654528670280629 0.0035658081700560601 -0.03067015877620554 0.0056637894417608386 0.002361163969681869 9.9816927229503703e-05 -0.0060604945704181255 0.0090414418706975721 0.028292734607651492 -0.0012241821369930789 -0.001557122933348075 0.01446973833729668 0.01330006127684728
leaf_weight=305.33004692196846 3172.0021962299943 98.594906851649284 20.943746626377106 12.355189919471739 44.086456388235092 38.786673828959465 30.799917906522751 38.056383490562439 20.337767273187637 17.486879453063011 240.81051836162806 18.627665817737579 4125.8012787997723 247.45583689212799 188.07794221490622 8.3002438545227033 809.25390935689211 593.106090888381 130.58500730991364 14.896079629659651 76.881164073944092 1590.395654335618 18520.721065945923 292.85260237008333 466.06065337359905 14.108085364103315 11605.065420478582 3573.1134116239846 91.032432660460472 115.43318328261375
leaf_count=1250 12907 403 88 50 178 157 124 156 82 71 985 75 16746 1008 771 46 3332 2403 537 62 315 6483 75152 1194 1899 58 47341 14552 368 466
internal_value=-4.77931e-07 -0.000149341 0.00101451 -0.00928155 -0.003967 -0.0144102 0.00121952 0.00516413 0.000707525 0.00693938 0.00411273 0.025677 0.000326874 0.000828264 -0.00411713 0.00651383 -0.00344373 0.00558263 -0.00436487 -0.00551425 -0.00509137 -5.49373e-05 0.000404233 0.00278976 0.00387513 -0.0044816 -0.000571699 0.000517565 -0.00115895 0.00238619
internal_weight=46521.4 40571 5950.36 116.172 95.2283 51.1419 5834.19 670.263 5163.93 297.263 258.297 38.9654 4866.67 4373.26 493.408 632.206 1130.21 601.406 1031.62 901.031 886.135 39440.8 20884.1 2363.42 2056.46 306.961 18556.6 6951.58 3664.15 3287.44
internal_count=189259 165069 24190 473 385 207 23717 2729 20988 1213 1056 157 19775 17754 2021 2573 4649 2449 4246 3709 3647 160420 84786 9634 8382 1252 75634 28293 14920 13373
is_linear=0
shrinkage=0.03


Tree=131
num_leaves=31
num_cat=0
split_feature=4 28 18 11 2 1 19 40 35 38 18 20 17 8 45 13 2 19 2 40 24 22 13 30 40 40 43 8 26 0
split_gain=7.88662 13.1521 16.9811 19.1155 13.93 13.5564 11.767 14.2744 12.3037 11.6742 11.0479 16.693 10.8825 17.2261 12.6364 10.0553 11.7281 11.1495 9.81864 9.65841 16.4046 20.101 31.9043 26.5447 25.7782 23.3786 20.393 15.4029 18.7202 21.6176
threshold=0.68726140101692945 -0.76067879649183989 -0.065549671108691587 -0.33552973816542392 -0.0020262954584401986 0.041779585999658468 0.4305535048111227 0.007046210478571114 -0.0068295557342086905 1.4097952525976984 -0.3450875793634583 -0.33249999999999991 0.011393269699289907 0.15138141053809231 -0.0026272027811147518 0.0010153403168621808 0.057082503656194876 1.3344128133842366 0.014444467756483292 0.0051221853908051907 0.32507817114257104 1.8500000000000003 0.055227341190697145 -0.017047400045778923 0.0016806149546121274 0.0017579846090431505 -9.9411349836180687 -0.042708825720895606 0.015560747118357083 0.0081833633309019455
decision_type=2 2 2 2 2 2 2 2 2 2 2 2 2 2 2 2 2 2 2 2 2 2 2 2 2 2 2 2 2 2
left_child=19 2 5 -4 6 10 -3 -8 -9 -5 -2 -12 15 14 -14 16 -6 -17 -15 20 27 22 24 26 -22 -25 -23 -1 29 -29
right_child=1 4 3 9 12 -7 7 8 -10 -11 11 -13 13 18 -16 17 -18 -19 -20 -21 21 23 -24 25 -26 -27 -28 28 -30 -31
leaf_value=-0.0010383655700110113 0.0075436787662962641 0.0039084204106341648 0.019628588910931163 0.0041372604223443932 -0.011046796854311087 -0.0073023782550848872 -0.0079934245070869842 0.027590772870366837 -0.00058493023720692034 -0.022351950962008236 0.0086254564451954119 -0.012244785707629918 -0.015959774308609568 -0.020885783930073426 0.01482338247282047 -0.00019470036939065662 0.0049593557160002664 -0.0078321951968732366 0.00072035702023249084 -0.00090997286076372147 -0.00099585188407955898 0.0038609017631763675 -0.037797730423869517 0.0044727480786146846 0.004730965282815928 -0.0013714540995531589 0.054455747661171956 0.0020533738100358741 -0.00092443614056750615 -0.0004642017111361598
leaf_weight=8859.4376072883606 162.95202901959419 112.17548444867134 74.500887796282768 438.03490364551544 183.52143053710461 241.85539099574089 716.7234521061182 16.373903587460518 94.168728485703468 15.503730073571203 57.609215408563614 85.95775118470192 13.237481757998465 23.416931122541428 128.54619348049164 1821.7335581183434 53.126447975635529 189.96475210785866 98.780635595321655 6770.0818914175034 3042.5720780864358 12.953121215105059 19.844972603023052 2523.2787033468485 921.70297063887119 815.02411315590143 16.058815896511078 8182.7016435563564 5915.7497046366334 4912.4587483108044
leaf_count=36138 663 459 306 1781 755 1009 2953 67 388 63 236 348 54 95 525 7412 219 779 403 27571 12389 52 131 10299 3735 3350 65 33162 24013 19839
internal_value=-4.75519e-07 -0.00118998 0.00170528 0.00554518 -0.00209285 -0.00199223 -0.00520943 -0.0064458 0.00358854 0.00323176 0.00219768 -0.00387017 -0.000927461 0.00483481 0.0119493 -0.00160402 -0.00745348 -0.000915909 -0.00342007 0.000127795 0.000327267 0.00158788 0.000145703 0.00329424 0.000335646 0.00304593 0.0318664 -5.2491e-06 0.000476202 0.00110894
internal_weight=46520 4528.18 1076.41 528.04 3451.77 548.374 939.442 827.266 110.543 453.539 306.519 143.567 2512.33 263.981 141.784 2248.35 236.648 2011.7 122.198 41991.9 35221.8 7351.43 3984.12 3367.31 3964.28 3338.3 29.0119 27870.3 19010.9 13095.2
internal_count=189259 18515 4406 2150 14109 2256 3867 3408 455 1844 1247 584 10242 1077 579 9165 974 8191 498 170744 143173 30021 16255 13766 16124 13649 117 113152 77014 53001
is_linear=0
shrinkage=0.03


Tree=132
num_leaves=31
num_cat=0
split_feature=6 32 2 26 1 3 7 20 31 13 17 10 16 40 12 40 24 14 8 15 9 14 27 16 18 42 36 24 9 43
split_gain=7.78828 15.4926 16.3836 15.2754 11.1065 10.0201 9.95593 16.0696 16.0775 15.3324 27.0016 18.909 13.9008 20.6356 36.2247 26.9988 16.0081 19.296 18.6797 12.5665 12.4424 12.1339 11.8898 11.8731 16.1667 12.6842 11.5225 11.0415 10.5771 9.85934
threshold=0.31670942536295615 0.047101745743735615 0.087835197730000855 0.0034681961145711913 0.058937255952673753 18.416480891833263 0.03606242780139738 0.35500000000000004 -0.067441303773385267 0.00049865380950421154 -0.0026765496890661885 -0.001147947447334549 0.015718312177724052 0.00032585824961531865 -0.017047400045778923 0.00045911844544759727 0.33396008348670719 0.29720000267028818 0.031130991200790065 0.092999982833862321 -0.0037670017478511255 1.1414000320434572 0.036231859054038834 0.024169940994986247 -3.4320332226919987 0.084768549810206026 -0.0045631931606521731 0.88446539226868781 -0.012864129062121378 -0.12597770650879522
decision_type=2 2 2 2 2 2 2 2 2 2 2 2 2 2 2 2 2 2 2 2 2 2 2 2 2 2 2 2 2 2
left_child=6 3 -3 -2 -5 -4 9 19 -9 10 26 -12 16 14 -14 -15 18 -18 -11 21 28 27 -13 25 -25 -21 -1 -8 -10 -6
right_child=1 2 5 4 29 -7 7 8 20 12 11 22 13 15 -16 -17 17 -19 -20 23 -22 -23 -24 24 -26 -27 -28 -29 -30 -31
leaf_value=0.025790189310350917 -0.011755679284936121 -0.0009231308287839528 0.023775227693759164 0.033227724055301555 -0.0070543121359400683 -0.0066821941522857663 -0.0017350704438746185 -0.029949778372472532 -0.0029148161829492068 -0.0014188558682138299 -0.027966600367014992 -0.012773794919866993 0.042689862775196666 0.011594056325149297 -0.00073501195881283245 0.0020352723717930498 -0.00075568615227335678 0.0025269808798122641 0.00024375992436672826 0.0014473010902580133 -0.00146318605787488 0.0079091484526080721 0.019726191390972474 0.014859031799854358 -0.011877676427441383 0.0095847233718799694 -0.0020233773114299281 0.021984344644870365 -0.017079209348635285 0.020711603794158932
leaf_weight=20.586970388889313 16.850079834461212 397.69365924596786 41.563280299305916 32.541072845458984 17.997611299157143 12.689284980297087 4504.7628225646913 24.143273517489433 83.212930455803871 10462.667145289481 64.755722314119339 34.585242241621017 17.382276952266693 284.10146608948708 3222.0860658250749 4159.94180162251 2705.4316264614463 3986.0371052101254 14524.654415734112 886.36841575801373 339.90672065317631 122.9632253497839 14.327993422746657 25.354145273566246 103.20683315396309 214.02525874972343 38.427200719714165 17.732484042644501 110.39310200512409 31.928649201989174
leaf_count=84 68 1613 167 131 73 51 18580 100 341 42589 274 143 72 1148 13135 16831 11084 16232 58768 3616 1393 495 59 103 422 872 157 75 454 129
internal_value=-4.7792e-07 0.00354418 0.00118656 0.0142726 0.0195908 0.0166515 -4.29875e-05 -0.00113758 -0.00600444 0.000135096 -0.00878462 -0.0173323 0.000174227 0.00131896 -0.000502004 0.00264635 -0.000103423 0.00119976 -0.000452409 -0.000675576 -0.00492083 -0.00138925 -0.00325368 0.00202212 -0.0066048 0.00303002 0.00767933 -0.00164207 -0.0109913 0.0107024
internal_weight=46518.3 551.264 451.946 99.3174 82.4673 54.2526 45967.1 6432.07 557.656 39535 172.683 113.669 39362.3 7683.51 3239.47 4444.04 31678.8 6691.47 24987.3 5874.41 533.513 4645.46 48.9132 1228.95 128.561 1100.39 59.0142 4522.5 193.606 49.9263
internal_count=189259 2232 1831 401 333 218 187027 26451 2288 160576 717 476 159859 31186 13207 17979 128673 27316 101357 24163 2188 19150 202 5013 525 4488 241 18655 795 202
is_linear=0
shrinkage=0.03


Tree=133
num_leaves=31
num_cat=0
split_feature=11 6 10 18 11 2 9 22 35 24 30 3 4 2 1 6 16 40 37 36 24 2 27 26 38 16 23 45 23 23
split_gain=7.60057 12.4103 9.02178 8.8035 8.20011 20.3794 19.3027 28.2936 21.4729 20.7125 21.6269 19.2137 16.0701 14.4317 18.1596 15.9388 13.8667 13.7292 13.6819 13.6701 13.1157 12.8558 12.8047 12.62 13.6193 12.4228 11.8368 11.6275 10.4438 9.96069
threshold=-0.48473193473193471 0.12975182315629277 -0.039081742985405163 -1.0776438047378669 0.25769412878787884 0.0095736907841298402 0.018593995894772761 0.28333333333333338 -0.00021573987340376357 -0.29469972582982851 -0.0092319759262920447 18.248350570631604 1.0177433727153053 0.02773635037209693 0.016984034679824928 -0.12244669099768295 -0.043569304040952765 0.00082464336526498082 0.022705485725444414 -0.045891823329025069 0.58406638250171039 0.010324459984013967 0.045045032490524564 0.044495713131395338 0.091792659940725954 -0.0027258083090908798 -0.040077248970112229 0.032392279229588886 -0.042971932926969429 -0.044914961063194751
decision_type=2 2 2 2 2 2 2 2 2 2 2 2 2 2 2 2 2 2 2 2 2 2 2 2 2 2 2 2 2 2
left_child=1 -1 3 -3 5 6 9 17 -9 10 -2 23 13 14 26 -15 -11 -8 29 -14 28 -20 -16 27 -25 -17 -6 -7 -21 -13
right_child=4 2 -4 -5 12 11 7 8 -10 16 -12 18 19 15 22 25 -18 -19 21 20 -22 -23 -24 24 -26 -27 -28 -29 -30 -31
leaf_value=-0.0060432787869722114 0.0091795915069851405 -0.0098614529644821206 -0.015093959384879939 0.014698493478864502 -0.012242767363003662 0.0034972260272174297 0.010709566291688724 0.00045206731341611436 -0.0074357889555204705 -0.0044785025457466749 0.0013273169561705438 0.0059184831316322307 0.015030999353012935 0.01427552827985378 -0.00078451892378163083 -0.0013457438346382942 -0.00010214811487542531 -0.0012663387630417412 0.017751779256798803 0.004209783504325223 -0.021288228589301069 -0.0016374711311746052 -0.0039528097929211444 -0.012179843676402473 0.0057557672965261311 0.0023574720228270556 0.0052968463697228713 -0.011482929682864285 -0.0050668047605166326 -0.015221607628287904
leaf_weight=398.67200021445751 335.26848922669888 16.391696870326996 15.546537488698958 66.121340617537498 37.132003977894783 3665.3987416774035 170.66910693049431 456.67500258982182 971.1232548058033 671.56923118233681 5402.5755349546671 24.70108225941658 32.793090626597404 82.739656195044518 4622.5689214318991 1313.982623770833 21929.1268918477 173.97577910125256 32.814342051744461 123.7200672775507 40.930073842406273 495.58482173085213 1527.3976001441479 98.969827979803085 61.95704211294651 2148.0805558860302 513.6898053586483 47.234353914856911 932.28195759654045 106.74818360805511
leaf_count=1670 1362 68 64 272 150 14780 694 1856 3973 2785 21988 100 136 337 18715 5342 89335 711 133 506 167 2013 6212 401 251 8730 2067 195 3814 432
internal_value=-4.75744e-07 -0.00369154 0.00586969 0.00981952 3.93652e-05 0.000268835 -1.34909e-05 -0.00305067 -0.00491289 0.00017647 0.00178613 0.00214405 -0.000659501 -0.000285075 -0.001104 0.00126295 -0.000232189 0.00466416 -0.00258799 -0.00405521 -0.0046258 -0.000433371 -0.00157139 0.00295013 -0.00527461 0.000951963 0.00411447 0.00330664 -0.00397997 -0.0112491
internal_weight=46516.4 496.732 98.0596 82.513 46019.7 34644.4 30111 1772.44 1427.8 28338.5 5737.84 4533.41 11375.3 10245.6 6700.79 3544.8 22600.7 344.645 659.848 1129.73 1096.93 528.399 6149.97 3873.56 160.927 3462.06 550.822 3712.63 1056 131.449
internal_count=189259 2074 404 340 187185 141009 122704 7234 5829 115470 23350 18305 46176 41553 27144 14409 92120 1405 2678 4623 4487 2146 24927 15627 652 14072 2217 14975 4320 532
is_linear=0
shrinkage=0.03


Tree=134
num_leaves=31
num_cat=0
split_feature=3 10 1 7 25 32 8 3 37 25 23 41 32 40 27 16 1 16 43 23 32 18 8 17 45 13 17 42 16 15
split_gain=7.6278 11.6551 10.0141 11.9114 14.9632 13.6996 13.3264 17.0897 13.2853 12.0178 11.0298 10.7926 10.5438 15.5976 13.5542 18.5763 15.2952 14.422 14.2012 12.5251 12.1038 12.0426 9.87618 9.42915 12.7542 12.7671 13.5185 12.0096 11.5037 14.1447
threshold=11.540876170196841 -0.026141676884081273 0.01404501681446743 0.014046446444758937 -0.98226267630153863 0.041220094561955814 0.24413029163820157 13.734292367431781 0.0091629895159934058 -1.2566013905890734 -0.012412366716536142 -0.01853227801483141 0.022865795430099794 0.057182037927536185 0.032216477826097059 0.029845600906547195 0.04713804011055233 0.015718312177724052 0.44225212141593234 0.065456184429084324 0.058230272754629955 3.0611123432110117 0.18567298410671487 -0.0055142979163181885 -0.0044975906417759311 0.019750167889790445 -0.0043537438965972732 0.026466543018157686 -0.018452179793248018 0.11750001907348634
decision_type=2 2 2 2 2 2 2 2 2 2 2 2 2 2 2 2 2 2 2 2 2 2 2 2 2 2 2 2 2 2
left_child=1 -1 3 5 9 6 11 -8 -6 -5 -10 -2 13 21 17 19 -17 18 -14 -16 -19 22 -4 -3 28 26 -26 -27 -25 -30
right_child=2 23 12 4 8 -7 7 -9 10 -11 -12 -13 14 -15 15 16 -18 20 -20 -21 -22 -23 -24 24 25 27 -28 -29 29 -31
leaf_value=0.0058812500099845698 0.017300592064532039 -0.0061430498641658381 -0.0012311065295384453 -0.011318915652225947 0.01430332365914177 -0.021759226081504272 0.026196769702319829 0.0060423058339847966 0.0020412476681680035 0.020501100390096005 -0.0032344797968380441 0.002405473196107294 0.00099311231459815524 -0.030767438012093751 -0.00025407948962179742 -0.00099504687547596741 -0.0075183238589231483 0.003584498276798311 -0.0019633411065502833 0.0028113414839124489 -0.0041942870461895857 -0.0077252215082878788 0.00081887191388353513 -0.019405501619195163 0.013435688123257308 0.0073264743348959872 -0.00021281129497131721 -0.025563747625497749 -0.0013843652418383918 -0.025384847544544682
leaf_weight=168.44746173918247 45.716674849390984 454.3992335498333 7511.248414516449 13.40206056833267 52.393919035792351 18.393456742167473 52.645842611789703 134.86347275972366 604.88798071444035 52.639881938695908 869.0714328289032 1033.6679610460997 8570.38475933671 15.654866844415663 15155.104593366385 782.3412230014801 551.5643668025732 2383.2033616304398 1763.0707533359528 1302.7438584119081 194.73969247937202 221.33664774894714 2944.1636784076691 54.926173776388168 68.988850682973862 14.443795077502726 1225.917883567512 32.415360420942307 197.2980700545013 24.888064183294773
leaf_count=691 184 2012 30433 54 212 74 211 541 2435 212 3502 4157 34723 66 61619 3170 2272 9644 7143 5293 790 907 11884 285 284 61 5227 169 869 135
internal_value=-4.74997e-07 -0.00170775 8.5971e-05 0.00179721 6.31866e-05 0.00394557 0.00431877 0.011701 -0.000541723 0.0140438 -0.00106941 0.00303635 -3.2989e-05 -0.000844318 0.000249557 -0.000287406 -0.00369239 0.000989485 0.000488689 -1.14318e-05 0.00299688 -0.000800443 -0.000653848 -0.00232434 -0.00125247 -4.23416e-05 0.000514341 -0.0154257 -0.00711185 -0.00407277
internal_weight=46515 2241.72 44273.2 2877.68 1592.4 1285.29 1266.89 187.509 1526.35 66.0419 1473.96 1079.38 41395.6 10692.4 30703.2 17791.8 1333.91 12911.4 10333.5 16457.8 2577.94 10676.7 10455.4 2073.28 1618.88 1341.77 1294.91 46.8592 277.112 222.186
internal_count=189259 9733 179526 11582 6415 5167 5093 752 6149 266 5937 4341 167944 43290 124654 72354 5442 52300 41866 66912 10434 43224 42317 9042 7030 5741 5511 230 1289 1004
is_linear=0
shrinkage=0.03


Tree=135
num_leaves=31
num_cat=0
split_feature=4 33 31 9 9 32 41 29 29 17 9 35 9 34 25 23 24 19 5 33 35 10 8 12 12 13 3 12 30 35
split_gain=7.40367 10.065 13.9016 14.7964 14.7819 12.3501 14.1834 10.696 10.7399 9.7164 9.13537 9.01385 12.5697 10.0906 8.97928 21.7256 9.06728 8.86356 8.83707 16.6283 17.7195 14.3757 18.3002 14.2299 43.6505 25.0415 23.977 14.789 36.4851 18.5279
threshold=0.32350331944917438 0.38357310275908857 0.035617621243748968 0.03091427883141119 -0.074361296511386274 0.079716842318665534 -0.035062338181681169 0.027590650402889664 0.030149968299265605 0.0046642995974836834 0.018882999850977373 -6.6033479423637558e-05 -0.036332974557442242 0.054160581758386991 -0.87067499674815996 -0.031660350366300188 0.26514440839697612 1.0000000180025095e-35 -0.046912520133223549 0.48095907128947962 0.0046151550704622265 -0.022537142761268381 0.51871108800206422 -0.0016450721620904524 -0.001688676212380694 0.0026633346931072138 17.834225990902009 -0.00024413189078236006 -0.00036650857440539741 0.00048658017151920327
decision_type=2 2 2 2 2 2 2 2 2 2 2 2 2 2 2 2 2 2 2 2 2 2 2 2 2 2 2 2 2 2
left_child=18 2 3 7 -4 6 -5 9 -9 -2 -6 12 -3 14 15 -13 -16 -14 19 20 -1 22 -20 24 25 -23 -26 28 -25 -29
right_child=1 11 4 5 10 -7 -8 8 -10 -11 -12 13 17 -15 16 -17 -18 -19 21 -21 -22 23 -24 27 26 -27 -28 29 -30 -31
leaf_value=0.001404481131665517 -0.0016185556989724357 0.029887534737037848 -0.03872091301160295 0.023322627093194201 -0.0035032451030640398 -0.019799073347962291 0.0038710334967753134 -0.017878882737967682 -0.0039211454940847133 0.00068455280487487806 -0.016670129524808341 0.013161935756679753 -0.019661568046039427 0.011309069053494028 -0.0020853201010455568 -0.016362062260138147 0.003988325554354754 0.0036690796593301564 -0.002439259325645413 -0.0031703554379821069 0.0073382623768377103 -0.0056087238198988636 0.011112726157098733 0.0030882228799012806 0.024755529157719093 0.0016768356394485193 -0.0088581639745256725 0.0011821384732422435 -0.004123006158299955 -0.00067315316574971225
leaf_weight=2781.8673821613193 5407.3240837603807 16.236009702086449 12.784091129899023 37.10290139913559 267.85574439167976 17.935037732124329 371.93587191402912 58.117068514227867 339.14639186859131 2371.7162831127644 57.627613723278046 30.080530017614365 14.948595866560934 62.923981383442879 683.40118302404881 88.218592166900635 327.10125009715557 747.16021765768528 2740.5618824958801 571.24035305529833 541.01387363672256 458.42501612007618 92.713071793317795 887.47645492851734 106.42902733385563 5753.9275798909366 23.275594055652618 9112.4783421084285 2188.8354236185551 10343.177761994302
leaf_count=11354 22000 66 67 151 1095 74 1511 239 1410 9644 236 124 61 257 2784 362 1330 3039 11252 2330 2206 1856 377 3606 429 23483 94 36981 8886 41955
internal_value=-4.74471e-07 -0.000684144 -0.00111182 -0.000877269 -0.00707735 0.00456706 0.00563544 -0.00116158 -0.00596307 -0.000916371 -0.00583447 0.00125696 0.00376791 -0.000383001 -0.00103476 -0.00885484 -0.000119271 0.00321145 0.000209066 0.00155777 0.00237059 4.34255e-05 -0.0019958 0.000243525 0.00149884 0.00113922 0.0187235 -0.000109808 -0.00204266 0.000195813
internal_weight=46513 10911.6 8941.55 8603.28 338.267 426.974 409.039 8176.3 397.263 7779.04 325.483 1970.07 778.345 1191.73 1128.8 118.299 1010.5 762.109 35601.4 3894.12 3322.88 31707.3 2833.27 28874 6342.06 6212.35 129.705 22532 3076.31 19455.7
internal_count=189259 44450 36427 35029 1398 1736 1662 33293 1649 31644 1331 8023 3166 4857 4600 486 4114 3100 144809 15890 13560 128919 11629 117290 25862 25339 523 91428 12492 78936
is_linear=0
shrinkage=0.03


Tree=136
num_leaves=31
num_cat=0
split_feature=39 31 14 38 13 17 12 12 40 14 17 10 6 31 36 13 25 7 32 9 9 24 7 25 1 20 32 25 10 14
split_gain=7.47816 14.5896 15.1372 14.1046 16.1644 13.2531 19.8887 17.5717 12.9395 13.378 11.859 11.8422 14.2143 11.7482 11.4145 14.6826 12.8986 11.2083 11.1388 16.2268 18.7677 15.6422 15.9384 12.2699 11.271 12.549 12.1406 11.1354 14.2504 13.538
threshold=0.00081189702544724556 0.00086245062058008164 0.18960000038146976 0.058959670541986149 0.0004173553521332947 -0.008207339795413925 -0.0049849001118457709 0.019884692826196416 0.019884692826196416 0.25869999885559086 0.00061672766904484228 -0.020938082436537865 0.097923245409265905 -0.041116407624158628 -0.017889196257299612 0.020145467941419967 -0.17763545878852574 0.034798637481798435 0.01982848417788988 -0.0041679033874224428 -0.011833300898380777 0.58406638250171039 0.014523430607675933 -0.55348254084773407 0.04676278079343333 0.38000000000000006 0.023554587324950565 -0.28823088924683077 -0.046578667464122515 0.30319999694824223
decision_type=2 2 2 2 2 2 2 2 2 2 2 2 2 2 2 2 2 2 2 2 2 2 2 2 2 2 2 2 2 2
left_child=1 2 10 4 -2 6 -4 -8 9 -7 -1 12 -5 -13 16 -16 -6 -17 19 20 23 22 -21 -3 -20 -26 -27 29 -29 -14
right_child=3 18 5 11 14 8 7 -9 -10 -11 -12 13 27 -15 15 17 -18 -19 24 21 -22 -23 -24 -25 25 26 -28 28 -30 -31
leaf_value=0.0017040353742559734 0.019694854415837678 0.0075558398829990306 0.0083561431498031854 -0.0044888257944981731 0.0042907467924629978 -0.0013837662078517797 -0.0032752431974778953 0.017494927247045083 -0.0061743035520301177 0.0012809093225264999 0.029936072282735416 -0.0045596787694362848 -0.0039804185087803749 0.00033826242105709445 0.0012348353342315542 -0.01013892729530874 0.021428742695422318 0.0022233617950021866 1.0978752884097921e-05 0.0029300511961134913 -0.0098705973025690931 -0.018502162314663229 -0.0028320977072988588 -0.0048918569215555437 -0.0014575289101483764 0.008838183409871055 -0.0093742164850205492 0.011672739314786316 -0.011243591684649498 0.011428570551867722
leaf_weight=25.986641764640808 42.763043895363808 109.86285978555679 154.45594641566277 1106.4217835366726 255.80982955545187 2063.5675054006279 1800.3502700924873 37.420575246214867 244.0572297424078 9511.5858905538917 27.626571550965309 464.08945176750422 76.9377611130476 8761.1662597320974 8659.2901413440704 182.72163305804133 46.746946543455124 103.33446037769318 7284.2033962272108 659.12044265121222 505.10058745741844 46.255890473723412 1253.9773464426398 202.88239851593971 2251.9245154857635 36.707843974232674 321.09093169867992 33.759465739130974 88.296981543302536 154.08817026019096
leaf_count=105 175 446 625 4540 1045 8431 7342 151 1029 38674 111 1890 315 35515 35150 765 191 438 29643 2683 2047 194 5105 823 9235 150 1314 138 360 629
internal_value=-4.76074e-07 -0.000330516 0.00034195 0.000437963 0.00129286 0.000280191 -0.00198334 -0.00285232 0.000661728 0.000805863 0.0162518 -0.000305389 -0.00281635 9.18646e-05 0.00120776 0.00101393 0.00693868 -0.00567319 -0.00106635 -0.0027452 -0.0062946 -0.00126366 -0.000846862 -0.000519162 -0.000595094 -0.00228675 -0.00750574 0.00242451 -0.00490519 0.00629697
internal_weight=46511.6 26536.2 13865.1 19975.4 9290.67 13811.4 1992.23 1837.77 11819.2 11575.2 53.6132 10684.8 1459.5 9225.26 9247.9 8945.35 302.557 286.056 12671.1 2777.2 817.846 1959.35 1913.1 312.745 9893.93 2609.72 357.799 353.082 122.056 231.026
internal_count=189259 108108 56468 81151 37764 56252 8118 7493 48134 47105 216 43387 5982 37405 37589 36353 1236 1203 51640 11298 3316 7982 7788 1269 40342 10699 1464 1442 498 944
is_linear=0
shrinkage=0.03


Tree=137
num_leaves=31
num_cat=0
split_feature=12 13 24 16 9 42 17 2 16 17 15 30 26 9 17 19 23 13 9 3 16 17 12 43 20 16 16 14 30 30
split_gain=7.44631 18.3815 33.7307 15.9159 17.3721 15.6855 15.563 14.9659 19.0438 23.0154 21.2369 19.7934 20.9215 16.5611 14.6859 15.9269 19.2446 16.1278 13.473 13.0119 19.0763 13.477 12.3504 27.9262 31.6741 23.6108 21.8266 16.6365 23.8754 36.0593
threshold=0.0013055598480894526 0.0013205237637713633 0.82702113488208517 -0.022536938084767279 0.0041735378306545154 0.016600821300467038 -0.014817996692911286 -0.0016983908763292524 0.0056286138876285646 0.0054525438608215475 -0.64100017547607413 0.00029019666071459203 -0.0078073342582295523 -0.020161909799769805 0.021082077866125308 0.88779502603606886 0.00587400164213392 0.001946388878054829 -0.010193566210162422 1.0000000180025095e-35 0.014992192985090974 0.0031190015092672509 0.00034706525490260729 -1.4395025738507863 0.33000000000000007 -0.014086091454773594 0.037556153466210988 0.22619999885559086 -0.0029299981724404361 -0.003745018504284043
decision_type=2 2 2 2 2 2 2 2 2 2 2 2 2 2 2 2 2 2 2 2 2 2 2 2 2 2 2 2 2 2
left_child=19 2 3 5 -5 -2 -6 8 11 10 -10 12 -3 -11 15 16 -9 -17 -13 20 -1 -22 27 -24 26 -26 -25 28 29 -21
right_child=1 7 -4 4 6 -7 -8 14 9 13 -12 18 -14 -15 -16 17 -18 -19 -20 22 21 -23 23 24 25 -27 -28 -29 -30 -31
leaf_value=-0.010844845654845909 0.027425447108714571 0.0023952416838258551 0.043343110395033808 0.0011890302956633905 -0.0094718323556075793 -0.0066893210035607548 0.0090015313299888593 0.0044401336662280881 -0.038460162749532428 0.010945129152376314 -0.0040140796579796979 0.0052731838775659512 -0.0039564486320208632 -0.00032655052605462482 0.010518432292531703 -0.0070321849102081653 0.00011529683871899511 0.00015785664683234677 0.00066678484731431573 -0.0079232064237520425 -0.0015104729491653398 0.032802526372507711 0.014179316496840186 -0.0030605815550038746 -0.0055094074702898618 0.0033275169656363018 0.004032048446749671 0.00038289400338309686 -0.00093062346644388709 -0.054437868941244867
leaf_weight=209.870865046978 12.907526850700377 708.73635829985142 18.865367770195007 811.90058319270611 44.003703311085701 201.32364769279957 610.07534863054752 1902.6533943340182 16.229968398809433 142.43072798848152 2151.2875477671623 837.12903696298599 1366.7712726145983 665.30495196580887 145.12234543263912 301.64329704642296 1803.9745097756386 4058.1151802092791 1800.6645402014256 298.68278795480728 28.97925766184926 15.984151273965834 104.27350334823132 5445.5826746374369 326.56141316890717 1632.0652426183224 420.65923941135406 19263.421407848597 1149.5779969543219 15.792690113186834
leaf_count=1270 52 2876 89 3287 178 816 2461 7696 72 574 8755 3396 5554 2708 585 1221 7319 16458 7301 1206 170 81 433 22164 1326 6604 1708 78187 4648 64
internal_value=-4.74228e-07 0.000486051 0.00345196 0.00300407 0.00412024 -0.00463389 0.00775872 0.000169114 -0.000782066 -0.00266128 -0.00427201 0.000404181 -0.0017875 0.00166102 0.00105972 0.000889545 0.00233528 -0.000339608 0.00212867 -0.000296634 -0.00704563 0.0106875 -0.000236618 -0.00124357 -0.00144909 0.00185414 -0.00255198 0.000148584 -0.00293437 -0.0102591
internal_weight=46510.6 17599.1 1699.08 1680.21 1465.98 214.231 654.079 15900.1 7688.55 2975.25 2167.52 4713.3 2075.51 807.736 8211.51 8066.39 3706.63 4359.76 2637.79 28911.5 254.834 44.9634 28656.6 7929.14 7824.87 1958.63 5866.24 20727.5 1464.05 314.475
internal_count=189259 71398 6883 6794 5926 868 2639 64515 31236 12109 8827 19127 8430 3282 33279 32694 15015 17679 10697 117861 1521 251 116340 32235 31802 7930 23872 84105 5918 1270
is_linear=0
shrinkage=0.03


Tree=138
num_leaves=31
num_cat=0
split_feature=37 40 23 31 43 38 24 12 13 30 2 45 13 17 18 7 34 29 45 4 6 6 30 13 40 30 16 31 37 28
split_gain=7.37921 14.4493 14.5911 15.497 12.4374 12.416 10.894 15.0273 10.2138 22.0007 18.1356 17.792 16.3386 40.2143 18.3356 15.0281 15.1147 13.7893 11.5144 11.0294 17.3717 12.8175 10.7761 42.7395 13.2132 11.5839 33.7524 10.698 11.8422 10.3179
threshold=1.0000000180025095e-35 0.01079125978862612 0.0033444245092909279 0.0095487666385802878 0.45136162980532385 -9.9411349836180687 -0.19857513491498807 0.0027933246681104136 0.020145467941419967 0.015138458025456396 0.036345802533412595 -0.0035191973999813861 0.018360313375594486 0.0054525438608215475 -0.23391692416562559 0.027092078121494279 0.034191526096544467 0.02127417936860038 0.007046210478571114 -1.3011647854726724 -0.018417014509818804 -0.061420616175041569 -0.017961617732116585 0.0091864695550862869 -4.0000383760315589e-05 -0.017047400045778923 -0.023750121526123633 0.036533708324284382 0.030136976871700409 0.55876309714021499
decision_type=2 2 2 2 2 2 2 2 2 2 2 2 2 2 2 2 2 2 2 2 2 2 2 2 2 2 2 2 2 2
left_child=1 2 4 6 -1 -3 -4 -8 12 11 19 27 22 14 -14 18 -17 -16 -13 20 -11 -21 23 -2 -25 26 -24 28 -10 -27
right_child=8 5 3 -5 -6 -7 7 -9 9 10 -12 15 13 -15 17 16 -18 -19 -20 21 -22 -23 25 24 -26 29 -28 -29 -30 -31
leaf_value=0.0035361897044380859 0.053080196049440344 0.0053145629783655562 -0.018496591621659515 -0.019392483733155382 0.020988602422651381 0.029174975441626567 -0.0048232494030008288 0.012198536340158451 -0.0055658267530821906 -0.037758125691245786 -0.012218252640329637 -0.00048306221531806197 0.030403723998164461 0.05282864421753191 0.0051028075825038854 0.0022717608845445824 -0.013609281341560244 -0.012646205237432392 -0.013778962670199776 0.01567443256368806 0.012418325112672353 0.003219750015367207 -0.028572505267854494 0.0091347718587608158 -0.0023205822918767102 0.00015528106291120224 0.00086181828285184089 0.0044233061464038805 -0.018149716370556596 -0.0012200242938676857
leaf_weight=222.76093772053719 15.951394662261007 48.087085962295532 25.819918990135193 45.828367248177528 44.010921210050583 33.164318084716797 112.20179991424084 79.93093641102314 116.24553705006838 13.30016213655472 62.839134559035301 97.074465930461884 22.513348057866096 16.137761354446411 252.00098586082458 473.12694698572159 60.876557230949402 46.694175317883492 147.98143672943115 97.954462558031082 11.648822546005247 308.83735516667366 49.997951909899712 166.85020223259926 198.35467408597469 37780.811585135758 117.37130536139011 36.531973395496607 159.86211373656988 5642.7289043292403
leaf_count=912 65 193 106 187 181 152 455 321 509 82 258 394 91 66 1023 1959 256 190 608 396 58 1254 205 674 802 153523 475 156 715 22993
internal_value=-4.71213e-07 0.00327252 0.0014683 -0.00353491 0.00641542 0.0150536 -0.000200582 0.00225814 -4.41012e-05 -0.00240941 0.00283967 -0.00478744 4.0577e-05 0.00661763 0.00429596 -0.00236128 0.000461317 0.00232815 -0.00851203 0.00503133 -0.0143305 0.00621881 -9.8811e-06 0.00501249 0.002913 -5.37964e-05 -0.00793105 -0.0108331 -0.0128517 -2.34348e-05
internal_weight=46507.5 611.804 530.553 263.781 266.772 81.2514 217.953 192.133 45895.7 1586.28 494.58 1091.7 44309.4 337.346 321.209 779.059 534.004 298.695 245.056 431.741 24.949 406.792 43972.1 381.156 365.205 43590.9 167.369 312.64 276.108 43423.5
internal_count=189259 2507 2162 1069 1093 345 882 776 186752 6645 2048 4597 180107 1370 1304 3217 2215 1213 1002 1790 140 1650 178737 1541 1476 177196 680 1380 1224 176516
is_linear=0
shrinkage=0.03


Tree=139
num_leaves=31
num_cat=0
split_feature=31 5 16 31 14 24 13 13 4 3 18 29 24 3 23 16 24 30 1 5 30 23 14 2 19 9 19 13 12 41
split_gain=7.32875 9.36005 14.8672 15.0463 14.8337 14.5024 14.4752 14.4014 12.4342 11.978 11.9337 10.9209 10.8689 23.8821 28.4788 22.7641 15.1575 24.6422 21.0156 13.4826 18.3167 15.8809 12.1661 16.1162 11.7802 10.6147 10.5624 8.08151 10.254 8.04014
threshold=-0.1048846476832669 -0.070281864518649748 0.0049750549214838055 0.024477296992951349 0.36260000228881845 0.68784132901899109 0.0015178481673002026 0.00071045639401242798 0.3306394929551893 17.962293209722677 -0.42741832356301129 -0.0089345066883004896 0.58406638250171039 16.921708135508613 0.010040153496807343 -0.032917136549026539 0.49055713373694071 -0.017047400045778923 1.0000000180025095e-35 -0.0076965658903417325 0.014040787500521552 0.054693326997979179 0.34500000000000003 -0.033333387124693303 1.2111380000185068 0.015342439298968455 1.5390994350309943 0.02772231458642949 -0.00036178422033192819 -0.089689572675314078
decision_type=2 2 2 2 2 2 2 2 2 2 2 2 2 2 2 2 2 2 2 2 2 2 2 2 2 2 2 2 2 2
left_child=27 2 4 7 5 6 -2 -4 -5 -9 26 -7 16 14 29 -16 19 -18 -19 20 -3 -21 24 -24 -15 -12 -6 28 -1 -14
right_child=1 12 3 8 10 11 -8 9 -10 -11 25 -13 13 22 15 -17 17 18 -20 21 -22 -23 23 -25 -26 -27 -28 -29 -30 -31
leaf_value=-0.018398411951954179 -0.0093266108566617007 -0.0010955310112427735 -0.015555623122985059 -0.0063743627216872913 0.01003415070020996 0.020089701969775088 0.0020432690900525075 0.0031913290321141283 -0.03497852643277561 -0.005675074859255484 0.0047513718498190726 -0.00029644285310422404 -0.0016946050629460872 0.0019596096219181491 0.010122016744173991 -0.0047532304436153569 -0.020213709548210258 -0.016268178553696382 0.0037192870086211675 0.000397812774264605 0.0048689982049676872 -0.0046703776213235229 0.015485997202594986 -0.004313691944785856 0.013611745000818524 -0.016677078727648457 0.032398313965433322 0.010034908793322276 -0.002357716397164103 -0.033076144371732598
leaf_weight=59.565687268972397 148.31409837305546 12686.788142867386 49.357793256640434 46.996975969523191 291.50380316376686 54.246770158410072 314.4093812033534 597.64630421996117 19.291667729616165 177.96357022225857 303.61161212623119 41.930183738470078 9.0569365695118886 194.60646767914295 100.14881114661694 1226.743183657527 41.41131466627121 48.635943949222565 1782.8083768934011 26619.183025799692 480.94621016085148 568.3099779933691 42.795510664582253 273.15556667745113 130.4213764667511 22.335543900728226 20.332074418663979 23.933009847998619 90.148391962051392 38.936989419162273
leaf_count=245 610 51648 203 195 1190 220 1283 2448 94 729 1232 170 52 790 465 4971 187 329 7253 108020 1953 2309 176 1106 532 91 85 98 372 203
internal_value=-4.64765e-07 2.25909e-05 0.00198545 -0.000947911 0.00417013 0.000602123 -0.00160105 0.000157022 -0.0146989 0.00115693 0.00729684 0.011202 -7.00393e-05 -0.00222211 -0.00445166 -0.0036305 3.26955e-05 0.00267104 0.0031885 -8.97483e-05 -0.000877679 0.000291871 0.0025602 -0.00163183 0.00663517 0.00328299 0.0114923 -0.00615209 -0.00873972 -0.0271541
internal_weight=46505.5 46331.9 2087.94 891.256 1196.68 558.9 462.723 824.968 66.2886 775.61 637.783 96.177 44243.9 2015.86 1374.89 1326.89 42228.1 1872.86 1831.44 40355.2 13167.7 27187.5 640.979 315.951 325.028 325.947 311.836 173.647 149.714 47.9939
internal_count=189259 188544 8550 3669 4881 2283 1893 3380 289 3177 2598 390 179994 8295 5691 5436 171699 7769 7582 163930 53601 110329 2604 1282 1322 1323 1275 715 617 255
is_linear=0
shrinkage=0.03


Tree=140
num_leaves=31
num_cat=0
split_feature=19 15 27 17 13 24 12 24 17 23 13 37 12 40 45 29 15 4 0 20 15 13 13 17 35 4 4 17 42 15
split_gain=7.30361 13.15 15.5894 13.1801 15.7449 14.7611 16.44 18.4173 13.9186 14.3405 12.7539 14.1316 12.4909 19.7848 13.676 12.4895 12.1716 11.4182 10.9411 12.3246 10.4699 10.2442 18.0332 30.3146 15.1991 14.082 12.6087 19.4158 13.2745 12.1263
threshold=0.5318513864966169 0.38299994468688969 0.015748024105072148 -0.0076813456080284748 0.0067652000044919648 0.58406638250171039 0.0010485240090452009 -0.44614915007250827 -0.0098971981825433236 -0.015839696855154069 0.0069702585225484672 0.046341987656509702 0.00045911844544759727 0.0016806149546121274 -0.00076566397573942424 0.05084963308691081 -0.23700003623962398 0.15735641782790125 -0.011913269420772119 -0.14749999999999999 -0.17349996566772458 0.020145467941419967 0.01758878073147312 0.0054525438608215475 -0.024468026908215465 -0.50318805652401355 -0.61411338434656926 0.0048070217598894733 0.012779578146904232 -0.014500045776367187
decision_type=2 2 2 2 2 2 2 2 2 2 2 2 2 2 2 2 2 2 2 2 2 2 2 2 2 2 2 2 2 2
left_child=1 3 -3 4 12 6 16 -8 9 -6 -4 -12 14 -14 -1 21 -5 -10 -7 -20 -17 22 24 25 -2 -24 27 -23 -28 -26
right_child=15 2 10 5 8 18 7 -9 17 -11 11 -13 13 -15 -16 20 -18 -19 19 -21 -22 26 23 -25 29 -27 28 -29 -30 -31
leaf_value=-0.014824708701592203 0.0095336056918349371 -0.03254778327849174 0.0073366979856035117 0.0095697097649340736 0.020805439904495352 0.004103455852651876 0.015209399128655286 0.0034474293277228971 0.0018296259931275686 0.0027615439678920881 -0.024700265818968458 0.011375619135002501 -0.014730301753838571 0.0021811362787804863 0.003893428048475066 0.0060833155364881444 0.0002418984197358993 -0.01823829595421899 -0.020601458055926773 -0.001592080228066964 -0.0041503147602108123 -0.004727141567317102 -0.0073694431231891263 0.051686735088417174 -0.00064533507583548603 0.0075230481259060209 0.011923203469045063 -0.030360834884567426 -0.0023583252208186707 0.00043546334021616023
leaf_weight=44.503313757479191 148.91101472079754 20.803050354123116 46.580432027578354 131.82638522982597 54.523501798510551 57.921391531825066 128.4909196048975 1774.2772736400366 68.634813822805882 145.2308404147625 35.0230892598629 13.554455474019049 205.47902466356754 89.326660916209221 166.79098454117775 98.588654816150665 2801.2997222207487 40.618655607104301 65.581554293632507 57.705047369003296 1029.9082911014557 107.97631940245628 69.592857539653778 12.853037044405935 17546.084266915917 319.45541848242283 61.743850469589233 35.283365726470947 1141.3254006206989 19983.683951251209
leaf_count=190 600 88 188 532 220 236 518 7195 288 592 142 55 835 363 679 403 11403 165 265 236 4246 447 286 53 71463 1290 264 185 4751 81081
internal_value=-4.68157e-07 0.000981233 -0.00902231 0.00118013 -0.00235808 0.00175497 0.00206997 0.0042417 0.00297794 0.00768668 -0.00387926 -0.0146341 -0.00561607 -0.00960611 -4.9031e-05 -0.000144452 0.000661127 -0.0056313 -0.0066513 -0.011704 -0.00325628 -5.53839e-05 3.55422e-05 0.00635666 -3.18823e-05 0.00485908 -0.00262721 -0.0110405 -0.00162537 -6.98363e-05
internal_weight=46503.6 5948.17 115.961 5832.21 815.108 5017.1 4835.89 1902.77 309.008 199.754 95.158 48.5775 506.1 294.806 211.294 40555.4 2933.13 109.253 181.208 123.287 1128.5 39426.9 38080.6 401.901 37678.7 389.048 1346.33 143.26 1203.07 37529.8
internal_count=189259 24190 473 23717 3332 20385 19648 7713 1265 812 385 197 2067 1198 869 165069 11935 453 737 501 4649 160420 154773 1629 153144 1576 5647 632 5015 152544
is_linear=0
shrinkage=0.03


Tree=141
num_leaves=31
num_cat=0
split_feature=3 2 38 29 2 45 10 44 27 33 23 11 44 23 45 3 37 31 17 31 8 5 13 29 1 10 45 36 30 42
split_gain=7.21658 9.13106 13.8625 11.3964 10.6065 10.3836 9.80012 9.29357 15.6956 9.32473 9.09826 11.7462 13.6062 9.56504 17.105 19.9989 13.1607 10.6394 9.09037 8.80081 8.71359 13.863 12.1135 10.6892 14.1871 11.4257 8.86747 8.587 8.06791 7.51479
threshold=19.536250485302773 -0.031904280874992134 0.345134881260381 0.019292023808314525 -0.027059573769757362 0.017369677132613906 -0.0092802771654898458 0.01257029845222186 0.089059359455003706 -0.031670922351498369 -0.11437166639007595 -0.10584720443875374 -0.015932569188528888 -0.093222050148723729 -0.0016502784582371282 16.325654834373559 0.048212161707949071 -0.0043656032292406022 -0.0016143324428126245 -0.0061838446930399926 0.37861418174568545 0.01127604370513602 0.00067887354982840359 0.036760681725490171 0.067906981268855679 0.013843584698900697 -0.0041652260850458265 0.073020624190520037 -0.0045204863473618578 0.086793419321755008
decision_type=2 2 2 2 2 2 2 2 2 2 2 2 2 2 2 2 2 2 2 2 2 2 2 2 2 2 2 2 2 2
left_child=10 2 6 -4 -3 7 28 9 -9 -6 11 12 -1 14 17 18 -17 -12 -16 -7 23 26 -23 25 -25 -15 -22 -13 -2 -14
right_child=1 4 3 -5 5 19 -8 8 -10 -11 13 27 29 20 15 16 -18 -19 -20 -21 21 22 -24 24 -26 -27 -28 -29 -30 -31
leaf_value=0.033327497257806336 0.028245907326765147 -0.016433609546679509 0.00036953978785920664 -0.032347570527720165 -0.0078387107314399386 0.033044566556969329 0.030758391090949546 0.0039652885647411054 -0.017615920317667021 -0.0015873502447433978 0.019970087649651604 -0.0029248986781962721 0.01450427494699461 0.00026007627274567412 -0.030888272948643814 0.0047846293526911743 -0.013886883300489523 -0.0015480413113372726 -0.012480077310103055 0.0028121909087017111 -0.0063179573242416629 0.014316689969582255 0.0008118024822457463 -0.00077478933315677692 -0.0072133322760213597 -0.0011398084226569721 0.013558201334295177 0.020920751966967265 0.0032309706250894881 -0.010278052712709963
leaf_weight=25.991329804062843 13.069737687706946 50.703162312507629 28.989150315523148 14.313207045197485 405.96411575376987 12.904809385538099 16.471229150891304 271.64216165244579 34.141887366771698 455.92455796897411 32.920410290360451 96.257048532366753 34.72445484995842 31638.667498026043 36.279869437217712 97.527613505721092 52.138457775115967 55.618133142590523 72.174212902784348 26.383490279316902 24.150021597743034 60.526656091213226 4822.6256396844983 1151.8952423259616 420.42737494409084 6290.693751975894 123.54611020535231 15.826088219881056 103.46455642580986 16.126435592770576
leaf_count=105 54 209 120 60 1668 53 67 1106 141 1865 133 393 142 128785 148 396 216 225 308 108 100 246 19523 4724 1743 25561 501 64 429 66
internal_value=-4.65556e-07 -0.00209562 0.00429817 -0.0104448 -0.00299194 -0.00242727 0.00909801 -0.00293768 0.00155567 -0.00453185 6.61977e-05 0.00663586 0.0156702 3.85417e-05 -0.00492544 -0.00882833 -0.00171988 0.00645283 -0.018638 0.0127425 7.71833e-05 0.00125308 0.000979196 -7.25761e-05 -0.00249641 2.79014e-05 0.0103082 0.000442096 0.00603649 0.00664501
internal_weight=46502.1 1433.97 176.308 43.3024 1257.66 1206.96 133.006 1167.67 305.784 861.889 45068.1 188.925 76.8422 44879.2 346.659 258.12 149.666 88.5385 108.454 39.2883 44532.5 5030.85 4883.15 39501.7 1572.32 37929.4 147.696 112.083 116.534 50.8509
internal_count=189259 5880 730 180 5150 4941 550 4780 1247 3533 183379 770 313 182609 1426 1068 612 358 456 161 181183 20370 19769 160813 6467 154346 601 457 483 208
is_linear=0
shrinkage=0.03


Tree=142
num_leaves=31
num_cat=0
split_feature=6 32 2 26 1 3 26 43 7 40 13 13 9 13 41 4 40 22 37 42 12 32 13 19 6 16 44 0 11 8
split_gain=7.32043 14.5922 15.3811 14.4643 10.2894 9.85676 9.50279 9.24199 8.98436 15.015 14.6071 14.1792 20.92 13.2852 15.6372 12.9575 12.7675 14.6881 11.8685 17.9911 13.674 10.7785 11.4128 10.9535 10.7367 14.5431 13.6228 10.7093 10.069 10.0624
threshold=0.31670942536295615 0.047101745743735615 0.087835197730000855 0.0034681961145711913 0.058937255952673753 12.323637873516228 0.049654738198697819 -0.12597770650879522 0.040736180205795398 0.057182037927536185 0.056128745892911676 0.00049865380950421154 0.0048319670153807006 0.00059646715298376264 -0.013926646983175266 -15.387578275574134 -0.024468026908215465 0.61666666666666681 0.038936809352014205 0.056337976639014346 -0.00010058887447424382 0.026495697367869334 0.037447803232827495 0.88466547071499602 0.041108446908521563 0.0032435730044079636 -0.046266857353679129 -0.050398086774886573 0.16760299625468164 0.10948786945917761
decision_type=2 2 2 2 2 2 2 2 2 2 2 2 2 2 2 2 2 2 2 2 2 2 2 2 2 2 2 2 2 2
left_child=8 3 5 -2 -5 -3 -4 -6 9 10 11 12 -1 18 24 -16 -12 -18 19 29 -20 -11 23 -23 25 -15 -26 -17 -13 -10
right_child=1 2 6 4 7 -7 -8 -9 13 21 16 28 -14 14 15 27 17 -19 20 -21 -22 22 -24 -25 26 -27 -28 -29 -30 -31
leaf_value=0.0012779799108970466 -0.011494789016621673 -0.020209375949607439 0.0076022039202187511 0.03213249555968499 -0.0067511280648225123 0.00025896306168300036 0.03462210492902415 0.020141837957404388 0.015794022616541396 -0.029497593557997567 0.024600804172168571 0.00043878850417247386 -0.019042214859792857 0.0059247421986270222 -0.043119777338004053 0.0022779165321009059 -0.0043896273151188339 0.012703898716435624 -0.019643182428510302 -0.0070066877709643724 0.0044754302631533089 0.021720763204593489 -0.020286539603594483 -0.0088171942389170341 -0.011373034813776078 -0.0015916336571911945 -1.7459752832600411e-05 -0.004014232762615531 -0.00055541551484035955 0.043449073999154202
leaf_weight=97.185128927230835 16.834541186690331 22.441206753253937 37.076388508081436 32.581980377435684 17.97175906598568 375.10436715185642 17.125485986471176 31.941678911447525 39.701779648661613 23.274307802319527 34.573143035173416 27807.771080438048 85.903240621089935 509.73088753968477 7.3610193058848372 276.94780746102333 84.974262550473213 96.759278818964958 25.074578687548637 23.887811690568924 135.37267714738846 17.925670385360718 30.135633379220963 25.764667302370071 128.21482699364424 424.71417955309153 367.91560786217451 2012.5685848519206 13677.46175776422 16.873815730214119
leaf_count=399 68 95 149 131 73 1518 69 129 163 98 139 113221 363 2096 41 1150 348 390 103 98 557 73 130 107 527 1758 1521 8276 55400 69
internal_value=-4.62986e-07 0.00343666 0.00114754 0.0138474 0.0190189 -0.000896462 0.0161393 0.0104588 -4.16842e-05 8.72883e-05 0.000114606 7.42403e-05 -0.00825605 -0.0014061 -0.00184739 -0.00338088 0.00789038 0.00471137 0.00542165 0.0148245 0.000706191 -0.0116961 -0.00608405 0.0037122 0.000614731 0.00250848 -0.00295208 -0.00325311 0.000111005 0.0240422
internal_weight=46501.2 551.077 451.747 99.33 82.4954 397.546 54.2019 49.9134 45950.1 41981.7 41884.6 41668.3 183.088 3968.36 3727.45 2296.88 216.307 181.734 240.911 80.4634 160.447 97.1003 73.826 43.6903 1430.58 934.445 496.13 2289.52 41485.2 56.5756
internal_count=189259 2232 1831 401 333 1613 218 202 187027 170668 170260 169383 762 16359 15369 9467 877 738 990 330 660 408 310 180 5902 3854 2048 9426 168621 232
is_linear=0
shrinkage=0.03


Tree=143
num_leaves=31
num_cat=0
split_feature=39 38 10 40 40 40 33 2 34 13 8 2 1 20 35 25 32 40 27 22 23 36 29 13 2 23 18 41 5 39
split_gain=7.21355 19.2991 12.6276 13.9476 16.058 24.9449 31.0814 23.6917 22.0931 18.3201 15.664 13.936 19.4007 13.8956 16.8147 14.585 13.82 14.4433 13.1329 12.7059 12.3526 14.6791 12.0943 11.7014 11.5276 11.194 10.7222 10.6446 12.2832 10.572
threshold=0.0076388721391857798 0.058959670541986149 0.006952094975898152 0.018130773998777053 0.00030556011104153065 -4.0000383760315589e-05 0.45107291762432405 0.01350052067904264 0.017088522683536694 0.00049865380950421154 0.35326739965400472 0.02706121267543405 0.031028019707690552 -0.12999999999999998 0.0035733380288510267 -0.48096429785328659 0.031858384867825336 0.028256386443936844 0.027818462916632977 1.8166666666666669 0.027893609360534481 -0.029424281906875242 -0.065941567119652447 0.00082498542990407477 0.024096470664260353 0.078506861201905795 3.3451398179722056 0.029523746650025683 0.0038573423511965026 -0.0054982100398907573
decision_type=2 2 2 2 2 2 2 2 2 2 2 2 2 2 2 2 2 2 2 2 2 2 2 2 2 2 2 2 2 2
left_child=2 20 3 4 5 7 -7 -1 9 -6 -10 12 16 15 -15 18 17 -4 -5 -13 21 -2 -14 -21 -22 -25 -18 28 -3 -17
right_child=1 27 11 13 8 6 -8 -9 10 -11 -12 19 22 14 -16 29 26 -19 -20 23 24 -23 -24 25 -26 -27 -28 -29 -30 -31
leaf_value=-0.00038037483419059665 0.024561866560320653 -0.0015880214180211505 -0.0018176131005953387 0.0016686590589535084 -0.011718243234164842 -0.0057685472598828294 0.0051377595244681776 0.0061061883326260797 -0.0031898312271594394 0.001610511461659429 0.0047486045894313787 -0.00085803810272665616 0.020637457879648206 -0.0062674726401554491 -0.03394672262185134 -0.0033278164001162751 0.0020296689393641087 0.023776124080217967 -0.017937132209980149 0.017847218361558091 -0.0015060499763341511 0.002664913827690487 -0.003743534680824008 0.0021228225658792574 0.0072153284122933202 0.027123187176258556 0.021911836684261145 -0.0033947564881230065 0.00098440281203676107 0.0071849954721754433
leaf_weight=7875.5573915541172 27.745175659656525 2626.1615763530135 2422.525964140892 47.841221809387207 93.625565469264984 1412.337364859879 282.15582057088614 541.62025284767151 1578.0712424367666 10646.862417474389 260.65503157675266 2006.4351795166731 18.417599156498909 60.797645434737206 29.258371829986572 228.31917309015989 1029.8896554857492 20.008498564362526 86.0677789747715 47.056131929159164 1190.1750531867146 3983.9726516678929 3174.7445226460695 974.80780670046806 154.05415861308575 16.389964267611504 25.004389196634293 909.98307507485151 4591.2107402905822 138.20506870746613
leaf_count=32166 112 10697 9781 202 392 5786 1152 2187 6439 43267 1056 8182 75 248 125 957 4165 81 354 193 4852 16212 12927 3964 624 67 103 3701 18622 570
internal_value=-4.62836e-07 0.000584244 -0.000239245 0.000140145 0.000258598 -0.000631539 -0.0039525 3.70161e-05 0.000974126 0.00149432 -0.00206449 -0.00114653 -0.00191223 -0.00441169 -0.0152602 -0.00245943 -0.000368632 -0.00160796 -0.0109326 0.000536053 0.00198238 0.00281635 -0.00360291 0.00323015 -0.000506544 0.00253622 0.00250094 -0.000337129 4.83833e-05 0.000636243
internal_weight=46500 13483.3 33016.7 23281.4 22690.9 10111.7 1694.49 8417.18 12579.2 10740.5 1838.73 9735.28 6690.59 590.489 90.056 500.433 3497.43 2442.53 133.909 3044.69 5355.95 4011.72 3193.16 1038.25 1344.23 991.198 1054.89 8127.36 7217.37 366.524
internal_count=189259 54820 134439 94901 92445 41291 6938 34353 51154 43659 7495 39538 27132 2456 373 2083 14130 9862 556 12406 21800 16324 13002 4224 5476 4031 4268 33020 29319 1527
is_linear=0
shrinkage=0.03


Tree=144
num_leaves=31
num_cat=0
split_feature=16 9 35 20 13 43 36 19 14 35 20 41 9 41 16 8 20 15 17 14 16 37 19 25 2 37 2 34 26 33
split_gain=7.12248 8.94162 16.589 13.9805 11.5195 11.5866 11.0409 10.2335 9.95332 25.901 15.1296 17.1887 16.1734 13.7421 12.237 10.2318 22.1685 29.5108 29.2123 16.5993 16.7291 11.7495 8.91059 10.0713 8.28104 8.86628 10.3454 8.00612 7.9213 7.75594
threshold=-0.10740115070762786 0.033309770964385525 0.0042238270575269158 0.47500000000000003 0.0067652000044919648 0.16235977352635536 -0.076540375944184627 1.1594067736080718 0.52170000076293954 -0.0027684293983463479 -0.24999999999999997 0.0068999949428782672 0.0033850539820960515 -0.089689572675314078 -0.014733526295683613 0.028246442555306502 -0.14749999999999999 -0.18900003433227536 -0.008207339795413925 0.51429998397827159 0.046257528509006905 0.015529668545723336 0.56811834008184936 -0.65115400119429434 -0.05600002286288825 0.035374155079421106 0.0043833784862708875 0.0051050614570437381 0.0020642117348558396 -0.099022446887579094
decision_type=2 2 2 2 2 2 2 2 2 2 2 2 2 2 2 2 2 2 2 2 2 2 2 2 2 2 2 2 2 2
left_child=24 8 3 6 22 27 -3 -8 15 13 11 -11 -12 -10 -15 19 18 -18 -17 20 -2 -21 -4 -24 -1 26 29 -6 -27 -26
right_child=1 2 4 -5 5 -7 7 -9 9 10 12 -13 -14 14 -16 16 17 -19 -20 21 -22 -23 23 -25 25 28 -28 -29 -30 -31
leaf_value=-0.029677628795233085 -0.00075629249277887293 -0.015102721906664193 0.0099113365270282056 0.028614252844543636 0.013248959513152102 -0.008852609560107744 0.0070227020048124799 -0.0021435909305528235 0.021490180555017394 0.0024434316437437595 0.0017676074903056685 -0.003012001468229524 0.0070790292409120218 -0.0096158633015115697 -0.0016638954786279525 -0.0054168411736380991 0.0088321984985922069 0.00091100545726006824 -0.00017348564573293321 -0.037309639209086386 0.0054212470849118993 -0.0085872856422429169 -0.0052982540538118808 -0.026176285752789543 -0.021534636572299239 0.010606447299534898 -0.020753316856635062 -0.0051600826997708705 -0.0092750691552218531 0.00544774345570565
leaf_weight=12.257016494870184 19053.665733717382 25.087112352252007 14.503157630562781 22.212832540273666 69.194595649838448 62.804748147726059 540.62599311769009 137.49680459499359 18.873514071106911 1364.9526826441288 1282.3372254222631 839.46485011279583 863.35094657540321 266.60582102835178 502.32805334031582 1066.8261536359787 442.20354044437408 9898.9549534469843 9229.5300469249487 15.316971734166144 402.87513898313046 78.566946819424629 42.262951791286469 40.936356589198112 12.66958427429199 49.543369889259338 45.006967335939407 30.693226590752602 28.360478609800339 39.41573891043663
leaf_count=50 77925 104 59 89 280 255 2190 560 76 5530 5187 3409 3486 1084 2037 4339 1816 40170 37417 62 1631 320 174 167 52 202 186 125 116 161
internal_value=-4.64404e-07 2.3145e-05 0.00284971 0.00518131 -0.00364579 0.00124401 0.00444111 0.00516414 -3.83315e-05 0.001205 0.00211146 0.000365947 0.00390474 -0.00380026 -0.00442101 -0.000197288 0.000268618 0.00124973 -0.00071676 -0.0006891 -0.000628378 -0.0132733 -0.0117882 -0.0155708 -0.00583957 -0.00416991 -0.0102186 0.00759228 0.00336869 -0.00111563
internal_weight=46498.9 46311.7 985.818 725.423 260.395 162.693 703.21 678.123 45325.9 5137.91 4350.11 2204.42 2145.69 787.807 768.934 40187.9 20637.5 10341.2 10296.4 19550.4 19456.5 93.8839 97.7025 83.1993 187.253 174.996 97.0923 99.8878 77.9038 52.0853
internal_count=189259 188492 4003 2943 1060 660 2854 2750 184489 20809 17612 8939 8673 3197 3121 163680 83742 41986 41756 79938 79556 382 400 341 767 717 399 405 318 213
is_linear=0
shrinkage=0.03


Tree=145
num_leaves=31
num_cat=0
split_feature=43 34 37 14 14 23 38 5 38 45 28 24 9 16 16 9 1 23 14 23 24 22 14 26 24 45 19 18 19 14
split_gain=7.0143 13.8299 15.8388 11.4547 11.228 16.8791 11.1571 11.0823 12.791 11.0695 11.384 10.826 16.4274 23.867 39.0228 20.6524 18.792 35.2311 20.0922 17.0963 30.3591 17.7329 32.2148 16.2019 15.3397 13.8569 16.7067 15.9354 15.1171 14.7972
threshold=0.54709639342826588 0.039739237026981789 0.011848307521281425 0.1978999996185303 0.34360000610351565 -0.0028525193174907255 -0.076409465492940129 0.01483512385566821 0.4152658077966454 0.0019777789103873522 0.59595686480597909 0.32507817114257104 0.003521808472423415 0.026745438121152942 0.03036381425162956 -0.030493243762176544 0.041509405196347333 0.043058361735639081 0.26289999961853033 0.066500038984560597 0.46049183256452331 1.9833333333333336 0.54340000152587897 0.0071141562277722099 0.36885928991008626 -0.00036650857440539741 0.84204959487135056 1.167785502752664 1.0761231080928901 0.18960000038146976
decision_type=2 2 2 2 2 2 2 2 2 2 2 2 2 2 2 2 2 2 2 2 2 2 2 2 2 2 2 2 2 2
left_child=11 2 9 7 5 -5 -6 8 -4 10 -2 23 13 16 -15 -16 18 -18 -13 21 -21 24 -23 -1 -14 27 -27 29 -29 -25
right_child=1 -3 3 4 6 -7 -8 -9 -10 -11 -12 12 19 14 15 -17 17 -19 -20 20 -22 22 -24 25 -26 26 -28 28 -30 -31
leaf_value=0.00040695051046133992 0.0058668377640296926 0.0047870579301823018 0.0090308288778053625 -0.00050613606160113253 0.0013106139357094843 -0.005182654336181541 -0.0025318813165718297 -0.0022928794654722335 0.041621788564052527 -0.0028813189549736847 0.02369668930957225 -0.002101278501227231 0.0038274742446192367 -0.031910036989810452 -0.040325043406900178 -0.0022077010300264005 -0.0056717984956449778 0.0023279245060091329 0.0032673843300820736 0.050730554599862664 0.0070422440879754399 0.0038082854641143986 0.03171134971711647 0.026714298482306959 -0.0020758890128438645 0.0014523394173981486 -0.0013786678823115412 -0.0058617652860397454 -0.025638848966705114 -0.0022709108061122799
leaf_weight=19353.638252049685 171.09614986181259 359.71048245579004 50.527921780943871 1227.1840599924326 1477.687328107655 1600.5963521525264 1259.9853264540434 55.300977349281311 13.797699511051176 100.31597013771534 39.70816807448864 825.94144641608 609.96533504128456 48.764488223940134 13.233114302158354 384.52195374667645 995.80013003945351 986.1315341591835 2609.8462036326528 14.919982373714445 353.22262613475323 1242.092007830739 38.389601618051529 15.927656903862951 1130.1337180137634 2984.3575409352779 5051.8816891610622 120.74507465958595 48.860386431217194 3313.6109690368176
leaf_count=78628 700 1470 204 5008 6006 6548 5119 223 56 405 161 3438 2472 243 71 1560 4080 4023 10679 62 1424 5036 154 64 4608 12108 20543 492 201 13473
internal_value=-4.62171e-07 -0.000926455 -0.00126921 -0.0016299 -0.00182733 -0.00315317 -0.000457854 0.00755514 0.0160215 0.00532175 0.00922536 0.000146156 0.00104631 8.54139e-05 -0.00658115 -0.00347585 0.000634861 -0.00169145 0.00197679 0.00270916 0.00881283 0.00196526 0.00464484 -0.000123491 -6.55455e-06 -0.00101345 -0.000327338 -0.00258918 -0.0115592 -0.00213225
internal_weight=46497.9 6355.91 5996.2 5685.08 5565.45 2827.78 2737.67 119.627 64.3256 311.12 210.804 40142 9252.96 5864.24 446.52 397.755 5417.72 1981.93 3435.79 3388.72 368.143 3020.58 1280.48 30889 1740.1 11535.4 8036.24 3499.14 169.605 3329.54
internal_count=189259 25900 24430 23164 22681 11556 11125 483 260 1266 861 163359 37850 24094 1874 1631 22220 8103 14117 13756 1486 12270 5190 125509 7080 46881 32651 14230 693 13537
is_linear=0
shrinkage=0.03


Tree=146
num_leaves=31
num_cat=0
split_feature=30 39 25 44 9 37 39 38 10 9 40 40 18 40 38 40 30 14 42 9 38 42 14 5 14 41 40 36 9 1
split_gain=6.97368 10.7561 11.1026 12.1492 9.29608 8.64595 7.72369 19.1139 13.2546 15.1033 14.1297 13.4346 13.104 13.2152 15.5686 15.1617 13.0809 14.3732 13.5482 11.5092 10.9053 14.4978 10.8831 10.7024 13.7515 12.8977 9.82529 15.7712 11.0807 10.9625
threshold=0.057182037927536185 0.0085624228560562173 -0.4837574663709453 0.0076389206977169411 0.0037491792203849686 0.037735948862093242 0.0085624228560562173 0.058959670541986149 0.006952094975898152 0.01425140428146692 0.057182037927536185 0.028256386443936844 2.1107421894895091 0.018130773998777053 -0.74211178747508544 0.00030556011104153065 -0.00069796274435349388 0.25869999885559086 0.036802409212319621 -0.040193287180356689 -0.044875834972775579 0.042818489561573359 0.37730001449584966 0.0038573423511965026 0.24649999618530274 0.029523746650025683 0.00080751642110836127 -0.029424281906875242 0.01298969825462958 0.037117667030016378
decision_type=2 2 2 2 2 2 2 2 2 2 2 2 2 2 2 2 2 2 2 2 2 2 2 2 2 2 2 2 2 2
left_child=6 2 -2 4 -4 -6 8 26 12 10 11 -10 13 15 -15 -1 18 -18 -14 22 -11 -22 -9 24 -21 -25 27 29 -29 -8
right_child=1 -3 3 -5 5 -7 7 19 9 20 -12 -13 16 14 -16 -17 17 -19 -20 23 21 -23 -24 25 -26 -27 -28 28 -30 -31
leaf_value=-0.00046673316360002978 -0.006861052241935465 -0.0076701611467693311 -0.0060714266527956522 0.033497805594632522 0.029500962903281632 -0.00081083561242695028 0.043004908750759706 -0.0055101460726180232 -0.0017189252271242927 -0.00075087178368118848 -0.024273248012749094 0.010694182339383126 0.024452079498725288 -0.017047288131600766 -0.0023089379520925091 0.0011148206200718462 -0.01717852635327656 -0.0029907640395326718 -0.0012626644331753224 -0.0089862785728018393 0.0012510267066464899 0.010536393451541315 0.017884122687826375 0.00095892129544687015 -0.0013265748863231493 -0.0034007884792403875 0.00058858647037125257 0.0039770079962378859 -0.00089425877475352814 0.0070678741691911117
leaf_weight=9953.5845051109791 23.779860153794289 35.900620386004448 23.011182308197021 25.829273775219917 22.910468861460686 13.435502797365187 15.000982612371446 25.807295858860016 8335.9539887905121 790.76973897218704 24.814609929919243 79.216289177536964 30.425593301653862 73.921035334467888 506.40370680391788 12071.391969434917 68.813728541135788 972.00222148001194 46.809473380446434 231.77235915511847 439.13675054907799 230.91780678927898 58.386318936944008 4409.0331003591418 2347.4547621533275 708.91109920293093 2225.8324139714241 2168.111182063818 521.32285840809345 15.567677229642866
leaf_count=40634 96 145 93 104 92 54 63 107 33845 3220 107 322 124 331 2087 49054 285 4002 192 945 1781 940 238 17883 9566 2880 9041 8849 2116 63
internal_value=-4.62735e-07 0.00657142 0.0112635 0.016323 0.00884942 0.018296 -2.10026e-05 0.000608448 -0.000259258 -0.00118126 -0.00166873 -0.00160207 0.000125534 0.000282339 -0.00418629 0.000400081 -0.00304484 -0.00392879 0.00886727 -0.000318427 0.00163514 0.004451 0.0107132 -0.000439095 -0.00201488 0.000355037 0.00206672 0.0032763 0.00303276 0.0247033
internal_weight=46496.2 144.867 108.966 85.1864 59.3572 36.346 46351.4 12727.2 33624.2 9900.81 8439.98 8415.17 23723.4 22605.3 580.325 22025 1118.05 1040.82 77.2351 7781.36 1460.82 670.055 84.1936 7697.17 2579.23 5117.94 4945.84 2720 2689.43 30.5687
internal_count=189259 584 439 343 239 146 188675 51751 136924 40215 34274 34167 96709 92106 2418 89688 4603 4287 316 31619 5941 2721 345 31274 10511 20763 20132 11091 10965 126
is_linear=0
shrinkage=0.03


Tree=147
num_leaves=31
num_cat=0
split_feature=11 39 5 15 13 15 5 30 23 3 23 13 7 9 6 24 23 17 16 30 35 16 3 14 27 38 14 23 25 3
split_gain=6.8991 11.9869 9.03723 18.9968 16.1697 16.0133 13.7318 15.9873 26.1929 22.3174 20.0964 21.2682 18.9015 14.9368 14.2893 15.839 16.5529 13.0898 17.4552 15.3418 12.3861 18.7242 12.3094 12.2921 12.4748 10.4732 10.1605 9.12671 8.97213 8.76353
threshold=-0.48473193473193471 0.032058533818942865 -0.046912520133223549 -0.0065000534057617181 0.00059646715298376264 -0.0054999828338623035 -0.0076965658903417325 -0.0046815892502760524 0.0053734317118641706 14.018295877662046 -0.039430267008258212 0.056128745892911676 0.03606242780139738 -0.0014169587831431511 -0.10110978963939236 0.58406638250171039 0.10196791574982962 -0.0045703539425793437 0.068745377841747349 1.0000000180025095e-35 0.0068982255722212747 0.068745377841747349 17.530785235379593 0.39730001449584967 0.055374618172706939 0.74228086927746972 0.35010000228881838 -0.00078743321277913159 -0.4475104215690569 12.703299218621959
decision_type=2 2 2 2 2 2 2 2 2 2 2 2 2 2 2 2 2 2 2 2 2 2 2 2 2 2 2 2 2 2
left_child=1 29 3 4 27 28 7 8 13 -10 11 -9 -12 -4 23 22 -17 19 -19 -7 21 -6 -16 26 -25 -22 -8 -2 -5 -1
right_child=2 -3 6 5 20 17 14 10 9 -11 12 -13 -14 -15 15 16 -18 18 -20 -21 25 -23 -24 24 -26 -27 -28 -29 -30 -31
leaf_value=0.014114346725780826 -0.0023341748944555136 0.0056061095555262801 -0.0048096692924564149 0.0079509592211659628 -0.00094636205004389488 0.0002582079077176519 0.006049133338599506 -0.0058259679117044433 -0.019774493548298629 -0.0056729379342441598 0.00023453774262335392 0.031293521020217173 -0.003991400394381314 0.0033637775887682035 0.00068113588410319032 -0.0057816282288968047 0.0093036627361755449 0.0011365789021571698 0.021188942757276827 0.010295742596892348 0.0067103230036065263 -0.03127610434886241 -0.00075313639960413934 0.0063345831923199772 0.025127945400385921 -0.0088394933039351899 -0.011194207652321172 -0.034501520221218766 0.042955975240491467 -0.0069063938959515094
leaf_weight=18.743036091327667 13.34373041987419 102.69824323058128 375.56406491994858 12.496104925870897 1996.449029892683 211.95604552328587 105.44747227430344 776.71708786487579 128.76944948732853 468.50154273211956 9262.6831715740263 14.145167469978331 1061.749207533896 433.49611264467239 20408.805203955621 637.72076707333326 72.954130724072456 1682.7997097596526 39.99787999689579 387.76092804968357 317.64013705775142 18.48897060751915 7315.876552939415 83.001865550875664 51.518957659602165 44.436107724905014 43.418276309967041 19.596199259161949 13.942561462521551 374.40349641442299
leaf_count=78 55 423 1525 51 8187 864 438 3161 532 1905 37747 57 4388 1770 82832 2627 301 6858 161 1582 1300 81 29720 337 209 181 178 81 57 1573
internal_value=-4.573e-07 -0.00352024 3.74839e-05 0.00127534 -0.000595944 0.00319523 -0.000105358 -0.000934398 -0.00394806 -0.00871318 -0.000553102 -0.00516206 -0.000200051 -0.00043032 0.000256111 0.000189306 -0.00423305 0.00293095 0.00160213 0.00674821 -0.000306667 -0.00122467 0.000302666 0.00695933 0.0135321 0.00480196 0.00101993 -0.0214708 0.026411 -0.00590424
internal_weight=46495.1 495.845 45999.3 4758.91 2409.95 2348.95 41240.4 12521.6 1406.33 597.271 11115.3 790.862 10324.4 809.06 28718.7 28435.4 710.675 2322.51 1722.8 599.717 2377.01 2014.94 27724.7 283.387 134.521 362.076 148.866 32.9399 26.4387 393.147
internal_count=189259 2074 187185 19458 9885 9573 167727 51085 5732 2437 45353 3218 42135 3295 116642 115480 2928 9465 7019 2446 9749 8268 112552 1162 546 1481 616 136 108 1651
is_linear=0
shrinkage=0.03


Tree=148
num_leaves=31
num_cat=0
split_feature=31 23 3 20 40 35 17 3 9 12 30 43 6 32 10 7 38 16 1 10 10 13 12 36 31 44 0 36 12 8
split_gain=6.93667 8.52394 15.2238 12.4551 9.42516 16.2681 12.564 15.2086 11.9831 11.0671 9.7347 12.6202 9.00519 13.0666 9.31036 8.69238 8.52909 8.31522 20.3475 9.85411 7.73827 7.63892 9.70538 7.61373 7.57932 6.62673 6.41274 7.0092 8.70027 5.25942
threshold=-0.1048846476832669 0.11561066042934286 18.416480891833263 -0.20999999999999996 0.017554610457252443 -0.0083289946440419007 -0.0025464146793509074 12.16877308399819 0.00053146475856974136 -0.0086984685961535597 0.057182037927536185 0.28986151404918564 0.31670942536295615 0.056451548553778111 0.013843584698900697 0.015966844020901799 -0.63908296818811638 -0.019638041948824358 0.10455300079503439 -0.027362417508574221 -0.0022623589416561423 0.02772231458642949 -0.00095867572697959152 -0.04809728311942911 0.028315897618708636 0.015933073500152297 -0.056622625289260702 -0.036148507581805038 0.018130773998777053 -0.26238727973869425
decision_type=2 2 2 2 2 2 2 2 2 2 2 2 2 2 2 2 2 2 2 2 2 2 2 2 2 2 2 2 2 2
left_child=21 4 3 23 10 8 9 -8 15 -7 12 -12 14 -14 -2 -6 -10 18 -5 -19 -13 22 25 -3 -25 29 -4 -28 -29 -1
right_child=1 2 26 17 5 6 7 -9 16 -11 11 20 13 -15 -16 -17 -18 19 -20 -21 -22 -23 -24 24 -26 -27 27 28 -30 -31
leaf_value=-0.021277528358686952 0.00020626480136222184 -0.022661825317500647 -0.025905555963699551 -0.016826861535157056 0.032968000023066164 0.011969299620362518 -0.026402480825687479 -0.0059718456444882821 -0.013033013541339778 -0.0024044441012884984 0.025567696842005605 0.014427130251096982 0.011710301515062338 0.0010607925675841601 -0.00089584694184181727 0.0083765512490808023 0.0024504532663226402 -0.0041896813385536085 0.026797200617964125 0.014415218199832521 -0.018175782507333666 0.0097421780298480865 -0.0029294632492331495 -0.0038622573801838913 0.017966389168036036 -0.036438972776872275 -0.022883496850929701 0.018918847867099239 -0.013298917665374341 0.0017316768007340168
leaf_weight=23.190253123641011 35492.994696691632 14.567550793290136 16.365211188793182 28.878622621297836 16.145283818244934 58.284706264734268 34.804364949464798 567.12372130155563 38.456122636795044 278.89968527108431 30.567131325602531 12.413793027400972 142.17924507707357 383.05627321451902 8562.8560757935047 65.088448747992516 191.2884948849678 29.373313292860985 14.431643128395079 200.59526960551739 13.875440403819082 23.945030570030212 97.521735511720181 66.891242459416389 18.21403606235981 14.215937212109564 12.333776369690893 16.225488543510441 14.09850090742111 14.550728887319567
leaf_count=95 144446 60 67 118 65 235 150 2343 158 1177 123 50 575 1552 34815 263 777 120 59 814 56 98 403 273 74 59 51 66 57 60
internal_value=-4.56196e-07 2.19656e-05 0.00421644 0.0064569 -1.75198e-05 -0.00258672 -0.00455608 -0.00715317 0.00336049 8.01591e-05 5.44309e-05 0.01246 3.86095e-05 0.00394357 -7.94566e-06 0.0132641 -0.000141268 0.00976786 -0.00229066 0.0120389 -0.00278067 -0.00598913 -0.00850914 -0.00262096 0.000809459 -0.018982 -0.00994049 -0.00381565 0.00393988 -0.0124065
internal_weight=46493.4 46320 431.975 372.952 45888 1250.09 939.112 601.928 310.978 337.184 44637.9 56.8564 44581.1 525.236 44055.9 81.2337 229.745 273.279 43.3103 229.969 26.2892 173.424 149.479 99.6728 85.1053 51.9569 59.023 42.6578 30.324 37.741
internal_count=189259 188544 1759 1518 186785 5168 3905 2493 1263 1412 181617 229 181388 2127 179261 328 935 1111 177 934 106 715 617 407 347 214 241 174 123 155
is_linear=0
shrinkage=0.03


Tree=149
num_leaves=31
num_cat=0
split_feature=3 16 43 31 14 18 30 26 24 29 23 14 45 45 45 40 19 17 8 35 24 28 8 30 0 7 23 3 8 8
split_gain=6.85644 17.8309 11.1237 11.9882 11.0734 10.4013 9.21486 8.84605 19.4884 22.028 20.9982 19.0706 16.996 17.6681 13.4743 19.7416 14.7792 15.6134 14.6372 14.3801 11.9855 11.0803 11.2055 18.8008 17.0284 22.394 16.5934 15.3482 15.3084 10.9663
threshold=10.41986767671259 -0.05293237145493053 -0.60283147048020058 -0.0019546343238575395 0.1978999996185303 0.18828843256090486 -0.0092319759262920447 0.0071141562277722099 0.2797914927728023 0.010830728028332086 -0.044118286612470907 0.31789999961853033 0.014040787500521552 -0.016986411119452146 -0.00036650857440539741 -0.0046542867702245106 0.84204959487135056 -0.005969793726116098 0.033942521024741774 -0.0033596310370074905 -0.19857513491498807 1.7183090756636539 -0.094476543547198852 0.014040787500521552 -0.011913269420772119 0.031839567341740684 0.047762483680169505 19.536250485302773 0.19897682216129145 0.43996191041618721
decision_type=2 2 2 2 2 2 2 2 2 2 2 2 2 2 2 2 2 2 2 2 2 2 2 2 2 2 2 2 2 2
left_child=1 -1 6 4 -4 -6 -3 21 14 10 -10 -12 13 -11 15 19 17 -16 -17 -9 -18 22 23 27 28 -26 -25 -2 -24 -14
right_child=7 2 3 -5 5 -7 -8 8 9 12 11 -13 29 -15 16 18 20 -19 -20 -21 -22 -23 24 26 25 -27 -28 -29 -30 -31
leaf_value=-0.023152390540747168 -0.00057111046850433353 0.010225219013316808 0.034114999184800203 -0.0029928500881258569 0.0051304642564153138 -0.0037819701857829727 -0.0098276144957040717 -0.0010532866979622686 -0.023056689957860577 -0.015659068735971979 0.00095681768781219435 0.0075456696977492356 -0.011760788051976358 0.00074720530840241268 -0.0032564663798708253 -0.0051489164022961815 0.00042267011912152736 0.002162396250759722 -0.00044752713546062311 -0.010623683561132698 -0.0025102416324744195 0.005890849769906629 0.0016261021207993091 0.00033411923563109479 0.0009158673960197721 -0.0020802724660167735 0.010834509373634563 -0.0088205342086543435 0.0064922302561100679 0.0079787191579965121
leaf_weight=34.986760064959526 9920.2941447943449 23.045823216438293 10.040098592638968 707.13963238149881 373.80987037345767 172.11517126113176 196.28456598892808 213.30966126918793 25.331969991326332 60.851763620972633 740.68828508257866 847.97561396658421 171.93132795393467 2024.6522719711065 583.56971420347691 788.39638234674931 2035.7405887395144 2659.1114947348833 2442.3250097483397 418.56949026882648 3265.6074163466692 325.08866319060326 2658.6456514447927 307.63990940153599 11469.594641253352 2791.6362120360136 241.98636434972286 207.21940006315708 744.85065919160843 29.706129670143127
leaf_count=194 40371 101 41 3196 1598 780 879 865 108 250 3016 3437 704 8251 2369 3212 8259 10781 9893 1699 13302 1316 10804 1246 46237 11377 980 855 3017 121
internal_value=-4.49711e-07 -0.00198386 -0.00148426 -0.000401361 0.00289479 0.00232062 -0.00772059 6.64694e-05 -0.000491365 0.00135809 0.00404163 0.00447373 -0.000535639 0.000268496 -0.00107291 -0.00254332 -0.000408161 0.00118719 -0.00159481 -0.00739291 -0.00138399 0.000383804 0.000320637 -0.000446634 0.000784401 0.000329373 0.00495717 -0.000739902 0.00269105 -0.00885268
internal_weight=46492.1 1517.42 1482.44 1263.1 555.965 545.925 219.33 44974.7 16307.8 3901.14 1614 1588.66 2287.14 2085.5 12406.6 3862.6 8544.03 3242.68 3230.72 631.879 5301.35 28667 28341.9 10677.1 17664.7 14261.2 549.626 10127.5 3403.5 201.637
internal_count=189259 6789 6595 5615 2419 2378 980 182470 66267 15887 6561 6453 9326 8501 50380 15669 34711 13150 13105 2564 21561 116203 114887 43452 71435 57614 2226 41226 13821 825
is_linear=0
shrinkage=0.03


Tree=150
num_leaves=31
num_cat=0
split_feature=12 45 16 16 45 16 24 19 45 13 24 30 24 9 42 30 8 17 13 14 6 24 23 16 13 13 15 17 17 0
split_gain=6.73787 18.5397 24.12 23.4194 23.0525 21.0137 25.4202 20.2271 17.1078 23.4154 30.409 23.0486 33.5868 27.6537 24.6219 24.682 22.4999 20.5006 20.1752 33.6705 19.3208 19.3088 41.3464 40.2409 19.0457 16.8397 16.7855 36.1866 25.2574 16.4201
threshold=0.001103164755017949 0.00016576340297010423 0.068745377841747349 -0.023750121526123633 0.0013413028482102787 -0.025465076062487161 0.82702113488208517 0.52444553217463197 -0.00036650857440539741 0.0072927127171545708 -0.39101702886685469 -0.00092457129043087879 -0.31797276378218869 -0.0088722968594856684 1.0000000180025095e-35 -0.0078340934961835008 0.23360174667389852 0.0029586825750174918 0.0068340331953849849 0.24770000457763677 0.012875058395734442 -0.48928226957225346 -0.032301671011680431 0.005572143600663943 0.0020630263033575339 0.0022879705364731774 -0.15950002670288085 -0.0055142979163181885 0.00036165719712235765 0.059725720010503199
decision_type=2 2 2 2 2 2 2 2 2 2 2 2 2 2 2 2 2 2 2 2 2 2 2 2 2 2 2 2 2 2
left_child=8 2 5 4 -3 6 -2 -5 9 10 16 12 13 -10 15 -14 24 -16 20 -20 -12 22 -11 -24 -1 29 27 -13 -29 -6
right_child=1 3 -4 7 25 -7 -8 -9 11 21 18 26 14 -15 17 -17 -18 -19 19 -21 -22 -23 23 -25 -26 -27 -28 28 -30 -31
leaf_value=-0.025999857434618696 0.005912824361215846 -0.012242996992220445 -0.016585357776514195 0.003932186652179601 0.0049519615459256931 0.0012684908881110256 0.042378554388377537 -0.0002931826944598727 0.034265514740761768 -0.00097747018638249671 -0.0031196338274468291 -0.0056544055166441575 -0.0051880608653202733 0.0069619106583935749 0.0027695678172951852 0.041397080998081585 -0.0033647749418341763 -0.0024098774799019727 -0.052374897567607645 -0.0069368366239288591 0.0013664774939453023 -0.00016216685419628913 0.0086783178671203144 0.052738617825179544 -0.0096432881997241832 -0.0045443647490492579 -0.00060730808901639395 0.012397172224893466 0.002421000114090948 -0.024843708624357506
leaf_weight=77.34033690392971 638.88332997262478 248.72549429535866 64.968598335981369 1149.9757135361433 323.45637539029121 6634.2598491609097 17.681017234921455 8996.3547663241625 35.214214161038399 131.89225892722607 1816.4079548120499 341.05525921285152 16.660400122404099 642.8415963947773 1652.5598259419203 26.54474264383316 538.38416079431772 1178.0618735998869 15.63027001917362 240.78904591500759 1647.9053200632334 3398.4415902495384 45.705292612314224 31.522673264145851 373.40942323952913 799.16480852663517 14334.640553213656 334.62475575506687 719.53516437113285 17.549221187829971
leaf_count=318 2595 1008 272 4669 1315 26870 86 36553 143 532 7413 1385 67 2593 6704 136 2195 4779 64 995 6686 13986 192 130 1551 3242 58433 1357 2918 72
internal_value=-4.5096e-07 0.000436087 0.001613 -0.000314406 -0.00396796 0.00177516 0.00689483 0.000185717 -0.000299252 -0.00143648 -0.00282958 0.000191308 0.00237406 0.0083799 0.000957028 0.0234333 -0.00750482 0.000613961 -0.00158669 -0.00970655 -0.000985679 0.000382273 0.00923003 0.0266627 -0.0124498 -0.00216278 -0.000301567 0.00283966 0.00558776 0.00341858
internal_weight=46490.2 18891 7355.79 11535.2 1388.9 7290.82 656.564 10146.3 27599.2 8317.43 4709.87 19281.7 3551.88 678.056 2873.83 43.2051 989.134 2830.62 3720.73 256.419 3464.31 3607.56 209.12 77.228 450.75 1140.17 15729.9 1395.22 1054.16 341.006
internal_count=189259 76682 29823 46859 5637 29551 2681 41222 112577 34062 19222 78515 14422 2736 11686 203 4064 11483 15158 1059 14099 14840 854 322 1869 4629 64093 5660 4275 1387
is_linear=0
shrinkage=0.03


Tree=151
num_leaves=31
num_cat=0
split_feature=22 22 14 35 35 40 9 9 13 23 19 22 9 9 35 24 19 6 39 14 24 6 4 26 24 40 24 24 24 9
split_gain=6.71069 27.2153 25.5 24.0778 27.6644 22.8688 47.5779 22.2102 20.9207 24.1447 20.7925 25.73 30.1047 23.6023 20.0743 28.0663 24.2568 19.1167 18.3135 18.0077 17.9095 17.3117 25.6647 17.2673 16.7579 34.021 47.2068 28.1128 24.298 31.7914
threshold=1.8500000000000003 0.9833333333333335 0.50159999847412118 9.156570893712997e-05 0.0027521982244895541 -0.0029247649075804429 -0.00077846162617649861 -0.074361296511386274 0.016345347213293799 0.041083987534297241 1.0507575545079177 0.91666666666666685 -0.012977296004133432 0.018882999850977373 -0.0010266808114996382 -0.35113611606732326 1.3268686672350862 -0.007295534464970054 -0.041155441271908517 0.60989999771118175 0.73194878482958858 0.028821539463619875 0.0090180467913043589 0.038427507637324956 0.32507817114257104 0.0018955860716268309 0.58406638250171039 0.82702113488208517 0.32789051374514766 0.012027169056293112
decision_type=2 2 2 2 2 2 2 2 2 2 2 2 2 2 2 2 2 2 2 2 2 2 2 2 2 2 2 2 2 2
left_child=1 3 7 10 17 6 -4 -3 23 -10 11 13 -13 -1 16 -16 -9 20 -19 -7 -5 22 -12 -6 -2 27 -27 28 29 -26
right_child=24 2 5 4 8 19 -8 14 9 -11 21 12 -14 -15 15 -17 -18 18 -20 -21 -22 -23 -24 -25 25 26 -28 -29 -30 -31
leaf_value=0.001397823139921579 -9.9629365147013677e-05 -0.039882867604394114 0.0013736259455535802 -0.0038252549574566419 0.0027122304615833895 0.003127354877063115 0.060767146258600975 -0.0068299776198524204 -0.0064073813569110859 0.0033803111361665819 0.0051575038402791595 0.053587359088201329 0.0093727612428292379 0.0077191485335349006 0.011295937325641228 -0.0020038038786498015 0.0055786963739869969 -0.010841657790024477 -0.00022199129560522243 -0.010652763160988466 0.012151565161908493 -0.003048470587800031 -0.0025786008934101665 -0.0045197486099182935 0.055224185911293674 0.0021724017905672475 -0.007673367166722728 0.040670894421064127 0.0034721232669531997 0.0022161936457321106
leaf_weight=4372.3525485098362 13386.982061140239 14.420975834131239 35.483122766017914 3008.2853263616562 3767.5806057006121 739.26591147482395 18.450456231832504 1372.4665627628565 608.42969377338886 361.6673745661974 843.51025032252073 14.700817510485647 242.1522666066885 605.17242521047592 148.00369594991207 4065.1460928320885 158.1177529618144 150.37668871879578 5197.1664362549782 96.48790468275547 64.499734103679657 1325.4774012863636 711.5052474886179 322.5749666839838 18.954172074794769 1335.3658836185932 652.39747265726328 18.740412533283234 2809.5564382299781 22.004333227872849
leaf_count=17751 54426 79 144 12291 15256 2996 74 5615 2493 1485 3439 59 979 2451 600 16639 653 616 21076 392 265 5383 2894 1318 76 5462 2709 92 11457 89
internal_value=-4.37681e-07 -0.000290132 -0.00196859 0.000226557 -0.000550647 0.00275828 0.0216919 -0.00269894 0.00120245 -0.00275838 0.00151766 0.00264417 0.0119034 0.00216638 -0.00260558 -0.0015366 -0.00554809 -0.00160418 -0.000520624 0.00153644 -0.00348989 -0.000529409 0.00161781 0.00214187 0.000448034 0.00195751 -0.00105905 0.00404733 0.00380655 0.0267464
internal_weight=46487.3 28243.3 6647.84 21595.5 13480.6 889.687 53.9336 5758.16 5060.25 970.097 8114.87 5234.38 256.853 4977.52 5743.73 4213.15 1530.58 8420.33 5347.54 835.754 3072.79 2880.49 1555.02 4090.16 18244 4857.02 1987.76 2869.26 2850.51 40.9585
internal_count=189259 114948 27192 87756 54800 3606 218 23586 20552 3978 32956 21240 1038 20202 23507 17239 6268 34248 21692 3388 12556 11716 6333 16574 74311 19885 8171 11714 11622 165
is_linear=0
shrinkage=0.03


Tree=152
num_leaves=31
num_cat=0
split_feature=31 5 16 20 31 1 1 10 3 10 7 28 10 2 9 17 34 7 20 40 28 42 6 1 23 10 36 24 36 42
split_gain=6.63032 8.66809 13.4141 15.1428 15.8897 13.4353 13.3438 12.773 17.7657 11.4777 12.3445 10.5982 10.4816 12.5761 12.1691 12.1115 12.9143 11.6126 16.84 14.6054 10.7929 12.5446 10.8364 10.32 9.89732 9.81886 8.87295 18.5567 16.3571 6.78862
threshold=-0.1048846476832669 -0.070281864518649748 0.0049750549214838055 -0.12999999999999998 0.0086207304693809977 0.071207412972603093 0.04676278079343333 -0.02875730234934535 18.453862308689256 -0.041257658991337674 0.031670545960225317 -0.2910766191398188 -0.032116153407432992 0.017211155477496656 0.03091427883141119 0.025455343372453632 0.0061189555022726633 0.040284150674756998 -0.22999999999999995 0.057182037927536185 0.15736807857909343 0.086793419321755008 0.13832365822296436 0.047513828514543353 0.030808331781328437 0.00469806130334795 -0.0055710846242654375 0.39280402034289885 -0.0086160299166031275 0.041969116229213961
decision_type=2 2 2 2 2 2 2 2 2 2 2 2 2 2 2 2 2 2 2 2 2 2 2 2 2 2 2 2 2 2
left_child=-1 2 5 4 24 9 -6 23 -9 10 -2 -11 13 20 17 16 -16 19 -19 -14 22 -22 -3 -5 -4 -17 28 -28 -7 -15
right_child=1 12 3 7 6 26 -8 8 -10 11 -12 -13 14 29 15 25 -18 18 -20 -21 21 -23 -24 -25 -26 -27 27 -29 -30 -31
leaf_value=-0.0058581131775748956 -0.025152756289155365 -0.0014849880149241323 -0.010128358541619297 0.028462407821491387 0.0081821779296857525 0.0070432987991650379 -0.026579476895282356 0.0025272093113919989 -0.018751792119843482 -0.0032878431692597767 0.00061316412612895193 0.0049788599377345267 0.00011151437207030584 -0.0080529748019472474 0.00627760975748124 -0.01947727154381371 -0.00070759062048145877 0.00080541810569012637 -0.0036915429657429508 -0.01304374013247964 -0.0034936007759146233 -0.016665557791545896 0.0065211869619319759 0.0068759778137130172 0.0004777544586951069 0.0039684298039569131 0.0030320876477079868 0.024523978690060164 -0.02511057256793706 -0.035923761798493097
leaf_weight=173.26251077651978 28.301077008247375 830.86802794039249 110.90944083034992 24.527450725436211 12.613156020641325 233.82566206157207 46.868969023227692 270.75438340008259 40.608197584748268 187.65299931168556 40.948542639613152 544.79115553945303 38184.999962616712 16.805437996983532 695.00621357560158 37.405859753489494 362.42826488614082 1280.2168477997184 1807.7318721450865 76.106362849473953 632.67700715363026 72.532929793000221 186.26071971654892 106.39634005725384 276.84327364340425 28.192132785916328 68.252208054065704 76.890096962451935 15.162395387887953 14.785660102963446
leaf_count=715 117 3441 469 100 53 958 213 1098 166 767 169 2215 155141 69 2816 154 1471 5235 7470 320 2635 302 764 437 1133 115 279 314 62 61
internal_value=-4.37975e-07 2.14771e-05 0.0019116 -0.000878171 -0.00477069 0.00398678 -0.0192083 0.0030579 -0.000248018 0.00175718 -0.00991691 0.00286092 -6.76458e-05 -0.00234035 2.62077e-05 0.00310752 0.00388348 -5.748e-05 -0.00182717 8.53468e-05 -0.0019963 -0.00484838 -1.8865e-05 0.01092 -0.00255593 -0.00940098 0.00852197 0.0144176 0.00508525 -0.0210974
internal_weight=46484.6 46311.4 2085.35 889.521 447.235 1195.82 59.4821 442.286 311.363 801.694 69.2496 732.444 44226 1753.93 42472.1 1123.03 1057.43 41349.1 3087.95 38261.1 1722.34 705.21 1017.13 130.924 387.753 65.598 394.13 145.142 248.988 31.5911
internal_count=189259 188544 8550 3669 1868 4881 266 1801 1264 3268 286 2982 179994 7272 172722 4556 4287 168166 12705 155461 7142 2937 4205 537 1602 269 1613 593 1020 130
is_linear=0
shrinkage=0.03


Tree=153
num_leaves=31
num_cat=0
split_feature=4 33 31 14 29 29 18 16 0 36 15 27 0 44 14 1 19 4 13 28 15 27 42 40 12 45 16 0 45 24
split_gain=6.64821 9.25364 12.5578 11.8875 10.6851 11.2752 10.5338 10.0728 9.21447 13.4817 13.0489 10.1941 9.85953 13.9019 9.58036 9.41143 10.7243 10.3506 12.2867 8.14905 16.397 11.536 10.3894 10.4747 8.41072 13.5758 38.4005 17.9469 20.0061 16.9986
threshold=0.32350331944917438 0.38357310275908857 0.035617621243748968 0.76720001220703138 0.027590650402889664 0.030149968299265605 0.44223499372966263 0.044606058317460333 -0.030162248524382814 0.024929421435653635 0.0065000057220458993 0.024537037553311606 0.0013002181549615522 -0.029415496541431715 0.22469999313354497 0.065926916332455829 1.0964302395420067 0.72287153570739282 0.0057278675627827321 -1.7068374921875538 -0.034999990463256823 0.026225499004597096 0.014862521561006399 -6.6033479423637558e-05 -0.005997017480660804 -0.0035191973999813861 -0.047077618025553845 -0.050398086774886573 -0.0014022652661482584 0.49055713373694071
decision_type=2 2 2 2 2 2 2 2 2 2 2 2 2 2 2 2 2 2 2 2 2 2 2 2 2 2 2 2 2 2
left_child=19 2 3 4 7 -6 -5 -2 15 12 11 -11 13 -10 -14 17 -17 -3 -19 20 21 -1 -22 -24 25 26 -21 -27 -29 -28
right_child=1 8 -4 6 5 -7 -8 -9 9 10 -12 -13 14 -15 -16 16 -18 18 -20 24 22 -23 23 -25 -26 27 29 28 -30 -31
leaf_value=-0.030921852375446417 -0.00090358166939064294 -0.019347630989709916 -0.0067430984865356133 0.011083889628945099 -0.017751520575055434 -0.003647336895088072 -0.014810038677835669 0.0059654424151873884 -0.018758035795172129 0.037610560188039759 -0.00082899882051050129 0.012617637585987836 -0.0094713698938923337 0.0057713765947214161 0.00043088737727118063 -0.0064470595177509252 0.014520562345130753 -0.016499934644489705 0.02241702636751915 -0.048624198325741198 -0.018270623440997436 0.0071405562799552041 0.01813593557348914 -0.0092643765966352529 7.8113396263697083e-05 0.021966252600594555 0.0005966442013641747 0.0105188700065549 0.0015728038740463856 -0.015013075850253542
leaf_weight=33.01546299085021 7851.6806319802999 59.756183326244354 336.61780048906803 118.7777544260025 59.601104915142059 353.96532046794891 16.049980312585831 196.95244097709656 21.758414834737778 18.991755068302155 52.177862718701363 64.811473533511162 95.85821458697319 469.22508443892002 1063.7029787451029 58.398256883025169 35.178943693637848 15.003645569086077 14.222407281398771 15.079406350851057 18.803924463689327 9.1533757150173169 32.881399363279343 20.314230725169182 32253.168370172381 44.23883168399334 977.41332122683525 256.06865854561329 1853.0217029303312 67.096608430147171
leaf_count=326 31956 246 1398 487 246 1475 65 800 89 77 212 264 389 1909 4325 244 146 63 59 64 86 39 149 85 131054 181 3948 1053 7505 319
internal_value=-4.38365e-07 -0.000648571 -0.0010589 -0.00083633 -0.000977142 -0.00567996 0.00800146 -0.000735495 0.00121305 0.00186908 0.0109486 0.0182816 0.00112106 0.00468433 -0.000387709 -0.00520682 0.0014354 -0.012192 0.0024384 0.000198166 -0.00780393 -0.0226598 0.000896906 0.00767236 0.000223926 0.00168768 -0.00109229 0.00305562 0.00265896 -0.000406084
internal_weight=46483 10902.7 8933.65 8597.03 8462.2 413.566 134.828 8048.63 1969.09 1786.53 135.981 83.8032 1650.54 490.983 1159.56 182.559 93.5772 88.9822 29.2261 35580.3 114.168 42.1688 71.9996 53.1956 35466.1 3212.92 1059.59 2153.33 2109.09 1044.51
internal_count=189259 44450 36427 35029 34477 1721 552 32756 8023 7265 553 341 6712 1998 4714 758 390 368 122 144809 685 365 320 234 144124 13070 4331 8739 8558 4267
is_linear=0
shrinkage=0.03


Tree=154
num_leaves=31
num_cat=0
split_feature=6 32 2 26 39 3 3 38 26 37 28 25 26 11 2 9 22 24 17 12 4 3 17 8 24 24 45 26 37 38
split_gain=6.56455 13.1574 14.5223 13.7064 9.90503 9.34974 9.30394 8.98451 8.22945 8.06878 12.8192 8.86922 7.74421 7.40763 17.1762 19.921 24.8771 20.7312 27.7563 17.2289 16.3403 16.3393 14.2307 13.7385 13.4668 17.8303 15.7649 12.905 12.8806 12.4947
threshold=0.31670942536295615 0.047101745743735615 0.087835197730000855 0.0034681961145711913 0.029256059344457724 18.416480891833263 12.323637873516228 0.10177321932438145 0.043066556261064093 0.088986934328551967 0.54671383370256887 -0.70063907884100274 0.049654738198697819 0.25769412878787884 0.0095736907841298402 0.018593995894772761 0.28333333333333338 -0.30016866402644815 0.0012825784211732251 -0.0032286348666550977 1.0177433727153053 18.248350570631604 0.021082077866125308 -0.02256631097260715 -0.38175725231969598 -0.48928226957225346 -0.009819348684619365 0.044495713131395338 0.022705485725444414 0.091792659940725954
decision_type=2 2 2 2 2 2 2 2 2 2 2 2 2 2 2 2 2 2 2 2 2 2 2 2 2 2 2 2 2 2
left_child=13 3 6 -2 7 12 -3 8 -5 11 -11 -8 -4 14 15 17 22 18 -1 -18 24 27 -17 -19 25 -15 -27 -16 -23 -29
right_child=1 2 5 4 -6 -7 9 -9 -10 10 -12 -13 -14 20 21 16 19 23 -20 -21 -22 28 -24 -25 -26 26 -28 29 -30 -31
leaf_value=-0.00014721853253134447 -0.011533726538022086 -0.019706140902598406 0.013236239381567663 0.036129822444753094 0.0050820223146867804 -0.0068868651459058801 0.010092563293299479 0.046206292990061473 0.0067614524698521505 0.0094040901159264424 -0.019190085874182337 -0.0056376127894039235 0.040597562790984656 0.0013342683947004774 0.0030009674768171901 0.0058934872632505171 0.0038130687730407202 -0.00094913361274434561 0.004118056412147738 -0.0061058536239963386 -0.004179849909438915 -0.010881772008782346 -0.016342462213497028 0.0005227239033754336 7.0549924838905794e-05 0.015990109932059477 -0.0071970983313808896 -0.012537037050086894 -0.00036992876521844454 0.0049482960352211173
leaf_weight=3078.0605931207538 16.833439961075783 22.35847557336092 27.354412451386452 14.182407915592192 31.920053482055664 12.682045415043829 38.446102365851402 14.670748904347418 21.766566962003708 120.1159779727459 15.988994956016539 200.48234276473522 14.113289266824721 446.66059929132462 3699.8419199585915 317.71770961582661 179.96097299456596 12663.625812556595 2479.0189343616366 1268.7147651463747 1103.946147441864 131.50192154943943 28.202877998352051 10390.663488339633 8753.5609941184521 27.443748623132706 687.16556961834431 95.768540546298027 518.82468017935753 59.714689016342163
leaf_count=12530 68 95 110 57 129 51 156 59 88 486 65 811 57 1810 14925 1296 736 51866 10096 5193 4526 533 116 42217 35541 111 2791 389 2109 242
internal_value=-4.43971e-07 0.00325487 0.00107991 0.0131376 0.0181692 0.0156546 -0.000906083 0.0264218 0.0183477 0.000214725 0.00604498 -0.00310646 0.0225485 -3.949e-05 0.000174549 -8.16042e-05 -0.00314768 0.00011071 0.00175553 -0.00487368 -0.000717645 0.00190317 0.00408059 -0.000285761 -0.000332153 -0.0033677 -0.00630662 0.00264516 -0.00249552 -0.00582164
internal_weight=46481.3 550.915 451.542 99.3732 82.5398 54.1497 397.392 50.6197 35.949 375.033 136.105 238.928 41.4677 45930.4 34911.6 30406 1794.6 28611.4 5557.08 1448.68 11018.8 4505.65 345.921 23054.3 9914.83 1161.27 714.609 3855.33 650.327 155.483
internal_count=189259 2232 1831 401 333 218 1613 204 145 1518 551 967 167 187027 142248 124050 7341 116709 22626 5929 44779 18198 1412 94083 40253 4712 2902 15556 2642 631
is_linear=0
shrinkage=0.03


Tree=155
num_leaves=31
num_cat=0
split_feature=43 23 33 14 14 45 31 45 12 12 15 24 4 13 12 13 39 19 20 16 5 19 14 14 14 9 9 25 3 0
split_gain=6.55231 12.965 22.7901 14.8132 15.8051 14.0128 19.6914 18.1752 10.9401 10.7446 10.4688 23.1591 20.5538 17.748 31.8938 22.941 14.6133 13.6043 16.5856 15.5634 13.4357 12.5598 16.8168 12.7505 11.8238 17.3083 19.2081 16.7399 15.2205 14.103
threshold=0.54709639342826588 0.0045635057547467927 1.7177650426332793 0.34409999847412115 0.1978999996185303 -0.0044975906417759311 0.0036565688613773603 -0.00021573987340376357 0.0074535750744168959 0.0059111873666295766 -1.0000000180025095e-35 0.064850525286712687 -1.0726415920822336 0.0084370610209572074 -0.011998888491094881 0.0075274082882425342 -0.025513401706518512 1.3425263876170008 -0.062499999999999993 0.0083370054218436154 0.15282722556106912 0.90031904212085123 0.53370000839233411 1.1414000320434572 0.40750000000000003 0.025125127327219453 -0.010193566210162422 -0.037694421657938036 16.902244858139724 -0.010443915676865362
decision_type=2 2 2 2 2 2 2 2 2 2 2 2 2 2 2 2 2 2 2 2 2 2 2 2 2 2 2 2 2 2
left_child=10 2 -2 4 -3 6 -6 -7 9 -5 12 13 -1 14 -12 -16 20 19 -19 -15 -14 22 -18 -23 25 26 -13 -26 -27 -29
right_child=1 3 -4 8 5 7 -8 -9 -10 -11 11 24 16 17 15 -17 21 18 -20 -21 -22 23 -24 -25 27 28 -28 29 -30 -31
leaf_value=-0.0059288535978468983 -2.4495725034968127e-07 0.0087943828171492336 0.017585131610857483 -0.00064223102185567325 -0.0060685995601693745 0.0028484867465403607 -0.025769632934667094 -0.0056960808211825673 0.0056197858989752037 -0.014522918039436899 -0.016853999943888146 0.005151816046810153 -0.0030396769579370312 -0.0056385348465780895 -2.5527590104539138e-05 0.0051512170207256144 0.00054078193753258038 -0.0038887759314595633 0.01274998905523316 0.0010504202731589374 0.024430535547684644 -0.00067460102277277167 0.0053613721270989742 0.014585907126358964 -0.0006487144688472387 0.015030500156385721 0.0011365695152397665 -0.003854359212613262 0.0009696997876322323 0.013249151825796578
leaf_weight=571.02065634727478 3392.4377389326692 78.784471973776817 67.648899495601654 988.09233028441668 149.78975204750896 287.23376116156578 65.682602982968092 1018.5000218302011 251.93699978291988 52.875072553753853 96.548689395189285 1466.6810804307461 1730.5244454182684 1198.0224489420652 7824.8132769614458 854.58725039660931 7671.6067659594119 111.95341345667839 104.00980214774609 423.80906437337399 16.174019277095795 10565.300185769796 711.7328275591135 49.506325244903564 2239.6949309706688 182.34922078251839 3987.365144200623 61.432460442185402 111.74797637760639 147.73105984926224
leaf_count=2471 13803 318 279 4023 615 1172 271 4177 1026 216 391 5984 7102 4865 31797 3450 31174 455 422 1717 66 43040 2875 200 9065 735 16253 249 452 596
internal_value=-4.40094e-07 -0.000895629 0.000343571 -0.00237779 -0.00430755 -0.00498611 -0.0120741 -0.00381646 1.03241e-05 -0.00134729 0.000141289 0.000657113 -0.000313913 -0.000267951 0.000293437 0.000484183 -0.000159357 -0.00294873 0.0041246 -0.00389061 -0.00278531 8.20745e-05 0.000950043 -0.000603428 0.00185492 0.0025986 0.00221633 0.000109278 0.00968782 0.00822576
internal_weight=46479.6 6352.98 3460.09 2892.9 1599.99 1521.21 215.472 1305.73 1292.9 1040.97 40126.6 18810.7 21315.9 10613.7 8775.95 8679.4 20744.8 1837.79 215.963 1621.83 1746.7 18998.1 8383.34 10614.8 8197 5748.14 5454.05 2448.86 294.097 209.164
internal_count=189259 25900 14082 11818 6553 6235 886 5349 5265 4239 163359 76431 86928 43097 35638 35247 84457 7459 877 6582 7168 77289 34049 43240 33334 23424 22237 9910 1187 845
is_linear=0
shrinkage=0.03


Tree=156
num_leaves=31
num_cat=0
split_feature=32 32 7 9 23 45 17 43 11 8 15 1 35 28 45 3 38 39 24 24 40 40 24 24 24 37 0 12 0 30
split_gain=6.47246 10.3919 14.198 15.6256 15.2714 14.5602 14.2038 11.0884 9.82501 9.38062 13.674 11.4463 12.5068 11.3727 10.4632 10.2001 9.21 18.5274 13.7814 13.1406 26.0683 24.6013 21.8839 17.6183 21.6623 19.4891 11.2247 10.465 10.0657 9.67291
threshold=0.0084117094127229893 0.015321462990767367 0.014852896887847852 -0.0039828757604985819 0.017603120589840187 -0.010671721459562494 -0.00016212907083971287 -0.38391276153146764 0.28526220614828213 0.20229665444884073 0.17049999237060551 0.012195542867105268 0.010625625057031371 1.7183090756636539 -0.011140200081463549 17.239031569362229 -0.4039516250569814 -0.022085403144624437 -0.48928226957225346 0.47671923407684708 0.0024338037179355621 -0.039057171230984455 0.58406638250171039 0.45352631576139846 0.44710598120195244 0.071141496359350478 -0.010204152737735351 0.028256386443936844 -0.050398086774886573 -0.0032352926264064795
decision_type=2 2 2 2 2 2 2 2 2 2 2 2 2 2 2 2 2 2 2 2 2 2 2 2 2 2 2 2 2 2
left_child=9 2 3 5 8 -2 -7 -6 -5 10 11 12 -1 14 -13 -12 17 27 26 23 21 -21 -22 24 -18 -25 -19 28 -3 -20
right_child=1 16 -4 4 7 6 -8 -9 -10 -11 15 13 -14 -15 -16 -17 19 18 29 20 22 -23 -24 25 -26 -27 -28 -29 -30 -31
leaf_value=0.010565007711474268 -0.026577034003970632 0.0085846553529131692 -0.0032800096822036468 0.005268363898047931 -0.014241807937691576 0.0033344130488021052 -0.0067968389365897879 -0.00047709512846006162 -0.0034838358546943316 0.008167029583679113 -0.016914765942754383 0.01587828003952875 -0.018963365423654045 0.0039481021606224071 -0.0074310400949740597 0.0095925547988417112 0.00014335759547247115 0.016228993680747806 -0.0029765512830071191 -0.029716761654471662 0.0025878911679243126 0.0043444130192847796 -0.0048992457443177281 -0.0033431152047945622 0.012182907582856728 -0.022164115896167028 0.0028148197096275764 0.018472670259414528 -0.0052575769029696452 2.3756989721455622e-06
leaf_weight=178.96554306149483 24.231107473373413 49.397882983088493 2014.6031147576869 827.94650467485189 69.962253212928772 206.1220480799675 314.6788212954998 213.12614377588034 134.13799031078815 203.10284227877855 59.775405652821064 19.022097945213318 13.913144577294586 263.57107682526112 195.07303693890572 16.719513356685638 29201.030592702329 72.333202540874481 1191.9626653045416 19.252388782799244 698.3282456099987 2189.1703305542469 707.11587956547737 489.51561506092548 135.12384560704231 55.088817700743675 250.81406912207603 17.867390841245651 1102.6204860173166 5543.5349166467786
leaf_count=770 98 204 8201 3363 284 835 1272 864 542 842 259 77 98 1066 791 70 118639 294 4863 113 2863 8964 2922 1990 550 245 1023 73 4521 22563
internal_value=-4.39897e-07 -5.1583e-05 -0.00155248 0.000391588 0.0022459 -0.00384476 -0.0027871 -0.0038789 0.00404809 0.00245018 0.000895904 0.00226678 0.008435 -0.000223905 -0.00536003 -0.0111211 8.52866e-05 -0.000813981 -0.000234447 0.000306207 0.00201485 0.00404748 -0.00117908 9.95587e-05 0.000198812 -0.00524693 0.00581744 -0.00431067 -0.00466403 -0.000524797
internal_weight=46478.1 45528 3804.81 1790.2 1245.17 545.032 520.801 283.088 962.084 950.143 747.04 670.545 192.879 477.666 214.095 76.4949 41723.2 8228.53 7058.64 33494.6 3613.87 2208.42 1405.44 29880.8 29336.2 544.604 323.147 1169.89 1152.02 6735.5
internal_count=189259 185286 15459 7258 5053 2205 2107 1148 3905 3973 3131 2802 868 1934 868 329 169827 33541 28743 136286 14862 9077 5785 121424 119189 2235 1317 4798 4725 27426
is_linear=0
shrinkage=0.03


Tree=157
num_leaves=31
num_cat=0
split_feature=5 35 35 16 15 22 19 17 15 15 14 22 16 41 31 12 16 16 11 14 40 8 9 14 35 16 28 40 23 19
split_gain=6.46508 15.9631 25.0949 15.4842 15.3127 18.75 16.5515 13.7905 13.9819 12.6614 15.9301 15.0077 13.7022 17.0943 12.6031 12.5709 14.432 14.1975 12.1812 11.4928 11.3953 10.8189 22.22 27.7197 28.513 23.3822 26.5266 22.1278 21.5509 13.8467
threshold=-0.046912520133223549 0.0037503374632928839 0.0036573767287535852 0.014480127108987351 -0.11350002288818357 1.5166666666666668 1.1214988387236087 -0.007206477569693317 0.18199996948242189 0.086999940872192399 0.26389999389648444 1.0000000180025095e-35 -0.0047235036839139216 -0.025145295230526683 -0.039816382120591194 -0.00012636959433654321 0.0071383579366124062 -0.0093599357213338657 -0.36984754376058721 0.25039999961853032 -0.024468026908215465 0.031130991200790065 0.0007157577570456817 0.26469999313354498 0.0047736973658133721 -0.01166572862844662 -0.60249078189855154 0.0087907803282750007 -0.0099277004451810962 1.0538961013276713
decision_type=2 2 2 2 2 2 2 2 2 2 2 2 2 2 2 2 2 2 2 2 2 2 2 2 2 2 2 2 2 2
left_child=1 2 9 4 5 6 -3 -5 -9 12 -11 -12 13 -1 15 16 -2 -17 -7 -14 -6 22 23 27 -25 26 -24 -16 -27 -23
right_child=14 3 -4 7 20 18 -8 8 -10 10 11 -13 19 -15 21 17 -18 -19 -20 -21 -22 29 25 24 -26 28 -28 -29 -30 -31
leaf_value=0.0085182227365047693 -0.0027363637690595473 -0.0015903520092862215 -0.033076070595737778 0.025565319257392832 0.038349625928384069 0.0090666565427903762 0.024939515653691229 -0.0014591111622295286 -0.025582780553795547 -0.026873754970624719 0.031404223756974742 0.0034334312023745141 -0.009769476048799677 -0.00022900299034207599 -0.0066410133855428141 -0.0072066348951057464 -0.013484895166164971 0.0013669964068249564 -0.015140687651683459 -0.0013848599841064469 0.0081335389410331967 0.00090669195174167467 0.0080005552811499448 -0.0016202588959122878 0.003546477802848082 0.0035493660595521483 -0.0038280236777483165 0.0025808341329177772 -1.8053493122280038e-05 -0.00067098188589523962
leaf_weight=281.273068793118 289.96499199420214 51.794289290904999 20.367698155343533 15.240687534213064 11.449497371912001 24.339841946959496 35.788955360651016 217.3781630396843 24.011874094605446 15.304926753044127 17.622202843427658 849.92371740937233 160.01929979026318 705.18287671357393 1397.6090461798012 235.11744630336761 183.62234233319759 666.8621608838439 80.861373975872993 1826.6864234730601 593.8806474134326 15599.454695243388 191.6438644528389 6246.9170052930713 1136.1135049909353 2511.7498302608728 1556.2586807310581 281.31311831623316 3875.7186484932899 7373.2027499303222
leaf_count=1150 1184 210 91 62 46 100 145 892 98 63 71 3451 663 2885 5787 959 750 2729 332 7514 2423 63218 780 25629 4611 10191 6325 1196 15731 29973
internal_value=-4.41023e-07 0.00102658 0.000136217 0.00429883 0.00636 -0.00100334 0.00925049 -0.00211135 -0.00385877 0.000311647 0.00346634 0.00400159 -0.00062511 0.00226514 -0.00012234 -0.00294597 -0.00690385 -0.000867877 -0.00953996 -0.0020602 0.00870506 -2.56488e-05 -0.000594681 -0.00161642 -0.000825193 0.000543431 -0.00253111 -0.00509584 0.00138477 0.000400329
internal_weight=46476.7 4931.13 3876.38 1054.75 798.115 192.784 87.5832 256.631 241.39 3856.01 882.851 867.546 2973.16 986.456 41545.5 1375.57 473.587 901.98 105.201 1986.71 605.33 40170 17197.3 9061.95 7383.03 8135.37 1747.9 1678.92 6387.47 22972.7
internal_count=189259 20196 15888 4308 3256 787 355 1052 990 15797 3585 3522 12212 4035 169063 5622 1934 3688 432 8177 2469 163441 70250 37223 30240 33027 7105 6983 25922 93191
is_linear=0
shrinkage=0.03


Tree=158
num_leaves=31
num_cat=0
split_feature=22 22 13 41 14 9 15 9 13 15 14 23 12 28 35 15 9 45 24 40 45 39 29 12 14 39 14 17 1 15
split_gain=6.41979 25.282 21.3439 20.0683 18.2044 16.7027 16.9789 15.805 20.5184 22.5783 19.8302 23.0018 37.9647 21.7292 20.5843 20.0744 18.5173 48.354 22.6016 32.2189 32.1964 24.7822 21.5601 18.0508 16.7393 16.1565 15.4289 15.092 14.4146 14.0177
threshold=1.8500000000000003 1.6833333333333336 0.055227341190697145 -0.052764820902478325 0.21930000305175781 -0.074361296511386274 -0.0089999198913574205 1.0000000180025095e-35 0.016090136643181523 -0.072500038146972645 0.30569999694824224 -0.027853470543653346 -0.0074894625125593141 -9.9411349836180687 0.0005022653674202894 -0.041499996185302722 0.0010128242041976827 -0.0046542867702245106 0.32256085063474216 0.0095208493907367447 -0.0074894625125593141 -0.0070717948779472246 0.011400797255692787 0.00066309459019881401 0.65329998016357427 0.0046980028776183467 0.24529999732971194 -0.010220155721914178 0.025937449894559834 0.018499994277954106
decision_type=2 2 2 2 2 2 2 2 2 2 2 2 2 2 2 2 2 2 2 2 2 2 2 2 2 2 2 2 2 2
left_child=1 4 3 -3 -1 -5 -7 8 10 28 13 12 -12 23 -13 -15 17 -9 20 -20 21 -18 27 -2 -22 -21 -11 -19 -10 -6
right_child=7 2 -4 5 29 6 -8 16 9 26 11 14 -14 15 -16 -17 18 22 19 25 24 -23 -24 -25 -26 -27 -28 -29 -30 -31
leaf_value=-0.014524587659699965 0.006510616081148524 0.011947940483876218 -0.036881690700798268 -0.038921959662197525 -0.00059345293374808879 -0.00078492682698971935 -0.0087439800891913212 0.057773834690248008 0.042129131493958291 0.019448437743660292 -0.034595622603107147 0.0031207276343475352 -0.0030509191999326967 -0.007093523583208838 -0.00082805767895915126 -0.001564176445199251 0.015905646616501356 -0.0035684434264810672 0.0050122930774684025 -0.011804622379456826 -0.00044285870926126709 0.0025874847674554387 -0.0052520504958089393 0.045257497647246653 -0.017101883582425932 0.0050199461332781402 -0.00034894349684091227 0.0099026097122858741 0.0096209374013870672 0.00081583683351571707
leaf_weight=78.584891974925995 56.678028985857964 64.494972545653582 18.370139673352242 13.142170399427412 16926.671224057674 469.76509061083198 495.8535503000021 15.865397483110426 24.840752631425858 44.224582195281982 36.169301673769951 2351.6582111343741 678.04036422818899 795.9549861997366 2401.2473052889109 2294.1442172080278 183.87496010959148 90.084751456975937 1829.898004040122 167.4840322136879 5935.173220589757 397.759251922369 149.98646207153797 13.374418407678602 54.786274984478951 74.094692215323448 178.14322386682034 442.57004380226135 24.270049005746841 10167.884061709046
leaf_count=321 247 283 132 76 68853 1947 2057 64 100 198 195 9619 2781 3272 9841 9366 742 365 7409 685 24020 1604 607 62 224 301 726 1785 98 41279
internal_value=-4.43698e-07 -0.000283841 -0.00482554 -0.00426109 -0.000106401 -0.00532917 -0.00487197 0.000438236 -0.000466554 0.00765422 -0.000722095 0.000371415 -0.00464842 -0.00261388 0.00112574 -0.00298844 0.00130013 0.00599852 0.000920426 0.00365288 5.91112e-05 0.00679782 0.0047952 0.0139082 -0.000595228 -0.00664435 0.00358837 0.00762433 0.0260639 -6.4583e-05
internal_weight=46475.1 28234.8 1061.63 1043.26 27173.1 978.761 965.619 18240.3 8898.75 271.479 8627.27 5467.12 714.21 3160.15 4752.91 3090.1 9341.58 698.507 8643.07 2071.48 6571.59 581.634 682.641 70.0524 5989.96 241.579 222.368 532.655 49.1108 27094.6
internal_count=189259 114948 4495 4363 110453 4080 4004 74311 36505 1122 35383 22436 2976 12947 19460 12638 37806 2821 34985 8395 26590 2346 2757 309 24244 986 924 2150 198 110132
is_linear=0
shrinkage=0.03


Tree=159
num_leaves=31
num_cat=0
split_feature=11 39 15 2 15 9 12 0 34 9 23 43 30 5 35 35 20 25 16 15 35 33 5 30 23 3 23 41 7 9
split_gain=6.46216 11.1735 8.34475 10.024 12.0739 16.8411 11.625 8.66946 10.7201 10.3139 9.50684 13.1185 9.11211 8.23024 16.5063 25.2455 18.2431 14.9693 14.8938 12.9105 15.6252 15.4039 11.9775 14.8604 24.035 20.9568 18.8876 20.5832 17.2072 13.6372
threshold=-0.48473193473193471 0.032058533818942865 -0.049500083923339842 -0.027059573769757362 -0.090500020980834942 0.0075527195546452033 -0.00054459650142423986 -0.076917278785436666 0.020238018716732208 0.0160888517234942 -0.0073191008443455044 -0.17577699756854945 -0.0012245311612419662 -0.046912520133223549 0.0037503374632928839 0.0036573767287535852 0.41000000000000009 -0.75908336960224265 0.014480127108987351 -0.0065000534057617181 -0.00016666488625341602 0.46132467097065538 -0.0076965658903417325 -0.0046815892502760524 0.0053734317118641706 14.018295877662046 -0.039430267008258212 -0.045741181143506122 0.03606242780139738 -0.0014169587831431511
decision_type=2 2 2 2 2 2 2 2 2 2 2 2 2 2 2 2 2 2 2 2 2 2 2 2 2 2 2 2 2 2
left_child=1 2 3 4 6 -6 -1 10 9 -9 -4 -12 -10 14 15 19 17 -16 -19 20 -2 -21 23 24 29 -26 27 -25 -28 -15
right_child=13 -3 7 -5 5 -7 -8 8 12 -11 11 -13 -14 22 16 -17 -18 18 -20 21 -22 -23 -24 26 25 -27 28 -29 -30 -31
leaf_value=0.019589115560712397 0.0019345392117217134 0.0053974821072218307 -0.015363508751905277 -0.014269936681805758 0.0045072127797269757 0.04837393607798654 -0.010165496876501911 -0.013083570211920243 0.022514540843971732 -0.036392409999628145 -0.013389810393468106 0.019168871804521322 -0.0074387314979282061 -0.0046002811820289981 0.014827961470313634 -0.033555069830369461 -0.011438764472302566 0.0064065409788160166 -0.002931312979444631 0.0032362815252438299 -0.0037036831409392435 -0.0048585662190471571 0.00023755088541240737 0.0094415586037104992 -0.01909618863743601 -0.0054073316770751525 0.00024980378856154098 -0.006604090729266327 -0.0037852676385929031 0.0032122639187628812
leaf_weight=15.810642287135122 763.0222467109561 102.74704128503799 24.165644228458405 31.210522636771202 23.353548362851143 11.885327965021132 46.791408911347389 120.7186044305563 12.060170710086821 19.902190953493118 17.234105810523033 31.484860986471176 37.757378071546555 375.13504888117313 135.99945175647736 19.724510751664639 60.040000393986702 617.99048993736506 204.63120351731777 1657.8293126523495 1052.6544103994966 242.52174217998981 28709.749238394201 80.066669821739197 128.24494662135839 467.85868468880653 9258.5811134800315 709.90345646440983 1060.052825756371 433.41171752661467
leaf_count=66 3123 423 102 131 99 50 198 507 51 85 72 131 159 1525 554 89 246 2518 840 6756 4340 992 116642 326 532 1905 37747 2892 4388 1770
internal_value=-4.4971e-07 -0.00340946 -0.00571564 0.000533786 0.00525606 0.0193025 -0.00265073 -0.00877841 -0.012146 -0.0163825 2.05636e-05 0.00765139 -0.00018744 3.62612e-05 0.00121815 0.000295104 0.00460325 0.00560799 0.0040837 0.000474779 -0.00133427 0.00220322 -0.000100051 -0.000874626 -0.00378197 -0.00835233 -0.000507 -0.0049778 -0.000164727 -0.000412461
internal_weight=46472.5 495.121 392.374 129.051 97.8409 35.2389 62.6021 263.323 190.438 140.621 72.8846 48.719 49.8175 45977.4 4754.41 3735.75 1018.66 958.621 822.622 3716.03 1815.68 1900.35 41223 12513.3 1404.65 596.104 11108.6 789.97 10318.6 808.547
internal_count=189259 2074 1651 544 413 149 264 1107 802 592 305 203 210 187185 19458 15300 4158 3912 3358 15211 7463 7748 167727 51085 5732 2437 45353 3218 42135 3295
is_linear=0
shrinkage=0.03


Tree=160
num_leaves=31
num_cat=0
split_feature=16 3 9 35 3 13 43 45 19 11 14 35 41 40 40 45 16 3 15 17 1 9 4 42 42 14 34 35 2 14
split_gain=6.49974 8.6882 7.483 14.9815 14.2797 10.7275 10.889 8.98869 8.27176 8.62319 8.20853 23.7997 12.5925 12.2952 23.5844 19.5572 11.2511 9.79013 13.4321 12.887 10.6631 21.3908 10.6209 8.1869 8.09941 8.36669 7.35009 7.30463 7.22238 11.8792
threshold=-0.10740115070762786 18.641272089649011 0.033309770964385525 0.0042238270575269158 15.564765628583222 0.0067652000044919648 0.16235977352635536 0.0010059084861707963 0.56811834008184936 0.2880570409982175 0.52170000076293954 -0.0027684293983463479 -0.089689572675314078 -0.0018649952019426153 -0.0014022652661482584 -0.0065302758329785241 -0.014733526295683613 11.28628830682284 0.28049993515014654 -0.0063482758954855395 0.017492166165997591 0.012027169056293112 0.68726140101692945 0.042818489561573359 0.015720310205652722 0.49800001144409184 0.0051050614570437381 -0.0019276599972194691 -0.032608726502149209 0.87180000305175798
decision_type=2 2 2 2 2 2 2 2 2 2 2 2 2 2 2 2 2 2 2 2 2 2 2 2 2 2 2 2 2 2
left_child=1 28 10 4 7 8 26 -4 -5 -10 17 12 -12 15 -15 -13 -14 18 19 -2 21 -19 -22 -9 -6 -26 -7 -20 -1 -30
right_child=2 -3 3 5 24 6 -8 23 9 -11 11 13 16 14 -16 -17 -18 20 27 -21 22 -23 -24 -25 25 -27 -28 -29 29 -31
leaf_value=-0.017757135986071086 -0.0072194129306226975 -0.024020695532121702 0.00779099808622985 0.0094514245832056833 -0.021046118549696194 0.012709721779005687 -0.0086518135313878308 0.035877185511695484 -0.020504765130825598 0.0021997422756457967 0.020484388245261678 -0.017762596763230401 -0.0092878468307174087 0.022266969416540008 0.0023351422062298263 -0.00014493012645123377 -0.0016575455860836632 0.0019541113449364675 -0.035563408603541492 -0.00064313747463554756 -9.6710408077486029e-05 -0.0031887435312380331 -0.0018638932079307769 0.012116575131997131 0.0042181431107575131 -0.0089608083276692205 -0.004934770350555292 -0.01056762236440037 -0.0060320366268566857 0.013461999318892826
leaf_weight=26.24614916741848 328.60247077792883 20.483575060963631 114.89009518921375 14.517774924635885 12.829053804278372 69.267474085092545 62.704808712005615 23.616210415959358 63.188157439231873 19.764218911528587 18.903681755065918 62.88851997256279 266.0779542028904 54.221283569931984 3654.7612844109535 577.13243792951107 502.15850391983986 4636.241089373827 13.819550819694994 1458.6062409952283 29401.184683099389 863.44291700422764 3416.5322230011225 29.173125579953194 497.53405596315861 47.492989301681519 30.649871572852135 44.099785268306732 101.13379195332527 38.976135209202766
leaf_count=107 1502 85 466 59 52 280 255 95 260 81 76 264 1084 219 14793 2336 2037 18682 91 6353 119354 3489 14010 118 2019 193 125 199 418 157
internal_value=-4.5482e-07 -0.00558464 2.20873e-05 0.00260809 0.00482259 -0.00356934 0.00114751 0.0124993 -0.0114391 -0.0150952 -3.418e-05 0.0010951 -0.00370507 0.0019639 0.00262652 -0.00187604 -0.00430029 -0.000178597 -0.00231307 -0.00185227 -7.58146e-05 0.00114669 -0.000280685 0.0227463 0.00251515 0.00306975 0.00729723 -0.0165316 -0.00331459 -0.000609136
internal_weight=46471.1 186.84 46284.3 985.628 725.536 260.092 162.622 167.679 97.4702 82.9524 45298.7 5136.14 787.14 4349 3708.98 640.021 768.236 40162.5 1845.13 1787.21 38317.4 5499.68 32817.7 52.7893 557.856 545.027 99.9173 57.9193 166.356 140.11
internal_count=189259 767 188492 4003 2943 1060 660 679 400 341 184489 20809 3197 17612 15012 2600 3121 163680 8145 7855 155535 22171 133364 213 2264 2212 405 290 682 575
is_linear=0
shrinkage=0.03


Tree=161
num_leaves=31
num_cat=0
split_feature=12 45 13 30 23 17 19 17 45 13 24 22 9 30 24 12 42 30 23 24 23 23 45 13 15 17 7 6 13 45
split_gain=6.19878 16.7998 23.1968 48.3927 32.352 19.7235 16.5456 18.7315 15.8161 21.9832 28.7082 23.4023 21.842 21.7509 30.8604 25.6842 23.1276 23.6245 19.9439 17.7847 38.6334 37.7554 16.9905 15.8925 15.5646 33.2285 25.8688 15.0766 17.1015 14.4785
threshold=0.001103164755017949 0.00016576340297010423 0.0049876008548558034 -0.0086984685961535597 0.083013082353706441 0.0041752835271147625 0.5318513864966169 -0.016497408981987392 -0.00036650857440539741 0.0072927127171545708 -0.39101702886685469 0.05000000000000001 0.0036322110595251125 -0.00092457129043087879 -0.31797276378218869 -0.010698562786912447 1.0000000180025095e-35 -0.0078340934961835008 0.018090511685245895 -0.48928226957225346 -0.032301671011680431 -0.0015900565040251333 0.0082243625512144741 0.0068340331953849849 -0.15950002670288085 -0.0055142979163181885 0.011807996354068904 0.0052290725491784826 0.0026003354897723347 -0.0033740181454708358
decision_type=2 2 2 2 2 2 2 2 2 2 2 2 2 2 2 2 2 2 2 2 2 2 2 2 2 2 2 2 2 2
left_child=8 2 3 -2 5 -5 7 -3 9 10 27 12 -12 14 15 -10 17 -16 -18 20 -11 -22 -17 -13 25 -15 -27 28 -1 -21
right_child=1 6 -4 4 -6 -7 -8 -9 13 19 11 23 -14 24 16 22 18 -19 -20 29 21 -23 -24 -25 -26 26 -28 -29 -30 -31
leaf_value=-0.030909849461222029 0.056205424246963433 -0.014967719233227542 0.00032779704885479608 0.0012054586272903509 0.030596596598328838 0.0069065772636379436 -0.0007075841455220376 0.0035522202440294872 0.025660380701039345 -0.00097105370890865675 -0.044657767413997622 -0.00065738450235336237 -0.0082142522710726504 -0.0054149143188902595 -0.0049932479250388122 0.0081504469280004131 0.001745120882763092 0.040799735700025062 -0.0050032283703685529 -0.0014400338096671546 0.051240524312317931 0.00841386377042945 -0.0062353109903872193 -0.008648338011133877 -0.00058880357342163878 0.035760437039612777 0.0046357832541216596 -0.0055676300230134918 -0.0096182969366967897 0.0028118841109703702
leaf_weight=46.344846457242966 15.808852881193159 51.10710996389389 4848.6774391084909 1627.7281517535448 39.179272800683975 821.91481037437916 10194.617450632155 1284.4497558102012 67.238771125674248 131.85162410140038 20.353402495384216 3404.4057726338506 54.257217526435852 340.67402969300747 16.650538623332977 524.79152488708496 2356.3460762500763 25.928022935986519 473.31962385773659 2358.1352792680264 31.177129372954369 45.65805022418499 85.997722461819649 239.77029958367348 14328.901287011802 24.607329696416855 1029.8834552168846 814.58394990861416 126.96400040388107 1038.0572490990162
leaf_count=192 64 208 19671 6585 175 3328 41437 5214 273 532 86 13858 221 1385 67 2117 9551 136 1932 9734 130 192 346 993 58433 99 4176 3326 546 4252
internal_value=-4.53682e-07 0.000418334 0.00153882 0.00388324 0.00355089 0.00311832 -0.000296254 0.00284353 -0.000287128 -0.00138102 -0.00273127 -0.00152368 -0.0181559 0.000184587 0.00230549 0.00806226 0.000946542 0.0228922 0.000616321 0.000381916 0.00888249 0.0257915 0.00612497 -0.00118315 -0.000294284 0.00273055 0.0053621 -0.0072771 -0.0153119 -0.000140421
internal_weight=46469.4 18883.5 7353.31 2504.63 2488.82 2449.64 11530.2 1335.56 27585.9 8311.56 4706.68 3718.79 74.6106 19274.3 3550.27 678.028 2872.24 42.5786 2829.67 3604.88 208.687 76.8352 610.789 3644.18 15724.1 1395.16 1054.49 987.893 173.309 3396.19
internal_count=189259 76682 29823 10152 10088 9913 46859 5422 112577 34062 19222 15158 307 78515 14422 2736 11686 203 11483 14840 854 322 2463 14851 64093 5660 4275 4064 738 13986
is_linear=0
shrinkage=0.03


Tree=162
num_leaves=31
num_cat=0
split_feature=13 30 37 0 13 17 18 45 28 18 9 11 39 19 6 7 23 15 11 18 30 13 45 43 23 11 42 16 30 16
split_gain=6.25965 21.0097 19.4706 15.4102 14.4327 33.7927 16.8675 13.8082 13.7132 15.6766 14.2738 13.1393 12.982 12.3979 13.3407 11.7387 11.6785 11.5406 11.54 10.2592 9.94015 40.002 11.5566 13.7087 10.4493 14.9948 13.3618 11.7271 10.0557 30.199
threshold=0.020145467941419967 0.015138458025456396 0.012499993946403358 0.040594713519218492 0.018360313375594486 0.0054525438608215475 -0.23391692416562559 -0.0035191973999813861 0.10656404040482227 0.21195474004698461 0.0055919777121249768 0.23055315471045809 -0.0092736587243499521 1.099784189104845 -0.061420616175041569 0.043812454260599036 0.03328005073409513 0.059999990463256846 -0.18516238263814067 -0.35404626526822253 -0.017961617732116585 0.0091864695550862869 -0.0040281217280940156 0.26464465648151242 -0.11437166639007595 -0.095371856607811653 0.093514473263734479 0.00060139461706676866 -0.017047400045778923 -0.023750121526123633
decision_type=2 2 2 2 2 2 2 2 2 2 2 2 2 2 2 2 2 2 2 2 2 2 2 2 2 2 2 2 2 2
left_child=4 7 -3 13 20 6 -6 -2 18 10 -10 12 -8 14 -4 -11 -5 -13 19 -9 21 -1 -23 -24 25 27 -27 -22 29 -26
right_child=1 2 3 16 5 -7 11 8 9 15 -12 17 -14 -15 -16 -17 -18 -19 -20 -21 24 22 23 -25 28 26 -28 -29 -30 -31
leaf_value=0.051591915461476949 -0.0092584298333586688 0.033413106127894762 0.018535342788332108 -0.03068304239766249 0.029175917105559251 0.049288102346276758 -0.0047033066938356582 0.01750378128669474 0.0067748199792198264 0.0080561374490764493 -0.0074966915490735373 -0.014868373516695465 0.010868096468620383 -0.0044456222666788697 0.0037878540206587657 0.038451001305895766 -0.0021084994044132809 0.012538833632344157 -0.0077916496782245619 -0.0018961667498043687 0.011711409527429032 0.011618841915922853 0.0034758192251050932 -0.012292563584350706 -0.02707996126182791 -0.0055949415663883095 0.022847093042542645 0.042084351475995346 -2.1227766531168551e-05 0.00088294771158554843
leaf_weight=15.791332870721815 327.36092176288366 18.604011207818985 71.139904744923115 20.599580109119415 22.547237083315849 15.652508020400999 70.392809331417084 30.746388182044029 133.04946182668209 34.383330598473549 119.92291009426117 58.809934392571449 152.75325730443001 113.90102029591799 246.47392945736647 17.134508192539215 34.318319618701935 18.078009039163589 369.7579307705164 121.4028621762991 44.680068999528885 98.271853238344193 201.14743505418301 65.870575487613678 49.397703066468239 72.945448011159897 18.670611903071404 15.378749981522558 43769.911203555763 117.29562559723854
leaf_count=65 1448 96 298 86 91 66 286 128 546 141 499 238 622 480 1017 71 140 73 1530 504 183 397 813 267 205 298 76 62 178058 475
internal_value=-4.39094e-07 -0.00181014 0.00329293 0.00214096 6.65567e-05 0.0062402 0.0041514 -0.00404391 -0.00197828 0.00308121 9.33337e-06 0.00227083 0.005956 0.00404586 0.00709103 0.0181653 -0.0128267 -0.00842435 -0.00493008 0.00202418 1.96e-05 0.00484397 0.00282307 -0.000414077 -2.20999e-05 0.00783858 0.000201315 0.0194887 -4.92359e-05 -0.00740355
internal_weight=46466.4 1658.8 505.037 486.433 44807.6 338.234 322.581 1153.76 826.397 304.49 252.972 300.034 223.146 431.515 317.614 51.5178 54.9179 76.8879 521.907 152.149 44469.4 381.081 365.29 267.018 44088.3 151.675 91.6161 60.0588 43936.6 166.693
internal_count=189259 6984 2117 2021 182275 1376 1310 4867 3419 1257 1045 1219 908 1795 1315 212 226 311 2162 632 180899 1542 1477 1080 179357 619 374 245 178738 680
is_linear=0
shrinkage=0.03


Tree=163
num_leaves=31
num_cat=0
split_feature=32 14 14 1 18 24 18 18 32 13 7 9 45 9 17 39 4 13 9 16 38 13 24 39 24 40 24 14 24 40
split_gain=6.14895 13.3351 10.5353 18.5589 10.5952 14.6065 11.0064 9.8856 9.85907 21.6823 13.1853 14.9351 13.7842 10.8834 9.56404 9.99822 9.50098 11.5251 10.8594 14.3046 10.054 15.3116 31.6168 13.3386 12.7124 20.8612 14.3566 9.33199 9.32943 9.22302
threshold=0.0084117094127229893 0.19250000000000003 0.24930000305175784 0.012511192996045513 -0.21161147173631698 -0.012462659591172999 0.051897816076245003 0.0047953515794688451 0.015321462990767367 0.00054856643930122106 0.014852896887847852 -0.0039828757604985819 -0.010671721459562494 -0.0037670017478511255 -0.002125799157363344 -0.0051868002248356823 0.68726140101692945 0.0025599394033512077 -0.074361296511386274 0.012422585165806143 -0.4039516250569814 0.0096268971944142526 -0.34710946331707909 -0.021692955325335925 0.47671923407684708 0.0024338037179355621 0.45352631576139846 0.43969999313354496 0.26874931608519359 0.0031173509219184921
decision_type=2 2 2 2 2 2 2 2 2 2 2 2 2 2 2 2 2 2 2 2 2 2 2 2 2 2 2 2 2 2
left_child=1 -1 7 27 5 -5 -6 -3 9 -2 11 12 -11 -13 29 -16 20 18 -18 -20 21 23 -23 -10 26 -26 -22 28 -4 -9
right_child=8 2 3 4 6 -7 -8 14 16 10 -12 13 -14 -15 15 -17 17 -19 19 -21 24 22 -24 -25 25 -27 -28 -29 -30 -31
leaf_value=0.023636300249084644 -0.028566165962692472 -0.0086749376682681203 0.022787115019505439 0.022927022033233848 -0.0088769299084401777 0.0021589080053143017 0.0022547247794649913 0.021900771604954163 -0.0035246020567665489 -0.025748185548897701 -0.0029958793942968481 0.035925568862488474 -0.0025626798411471775 0.0021394057885126181 0.015758397800730219 -0.0098390030957635297 -0.031857301473902866 -0.00023565706081535043 -0.0054903170282972549 0.0020456782912887206 0.00034485758897887702 0.010841426952688804 -0.005018437777042202 0.00048246303238376833 0.0041112710579339394 -0.00079286395581004395 -0.0049018288652147163 -0.0021207811223775547 0.0050750628597805904 -0.0041284841915012575
leaf_weight=25.860647901892662 26.476608753204346 141.07516960054636 79.813338078558445 40.993866562843323 126.94382704794407 118.8207346200943 215.89811441302299 34.151272356510162 876.86430273205042 24.153102949261665 1997.3967657126486 8.6412152796983701 518.30680520832539 1228.2125818505883 17.837408632040024 59.68722777068615 12.290749847888945 2611.9729075431824 862.92899043858051 307.46302555501461 26799.106762453914 124.20977680385113 1267.7064857780933 5073.8255060091615 2029.4897312298417 1268.6399893313646 477.74688230454922 28.975749313831329 40.267968505620956 19.105606384575367
leaf_count=104 111 625 342 166 514 485 875 138 3586 98 8134 35 2098 4983 75 248 71 10672 3561 1264 108815 504 5214 20620 8348 5228 1944 137 167 97
internal_value=-4.29637e-07 0.00238907 0.00179413 0.00386356 0.00110674 0.00748611 -0.00186698 -0.00316685 -5.02735e-05 -0.00151251 -0.00132285 0.000555232 -0.00359502 0.00237545 0.00277477 -0.00394937 8.30486e-05 -0.00134818 -0.00380519 -0.0035106 0.00022628 -0.000770566 -0.00360316 -0.000107998 0.000465674 0.00222487 0.000252963 0.0131602 0.0168476 0.0125629
internal_weight=46464.9 949.431 923.57 651.714 502.657 159.815 342.842 271.857 45515.4 3803.19 3776.71 1779.31 542.46 1236.85 130.782 77.5246 41712.2 3794.66 1182.68 1170.39 37917.6 7342.61 1391.92 5950.69 30575 3298.13 27276.9 149.057 120.081 53.2569
internal_count=189259 3973 3869 2686 2040 651 1389 1183 185286 15459 15348 7214 2196 5018 558 323 169827 15568 4896 4825 154259 29924 5718 24206 124335 13576 110759 646 509 235
is_linear=0
shrinkage=0.03


Tree=164
num_leaves=31
num_cat=0
split_feature=11 14 15 12 1 7 5 15 33 15 13 41 16 14 19 24 23 40 0 22 19 15 16 40 14 20 23 0 3 36
split_gain=6.0799 10.7222 12.6198 11.4871 14.6839 10.1811 7.704 15.5469 22.0906 19.355 15.1402 15.2235 14.5852 14.4414 12.7832 12.2248 22.7047 16.4067 18.71 15.75 11.9154 18.486 16.657 31.5921 15.1338 14.6781 11.4961 11.3701 10.2168 8.97455
threshold=-0.48473193473193471 0.29550000190734865 -0.062000036239624016 -0.0019189076461274799 0.043784180103546143 0.049167943063031599 -0.046912520133223549 -0.0059999942779541005 0.48095907128947962 -0.0035000324249267576 0.00059646715298376264 -0.042400036572409573 0.032606668689601319 0.33390001296997079 1.5953168403988063 0.58406638250171039 0.010040153496807343 0.0024338037179355621 -0.04599638030584282 0.78333333333333355 1.1717427435920185 0.27399997711181645 0.016278327328324325 0.00032585824961531865 0.39230001449584967 0.47500000000000003 -0.058414609471507291 -0.012163529842463319 15.040663129081175 0.011524942320177065
decision_type=2 2 2 2 2 2 2 2 2 2 2 2 2 2 2 2 2 2 2 2 2 2 2 2 2 2 2 2 2 2
left_child=1 2 -1 4 -3 -4 7 10 9 13 -2 26 -13 -9 -11 20 29 18 -18 -19 22 25 24 -24 -8 -22 -12 -10 -23 -17
right_child=6 3 5 -5 -6 -7 15 8 27 14 11 12 -14 -15 -16 16 17 19 -20 -21 21 28 23 -25 -26 -27 -28 -29 -30 -31
leaf_value=0.0087599990668478806 -0.02076525869535964 -0.01406942546284802 -0.021229324785258272 -0.0033963736947680398 0.017750082609669676 0.0050634430045420264 0.00040444157580184936 0.010353278954829946 -0.00042341894150343365 0.0031238081895677153 -0.025257493004359626 -0.00052092026012544204 -0.011220998978228567 0.042195062322405559 0.016977228379710909 -0.034566952064815186 0.022723698563352681 0.0032544848826082623 -0.00023950581652095593 -0.00806804642531018 -0.0017103683426185098 -0.0075017248799861234 -0.00095045317005210508 0.0035797360542803433 -0.0012035177114938166 0.0033321204195616151 0.007162167785736754 -0.012576648970591835 0.0075869532247739863 -0.010466505942333875
leaf_weight=22.228333353996277 32.770803049206734 17.262331008911133 73.536684721708298 311.83535608649254 53.523675248026848 16.168909624218941 18474.585375577211 37.203078046441078 203.45560128986835 1916.2495345771313 10.188500463962553 1953.8495291210711 121.79860339313745 19.558349743485451 61.883112221956253 25.41569122672081 33.097313910722733 141.04838632047176 908.44175752997398 511.68367398530245 7064.849860791117 46.396017275750637 2339.0316192731261 3398.30690972507 7369.2075251713395 560.78583398461342 291.22217144444585 105.05693845450878 311.89337901771069 30.707648083567619
leaf_count=93 136 72 311 1308 222 68 75098 151 831 7808 48 7992 525 81 254 133 138 572 3688 2133 28830 196 9558 13763 29923 2275 1202 430 1261 159
internal_value=-4.2768e-07 -0.00330898 -0.0114759 -0.000919789 0.00999037 -0.0164902 3.51675e-05 0.00117879 0.00291867 0.00405281 -0.000513128 -0.000233926 -0.0011488 0.021325 0.00355719 -9.67228e-05 -0.00262645 -0.00196625 0.000567705 -0.00562137 8.80072e-06 -0.00102664 0.000270567 0.00173284 -5.40587e-05 -0.00133955 0.0060663 -0.00456193 0.00563307 -0.0213805
internal_weight=46463.2 494.555 111.934 382.621 70.786 89.7056 45968.7 4753.24 2343.41 2034.89 2409.83 2377.06 2075.65 56.7614 1978.13 41215.5 1650.39 1594.27 941.539 652.732 39565.1 7983.93 31581.1 5737.34 25843.8 7625.64 301.411 308.513 358.289 56.1233
internal_count=189259 2074 472 1602 294 379 187185 19458 9555 8294 9903 9767 8517 232 8062 167727 6823 6531 3826 2705 160904 32562 128342 23321 105021 31105 1250 1261 1457 292
is_linear=0
shrinkage=0.03


Tree=165
num_leaves=31
num_cat=0
split_feature=6 32 2 26 1 3 3 43 26 22 22 42 26 7 13 17 16 22 20 10 35 40 30 13 17 6 6 33 32 32
split_gain=6.09647 12.3303 13.7148 12.7863 9.48684 8.81089 8.71877 8.59944 8.01818 12.0233 8.84456 7.38872 7.32943 7.24399 12.765 14.2547 13.7763 18.4864 14.5409 14.5122 13.0562 12.5622 16.3896 12.2332 23.2217 11.0751 10.9417 11.6473 10.4127 10.968
threshold=0.31670942536295615 0.047101745743735615 0.087835197730000855 0.0034681961145711913 0.058937255952673753 18.416480891833263 12.323637873516228 -0.12597770650879522 0.0077630516531146171 0.11666666666666668 1.9833333333333336 0.061539053504547657 0.049654738198697819 0.040736180205795398 0.00059646715298376264 -0.0013267264910039769 -0.0043578933675257883 0.05000000000000001 0.25000000000000006 -0.056408632709372943 0.00011406313996892905 0.057182037927536185 0.057182037927536185 0.00049865380950421154 -0.0026765496890661885 0.10140199436304488 0.11970504220189561 -0.52956450107068054 0.026495697367869334 0.078124958284508758
decision_type=2 2 2 2 2 2 2 2 2 2 2 2 2 2 2 2 2 2 2 2 2 2 2 2 2 2 2 2 2 2
left_child=13 3 6 -2 -5 12 -3 -6 9 -8 -10 -9 -4 21 15 -15 19 18 -18 25 -21 22 23 24 -1 -16 27 -17 -23 -30
right_child=1 2 5 4 7 -7 8 11 10 -11 -12 -13 -14 14 16 26 17 -19 -20 20 -22 28 -24 -25 -26 -27 -28 -29 29 -31
leaf_value=0.0072106390464654058 -0.011143148336051954 -0.019131262426166765 0.012856082759914678 0.030145539098376601 -0.0072550699878885152 -0.0066787051241262319 -0.017561435502743156 0.0011051368708571712 -0.0052575052839963481 0.011635991358297671 0.0080458141714064499 0.03051714088212714 0.039513606070155124 -0.0039167371547587683 0.0061076649233354763 -0.010362867888602348 0.016603133042475873 -0.0036422267289396427 -0.010113288187057888 0.0038690473869950246 -0.002441366867026474 -0.028360509000648269 0.012586368526973051 0.00010836819707416257 -0.015381930014074278 0.029830192442178671 -0.013359241043190332 0.017036271091219215 0.0026289352937341761 -0.022397867662357452
leaf_weight=62.118929788470268 16.811613336205482 22.280192025005817 27.336504399776459 32.612646505236626 17.980077221989632 12.674846947193144 14.864118948578833 12.865238189697267 216.41735734045506 86.919311821460724 56.778005957603455 19.098792985081673 14.055511891841887 91.218721896409988 70.809915006160736 15.820898860692976 71.740986123681068 2253.2935436181724 24.629388228058815 463.68090965598822 811.53982602804899 22.995551571249962 94.436328232288361 41577.956110995263 120.12641525268555 23.620266750454903 14.794761836528776 118.93495343625546 50.257917195558548 22.960070878267288
leaf_count=254 68 95 110 131 73 51 60 52 877 351 230 77 57 376 296 65 294 9326 102 1896 3358 98 381 169117 508 97 61 488 212 98
internal_value=-4.29149e-07 0.0031373 0.00103094 0.0127043 0.0175605 0.0152066 -0.000898359 0.00934268 0.000184989 0.00737209 -0.00249269 0.0186791 0.0219082 -3.80657e-05 -0.00126457 0.00542981 -0.00169793 -0.00309192 0.00977521 0.000693474 -0.000146848 7.77143e-05 0.000102605 7.43739e-05 -0.00768118 0.0120415 0.0111308 0.0138195 -0.01075 -0.0052191
internal_weight=46461.6 550.694 451.326 99.3684 82.5568 54.0669 397.259 49.9441 374.979 101.783 273.195 31.964 41.392 45910.9 3960.08 240.769 3719.31 2349.66 96.3704 1369.65 1275.22 41950.9 41854.6 41760.2 182.245 94.4302 149.551 134.756 96.2135 73.218
internal_count=189259 2232 1831 401 333 218 1613 202 1518 411 1107 129 167 187027 16359 990 15369 9722 396 5647 5254 170668 170260 169879 762 393 614 553 408 310
is_linear=0
shrinkage=0.03


Tree=166
num_leaves=31
num_cat=0
split_feature=43 23 33 14 14 18 45 13 1 4 16 45 18 10 40 35 18 11 1 11 8 28 16 43 24 40 26 8 19 29
split_gain=6.06964 11.9674 21.3773 13.7104 14.5818 13.037 14.8032 10.7126 15.7074 10.2066 9.9106 9.71082 10.883 11.0026 10.3381 13.1915 9.69595 9.46669 14.4657 8.86519 9.66955 11.9132 11.6884 10.5228 9.58795 13.6166 12.7062 12.4685 12.4641 11.9895
threshold=0.54709639342826588 0.0045635057547467927 1.7177650426332793 0.34409999847412115 0.1978999996185303 -3.0035420492023959 -0.0044975906417759311 0.0046085058121086231 0.019545573322627945 -1.134823750276454 -0.025465076062487161 0.0068982255722212747 1.167785502752664 -0.0082533810235775554 0.0068982255722212747 -0.010698562786912447 0.22375203491388621 -0.45555311676909566 0.01026800259121991 -0.44374109827504343 0.12463000751925955 -0.18071965366275575 0.020333210873809068 -0.40395354491229968 0.32507817114257104 -0.039057171230984455 0.0071141562277722099 -0.47022381727387846 0.99331784276106549 0.014159106796153554
decision_type=2 2 2 2 2 2 2 2 2 2 2 2 2 2 2 2 2 2 2 2 2 2 2 2 2 2 2 2 2 2
left_child=17 2 11 4 16 -6 -7 8 -5 -9 -10 14 13 -13 -2 -16 -3 18 -1 20 21 22 -19 -23 26 -26 29 -27 -28 -21
right_child=1 3 -4 7 5 6 -8 9 10 -11 -12 12 -14 -15 15 -17 -18 19 -20 24 -22 23 -24 -25 25 27 28 -29 -30 -31
leaf_value=0.027666776744846654 3.6964367231923744e-05 0.013669815062640192 0.017023219577030548 -0.019738524001501296 -0.017915929577964163 -0.011491775560480068 -0.0029508742924825209 0.022403841245826884 -0.011428502721399286 0.0016688458378114751 0.00026360395048867686 -0.010437540287555811 -0.032231125821180977 -8.2686044082536586e-05 0.025422120946082368 0.0039005538167163215 -0.012720051041988034 0.011587791679880548 -0.0027370031045016599 0.00025083058006582248 0.0094739517932244874 0.0075354294270929423 -0.011988227965623967 -0.0056527728261397516 -0.016618252024671456 -0.0042251411233555775 -3.9032395558130286e-05 0.0013486977032480701 -0.0020961705933278522 0.0049325260546809867
leaf_weight=14.24216106534004 2671.9325839206576 63.187873333692551 67.677942484617233 47.575698688626289 65.252177052199841 214.18437571078539 1239.9921683594584 21.994096696376801 78.080254375934601 747.72538093477488 396.95748482644558 135.44142735004425 12.098870530724524 290.29233890026808 28.520083829760551 253.15662950277328 15.629564866423605 129.1103435754776 1268.6821938306093 18043.266094602644 187.06325516104698 73.175467640161514 22.176782056689262 212.78585870563984 39.171871162950993 377.44351230561733 6231.6621057540178 8392.5658011101186 4613.1028565317392 506.11930415034294
leaf_count=58 10875 255 279 192 268 883 5084 95 318 3044 1616 554 50 1181 115 1028 63 530 5286 73299 763 301 91 876 210 1541 25273 34307 18771 2053
internal_value=-4.26375e-07 -0.000862243 0.000328325 -0.00228698 -0.00414487 -0.00479751 -0.00420886 1.06905e-05 -0.00330412 0.00226133 -0.00165819 -4.8299e-06 -0.00417429 -0.00337694 0.000613236 0.00607964 0.00843668 0.000136003 -0.00239948 0.00021978 0.00376583 0.00132378 0.00813184 -0.00227801 0.000161831 0.00102998 -9.83474e-05 0.00110881 -0.00091409 0.00037857
internal_weight=46460.3 6349.7 3459.12 2890.58 1598.25 1519.43 1454.18 1292.33 522.613 769.719 475.038 3391.44 437.833 425.734 2953.61 281.677 78.8174 40110.6 1282.92 38827.6 624.312 437.248 151.287 285.961 38203.3 8809.18 29394.2 8770.01 10844.8 18549.4
internal_count=189259 25900 14082 11818 6553 6235 5967 5265 2126 3139 1934 13803 1785 1735 12018 1143 318 163359 5344 158015 2561 1798 621 1177 155454 36058 119396 35848 44044 75352
is_linear=0
shrinkage=0.03


Tree=167
num_leaves=31
num_cat=0
split_feature=31 25 23 24 44 10 29 10 16 13 30 2 13 17 18 45 23 37 29 30 13 23 25 25 1 30 13 2 18 23
split_gain=6.23152 7.76961 7.33946 11.3795 11.3619 14.7565 11.0023 12.4116 10.6222 7.60513 17.4936 21.8162 14.0589 32.1011 15.7535 12.2441 12.9301 12.0753 11.9969 9.28163 38.0178 11.4876 6.63554 6.22581 6.06699 10.9145 6.57108 5.85741 5.71517 5.63975
threshold=-0.1048846476832669 -0.62103815807799678 0.11561066042934286 0.44710598120195244 -0.01447573826572717 -0.043521082732784398 0.0045197238949348578 -0.010750934166459883 -0.0028480123825187493 0.020145467941419967 0.015138458025456396 0.030685967726897294 0.018360313375594486 0.0054525438608215475 -0.23391692416562559 -0.0035191973999813861 0.020685663673726224 1.0000000180025095e-35 -0.024987846131219103 -0.017961617732116585 0.0091864695550862869 -0.11437166639007595 -0.6615844931521363 -0.49544120870717229 0.066844856924203319 0.003427200806434555 0.012566778687222566 -0.030555672658199123 0.13191856467345131 0.043058361735639081
decision_type=2 2 2 2 2 2 2 2 2 2 2 2 2 2 2 2 2 2 2 2 2 2 2 2 2 2 2 2 2 2
left_child=1 -1 9 22 6 -6 27 -8 -7 12 15 17 19 14 -14 16 -11 -12 -17 20 -2 -21 -4 -24 25 -3 -26 -5 -25 -13
right_child=2 24 3 4 5 8 7 -9 -10 10 11 29 13 -15 -16 18 -18 -19 -20 21 -22 -23 23 28 26 -27 -28 -29 -30 -31
leaf_value=-0.013133833025163511 0.050472399764425885 0.0023499923838505095 -0.026999230160469682 0.012451731486800429 -0.022662301123580125 -0.0055822710553112788 0.027009573532864768 -0.011088184673930952 0.0085826342600766915 -0.0059768080998356668 0.037723680968709185 -0.021737048227985063 0.028294049871782946 0.048361425301088938 0.0023056035209905188 -0.013034028888687663 -0.020998555270297647 0.0047803269980694922 -0.00089800955092554592 0.0084215529328963631 0.0027108080729028703 -5.985205372181627e-05 0.0093380201931902058 -0.018058687724904144 -5.0061465334695324e-05 -0.028287027468182922 0.023145204511159145 0.034386355117857495 0.0065487374309181169 -0.0026644785442818666
leaf_weight=72.895726099610329 15.642903313040732 30.350150436162949 12.158862531185148 18.1243826597929 18.403738334774971 62.948401853442192 12.211361229419706 20.813773900270462 196.00176657736301 234.90069700777531 10.299407780170439 34.754086837172508 22.574156925082207 15.474365144968031 299.57067711651325 81.817246958613396 66.077774774283171 361.28080927580595 704.96470983326435 144.20358277857304 364.57125671207905 43475.686543554068 23.711772412061691 26.456970676779747 38.341268092393875 15.973271161317824 15.410017251968382 27.706676304340363 12.511643394827841 23.313887253403664
leaf_count=302 65 126 50 74 76 258 50 85 797 972 60 145 91 66 1217 347 370 1510 2906 588 1474 176876 97 108 158 66 63 113 51 98
internal_value=-4.25002e-07 -0.00568401 2.08144e-05 0.00391717 0.00615141 0.00329451 0.0161997 0.00299883 0.00513928 -1.58122e-05 -0.00210422 0.00302108 5.56613e-05 0.00615418 0.00412673 -0.00412864 -0.00927473 0.00569345 -0.00216003 8.86649e-06 0.00467583 -3.18133e-05 -0.00671709 -0.00278272 -0.000257459 -0.00821428 0.00659982 0.0257121 -0.010158 -0.0140795
internal_weight=46459.2 172.97 46286.2 431.049 356.21 277.354 78.8562 33.0251 258.95 45855.1 1517.41 429.648 44337.7 337.619 322.145 1087.76 300.978 371.58 786.782 44000.1 380.214 43619.9 74.8392 62.6804 100.075 46.3234 53.7513 45.8311 38.9686 58.068
internal_count=189259 715 188544 1759 1453 1131 322 135 1055 186785 6408 1813 180377 1374 1308 4595 1342 1570 3253 179003 1539 177464 306 256 413 192 221 187 159 243
is_linear=0
shrinkage=0.03


Tree=168
num_leaves=31
num_cat=0
split_feature=3 10 39 2 14 28 18 40 33 26 20 28 20 33 29 4 28 26 45 40 13 22 16 45 42 0 16 12 2 15
split_gain=5.94851 10.3418 11.1104 10.4523 10.2011 9.98257 9.81323 9.48005 9.17261 8.3144 7.99253 7.79681 14.5825 19.8406 16.8898 12.3143 11.6273 7.60222 14.301 18.6385 16.1126 20.8148 15.6458 12.7837 12.5318 13.658 24.8762 14.9141 13.4435 15.0746
threshold=11.777514176235735 -0.026141676884081273 -0.024435252690070092 -0.026092649863906726 0.28090000152587896 0.80589271407707763 -2.5528604271069857 0.00089139016890425532 0.34508887481877798 -0.012912724140052083 -0.32749999999999996 -0.036135659548346404 -0.16499999999999995 0.40657341030969013 -0.00098276257181188396 0.30305749918453456 -0.027071505616321542 0.0071141562277722099 -0.00036650857440539741 -0.0046542867702245106 0.0032841870220994131 0.05000000000000001 -0.05293237145493053 -0.011919044207277843 0.048161044508894087 -0.0084386043976293467 -0.0016742829769348132 -0.0049849001118457709 -0.00067491378270529876 -0.046500015258789058
decision_type=2 2 2 2 2 2 2 2 2 2 2 2 2 2 2 2 2 2 2 2 2 2 2 2 2 2 2 2 2 2
left_child=1 2 -1 8 7 6 -6 -4 10 -10 -3 12 14 -14 -5 16 -13 24 19 22 21 -21 -19 -22 -2 26 -26 -28 29 -27
right_child=17 3 4 11 5 -7 -8 -9 9 -11 -12 15 13 -15 -16 -17 -18 18 -20 20 23 -23 -24 -25 25 28 27 -29 -30 -31
leaf_value=0.021321974240869752 0.00070126831749441076 0.0057554517764608982 0.03617797991565818 -0.0039861143319041992 0.018412866561023689 0.014049327497896877 -0.010651928361580829 0.002990466432716827 0.022384947833484634 -0.010771642783581323 -0.019060020160134191 0.029918570178848806 -0.0098087042597683905 0.0024167539715821756 0.0073965185912163965 -0.0080435081702836461 0.0012246203526965007 0.021886851962606094 0.00014087368765136659 -0.026732395546729713 -0.0049678083332220556 -0.0031945451139986296 -0.0069588938542571354 0.0010406419553699352 0.0047523481877071146 -0.00026323139197616046 0.0079756552936179666 -0.0028885701846232191 -0.00088252968830258524 -0.0079336136681202509
leaf_weight=32.498352497816086 22226.024735167623 13.772052764892576 13.457110255956652 294.80095702409744 12.045452088117598 26.676103860139847 79.176641851663589 18.254507154226303 12.630311802029611 14.762222066521643 76.934833586215973 12.897288024425505 433.26602048054338 164.96001862362027 194.87981566041708 136.29664455354214 874.67089547216892 17.340146362781525 11234.255780920386 34.774195864796638 367.2056425511837 1223.1349764019251 703.50742642581463 2412.3398280441761 924.66151258349419 374.06446009874344 126.8432547301054 1099.3186999112368 2700.6976611167192 601.23593308031559
leaf_count=134 90025 57 55 1218 50 110 325 75 52 61 318 53 2105 709 827 561 3759 70 45677 145 1498 4984 2859 9795 3770 1523 518 4506 10976 2444
internal_value=-4.12733e-07 -0.00145106 0.00542292 -0.00201244 0.00196932 -0.00209343 -0.00681406 0.0170739 -0.0106978 0.00451639 -0.0152923 -0.00152672 -0.00329512 -0.00643755 0.000543868 0.000352298 0.00164157 7.90264e-05 -0.000442974 -0.00182143 -0.00102807 -0.00384524 -0.006265 0.000246866 0.000376612 -0.000861769 0.00103705 -0.00176469 -0.00197277 -0.00499173
internal_weight=46457.4 2411.98 182.108 2229.87 149.61 117.898 91.2221 31.7116 118.099 27.3925 90.7069 2111.77 1087.91 598.226 489.681 1023.86 887.568 44045.4 15992.6 4758.3 4037.45 1257.91 720.848 2779.55 28052.8 5826.82 2150.82 1226.16 3676 975.3
internal_count=189259 10469 749 9720 615 485 375 130 488 113 375 9232 4859 2814 2045 4373 3812 178790 65028 19351 16422 5129 2929 11293 113762 23737 8794 5024 14943 3967
is_linear=0
shrinkage=0.03


Tree=169
num_leaves=31
num_cat=0
split_feature=16 3 37 43 11 14 19 45 26 9 35 3 37 44 34 4 7 23 13 17 0 31 36 0 3 26 11 38 5 33
split_gain=5.9717 8.24024 8.37524 10.5179 8.44304 7.08398 15.6118 13.9084 7.47335 7.01134 14.956 13.299 9.63303 20.7365 11.342 8.7078 8.24516 13.8221 11.6815 22.2147 11.5011 10.0737 7.90614 7.72403 6.64162 9.82618 6.5454 6.00545 5.94304 4.97903
threshold=-0.10740115070762786 18.641272089649011 0.035374155079421106 0.26464465648151242 0.20330668604651167 1.1414000320434572 1.2020678929012762 0.0036573767287535852 0.024020623895753147 0.033309770964385525 0.0042238270575269158 15.564765628583222 0.048212161707949071 -0.0067422977644202202 0.0054982474488142379 -0.4242024077695889 0.040284150674756998 -0.11437166639007595 0.00049865380950421154 -0.0026765496890661885 -0.067658654415710812 0.056723942206999771 -0.076540375944184627 0.059725720010503199 16.074197993804102 0.0020642117348558396 -0.068706293706293678 0.70464846394765257 -0.0041677512499833083 0.37558681005454991
decision_type=2 2 2 2 2 2 2 2 2 2 2 2 2 2 2 2 2 2 2 2 2 2 2 2 2 2 2 2 2 2
left_child=1 2 3 4 28 9 8 -8 27 16 11 15 14 -14 -12 -11 18 23 19 -2 -19 -20 -13 -18 26 -26 -4 29 -1 -7
right_child=5 -3 24 -5 -6 6 7 -9 -10 10 12 22 13 -15 -16 -17 17 20 21 -21 -22 -23 -24 -25 25 -27 -28 -29 -30 -31
leaf_value=-0.031030376090249695 0.0069918971484418417 -0.023356318214989062 -0.02052175411789153 0.010586764557012903 0.00048466465365475342 0.0030251915590649714 0.035983408543027909 0.0073352746766036396 -0.015683749411703092 -0.0079468256497901221 0.0060701459171914407 -0.015758813661116006 0.0061462480409321691 -0.024601477397780513 -0.010704998561118697 0.014420139335933951 0.0065731722121694872 0.0039966049893519658 3.6799454924870647e-05 -0.015143608615147207 -0.0020480873001074975 0.0033043983518620547 0.0031551604794319197 0.030873763400283718 0.024072934919469029 -0.0074857354668068513 0.0066406423174695675 -0.014549488628748117 -0.010543587280477516 0.023458317374277352
leaf_weight=26.068676486611366 62.177851513028145 20.390040993690491 14.366712585091589 19.601494625210762 24.257530525326729 59.94542533159256 23.60054212808609 43.116171523928642 24.06326650083065 17.488374531269073 106.34004780650139 20.655142545700073 32.95800818502903 49.221695706248283 55.054183676838875 150.26693296432495 73.179593160748482 306.55527739226818 39947.165539592505 118.70219162106514 3733.0885054431856 867.56829570606351 537.1466951072216 14.028819575905798 25.235230460762978 13.700240612030028 17.97306489944458 14.343268647789953 24.932328835129738 13.073679029941557
leaf_count=108 254 85 59 80 100 244 100 174 97 71 431 86 135 203 225 608 300 1284 162490 504 15404 3536 2178 57 103 56 73 58 103 53
internal_value=-4.15105e-07 -0.00535749 -0.00314847 -0.00898718 -0.0140853 2.11807e-05 0.00599206 0.0174693 -0.000880018 -1.89659e-06 0.00252284 0.00468216 -0.00390934 -0.0122702 0.000347873 0.0120884 -5.61224e-05 -0.00133428 7.2544e-05 -0.00753449 -0.00158938 0.000106256 0.00245478 0.0104823 0.00462225 0.0129684 -0.00542606 0.00319755 -0.0210152 0.00668363
internal_weight=46456.3 186.525 166.135 94.86 75.2585 46269.7 178.142 66.7167 111.426 46091.6 969.131 725.557 243.574 82.1797 161.394 167.755 45122.5 4126.85 40995.6 180.88 4039.64 40814.7 557.802 87.2084 71.2752 38.9355 32.3398 87.3624 51.001 73.0191
internal_count=189259 767 682 391 311 188492 726 274 452 187766 3937 2943 994 338 656 679 183829 17045 166784 758 16688 166026 2264 357 291 159 132 355 211 297
is_linear=0
shrinkage=0.03


Tree=170
num_leaves=31
num_cat=0
split_feature=8 5 17 14 25 37 31 17 45 16 18 24 3 14 14 30 16 17 7 5 4 15 5 16 36 25 16 20 45 30
split_gain=5.96561 13.4167 12.8113 17.5432 10.8635 13.6345 9.95982 14.5205 20.3837 20.1611 17.1685 16.9386 15.501 17.1544 26.3014 19.737 15.4644 13.9003 11.8584 22.2198 15.6551 15.6459 28.0061 16.2044 18.8243 15.3151 14.9448 19.4722 14.5594 12.7273
threshold=0.37861418174568545 0.01127604370513602 -0.0065199916683650857 0.35540000915527353 -0.34605123446769076 0.035182263454430186 0.00067054861750397035 -0.00041939063062344063 -0.0044975906417759311 -0.043569304040952765 1.3513677285181525 -0.53660956610588939 9.8089295893680788 0.37079999923706058 0.29469999313354495 0.015993632763769177 -0.022057570049391784 -1.0000000180025095e-35 0.027873648482421336 -0.051383396633592697 -0.67921421568834439 -0.23700003623962398 -0.050202006330161579 0.01162006430888031 -0.032477128645256807 -0.29160651521169095 0.0018738755630215715 0.14999999999999999 0.010625625057031371 -0.0012536415525373791
decision_type=2 2 2 2 2 2 2 2 2 2 2 2 2 2 2 2 2 2 2 2 2 2 2 2 2 2 2 2 2 2
left_child=6 -2 3 4 5 -3 18 12 9 -9 -10 -11 16 14 -14 -15 -8 -12 21 26 -21 22 -1 24 -23 -24 27 -20 -22 -25
right_child=1 2 -4 -5 -6 -7 7 8 10 11 17 -13 13 15 -16 -17 -18 -19 19 20 28 23 25 29 -26 -27 -28 -29 -30 -31
leaf_value=-0.0092676256441583584 0.0096693114637768952 -0.00040033155327460904 0.0013066555185401848 -0.0065148484274449138 -0.0053217215576440713 0.014018299809142373 -0.027070456984440893 -0.029935883349044335 -0.00047296209570162344 0.020576472179000899 -0.023868672040218669 -0.0047628545671297845 -0.0006387187145295277 -0.0007450546272865751 0.0039045052392004307 -0.014287623188283614 -0.0042807276734141532 -0.0042531967738104479 0.0080077472524834464 -0.0073317130591098682 -0.0016600487487308899 0.0057214126979191543 0.0041890748394444229 0.0058661815773758405 -0.00028376545461112371 0.014118296482185232 -0.00059595543745520412 -0.0011243040694124374 0.0043184932282840883 0.0014077790103631321
leaf_weight=106.23692759126425 153.61097142100334 134.3290886208415 4509.0783938616514 475.38693426549435 113.79822651296854 105.2885372787714 31.640692591667175 28.190672069787979 8481.5355804339051 24.191409587860107 33.974882587790489 1279.9052486270666 2214.7809048742056 2941.0992661416531 2378.2980582416058 100.15329247713089 175.07827413827181 756.09669744968414 606.7138786315918 403.58058136701584 4699.3940153196454 491.94371320307255 437.94965160638094 725.80526043474674 10435.489175193012 205.3677197471261 890.13980383425951 321.50513914227486 397.62092636525631 2796.8768818937242
leaf_count=434 625 544 18268 1931 464 428 173 119 34499 98 141 5271 9004 11945 9670 409 777 3102 2484 1682 19281 2002 1777 2951 42423 829 3664 1321 1623 11320
internal_value=-4.11224e-07 0.000928097 0.000676547 -0.00275154 0.00231056 0.00593525 -0.000124885 -0.000641754 -0.00136557 -0.0048354 -0.00086697 -0.0042928 0.000337102 0.000556594 0.00171376 -0.00119103 -0.00776896 -0.00509671 0.000298481 -0.000693621 -0.00164401 0.000776198 0.00500228 0.000556983 -1.34175e-05 0.0073588 0.00218134 0.0048447 -0.00119366 0.00232638
internal_weight=46455.1 5491.49 5337.88 828.803 353.416 239.618 40963.6 18444.9 10603.9 1332.29 9271.61 1304.1 7841.05 7634.33 4593.08 3041.25 206.719 790.072 22518.6 7318.95 5500.6 15199.7 749.554 14450.1 10927.4 643.317 1818.36 928.219 5097.01 3522.68
internal_count=189259 22260 21635 3367 1436 972 166999 75208 43230 5488 37742 5369 31978 31028 18674 12354 950 3243 91791 30055 22586 61736 3040 58696 44425 2606 7469 3805 20904 14271
is_linear=0
shrinkage=0.03


Tree=171
num_leaves=31
num_cat=0
split_feature=31 25 19 5 19 40 24 28 14 35 30 17 12 26 24 40 0 31 22 39 24 40 12 45 31 6 33 1 25 19
split_gain=5.87236 7.36202 7.0695 6.98221 12.0847 13.7263 15.8479 13.4473 17.3389 13.5822 12.8297 11.8783 11.8704 10.7835 9.66816 30.2562 18.3843 16.7668 15.2582 14.1902 12.4721 25.354 17.3529 12.182 11.4101 11.9258 11.2183 8.11838 7.47329 6.41406
threshold=-0.1048846476832669 -0.62103815807799678 1.2203816524249478 -0.070281864518649748 1.3500341979282393 0.00080751642110836127 0.14673781685833184 -0.31191225998133992 0.42779998779296885 -0.0018531970997900246 -0.0026272027811147518 -0.010341141971201107 0.057182037927536185 0.0034681961145711913 0.58406638250171039 0.0024338037179355621 -0.035205980347728497 0.017544298532659392 0.65000000000000002 -0.0044268698158401506 0.49055713373694071 -0.039057171230984455 -0.0065302758329785241 0.0018955860716268309 -0.039816382120591194 -0.029502506948026693 -0.076376717343576303 0.0071917423792875251 -0.82380403454092865 1.1289958664299085
decision_type=2 2 2 2 2 2 2 2 2 2 2 2 2 2 2 2 2 2 2 2 2 2 2 2 2 2 2 2 2 2
left_child=1 2 29 4 7 13 -7 8 11 -10 -8 -2 27 -6 20 16 -16 -18 19 -17 24 -22 -23 -20 26 -26 -5 -9 -15 -1
right_child=3 -3 -4 14 5 6 10 12 9 -11 -12 -13 -14 28 15 18 17 -19 23 -21 21 22 -24 -25 25 -27 -28 -29 -30 -31
leaf_value=-0.012246703354430327 -0.023827622406174281 -0.00024025330204815727 -0.023500908835457315 -0.0057238490518972023 -0.0026919820171069061 0.030100563829322378 0.02785468009647327 0.01690396038099343 -0.0195012865637441 0.0097709747491645706 0.0022153740109966034 -0.0052775365847290735 0.021307947164598964 0.0028700153539334742 0.012272245036606094 0.013239498516893435 -0.0019230430560670492 0.0082311849575221717 -0.012399878320284483 -0.0060983631705964136 -0.036487418783499162 -0.0058962333920605618 0.0037216361538987032 -0.0044246210651660229 -0.00093330505268151675 0.00031115685719135895 -0.00035298082443421537 0.0015228439342253046 0.034754450900917964 0.013714379467175091
leaf_weight=29.16005876660347 34.670128263533115 100.02546824514866 31.445502936840057 624.72415342926979 123.54569845274091 39.811057060956955 22.468879505991936 31.653843306005001 16.433336481451988 108.16564579308033 80.47992904484272 298.97526983171701 28.984877407550812 13.579700350761415 117.07032978534698 62.175219222903252 889.63312256336212 175.16877521574497 336.28102698922157 75.772458225488663 14.943273037672041 187.8743429556489 1665.8070914745331 353.64960408210754 9023.949420504272 29875.495972834527 795.95760475099087 1270.1864960044622 12.901740014553068 12.127093806862829
leaf_count=121 143 413 131 2559 509 166 93 131 67 443 328 1250 122 56 482 252 3651 729 1427 309 112 818 6839 1445 36883 121243 3245 5188 54 50
internal_value=-4.14835e-07 -0.00552118 -0.0127838 2.01934e-05 0.00171804 0.00736807 0.014027 0.000793391 -0.00363899 0.00591026 0.00781123 -0.00720513 0.0023196 0.00103171 -5.97792e-05 -0.00209268 0.000988059 -0.000252588 -0.00649072 0.00261752 3.70625e-05 0.00243309 0.00274685 -0.00831186 -7.39808e-05 2.24648e-05 -0.00271474 0.00189683 0.0184041 -0.00462127
internal_weight=46453.1 172.758 72.7327 46280.4 2081.86 292.787 142.76 1789.07 458.244 124.599 102.949 333.645 1330.83 150.027 44198.5 2009.75 1181.87 1064.8 827.878 137.948 42188.8 1868.62 1853.68 689.931 40320.1 38899.4 1420.68 1301.84 26.4814 41.2872
internal_count=189259 715 302 188544 8550 1206 587 7344 1903 510 421 1393 5441 619 179994 8295 4862 4380 3433 561 171699 7769 7657 2872 163930 158126 5804 5319 110 171
is_linear=0
shrinkage=0.03


Tree=172
num_leaves=31
num_cat=0
split_feature=3 44 27 43 23 45 33 7 28 19 44 30 11 11 16 14 45 16 24 3 23 8 13 25 16 45 30 35 0 45
split_gain=5.87732 8.7385 10.2714 8.64999 8.70713 8.193 8.31205 12.6915 10.5133 10.4948 14.4022 8.61738 8.10372 7.46363 8.00997 7.24085 29.1795 40.0002 72.9977 36.7378 32.8479 22.5627 30.145 22.4796 21.4382 18.6725 17.943 17.7739 14.9415 12.3633
threshold=19.536250485302773 0.020238018716732208 0.10940632052273991 0.15754115858989429 -0.056075834855457252 0.017369677132613906 -0.031670922351498369 0.014286432273156532 -0.24875333658767393 1.163444004925217 -0.0089230535813676487 0.0051221853908051907 0.48082753700731229 0.398805290854786 0.02311506426773904 0.25869999885559086 -0.0057703979947873784 0.0013971128281725805 -0.44086463964476963 16.534046029316535 0.067857835771719069 0.14533819584180538 0.0029547648424500341 -0.74954548304595081 -0.008697306324245006 0.0028571965211618782 0.0052444656118078173 0.0018312718652271807 0.011794840679514315 -0.0044975906417759311
decision_type=2 2 2 2 2 2 2 2 2 2 2 2 2 2 2 2 2 2 2 2 2 2 2 2 2 2 2 2 2 2
left_child=15 5 3 13 -5 6 7 -2 -9 10 -8 -11 -6 14 -3 16 17 20 -19 -20 27 22 25 -24 26 -18 -23 -1 -26 -17
right_child=1 2 -4 4 12 -7 9 8 -10 11 -12 -13 -14 -15 -16 29 21 18 19 -21 -22 24 23 -25 28 -27 -28 -29 -30 -31
leaf_value=0.0013992053904291397 0.021132632481758475 0.020838265708264216 -0.019462368354357888 0.018944276443532217 -0.0043890246269484073 0.01080031113583808 0.002637959602848771 0.001895259538041491 -0.0091742717974031517 0.0058843459036509544 -0.0098600824532865221 -0.0090377447122002869 0.020422497961891762 -0.004195897380491506 -0.0055784626268561765 -0.001336136014110013 -0.0077504758076481269 0.053720739756836222 0.010996852259510703 -0.0055075862517196573 0.02826712005093342 0.0089560296682419781 0.0030359339213254363 -0.0032176823286575906 0.0010849223297851806 -0.025104389608625575 -0.0046052132626074769 -0.0086430933725273693 -0.0043355387075377019 0.00042309871361895885
leaf_weight=340.63634820282459 14.765738680958746 59.703246518969536 17.35446509718895 19.876636728644371 134.64836904406548 37.232922345399857 144.20534893870354 95.186566352844238 409.08218413591385 215.90358163416386 195.45955801010132 41.530208215117455 12.990300357341765 20.623824551701546 12.491795152425764 4030.9709719866514 415.57327802479267 30.846142306923866 436.55554601550102 168.12941253185272 31.162908494472504 407.21736563742161 635.98842723667622 2772.8364992141724 1312.9115733355284 64.457185000181198 111.94833616912365 296.85365053266287 702.61269123852253 33261.379672266543
leaf_count=1384 60 243 73 81 550 153 592 393 1688 886 802 171 53 84 51 16479 1704 126 1811 681 130 1647 2588 11371 5333 265 452 1274 2850 135284
internal_value=-4.15443e-07 -0.00189314 0.00288453 0.00437422 0.000303661 -0.00304343 -0.00350524 -0.00628203 -0.00708477 -0.00109149 -0.00455402 0.00347706 -0.00220593 0.0117206 0.0162674 5.97487e-05 -0.00077604 0.00331518 0.00870426 0.00640788 -0.00180696 -0.00160669 -0.00304211 -0.00205094 0.000595618 -0.0100807 0.0060318 -0.00327709 -0.000804653 0.000232941
internal_weight=46451.1 1431.05 277.689 260.334 167.515 1153.37 1116.13 519.034 504.269 597.099 339.665 257.434 147.639 92.8189 72.195 45020.1 7727.73 1304.18 635.531 604.685 668.653 6423.55 3888.86 3408.82 2534.69 480.03 519.166 637.49 2015.52 37292.4
internal_count=189259 5880 1135 1062 684 4745 4592 2141 2081 2451 1394 1057 603 378 294 183379 31616 5406 2618 2492 2788 26210 15928 13959 10282 1969 2099 2658 8183 151763
is_linear=0
shrinkage=0.03


Tree=173
num_leaves=31
num_cat=0
split_feature=6 15 16 31 2 17 22 26 33 15 13 34 19 45 37 20 1 5 43 13 12 15 19 17 37 28 44 34 10 16
split_gain=5.80545 7.85442 10.7911 11.8044 10.6122 11.2505 10.8067 10.5929 8.89825 10.3097 8.36244 8.19231 10.4666 12.2691 7.60979 7.63563 6.81584 11.9282 13.6468 13.2924 21.9818 13.7519 10.9093 11.5136 10.8779 9.94757 18.4805 9.79917 9.0812 8.92129
threshold=0.31670942536295615 -0.084000062942504866 -0.017858126148118655 -0.0049464114388317647 0.012604071246990299 -0.01149773440773596 1.9833333333333336 -0.010443915676865362 0.6386108579139399 -0.134999942779541 0.0061258538511526177 0.016298699007743885 1.2724162973979263 0.00082773716612596427 0.042284070825834734 -0.16499999999999995 0.047513828514543353 -0.055491284691164149 9.9989559118625078 0.00071045639401242798 0.0010059084861707963 0.17049999237060551 1.2067016136691697 -0.0018465145245611762 0.057581993711791978 0.88517426471798999 0.0021338811526372633 -0.085107948869992303 -0.025564738779175835 0.015718312177724052
decision_type=2 2 2 2 2 2 2 2 2 2 2 2 2 2 2 2 2 2 2 2 2 2 2 2 2 2 2 2 2 2
left_child=16 2 -2 -4 5 -3 7 -7 9 -5 -8 14 13 -13 -6 -16 29 19 25 20 21 -18 23 -21 -20 -19 -27 -24 -22 -1
right_child=1 4 3 8 11 6 10 -9 -10 -11 -12 12 -14 -15 15 -17 17 18 24 22 28 -23 27 -25 -26 26 -28 -29 -30 -31
leaf_value=-7.5951779476571605e-05 -0.013702299272986865 -0.026056665232652952 -0.0049351426339491683 0.011087679874953892 0.033427826872380842 0.013077497386571631 0.028675238394673522 -0.0097209172520726413 -0.0036224864085683582 0.03401548452151789 -0.0026785232706930209 0.0058347171595904959 0.021153901126729269 -0.012908347628947407 0.00054351012132772421 0.018203717040493186 -0.02098950695378355 -0.0010031475049916726 0.0059352077241778597 0.0043528361802051578 0.033493806731965656 0.010922098606515331 -0.015269356728186936 -0.0014784627371125176 0.036407177756108133 -0.0087169578100629672 0.0010588780480192039 0.0066523749531592624 -0.0024574225350479624 0.0011197036992191512
leaf_weight=28827.43008659035 15.589270159602163 19.399242073297501 25.465015307068825 34.91315521299839 12.660076364874838 22.249038398265839 16.470856174826626 104.44972507655621 13.846859797835348 35.698436453938484 14.305128321051596 70.285967364907265 19.316739544272423 56.860280841588974 48.495538219809532 40.381675645709038 73.218739166855812 7381.3327887058258 43.059964284300804 472.58188307285309 13.02383801341057 14.572584897279738 19.087336450815201 857.99405461549759 13.962365880608557 423.52754612267017 295.44874265789986 476.32490862905979 12.291400611400602 6975.4029531218112
leaf_count=117294 63 81 103 141 51 90 69 425 56 144 58 284 78 230 196 163 304 30203 176 1940 53 59 79 3537 57 1745 1217 1960 50 28353
internal_value=-4.12514e-07 0.00306237 0.0096561 0.0129688 0.00111451 -0.00449968 -0.00184408 -0.00571738 0.018367 0.0226791 0.0141016 0.00511856 0.00057865 -0.00254725 0.0116672 0.00856749 -3.7139e-05 -0.000725558 -0.00122831 0.00138939 -0.00859056 -0.0156925 0.00200757 0.000592645 0.0133965 -0.00133126 -0.00469978 0.00580777 0.0160383 0.000156996
internal_weight=46449.6 550.387 125.513 109.923 424.874 176.874 157.475 126.699 84.4585 70.6116 30.776 248 146.463 127.146 101.537 88.8772 45899.3 10096.4 8157.33 1939.09 113.107 87.7913 1825.99 1330.58 57.0223 8100.31 718.976 495.412 25.3152 35802.8
internal_count=189259 2232 507 444 1725 723 642 515 341 285 127 1002 592 514 410 359 187027 41380 33398 7982 466 363 7516 5477 233 33165 2962 2039 103 145647
is_linear=0
shrinkage=0.03


Tree=174
num_leaves=31
num_cat=0
split_feature=37 35 14 17 6 25 33 18 44 14 23 23 13 15 41 35 40 40 16 40 16 7 17 6 40 23 3 3 31 31
split_gain=5.74483 18.724 7.73309 23.0603 11.0489 9.11216 14.5327 9.9674 8.23927 7.89786 28.4879 31.4024 20.8834 20.1758 14.7558 15.0944 13.2877 20.4611 26.0792 15.4887 14.1896 19.4673 12.7809 12.0714 7.51829 11.8027 10.6943 7.59337 10.5592 7.03078
threshold=1.0000000180025095e-35 -0.017047400045778923 0.18960000038146976 -0.00035004093597502473 0.011345536712241368 -0.54491354724093988 -0.40381581796408023 0.21195474004698461 -0.0116907235766917 0.25869999885559086 -0.021550192841523343 -0.022351212837980514 0.0047613750804442172 -0.12749996185302734 0.0077488615770214811 -0.007152800053472819 0.0090456825759031335 0.0068982255722212747 0.010350914992999191 0.0051221853908051907 0.021244416612414239 0.015777397368198623 0.011886428700466955 -0.11887354815692545 0.00044201731839035705 0.01296064367914221 18.684025139471821 17.9345905285935 -0.031691761509809353 0.0063114400797023131
decision_type=2 2 2 2 2 2 2 2 2 2 2 2 2 2 2 2 2 2 2 2 2 2 2 2 2 2 2 2 2 2
left_child=1 -1 3 4 8 6 -5 -7 -2 10 11 13 -13 -4 15 -12 17 19 -19 -11 22 -22 -18 -16 25 -3 29 28 -27 -26
right_child=2 24 9 5 -6 7 -8 -9 -10 16 14 12 -14 -15 23 -17 20 18 -20 -21 21 -23 -24 -25 26 27 -28 -29 -30 -31
leaf_value=0.040052794436494697 0.0042597853079176552 0.0041287783897512899 -0.021961092671712298 0.028388797875251379 0.0061205059984992104 0.029875066337331859 -0.012747750935918359 0.0025604863425110823 -0.024969834330542628 0.00027652946961862748 0.0020609207957288296 0.053349753011936049 0.013351870620255571 0.0021532920966491247 -0.015773549117071416 -0.0036728794871876327 -0.0032905179039952911 0.001851965773100397 0.01265614716019022 -0.0028023361691251595 0.020034250665575602 0.00078247063659477793 0.0052573755863797485 0.00063288989801457316 0.011401467344661874 0.015125229954498935 -0.017711042430857339 0.010431181064416426 -0.012372761506112934 -6.0166638189127107e-05
leaf_weight=11.963895902037619 12.319089487195013 202.34911507368088 31.856144979596138 12.667718365788458 37.426383405923843 46.760226279497147 19.825718283653259 16.185436755418777 29.375627651810646 32440.02106140554 469.0520356297493 15.616559252142904 47.426459148526192 1579.6261601895094 41.289035521447659 3471.0340065173805 2342.2168674916029 977.16700279712677 253.16738799214363 1540.3598676323891 53.01620489358902 436.32059602439404 168.7737845480442 1797.3504461459816 157.01332932710648 14.046289071440695 15.709461972117422 19.79633903503418 119.43063266575336 69.48275400698185
leaf_count=70 50 836 129 51 151 188 80 65 119 132064 1916 64 191 6417 180 14234 9583 3960 1036 6248 214 1775 683 7354 632 57 64 81 487 280
internal_value=-4.09168e-07 0.00289226 -3.88902e-05 0.00626337 -0.00571225 0.0161914 0.00328953 0.0228516 -0.0163337 -6.29818e-05 -0.000956306 0.00248917 0.0232599 0.00167659 -0.00195471 -0.00299029 0.000111265 0.00027457 0.00407516 0.000136962 -0.00180522 0.00286827 -0.00271598 0.000264462 0.0021486 -0.000627856 0.00622517 -0.00690749 -0.00947904 0.00788535
internal_weight=46448.6 609.792 45838.9 174.56 79.1211 95.4391 32.4934 62.9457 41.6947 45664.3 7453.25 1674.53 63.043 1611.48 5778.73 3940.09 38211 35210.7 1230.33 33980.4 3000.33 489.337 2510.99 1838.64 597.828 355.622 242.206 153.273 133.477 226.496
internal_count=189259 2507 186752 704 320 384 131 253 169 186048 30485 6801 255 6546 23684 16150 155563 143308 4996 138312 12255 1989 10266 7534 2437 1461 976 625 544 912
is_linear=0
shrinkage=0.03


Tree=175
num_leaves=31
num_cat=0
split_feature=39 38 23 9 2 12 36 9 17 44 33 26 38 17 9 14 12 12 17 2 14 31 39 13 31 40 33 23 8 19
split_gain=5.69409 17.1261 11.6458 15.6052 18.1942 13.0376 12.3339 13.8096 11.2497 15.3618 11.7021 10.5306 10.4472 17.7185 18.3452 19.3834 19.3844 18.8163 14.9567 17.6731 16.9364 14.0905 11.3997 12.1309 11.3553 11.9276 19.6571 14.0679 10.8755 12.3325
threshold=0.0076388721391857798 0.058959670541986149 0.027893609360534481 0.015893079625683395 -0.0025840666533240345 0.022121160975405275 -0.015086056976165415 0.00083339874304058734 0.0091092596498124987 -0.028676722896576742 -1.2059005625872785 0.022598656072097087 0.17805789030845534 -0.005969793726116098 -0.02504733603278423 0.37079999923706058 -0.0041588612697717629 -0.0011661458497640379 -0.00054362373465843686 -0.023437830029396093 0.18960000038146976 -0.090432785116982675 0.0051053568426902259 0.0015178481673002026 0.0020642117348558396 -0.0078340934961835008 -9.9411349836180687 -0.11437166639007595 0.38972565322099478 0.72268229982800369
decision_type=2 2 2 2 2 2 2 2 2 2 2 2 2 2 2 2 2 2 2 2 2 2 2 2 2 2 2 2 2 2
left_child=12 2 3 6 -5 -6 7 -2 10 -10 -4 -11 13 14 21 17 -17 -16 -14 22 -21 -1 23 -20 25 26 -15 -27 -26 -30
right_child=1 -3 8 4 5 -7 -8 -9 9 11 -12 -13 18 24 15 16 -18 -19 19 20 -22 -23 -24 -25 28 27 -28 -29 29 -31
leaf_value=-0.016126476126542992 0.0026716489197109597 -0.00034915556181794696 -0.02255334383138316 -0.011067220230918471 0.0019856764620079493 -0.022847145795679393 0.0032458514716911667 0.033087185824025922 0.028019039449215424 0.0055687275258940001 -0.0013399189695057715 -0.015007028153296778 0.0021744446878398109 0.028524497020819023 -0.0057994839243794925 0.0034514596824524275 -0.0059595514012155048 0.00053579817894921469 -0.01339542477673605 0.021599702378675745 0.00014058296795268802 0.010089104455866523 0.0087528946065421141 -0.0036110619922128471 -0.0013354851685825272 0.02741378907133564 -0.0037187656797392013 0.00075003756508608128 0.0058515675487237993 -0.00045329308851754649
leaf_weight=20.825354799628258 27.128550931811333 8119.6767564713955 23.91229946911335 142.29962702095509 499.76600390672684 19.780928716063499 3294.4257367625833 26.615529850125313 24.534153684973717 167.53790424764156 1100.465174574405 25.838851362466812 3563.9853516221046 17.396634086966515 539.54062754660845 222.92080092430115 1692.7316126525402 1935.6801928430796 156.96646858751774 33.359386846423149 4271.8099644333124 161.93532495200634 49.251299738883972 417.0535302311182 7845.4628237001598 17.840293064713478 779.8329126983881 10001.519653230906 422.06055260449648 825.00685768574476
leaf_count=85 116 33020 110 589 2021 84 13407 107 100 680 4481 105 14523 81 2255 905 6901 7884 665 134 17379 659 202 1712 32005 72 3222 40699 1709 3347
internal_value=-3.99318e-07 0.000519275 0.00183672 0.00264635 -0.00156294 0.00104021 0.00347842 0.0177342 -0.000581995 0.00565659 -0.00179107 0.00281941 -0.000212712 -0.000527206 -0.00221104 -0.00259867 -0.00486441 -0.000845146 0.00069394 -0.000376681 0.000306863 0.00710187 -0.00509818 -0.00628661 -0.000140386 0.000516503 -0.00301517 0.000797515 -0.000921828 0.00168054
internal_weight=46447.2 13472 5352.3 4010.02 661.847 519.547 3348.17 53.7441 1342.29 217.911 1124.38 193.377 32975.2 24482.8 4573.63 4390.87 1915.65 2475.22 8492.43 4928.44 4305.17 182.761 623.271 574.02 19909.1 10816.6 797.23 10019.4 9092.53 1247.07
internal_count=189259 54820 21800 16324 2694 2105 13630 223 5476 885 4591 785 134439 99824 18689 17945 7806 10139 34615 20092 17513 744 2579 2377 81135 44074 3303 40771 37061 5056
is_linear=0
shrinkage=0.03


Tree=176
num_leaves=31
num_cat=0
split_feature=35 35 13 3 40 25 24 24 45 45 24 35 3 38 39 20 5 40 12 24 27 15 42 15 5 45 14 40 31 20
split_gain=5.87559 26.9268 33.8405 23.3612 21.0829 29.9835 20.437 22.4797 21.7324 19.6591 28.5927 19.4695 18.4433 18.149 17.176 15.9975 22.1402 17.8838 23.5388 23.2899 24.0487 15.9018 15.4498 14.8614 13.6404 12.8886 23.21 21.2307 12.8464 12.2089
threshold=0.0027521982244895541 0.0015012687200363424 0.00076386829143257307 16.765923891912646 0.0047736973658133721 -0.90041887642428386 -0.20542724426159462 -0.11613003267253101 -0.009819348684619365 -0.0008818368715310924 0.82702113488208517 0.0038301321723513454 16.921708135508613 1.719581677305053 -0.034351134084252125 0.47500000000000003 0.054246705771767607 -0.0010345272937541071 -0.010698562786912447 -0.56961945686261062 0.01153845624810826 0.13000006675720219 0.035141812317592148 -0.029000043869018551 0.010101208412833131 0.0047736973658133721 0.20750000000000005 0.0040312939603535294 -0.011399116243347478 0.33000000000000007
decision_type=2 2 2 2 2 2 2 2 2 2 2 2 2 2 2 2 2 2 2 2 2 2 2 2 2 2 2 2 2 2
left_child=1 29 3 -3 9 -6 15 12 11 10 -4 -9 25 21 -11 17 23 19 24 -2 -21 -10 -5 -17 -19 27 -27 -8 -13 -1
right_child=6 2 4 22 5 -7 7 8 13 14 -12 28 -14 -15 -16 16 -18 18 -20 20 -22 -23 -24 -25 -26 26 -28 -29 -30 -31
leaf_value=-0.00017141340502801168 -0.01500869993477769 0.019700735803415442 0.0011666757877933243 0.01204667155255334 -0.035072657468961543 -0.0066487663274457333 -0.0084865378549520143 -0.020587914771501986 0.00066767721133460193 -0.013211224139778951 0.040840725795763304 0.0032165875561946922 0.0010628349897256804 -0.0093565864806972304 -0.002664204539570936 -0.0019496306612311459 -0.015570324489270969 0.048261266460172585 0.0044979799577167523 0.01812753471389526 -0.00024028327972334165 0.0049407593331492255 -0.0140433683427835 0.023709891884038967 0.0089350998317431016 -0.052707925568382843 -0.011315700479040751 0.0057800186922876886 -0.0055800911999276072 0.0013104275776993962
leaf_weight=23303.90683940798 88.271312609314919 104.6344009488821 861.00946335494518 38.800156742334366 36.530847787857056 389.83319520950317 386.2812408208847 60.986093297600746 6706.3691123053432 144.92379666864872 16.665215149521828 214.07029228657484 379.15118589997292 150.4103874117136 3379.5077393054962 26.061725184321404 20.717468157410622 17.677118301391602 1002.5166438221931 69.220190182328224 876.4250236004591 887.53170327842236 43.139646992087364 92.118763342499733 14.407738357782362 13.452235803008078 130.15877011418343 124.01985314488411 494.68229921162128 6372.2677976042032
leaf_count=95118 357 426 3517 158 153 1582 1589 263 27299 595 86 877 1542 614 13723 107 84 74 4054 288 3547 3604 177 372 58 55 529 501 2117 25793
internal_value=-3.98343e-07 -0.00019681 -0.00222996 0.0103067 -0.00271438 -0.00908412 0.000579272 -2.22251e-05 0.000484854 -0.00209745 0.00192 -0.00432273 -0.00420134 0.000962699 -0.0030979 0.00318076 0.0130365 0.00251896 0.00530751 -0.000271431 0.00110422 0.00116709 -0.00168921 0.0180513 0.0306018 -0.00725362 -0.015193 -0.0050193 -0.00292316 0.000146777
internal_weight=46445.7 34691.2 5015.04 186.574 4828.47 426.364 11754.5 9547.11 8514.05 4402.11 877.675 769.739 1033.06 7744.31 3524.43 2207.42 138.898 2068.52 1034.6 1033.92 945.645 7593.9 81.9398 118.18 32.0849 653.912 143.611 510.301 708.753 29676.2
internal_count=189259 141328 20417 761 19656 1735 47931 38990 34774 17921 3603 3257 4216 31517 14318 8941 563 8378 4186 4192 3835 30903 335 479 132 2674 584 2090 2994 120911
is_linear=0
shrinkage=0.03


Tree=177
num_leaves=31
num_cat=0
split_feature=16 2 37 26 39 36 41 33 16 24 8 6 9 19 11 3 25 26 9 35 20 3 13 26 19 35 35 17 24 9
split_gain=5.72569 7.89917 7.78288 9.82312 7.72034 8.30429 7.45506 9.20632 6.81938 9.69133 17.6305 19.7016 12.7571 16.9804 12.3538 9.86511 9.51891 8.12091 6.79467 13.3862 12.9145 11.9501 10.0025 7.74903 7.74056 7.04507 23.9164 25.7837 19.4532 36.6368
threshold=-0.10740115070762786 -0.05600002286288825 0.035374155079421106 -0.0082015224443166834 -0.023922913493913841 0.0015205260551065117 0.0044611413804614662 0.32367110436991725 -0.069850400198251991 0.30675840976986285 -0.12697387999096085 -0.18287601466165701 -0.0014169587831431511 1.0379672830020588 0.106401089547157 17.576972918183586 -0.55348254084773407 -0.014528075513302425 0.033309770964385525 0.0042238270575269158 0.47500000000000003 15.914828314727897 0.0067652000044919648 0.020933784624384191 0.56811834008184936 0.0027521982244895541 0.001652118329190571 0.021082077866125308 -0.20542724426159462 -0.030493243762176544
decision_type=2 2 2 2 2 2 2 2 2 2 2 2 2 2 2 2 2 2 2 2 2 2 2 2 2 2 2 2 2 2
left_child=1 -1 3 -3 -4 -6 7 -5 9 10 11 -2 15 -14 16 -12 -11 -13 25 20 21 -20 24 -24 -21 26 -10 -28 29 -27
right_child=8 2 4 6 5 -7 -8 -9 18 14 12 17 13 -15 -16 -17 -18 -19 19 22 -22 -23 23 -25 -26 28 27 -29 -30 -31
leaf_value=-0.028613273108712103 0.026033480254514019 -0.022660983362367604 -0.013004520836317196 -0.023543351339740202 0.028848890429048611 0.0024743862939159604 0.011730152277491778 0.0046465755984785757 1.7817051842110729e-05 0.039098081307182668 0.020172794809981794 -0.038331849250907525 -0.014199899273961803 0.013091955217993499 -0.00079010801988707222 -0.003022916515612018 0.013056711214686529 -0.011990362574020684 0.0098172273503809148 0.0091916273198034346 0.02707066722409333 0.0012782667323085479 0.0040385629555204985 -0.013752616410064011 -0.014556217059748165 0.033815076406801946 -0.0027443609111408793 0.014219057619487416 -1.5626524216924646e-05 0.0026679043050094448
leaf_weight=12.172949984669684 11.076434046030043 32.749154552817345 19.288377732038498 21.510324105620384 14.195786386728285 44.190089955925941 21.910114154219627 20.234839960932732 29478.638026840985 16.830406174063683 64.804900929331779 13.114134341478346 46.529666662216187 36.70114940404892 44.64867103099823 22.139167413115501 50.652594953775406 53.524806931614876 210.49858070909977 14.523626849055288 22.205321505665779 492.89458183944225 136.2101201415062 26.285250514745712 82.645801410079002 34.552174389362335 4087.1937059909105 82.265011757612228 9149.1837015450001 2080.5865880846977
leaf_count=50 52 136 80 90 58 180 90 83 120101 68 263 54 189 149 180 90 204 221 852 59 89 2002 552 108 341 143 16656 333 37363 8423
internal_value=-3.97025e-07 -0.00524983 -0.00361607 -0.00930996 0.00345082 0.00888701 -0.00244117 -0.00987905 2.07392e-05 0.00413349 0.000823072 -0.011016 0.00622973 -0.00216539 0.0114519 0.0142663 0.0195515 -0.0171742 -1.15212e-05 0.00245291 0.00454477 0.00383365 -0.0033925 0.00116066 -0.0110067 -6.55846e-05 -0.000282981 -0.00240967 0.00058381 0.00317671
internal_weight=46444 186.252 174.079 96.4044 77.6743 58.3859 63.6553 41.7452 46257.7 360.022 247.89 77.7154 170.175 83.2308 112.132 86.9441 67.483 66.6389 45897.7 985.263 725.598 703.393 259.665 162.495 97.1694 44912.4 33648.1 4169.46 11264.3 2115.14
internal_count=189259 767 717 399 318 238 263 173 188492 1470 1018 327 691 338 452 353 272 275 187022 4003 2943 2854 1060 660 400 183019 137090 16989 45929 8566
is_linear=0
shrinkage=0.03


Tree=178
num_leaves=31
num_cat=0
split_feature=12 13 24 16 17 0 2 16 27 16 45 13 0 31 23 20 17 4 17 15 43 6 40 25 22 12 13 35 20 12
split_gain=5.75277 16.7136 26.5417 14.0014 16.1893 16.6075 13.7875 16.4552 20.8149 20.2689 18.8958 26.3516 15.6901 16.2373 18.1609 14.882 13.7831 13.6856 14.4309 15.8843 11.9549 11.8177 11.7887 11.7381 10.8529 10.8508 29.1379 26.8907 27.3022 24.8692
threshold=0.0013055598480894526 0.0013205237637713633 0.82702113488208517 -0.022536938084767279 -0.014817996692911286 -0.028766580109162675 -0.0016983908763292524 0.0056286138876285646 0.1004076818571512 0.0058395613912662165 9.156570893712997e-05 0.013119643186654057 0.0084073723285064319 0.012320490796872054 -0.0015900565040251333 -1.0000000180025095e-35 0.00023613235218658847 -9.9411349836180687 0.0057241255071587898 -0.071499967575073223 -0.10339570384640594 -0.074882546626711829 0.002093568274317312 0.21617755625045765 0.05000000000000001 -0.0015638060659038243 0.013667525005958471 -0.0065302758329785241 -0.11249999999999998 -0.001688676212380694
decision_type=2 2 2 2 2 2 2 2 2 2 2 2 2 2 2 2 2 2 2 2 2 2 2 2 2 2 2 2 2 2
left_child=17 2 3 20 5 -5 7 10 9 -9 11 -3 13 14 -8 -12 -6 18 19 -1 21 -2 -15 24 -14 29 27 28 -27 -19
right_child=1 6 -4 4 16 -7 12 8 -10 -11 15 -13 23 22 -16 -17 -18 25 -20 -21 -22 -23 -24 -25 -26 26 -28 -29 -30 -31
leaf_value=-0.033061384100391847 -0.023343087764889001 0.0041008572461819839 0.040550014357128544 0.022954234142244966 0.0086936990034017086 -0.010170182330885555 0.0072623171176874751 -0.033900692440067111 -0.018733421166271053 -0.0019496300792798146 0.00018178646654770989 -0.0054630970508924475 0.0059797318152357629 0.0017224408681997482 0.001839423955788227 -0.0045961875463016947 0.002455285957700705 0.00028602296869612481 -0.03483815406870399 -0.0017114413765094137 -0.011085963700786513 0.0070435685517863892 -0.0059475439762021872 0.011021461256026224 -0.00055765581366958505 0.0023760715219816111 -0.0083944198583593144 -0.0006603684104158719 0.018490921286863717 0.008227839401844815
leaf_weight=16.809106454253197 13.229514166712759 1633.6165174245834 17.004732817411423 15.473447933793066 525.29235170781612 113.86658482253551 890.20649267733097 17.980522587895393 69.738076493144035 2881.9061083048582 1919.8997817933559 308.19988378882408 240.14145301282406 484.28595793992281 1479.5644159540534 844.89085748791695 810.62067167460918 9774.7108900509775 17.755441844463348 108.02649423480034 111.50339803099632 89.085145175457001 287.36969272792339 84.687797620892525 4734.4157581925392 387.90555618703365 426.71907623112202 17644.651906616986 125.14836037158966 368.23473608493805
leaf_count=152 54 6618 89 63 2123 461 3625 73 292 11744 7808 1263 969 1981 6017 3438 3279 39850 135 526 453 361 1167 343 19177 1570 1744 71890 505 1489
internal_value=-3.93529e-07 0.000427564 0.00325826 0.00288059 0.00392709 -0.00620738 0.00012517 -0.00078859 -0.00253724 -0.00214774 0.000314714 0.00258289 0.000980494 0.00264578 0.00387654 -0.00127831 0.00490828 -0.000260889 -0.00953202 -0.00593271 -0.00429086 0.00311451 -0.00113391 -5.35277e-05 -0.00024207 -0.00021487 -0.000645607 -0.000463504 0.00630694 0.000574347
internal_weight=46442.9 17573 1696.08 1679.07 1465.25 129.34 15876.9 7676.23 2969.62 2899.89 4706.61 1941.82 8200.67 3141.43 2369.77 2764.79 1335.91 28870 142.591 124.836 213.818 102.315 771.656 5059.25 4974.56 28727.4 18584.4 18157.7 513.054 10142.9
internal_count=189259 71398 6883 6794 5926 524 64515 31236 12109 11817 19127 7881 33279 12790 9642 11246 5402 117861 813 678 868 415 3148 20489 20146 117048 75709 73965 2075 41339
is_linear=0
shrinkage=0.03


Tree=179
num_leaves=31
num_cat=0
split_feature=4 41 3 29 38 7 23 40 23 23 15 34 24 22 37 28 32 44 19 27 28 11 29 43 32 43 2 26 11 38
split_gain=5.76009 10.0619 11.3 12.8023 10.4444 10.0254 15.1253 14.3312 9.58509 14.0458 14.551 12.1172 11.7908 11.43 15.4856 11.9682 11.3984 9.76547 8.65823 8.13 7.97894 19.2847 11.2996 11.5808 11.1318 12.3772 11.0131 10.3881 10.1914 9.93723
threshold=0.32350331944917438 -0.0069687395916813773 13.4038445112666 0.041515773964909942 0.85725333154435124 0.016452155423276733 0.035904714945283252 0.0067695506112495857 -0.072383730619236961 -0.038142045888195864 -0.15399994850158688 -0.034376777002516526 -0.35113611606732326 0.2166666666666667 0.023121365433255107 -9.9411349836180687 0.029054074486822221 -0.010547079773590663 1.2972415823538854 0.025096500892492258 -0.72510820016854705 -0.13582887700534757 0.0092976479363681488 -0.20904713335098532 0.055877092760207379 -0.10339570384640594 0.0017477437900875236 -0.036179689477100187 -0.33112495612495607 1.0177433727153053
decision_type=2 2 2 2 2 2 2 2 2 2 2 2 2 2 2 2 2 2 2 2 2 2 2 2 2 2 2 2 2 2
left_child=20 8 5 -4 -5 6 7 -3 11 10 17 -2 -12 14 -11 -15 -13 -10 -7 -18 21 24 23 -23 25 -1 -25 -26 -27 -22
right_child=1 2 3 4 -6 18 -8 -9 9 13 12 16 -14 15 -16 -17 19 -19 -20 -21 29 22 -24 26 27 28 -28 -29 -30 -31
leaf_value=-0.00038185632277491836 0.03659247712286099 -0.0012561527561985558 -0.00064306040420496842 -0.010734063694635245 0.010366523151069151 -0.0097100709359401478 -0.018975248678958723 0.018776680252765035 0.024883108852486863 -0.005569791091508629 -0.014259501088981011 0.017819641547070421 -0.0029404797057528726 0.011727796138631371 0.0094208374790632383 4.125668958641576e-05 -0.015512551161804587 -0.006218802874636227 0.0071827428111618415 0.0046625890165691566 0.00039806903365257966 -0.0011923144875713976 0.0039246733709675111 -0.01161588227522313 0.0096116777977136563 0.001359485124505552 -0.0032925128293296315 -0.0042718691156152814 0.014818883215168992 -0.0021494806171053994
leaf_weight=189.36054468154907 12.261624798178671 220.97855170071125 6284.2045742124319 180.69194689393044 23.905402705073357 334.81172487139702 36.489011734724045 37.609574139118195 23.354076772928238 79.855132728815079 123.1021236628294 45.83102859556675 253.15895695984364 81.210213154554367 277.68413589894772 2734.0432277172804 23.937426194548607 14.871399536728857 29.731442719697952 72.185150548815727 32277.877707667649 350.90908623859286 130.37031835317612 337.180070720613 57.977329581975937 78.298598185181618 248.52572210133076 296.84884969890118 143.29409949481487 1439.4981524646282
leaf_count=767 50 899 25600 754 101 1378 149 153 95 325 503 186 1035 332 1135 11178 98 60 124 295 131182 1527 557 1561 237 319 1005 1213 579 5862
internal_value=-3.9762e-07 -0.000604065 -0.0012638 -0.000883501 -0.00826865 -0.00500482 -0.000893963 0.00165746 0.000656402 0.000341571 -0.00485213 0.00797985 -0.00664375 0.00102007 0.00607273 0.000378372 0.00550836 0.0127831 -0.00833233 -0.000361631 0.000184521 -0.00174321 -0.00435025 -0.00550206 0.00188926 0.00525022 -0.00808412 -0.00200335 0.0100631 0.000289306
internal_weight=46440.1 10889.9 7148.42 6488.8 204.597 659.62 295.077 258.588 3741.49 3587.28 414.487 154.215 376.261 3172.79 357.539 2815.25 141.954 38.2255 364.543 96.1226 35550.1 1832.76 1066.99 936.615 765.779 410.953 585.706 354.826 221.593 33717.4
internal_count=189259 44450 29158 26455 855 2703 1201 1052 15292 14663 1693 629 1538 12970 1460 11510 579 155 1502 393 144809 7765 4650 4093 3115 1665 2566 1450 898 137044
is_linear=0
shrinkage=0.03


Tree=180
num_leaves=31
num_cat=0
split_feature=32 14 14 1 23 18 24 18 32 19 0 31 43 20 3 33 12 14 35 8 12 25 4 18 36 38 23 40 24 39
split_gain=5.59737 11.6658 9.72825 17.1203 13.8984 9.99695 13.4945 10.152 9.47022 10.6944 12.2997 11.9626 12.0557 11.5215 9.38229 10.3961 9.34333 8.95999 14.0454 13.1766 14.0091 13.0633 8.79982 11.2034 10.7133 9.34384 11.5923 12.1963 11.6317 11.408
threshold=0.0084117094127229893 0.19250000000000003 0.24930000305175784 0.012511192996045513 0.012418784363419878 -0.21161147173631698 -0.012462659591172999 0.051897816076245003 0.015321462990767367 0.7267622280841054 0.0018849706660369048 0.010010114958374125 0.36801552232593521 1.0000000180025095e-35 14.936790646408708 -0.34583169791264184 -0.0012135441725875014 0.32370000839233404 0.011391508711943438 -0.094476543547198852 -0.0038515203559813548 -0.70938047797725201 0.68726140101692945 -1.4288091485566783 -0.045891823329025069 -0.4039516250569814 -0.038662295161963921 0.00063083413477041329 -0.43612202545406825 -0.022085403144624437
decision_type=2 2 2 2 2 2 2 2 2 2 2 2 2 2 2 2 2 2 2 2 2 2 2 2 2 2 2 2 2 2
left_child=1 -1 14 4 -4 6 -5 -7 9 10 -2 13 -13 -12 15 16 -3 18 -11 20 -19 -21 25 24 -24 29 27 -27 -28 -10
right_child=8 2 3 5 -6 7 -8 -9 22 17 11 12 -14 -15 -16 -17 -18 19 -20 21 -22 -23 23 -25 -26 26 28 -29 -30 -31
leaf_value=0.02214020721284251 -0.0018284998829363294 -0.025464418765564049 0.021533484912417796 0.022096707561940862 0.0031778793059945147 -0.0085621785769197916 0.0021382511098514906 0.0021338864444459156 -0.0036306092510513168 -0.0036329028318599138 0.0067244642406910551 -0.00038292512245985291 -0.031674826457181733 -0.0068679441351337965 0.0037308618432771276 -0.00011595447371627593 -0.0049547780242653432 0.010249006967972313 -0.016719313888559028 0.011572249292641751 -0.0065998529990087757 7.9823679153463067e-05 0.011464894320869232 -0.00069085633718462213 -0.0069224097405295943 -0.0021553743688322679 0.0036316286276411808 0.0010350405086291881 0.00055930863641443786 -0.00025654753856936302
leaf_weight=25.894708812236786 805.79631605371833 40.46547158062458 76.754931271076202 41.020542964339256 71.904803372919559 126.78869605064392 118.75882251560688 215.78427863121033 1052.9774141162634 1170.5994352772832 485.12107288837433 36.716117113828659 15.870509326457976 63.468127340078354 109.45885220170021 81.686378762125969 39.508796617388725 49.889354348182678 78.780905738472939 104.98685185611248 404.60719396919012 585.19717823714018 30.557898193597794 3333.0338563770056 427.35145404934883 2833.5547226369381 1160.9184489548206 1740.9566930234432 24825.987690716982 6284.8933895006776
leaf_count=104 3292 241 331 166 315 514 485 875 4324 4774 1957 148 64 257 443 338 161 204 322 425 1648 2368 134 13651 1783 11565 4697 7066 101007 25600
internal_value=-3.9738e-07 0.00228112 0.00172345 0.00371196 0.0126551 0.00106544 0.00726223 -0.0018248 -4.79437e-05 -0.00148146 0.000594276 0.00384169 -0.00982674 0.00515191 -0.00305136 -0.00764354 -0.0153323 -0.00270136 -0.00445808 -0.000783961 -0.00475038 0.00182799 8.2755e-05 -0.00129535 -0.00569536 0.000220603 0.000451419 -0.000941174 0.000696559 -0.000740722
internal_weight=46439.3 948.026 922.132 651.012 148.66 502.352 159.779 342.573 45491.3 3801.03 1406.97 601.176 52.5866 548.589 271.119 161.661 79.9743 2394.06 1249.38 1144.68 454.497 690.184 41690.2 3790.94 457.909 37899.3 30561.4 4574.51 25986.9 7337.87
internal_count=189259 3973 3869 2686 646 2040 651 1389 185286 15459 5718 2426 212 2214 1183 740 402 9741 5096 4645 1852 2793 169827 15568 1917 154259 124335 18631 105704 29924
is_linear=0
shrinkage=0.03


Tree=181
num_leaves=31
num_cat=0
split_feature=43 34 37 45 30 23 41 35 18 38 12 41 16 15 24 4 13 12 40 19 22 16 39 5 22 19 14 13 14 9
split_gain=5.54721 12.3433 13.8279 10.0298 11.4398 10.7936 9.52976 12.4788 16.561 9.97072 11.6941 9.91883 8.94972 8.92721 21.4579 18.2531 15.4744 28.9358 21.1124 12.8945 21.347 13.8453 12.8523 12.5659 11.9239 10.7982 15.504 11.5005 10.6967 15.3776
threshold=0.54709639342826588 0.039739237026981789 0.011848307521281425 0.0019777789103873522 0.0067695506112495857 0.0012095413204160079 -0.0126224707314456 -0.0083289946440419007 0.25405370432912017 -0.018247947871461886 -0.011998888491094881 0.0022675757052347555 -0.013296627375634919 -1.0000000180025095e-35 0.064850525286712687 -1.0726415920822336 0.0084370610209572074 -0.011998888491094881 -0.011225504557857384 1.3425263876170008 0.88333333333333341 0.0083370054218436154 -0.025513401706518512 0.15282722556106912 1.7833333333333334 0.90031904212085123 0.53370000839233411 0.0004173553521332947 0.40750000000000003 0.025125127327219453
decision_type=2 2 2 2 2 2 2 2 2 2 2 2 2 2 2 2 2 2 2 2 2 2 2 2 2 2 2 2 2 2
left_child=13 2 3 4 5 -2 7 8 -4 11 -11 -8 -9 15 16 -1 17 -15 -19 21 -21 -18 23 24 -17 26 -24 -27 29 -16
right_child=1 -3 6 -5 -6 -7 9 12 -10 10 -12 -13 -14 14 28 22 19 18 -20 20 -22 -23 25 -25 -26 27 -28 -29 -30 -31
leaf_value=-0.0055958093897092373 0.012087810989501072 0.0045751261946465251 0.016990984294736337 -0.0028008932912526965 0.027664266581197864 -0.0026787769229559269 0.003496694122022801 -0.0055068195643549122 -0.013021897578284798 0.0073986277787243242 -0.0042351761950383676 -0.0016627402543966791 0.0014727113443003047 -0.016119728638822481 0.0021068320898882669 -0.0046401719685500581 -0.0053576670390455853 -0.011267339291306574 0.00060887877114917889 -0.0077555930324705886 0.011606629527903704 0.00095384852023964312 0.00049303762811577509 0.0236988340206448 0.00062694544996815091 0.012389694984214763 0.0051217058242450713 -0.00063010019301020306 9.9004266351060202e-05 0.0091468211514503309
leaf_weight=568.09626464545727 110.75940224528313 359.42911210656166 82.383895039558411 100.17223463952541 25.273969411849976 74.526138737797737 393.29026854410768 209.72179254889488 20.705473765730858 81.212312862277031 1830.3595473915339 2276.3306204266846 781.47929031401873 96.23533396422863 5449.4098520874977 1142.4237338155508 1196.0766671448946 136.87714248895645 8537.9857603758574 83.706074357032776 132.15770234167576 423.58955460786819 7666.5264122486115 16.187418013811111 584.85665812343359 61.414653241634369 711.75277617573738 10543.539392217994 2447.0743805170059 294.32785612344742
leaf_count=2471 454 1470 336 405 102 305 1609 858 84 330 7461 9291 3195 391 22237 4714 4865 588 34659 341 536 1717 31174 66 2388 252 2875 42988 9910 1187
internal_value=-3.94146e-07 -0.00082456 -0.00114877 0.00501337 0.00873096 0.00614835 -0.00148615 0.00102912 0.0109629 -0.00208696 -0.00374092 -0.000902649 -4.04222e-06 0.000130052 0.000606523 -0.000290541 -0.000284195 0.000240001 0.000421489 -0.00278907 0.00409849 -0.00370702 -0.000145129 -0.00261017 -0.00285673 8.12663e-05 0.000886253 -0.000554701 0.00175995 0.00246758
internal_weight=46437.9 6345.64 5986.21 310.732 210.56 185.286 5675.48 1094.29 103.089 4581.19 1911.57 2669.62 991.201 40092.2 18797.4 21294.8 10606.6 8771.1 8674.86 1835.53 215.864 1619.67 20726.7 1743.47 1727.28 18983.2 8378.28 10605 8190.81 5743.74
internal_count=189259 25900 24430 1266 861 759 23164 4473 420 18691 7791 10900 4053 163359 76431 86928 43097 35638 35247 7459 877 6582 84457 7168 7102 77289 34049 43240 33334 23424
is_linear=0
shrinkage=0.03


Tree=182
num_leaves=31
num_cat=0
split_feature=8 0 20 34 26 19 9 27 23 12 15 29 11 14 45 16 23 3 16 9 45 34 32 22 12 27 8 44 15 19
split_gain=5.58003 17.7062 17.0916 17.1706 17.9384 13.3405 20.2226 21.4334 18.407 19.7432 15.5132 13.3152 13.2853 12.7194 28.1905 26.2864 39.2633 22.5558 20.2136 21.6382 16.9338 15.5906 19.0029 18.4551 17.4057 12.0793 11.8368 11.5083 11.211 10.306
threshold=0.028246442555306502 -0.056622625289260702 0.43500000000000005 0.026771405453847364 0.0090810551718038621 1.0538961013276713 -0.0028668417413501512 0.055900594214176251 -0.034713897697889753 0.037521183991521358 -0.10550003051757811 -0.015437801398939893 -0.48473193473193471 0.26110000610351569 -0.0057703979947873784 0.0011313297573790587 0.067857835771719069 16.534046029316535 0.0099503354467285979 -0.0070369336695906204 -0.0047955691169951197 0.021821060615988978 0.01982848417788988 0.2166666666666667 -0.0015638060659038243 0.065925082254965447 -0.29667066417140314 0.034225111122730141 0.034499979019165045 0.49996241011108317
decision_type=2 2 2 2 2 2 2 2 2 2 2 2 2 2 2 2 2 2 2 2 2 2 2 2 2 2 2 2 2 2
left_child=12 11 5 4 27 8 7 -7 9 -3 -10 -2 26 14 15 16 -14 -17 20 -20 -16 22 24 -24 -15 -5 -1 -4 -8 -6
right_child=1 2 3 25 29 6 28 -9 10 -11 -12 -13 13 21 18 17 -18 -19 19 -21 -22 -23 23 -25 -26 -27 -28 -29 -30 -31
leaf_value=0.0028970770153472435 0.020340185643496603 -0.0012924476445853282 0.0079361489477689749 -0.0015112268134103064 0.015836026083051583 0.0032561657767853657 -0.0028309667301238831 -0.0053254557846322955 0.0036509746184617878 -0.030529568305654137 0.00060164273724837454 0.0043011489564057726 -0.0052179024142265029 0.0022592738897223939 -0.014376405134291975 0.015170016403924855 0.046839291342777575 -0.004952270900526288 -0.0058046045840835555 0.0044136084709417234 -0.0038151772870144767 -0.0029703273726508837 0.0042670170123897417 0.00047626576963658051 -0.0026271370199202155 -0.019633311760062829 -0.01116562691816432 -0.0041174606232422563 0.00031030634168967167 -0.00017740673824891674
leaf_weight=76.007770031690598 61.702379047870636 3242.526734277606 831.18706977367401 219.05398717522621 38.106303155422211 1445.7489749193192 3898.3330952078104 319.89204226434231 1776.3170795738697 20.921065956354141 9706.3496664017439 190.11396846175194 249.13657101988792 840.10685998946428 146.25653475522995 222.47899613156915 13.759894594550131 64.720260947942734 281.48192870616913 552.82734785974026 2077.3756651133299 1416.1394997686148 1278.2530817687511 12072.584255054593 2994.98446277529 38.996120870113373 184.94598376750946 77.97600993514061 1386.1035873293877 712.34698858857155
leaf_count=318 252 13172 3343 884 154 5854 15907 1313 7189 87 39383 786 1065 3433 597 942 60 263 1150 2261 8553 5808 5209 49281 12223 159 789 315 5630 2879
internal_value=-3.94039e-07 0.000318044 0.000234015 0.0029493 0.00406867 -4.88025e-06 -0.00107827 0.00170138 0.000508306 -0.00147988 0.00107336 0.00823118 -0.000340013 -0.000260945 -0.00189108 0.00436112 -0.00249325 0.0106355 -0.0030158 0.000966155 -0.00450983 5.5235e-05 0.000304545 0.000839205 -0.00155673 -0.00424981 -0.0070696 0.00690235 -0.00200701 0.000635719
internal_weight=46436.7 23965.7 23713.9 1917.67 1659.62 21796.2 7050.08 1765.64 14746.1 3263.45 11482.7 251.816 22471.1 22210.1 3608.04 550.096 262.896 287.199 3057.94 834.309 2223.63 18602.1 17185.9 13350.8 3835.09 258.05 260.954 909.163 5284.44 750.453
internal_count=189259 97307 96269 7734 6691 88535 28704 7167 59831 13259 46572 1038 91952 90845 14891 2330 1125 1205 12561 3411 9150 75954 70146 54490 15656 1043 1107 3658 21537 3033
is_linear=0
shrinkage=0.03


Tree=183
num_leaves=31
num_cat=0
split_feature=31 25 3 8 41 26 5 13 28 15 41 24 17 44 16 7 24 23 31 17 3 31 24 22 23 10 40 12 23 19
split_gain=5.5027 6.86728 10.1454 7.42481 7.07969 7.4324 6.68989 15.7639 19.234 17.4776 26.5627 16.6293 15.0274 14.7399 13.8548 13.1315 10.7242 21.1224 14.2936 15.1122 14.7371 13.4944 10.941 25.7627 13.6573 10.1859 12.12 11.9556 9.69625 9.28559
threshold=-0.1048846476832669 -0.62103815807799678 14.962130641327954 -0.40227580505790012 -0.00088634878914359337 0.0017050286291983394 -0.046912520133223549 0.0010153403168621808 -0.29637722059865451 -0.22450008392333984 -0.033267108981867272 -0.12208255931189858 -0.010525415968003224 -0.046266857353679129 0.068745377841747349 0.037508615330832905 0.58406638250171039 0.010040153496807343 0.017544298532659392 0.0056438015473348566 16.921708135508613 -0.039816382120591194 0.32507817114257104 1.9166666666666667 0.060468123195616362 0.039733341439201306 0.0063791057725518666 0.00064987591438746468 0.088725373846042843 1.1253465813329264
decision_type=2 2 2 2 2 2 2 2 2 2 2 2 2 2 2 2 2 2 2 2 2 2 2 2 2 2 2 2 2 2
left_child=1 3 -3 -1 5 -5 7 8 13 10 29 -12 15 -2 -14 -11 21 -18 20 -20 -19 25 24 -24 -23 27 -27 -8 -15 -9
right_child=6 2 -4 4 -6 -7 16 9 -10 12 11 -13 14 28 -16 -17 17 18 19 -21 -22 22 23 -25 -26 26 -28 -29 -30 -31
leaf_value=-0.031795015231843374 0.014039795401531482 -0.020830673978808913 0.0041860538734032364 -0.012065429594716208 -0.016639617321649324 0.020772735352763815 -0.0069741559952956758 8.5931456625932e-05 -7.4099119815036022e-05 0.004746200186685463 0.0061503851326811668 -0.014317407404595086 0.0015475976545659858 -0.011557325223390416 0.021336280549180568 0.017124102774756612 -0.020655246402887004 -0.0053168048329724511 0.0067036289579404367 -0.012930121621365427 0.0016717873873735173 -6.3385450441718773e-05 -0.00046735619991082085 0.0033148420313290241 -0.00538569002284741 0.0011358213237992918 0.02780673065467312 -0.00057034323799830505 -0.038780377927477135 0.020141731295196332
leaf_weight=14.242675736546515 19.424792230129242 17.73593869805336 82.251067996025085 12.289734005928041 33.445097208023071 12.525184139609335 590.60980576276779 44.33502209186554 600.82897843420506 312.53224574774504 44.419611975550652 182.52055859565735 3246.9839326404035 168.78076732158661 32.157900094985962 102.41382123529911 55.575829043984413 902.35914306342602 260.4370192065835 40.811830103397369 388.47918783128262 31600.173162229359 3660.2602149248123 2909.0708773583174 439.9596434533596 118.4497466981411 17.614870116114616 472.13249673694372 12.658453956246374 39.099410712718964
leaf_count=59 80 74 339 51 140 52 2416 180 2460 1278 181 753 13319 695 129 424 292 3692 1097 166 1579 128463 15002 11852 1787 487 72 1929 52 159
internal_value=-3.94536e-07 -0.00534874 -0.000251474 -0.0123783 -0.00763152 0.00450944 1.95469e-05 0.00107907 -0.00276085 0.00184783 -0.00498972 -0.0103112 0.00242231 -0.0107975 0.00174166 0.00780122 -0.000103288 -0.002475 -0.00184038 0.00404374 -0.00321358 -5.12319e-06 9.22051e-05 0.0012075 -0.000136469 -0.00313973 0.00458863 -0.00412921 -0.0134566 0.00948457
internal_weight=46434.6 172.49 99.987 72.5027 58.26 24.8149 46262.1 4806.16 801.693 4004.46 310.375 226.94 3694.09 200.864 3279.14 414.946 41455.9 1647.66 1592.09 301.249 1290.84 39808.3 38609.5 6569.33 32040.1 1198.81 136.065 1062.74 181.439 83.4344
internal_count=189259 715 413 302 243 103 188544 19710 3287 16423 1273 934 15150 827 13448 1702 168834 6826 6534 1263 5271 162008 157104 26854 130250 4904 559 4345 747 339
is_linear=0
shrinkage=0.03


Tree=184
num_leaves=31
num_cat=0
split_feature=12 13 24 16 17 0 42 17 2 16 17 45 13 40 18 0 31 18 20 27 45 13 24 24 16 8 22 17 38 16
split_gain=5.41956 15.7015 25.4188 13.1159 15.3211 15.5051 14.2798 12.9873 12.8922 16.8724 19.6998 19.1043 24.1154 18.6042 14.7363 14.1238 15.2957 16.2222 12.8093 12.4535 11.0201 18.195 21.5611 20.7478 62.0588 20.5944 17.7714 22.8092 15.1652 13.9092
threshold=0.0013055598480894526 0.0013205237637713633 0.82702113488208517 -0.022536938084767279 -0.014817996692911286 -0.028766580109162675 0.016600821300467038 0.00023613235218658847 -0.0020262954584401986 0.0056286138876285646 0.0054525438608215475 9.156570893712997e-05 0.013119643186654057 -0.0013285644034634672 0.34196237918543909 0.0084073723285064319 0.026532514300368838 -2.3709944502263807 0.38000000000000006 0.025096500892492258 -0.00036650857440539741 0.0076447942803952616 -0.39287575838488292 -0.48928226957225346 0.005572143600663943 0.23703656249706465 0.05000000000000001 0.0084987598442063782 15.663529002975521 -0.0035361450267123898
decision_type=2 2 2 2 2 2 2 2 2 2 2 2 2 2 2 2 2 2 2 2 2 2 2 2 2 2 2 2 2 2
left_child=20 2 3 6 5 -5 -2 -6 9 11 13 12 -3 -11 -13 16 17 -10 -12 -18 21 22 25 24 -23 29 27 -24 -22 -1
right_child=1 8 -4 4 7 -7 -8 -9 15 10 18 14 -14 -15 -16 -17 19 -19 -20 -21 28 23 26 -25 -26 -27 -28 -29 -30 -31
leaf_value=-0.0054815620541158426 0.026415694525299342 0.0041164863686771842 0.040074415206844224 0.022076745351621078 0.0084334952460577203 -0.0098936408202349654 -0.0061181727308480226 0.0023787387877943632 -0.015011893088516482 -0.0084743305751069625 -0.00037845374109874634 -0.00025001253350399568 -0.0050847046108030884 -0.0022800147147563118 -0.0060665179164736587 -5.3279679981641235e-05 0.007915379788314296 0.0034424697597604027 0.0093247193884545571 -0.0066487262042275019 0.00017996575070973846 0.0023697542836281873 -0.0065589319740677037 3.7650469938668133e-05 0.049406257956989809 -0.0023474680757913746 -0.0009806922435866474 -0.042723472180117329 -0.013465151401467736 -0.015752256323189384
leaf_weight=233.65643739700317 12.923770084977148 1607.0420018136501 16.622683197259903 15.514988437294958 525.50424590706825 113.74928767979145 200.74235112965107 810.72025114297867 43.517838910222054 613.6012322306633 643.96529580652714 2251.5221163034439 305.01538623869419 1510.9118710011244 474.66200459003448 5065.8799230158329 66.346565887331963 2880.3164067044854 151.19228912889957 259.57092792540789 20137.363779909909 142.48054382205009 75.36691951751709 3148.5781234391034 30.681189820170403 603.87872372567654 4157.4734691902995 19.824616312980652 73.57328836619854 241.14780686795712
leaf_count=952 52 6510 89 63 2123 461 816 3279 176 2512 2622 9160 1252 6165 1933 20519 275 11720 613 1058 82076 583 307 12976 130 2464 16964 86 301 1022
internal_value=-3.96397e-07 0.000415026 0.00315891 0.00279347 0.00380587 -0.00605638 -0.00415034 0.00475993 0.000121895 -0.000774903 -0.00256147 0.000349701 0.00264869 -0.00406906 -0.00126274 0.000936976 0.00248064 0.0031678 0.00146652 -0.00368393 -0.000253261 -0.00114913 -0.00223499 0.000593674 0.0107038 -0.0060231 -0.00127414 -0.0140906 0.000130294 -0.0106979
internal_weight=46433.3 17569.3 1695.78 1679.15 1465.49 129.264 213.666 1336.22 15873.5 7557.91 2919.67 4638.24 1912.06 2124.51 2726.18 8315.63 3249.75 2923.83 795.158 325.917 28864 8653.09 5331.35 3321.74 173.162 1078.68 4252.67 95.1915 20210.9 474.804
internal_count=189259 71398 6883 6794 5926 524 868 5402 64515 30767 11912 18855 7762 8677 11093 33748 13229 11896 3235 1333 117861 35484 21795 13689 713 4438 17357 393 82377 1974
is_linear=0
shrinkage=0.03


Tree=185
num_leaves=31
num_cat=0
split_feature=8 0 29 7 0 42 0 9 40 24 29 27 9 23 14 12 40 16 42 17 23 35 7 37 31 14 40 35 35 16
split_gain=5.42151 16.6283 12.4959 12.4493 19.3696 18.1092 17.1736 18.8419 17.658 15.9868 15.5433 15.1411 14.2783 13.0942 12.1014 25.2872 30.7087 22.4736 21.7698 21.7316 22.5998 20.1041 18.427 16.6476 16.3078 16.3894 20.7471 16.0144 22.804 21.219
threshold=0.028246442555306502 -0.056622625289260702 -0.015437801398939893 0.040736180205795398 0.081405523133949678 0.044000026702880869 0.010515364014138686 0.018349416487230461 0.001017552897143214 -0.16233156433741144 -0.0067529463387105658 0.086956984109088184 -0.0066391084350210751 -0.093222050148723729 0.26110000610351569 0.0099428392593748308 -0.01380980201320676 -0.00055677575524866333 0.065766560574762642 0.0077422351813815947 -0.0022142579936013577 -0.0065302758329785241 0.029617770570851649 0.04901960830145826 -0.011650599206318458 0.26289999961853033 0.010625625057031371 0.0047736973658133721 0.0063791057725518666 0.042497335960552225
decision_type=2 2 2 2 2 2 2 2 2 2 2 2 2 2 2 2 2 2 2 2 2 2 2 2 2 2 2 2 2 2
left_child=14 2 -2 6 11 -6 7 10 -9 -8 -3 12 -5 -7 15 17 -17 18 21 20 -19 -1 -21 -18 -16 26 -26 29 -29 -27
right_child=1 3 -4 4 5 13 9 8 -10 -11 -12 -13 -14 -15 24 16 23 19 -20 22 -22 -23 -24 -25 25 27 -28 28 -30 -31
leaf_value=0.0044326904583158631 0.019700303423292338 0.0030595618271327071 0.0041715106940260361 0.0039216703490903967 -0.0071312826988033373 0.037060965049238871 -0.0020179664264032842 0.00057978840086818654 -0.0093670916285283259 0.00058643407021159645 0.00071759493097460546 -0.0082539822157460026 -0.0031594115235301862 0.0076099328872396219 0.0011349997304737805 -0.020023119821375734 0.0039386685630444229 0.0031498295882499278 0.0099030072901232259 0.011987574771967911 -0.0046047529559992417 -0.0083250342437130656 -0.009231879269229375 0.020579950923175345 0.015767957937417879 -0.0015881977875351523 -0.020449102188267312 0.0080932182437418038 4.9920794477493731e-05 0.0055689466736816426
leaf_weight=123.93912123143673 61.790278449654579 3618.6186988428235 190.17549036443233 325.03911486268044 79.696172118186951 14.531017959117888 3862.2899877130985 362.38065129518509 288.5004443526268 4705.6482076644897 8640.5752076357603 393.93558368831873 1211.5707492679358 209.11938828229904 6874.0108345225453 44.753924190998077 470.47539763152599 498.74262809753418 72.626109130680561 184.78946207463741 1051.0802446827292 1078.8689170926809 46.001357689499855 61.133017852902412 98.812210768461227 9453.6655402928591 16.631573140621185 395.20385843515396 1608.0445194244385 388.11627571284771
leaf_count=506 252 14610 786 1335 327 59 15640 1479 1184 19077 35075 1627 5005 851 28035 234 1927 2040 310 749 4342 4456 189 251 412 38702 69 1601 6542 1587
internal_value=-3.89208e-07 0.000313497 0.00797968 0.000232035 -0.00189942 0.00514785 0.000453724 0.0011448 -0.00382913 -0.000587588 0.00140889 -0.00300676 -0.00166155 0.00952343 -0.000335189 -0.00192062 0.00384315 -0.00300765 -0.00604737 -0.000830338 -0.00210928 -0.00701046 0.0077581 0.00585235 -2.94237e-05 -0.00069865 0.0105503 -0.000808284 0.00163671 -0.00130595
internal_weight=46430.8 23963.9 251.966 23711.9 2233.89 303.347 21478 12910.1 650.881 8567.94 12259.2 1930.55 1536.61 223.65 22466.9 3632.41 576.362 3056.05 1275.43 1780.61 1549.82 1202.81 230.791 531.608 18834.5 11960.5 115.444 11845 2003.25 9841.78
internal_count=189259 97307 1038 96269 9204 1237 87065 52348 2663 34717 49685 7967 6340 910 91952 15004 2412 12592 5272 7320 6382 4962 938 2178 76948 48913 481 48432 8143 40289
is_linear=0
shrinkage=0.03


Tree=186
num_leaves=31
num_cat=0
split_feature=16 3 37 43 11 16 23 29 42 42 39 3 26 11 39 8 39 5 15 33 13 24 23 31 45 30 37 29 11 37
split_gain=5.40394 7.77846 7.3006 9.77036 7.96756 6.62733 16.1735 10.4012 9.95444 9.19391 7.38812 6.31097 9.28104 6.07954 10.1538 8.28694 8.47999 7.56969 14.9456 20.021 14.0879 11.3543 19.4739 13.698 7.37727 9.81662 7.04287 6.05643 6.04597 5.8659
threshold=-0.10740115070762786 18.641272089649011 0.035374155079421106 0.26464465648151242 0.20330668604651167 -0.075550310276982821 -0.022888932933628949 -0.015683612505865377 0.052851207452568265 0.018903148420484822 0.00096665706840622795 16.074197993804102 0.0020642117348558396 -0.48473193473193471 0.027597071760903685 -0.47022381727387846 -0.043342700401036723 -0.046912520133223549 -0.0065000534057617181 0.48095907128947962 0.00059646715298376264 0.58406638250171039 0.010040153496807343 -0.039816382120591194 0.0067695506112495857 0.0023783717216026407 0.03235296219965459 0.00096756700429417809 -0.068706293706293678 0.029985029457669846
decision_type=2 2 2 2 2 2 2 2 2 2 2 2 2 2 2 2 2 2 2 2 2 2 2 2 2 2 2 2 2 2
left_child=1 2 3 4 27 6 29 10 9 -9 -8 28 -13 14 15 26 -17 18 20 -20 -15 23 -23 -19 25 -16 -7 -1 -4 -2
right_child=5 -3 11 -5 -6 13 7 8 -10 -11 -12 12 -14 17 24 16 -18 21 19 -21 -22 22 -24 -25 -26 -27 -28 -29 -30 -31
leaf_value=-0.029494911904452654 -0.00054892904625640753 -0.022651201275061126 -0.02005602496826504 0.010430745109164008 0.00080132517118458601 -0.0063613778808300232 0.010847403152477491 -0.0098089979074705447 -0.0098327260665474151 0.014975612794469991 0.042394284311624467 0.0231924289464591 -0.0074782430428215457 -0.020071804054334546 0.0072878958003257414 -0.022169255015347659 -0.0055036937627815415 -0.003116098306363843 0.0039898610222056357 -0.0044064522917410054 -0.00020883914614935333 -0.020080896417700885 -0.0019379429139194499 0.00010473933710391649 0.025718745539715156 -0.014237784964002465 0.02454943887832519 -0.0086369243630022921 0.0060723065103293252 -0.025239905865202701
leaf_weight=27.911424279212952 17.483314990997314 20.260288313031197 14.323645249009131 19.589873909950256 24.175021752715111 12.239504575729372 13.108184456825258 16.200136378407478 26.944865256547928 79.940472394227982 13.627269849181173 25.276533246040344 13.688211217522619 32.579287797212601 74.436245173215866 30.073803842067719 318.45496529340744 1226.731221280992 1991.2446840032935 293.23335960507393 2365.2109229415655 55.108712717890739 1574.5355159416795 38031.21116258949 13.095626309514044 25.633582651615143 14.484905466437338 22.733682230114937 17.97006644308567 17.158373832702637
leaf_count=116 72 85 59 80 100 51 53 66 109 324 55 103 56 136 307 127 1349 5023 8123 1201 9731 292 6466 154716 54 106 60 95 73 71
internal_value=-3.94958e-07 -0.00510464 -0.0029588 -0.00843009 -0.0133684 2.01278e-05 0.00569516 0.00996668 0.0062827 0.0107993 0.0269271 0.00429008 0.0124179 -2.60065e-06 -0.00333184 -0.00570723 -0.00694173 3.30823e-05 0.00117567 0.00291212 -0.000478721 -9.77618e-05 -0.00255147 4.09468e-06 0.00454486 0.00177394 0.0103926 -0.0201321 -0.00551673 -0.0127786
internal_weight=46428.7 185.929 165.668 94.41 74.8201 46242.7 184.463 149.821 123.085 96.1406 26.7355 71.2585 38.9647 46058.3 488.419 375.253 348.529 45569.9 4682.27 2284.48 2397.79 40887.6 1629.64 39257.9 113.165 100.07 26.7244 50.6451 32.2937 34.6417
internal_count=189259 767 682 391 311 188492 750 607 499 390 108 291 159 187742 2054 1587 1476 185688 19191 9324 9867 166497 6758 159739 467 413 111 211 132 143
is_linear=0
shrinkage=0.03


Tree=187
num_leaves=31
num_cat=0
split_feature=6 32 36 11 37 1 25 17 25 41 22 7 38 45 32 35 11 14 12 15 24 21 18 5 40 36 35 32 16 43
split_gain=5.43908 11.3659 13.9689 12.2734 11.5588 11.5037 10.3273 8.45348 7.21395 6.91583 8.57861 6.83207 6.68837 8.6224 6.64447 6.64415 6.25111 15.9197 12.331 13.5493 11.8668 18.0109 13.2867 13.2107 12.9656 11.4313 10.9208 10.8531 10.648 11.2337
threshold=0.31670942536295615 0.055345775119059894 0.033036832467535381 0.4971910112359551 0.088986934328551967 0.059570962384875512 -0.70495853069733239 0.0018872346712151024 -0.77402921027672744 -0.018904154548266851 0.15000000000000002 0.045885408698685397 0.48097975171462976 0.00061596892562089888 0.086956482230016618 0.0023164155542189902 0.16760299625468164 0.22619999885559086 -0.0021675464402606411 0.023500013351440432 -0.15575005499009273 0.16250000000000003 -2.0280972757703077 -0.01690558911538009 0.0038301321723513454 -0.019992965112218299 0.0017579846090431505 0.0071770269430116839 -0.10740115070762786 0.39892198671071905
decision_type=2 2 2 2 2 2 2 2 2 2 2 2 2 2 2 2 2 2 2 2 2 2 2 2 2 2 2 2 2 2
left_child=16 2 5 4 6 -2 8 12 -3 -6 -11 -8 13 -4 -5 -7 28 18 25 -20 21 23 -22 -19 -24 -18 -21 -27 29 -1
right_child=1 3 7 14 9 15 11 -9 -10 10 -12 -13 -14 -15 -16 -17 17 20 19 26 22 -23 24 -25 -26 27 -28 -29 -30 -31
leaf_value=-0.012183078174747737 0.034064045606008599 -0.00074546179169559135 0.015464252128724636 0.002912371256703484 -0.013712990717278361 0.017533817861784963 -0.0035793509809729073 -0.013508208496754723 0.027672467385644953 -0.0094553047627563818 0.011848285148803026 -0.015108434722668424 0.026994562545734933 -0.018250318864710305 0.023889768819238256 -0.0066896083767097334 0.0082831200912485345 -0.0068510730513275256 -0.0039575053303891527 0.016575497224716098 -0.0030650488998800515 0.02206164189534858 0.0013724759403802621 -0.0011712269534799769 -0.0013270768008579981 0.011422373721959029 -0.0017065830403456051 -0.01238707419442767 0.0002453217348172916 0.014189855085926217
leaf_weight=106.55564507842064 28.598409295082092 23.154096759855747 15.349272243678572 26.43338006734848 14.907553911209105 32.679967865347862 107.93962568044662 25.179924428462982 12.315806552767752 20.757617771625519 94.275694914162159 80.955032132565975 12.388777524232863 12.296232178807257 27.967356368899345 14.808822855353354 30.953434482216835 403.35230939090252 510.21643833816051 58.190770655870438 936.34630981087685 28.981713622808456 6419.6122987270355 4271.2849914133549 2133.3400776684284 18.387170895934105 59.448998466134071 273.8854076564312 30610.226584173739 16.832422867417336
leaf_count=441 115 95 63 107 61 132 437 102 50 84 383 330 50 50 113 60 126 1642 2069 235 3823 119 26070 17325 8686 74 240 1109 124999 69
internal_value=-3.95378e-07 0.0029652 0.0102997 0.000429445 -0.00160765 0.0190323 -0.00573134 0.000111154 0.00912177 0.00551257 0.00800408 -0.0085204 0.00867718 0.000468606 0.0136968 0.00998003 -3.59487e-05 -0.000534817 -0.00429229 -0.00184134 -0.000283025 -0.00151514 0.000327707 -0.00166131 0.000699134 -0.00905318 0.00733669 -0.0108892 0.000209869 -0.00858532
internal_weight=46427.6 550.008 141.301 408.706 354.305 76.0872 224.365 65.2142 35.4699 129.941 115.033 188.895 40.0343 27.6455 54.4007 47.4888 45877.6 15144 951.082 627.856 14192.9 4703.62 9489.3 4674.64 8552.95 323.226 117.64 292.273 30733.6 123.388
internal_count=189259 2232 572 1660 1440 307 912 265 145 528 467 767 163 113 220 192 187027 61518 3853 2544 57665 19086 38579 18967 34756 1309 475 1183 125509 510
is_linear=0
shrinkage=0.03


Tree=188
num_leaves=31
num_cat=0
split_feature=8 5 17 20 32 19 9 28 9 42 30 39 7 32 31 33 17 19 17 28 17 45 16 17 19 45 20 43 31 16
split_gain=5.32753 12.3489 11.5789 16.5614 15.3281 15.1262 13.593 14.2606 12.4065 11.0521 11.0206 9.61116 9.49374 9.39861 8.9234 14.8498 15.9496 14.2295 17.2058 13.3947 13.0933 18.7361 18.9518 15.619 13.0387 16.0497 19.1232 17.2145 15.929 12.82
threshold=0.37861418174568545 0.01127604370513602 -0.0065199916683650857 0.14999999999999999 0.055345775119059894 0.80861874037491654 0.0097864851276795711 0.80589271407707763 0.03091427883141119 0.042818489561573359 -0.0050965524669645884 0.0035807229336579705 0.03255053700023381 0.02012910434194674 0.00067054861750397035 -0.32277679430041845 -0.0044743117111935658 0.93360639531012324 -0.0038012188406088263 2.0922592659286487 -0.00041939063062344063 -0.0044975906417759311 -0.043569304040952765 -1.0000000180025095e-35 1.3580793861061748 0.0015517498377210397 -0.24999999999999997 -1.0736262511426105 0.0040548473434870386 0.049395651135654729
decision_type=2 2 2 2 2 2 2 2 2 2 2 2 2 2 2 2 2 2 2 2 2 2 2 2 2 2 2 2 2 2
left_child=14 -2 3 10 11 8 7 -7 12 -6 13 -5 -4 -3 15 -1 19 29 -19 -17 24 22 -22 -24 25 26 -16 -27 -26 -18
right_child=1 2 5 4 9 6 -8 -9 -10 -11 -12 -13 -14 -15 20 16 17 18 -20 -21 21 -23 23 -25 28 27 -28 -29 -30 -31
leaf_value=-0.00084952437381316883 0.0092634382089593053 -0.014926482573572064 0.0014742267401120395 0.0012520232873545424 -0.025530317081978674 0.0022825135134328161 -0.0032121289429437321 -0.0074627469656437231 0.01477901790939974 0.0040208650936559018 -0.0066945801682668253 0.01607289193400183 0.0063327583744482753 0.0093861967934783866 -0.0021711694386952565 -0.0010929868353118889 0.0022631748925837562 0.0080235941446905081 -8.0635983046155346e-06 0.017795191685242767 -0.02906414078245451 -0.00081719271570753686 -0.02445105629863752 -0.0035696729528945158 -0.0090020130243823777 0.01302568319175796 0.0022070247101449144 -0.0023192266667327031 0.0059589973569173756 0.015311130915490773
leaf_weight=7124.2528668344021 153.60646280646324 17.803533211350441 1433.995647571981 73.354145720601082 22.447489753365517 1438.5666967704892 922.371413230896 149.15488550812006 79.717840492725372 23.123904511332512 533.35856368392706 85.024097725749016 484.18496705591679 72.926395460963249 1229.8675049990416 3638.7249882519245 5643.4822124987841 250.51984497904778 5745.3262253850698 34.107296839356422 27.957242667675018 9265.9298975616693 33.079223930835724 1268.8256489858031 71.807692781090736 67.541206896305084 3326.1203453615308 2548.5565654858947 592.7277619317174 68.594874128699303
leaf_count=29204 625 72 5794 297 91 5836 3740 610 323 94 2173 344 1965 296 5028 14825 22928 1018 23401 138 119 37742 140 5229 294 283 13573 10370 2430 277
internal_value=-3.89969e-07 0.000877191 0.000635779 -0.00262493 0.00479683 0.00123471 -0.000315659 0.00136702 0.00318255 -0.0105354 -0.00505033 0.00920849 0.00270061 0.00461543 -0.000118072 0.000282774 0.000807247 0.00134833 0.000327517 -0.000917584 -0.000607484 -0.00129511 -0.00462504 -0.00410023 0.000322246 -5.02407e-05 0.00102515 -0.00192306 0.00434236 0.00241986
internal_weight=46427.1 5489.64 5336.03 828.038 203.95 4507.99 2510.09 1587.72 1997.9 45.5714 624.088 158.378 1918.18 90.7299 40937.4 22505 15380.8 11707.9 5995.85 3672.83 18432.4 10595.8 1329.86 1301.9 7836.62 7172.09 4555.99 2616.1 664.535 5712.08
internal_count=189259 22260 21635 3367 826 18268 10186 6446 8082 185 2541 641 7759 368 166999 91791 62587 47624 24419 14963 75208 43230 5488 5369 31978 29254 18601 10653 2724 23205
is_linear=0
shrinkage=0.03


Tree=189
num_leaves=31
num_cat=0
split_feature=17 12 15 12 16 23 8 15 44 29 18 33 19 37 17 30 17 40 19 23 44 15 12 2 30 22 22 40 8 33
split_gain=5.29142 19.7479 18.477 19.2425 18.3047 18.1396 18.9104 17.5698 15.7987 15.628 17.1666 15.5975 15.5151 13.228 12.0404 41.1895 23.4444 27.0116 21.3886 13.6112 21.0531 16.1683 12.3261 22.4501 19.2865 18.4191 28.9199 15.1546 18.0487 16.551
threshold=0.014720975158275629 -0.00026941850921032956 0.18849992752075198 -0.00032872184665213861 0.015311483540288459 0.018090511685245895 -0.014173455950085056 0.42249999046325687 0.011971540451827386 -0.033194539199813793 4.9999929956164637 0.32367110436991725 0.33966521086599227 0.022271722033573065 0.0083601916978833304 -0.017047400045778923 0.0087784818409558912 0.0067695506112495857 1.1594067736080718 0.02703620002751889 -0.01786573286043908 -0.03050003051757812 -0.0044975906417759311 -0.05600002286288825 0.015138458025456396 1.0166666666666668 0.9833333333333335 0.0090456825759031335 -0.4391819533338514 9.8858069356687519
decision_type=2 2 2 2 2 2 2 2 2 2 2 2 2 2 2 2 2 2 2 2 2 2 2 2 2 2 2 2 2 2
left_child=14 2 3 -2 7 6 -6 9 -9 11 -11 -3 -8 -7 22 -16 17 18 -17 21 -21 -18 23 24 -1 26 -25 -24 -29 -30
right_child=1 4 -4 -5 5 13 12 8 -10 10 -12 -13 -14 -15 15 16 19 -19 -20 20 -22 -23 27 25 -26 -27 -28 28 29 -31
leaf_value=0.021022013303092474 0.00089956110813328662 0.021832699507522178 -0.011252132514147514 -0.02045703267259635 0.0075597761735309923 -0.027578001726242571 0.021996839892412544 0.028810589520900237 -0.0064220667129663992 0.0032278746416850067 -0.016648913274258579 -0.0045075543594611791 -0.0064773261587680025 -0.0062235954679791773 -0.03149291212998908 -0.0083485188803203748 0.0012480008130764915 -0.02755998629315369 0.0072485648942886075 0.012152194347333379 0.00052488956438063235 -0.0032811791520000497 5.7511316334830515e-05 0.0030677437691389456 -0.0062983588946713357 -0.00035654635496431804 0.047898383581870978 -0.014713934849656366 -0.0021803715732583505 0.014365146627359916
leaf_weight=91.929775878787041 593.9206700026989 75.588837668299675 184.49117954075336 40.563102379441261 222.54124262928963 31.949124813079834 18.574202612042427 45.187055736780167 15.343886166810988 1660.2922347486019 40.048390954732895 27.628083437681198 236.65703269839287 142.77939684689045 41.012489855289459 365.1116134673357 1176.6015568003058 53.052207484841347 101.02430771291256 172.06541576981544 755.65934377908707 1786.3023131042719 30892.302804786712 1999.0170210897923 31.130311474204063 2981.3851788341999 13.035015150904654 101.5725019723177 2473.6551299542189 55.63724921643734
leaf_count=376 2415 307 752 166 905 130 75 182 62 6742 165 113 962 582 197 1480 4827 226 411 700 3064 7270 125850 8111 126 12236 56 418 10107 246
internal_value=-3.90527e-07 0.00115076 -0.00289563 -0.000465785 0.00246758 -0.00185695 0.00116798 0.00398133 0.0198795 0.00344776 0.00275971 0.0147822 -0.00440515 -0.0101283 -8.94993e-05 -0.00156707 -0.00128875 -0.0072767 -0.00496821 -0.000489681 0.00268141 -0.00148259 8.0699e-05 0.00145222 0.0141108 0.00114026 0.00335818 -0.000128631 -0.00231436 -0.00181642
internal_weight=46426.1 3335.56 818.975 634.484 2516.59 652.501 477.772 1864.09 60.5309 1803.56 1700.34 103.217 255.231 174.729 43090.5 4450.83 4409.82 519.188 466.136 3890.63 927.725 2962.9 38639.7 5116.5 123.06 4993.44 2012.05 33523.2 2630.86 2529.29
internal_count=189259 13558 3333 2581 10225 2654 1942 7571 244 7327 6907 420 1037 712 175701 18175 17978 2117 1891 15861 3764 12097 157526 20905 502 20403 8167 136621 10771 10353
is_linear=0
shrinkage=0.03


Tree=190
num_leaves=31
num_cat=0
split_feature=22 22 14 40 9 35 35 3 17 18 9 35 24 15 22 9 14 12 15 25 24 16 40 2 9 16 9 13 15 14
split_gain=5.46368 23.2957 22.6536 21.8234 43.2883 21.2305 24.9522 27.0367 22.9618 21.9002 19.5887 19.6809 23.225 20.7708 17.4209 42.0732 16.9917 27.7163 16.9353 16.5306 15.3787 15.2294 14.3073 14.2281 14.1637 20.7246 21.044 22.5874 57.2134 27.7927
threshold=1.8500000000000003 0.9833333333333335 0.50159999847412118 -0.0029247649075804429 -0.00077846162617649861 9.156570893712997e-05 0.00032585824961531865 16.66919490444155 0.0074757925100025551 4.4863478253842937 -0.054044171744610861 -0.0010266808114996382 -0.35113611606732326 -0.22450008392333984 0.91666666666666685 -0.012977296004133432 0.38969999313354498 -0.020087167181932798 0.092999982833862321 -0.27722802917883593 0.26514440839697612 -0.010445033239782844 0.0041114970189110442 -0.034143971163900985 1.0000000180025095e-35 -0.015268269831078212 0.0096288340281622826 0.0072362956188132656 -0.28849992752075188 0.22889999389648438
decision_type=2 2 2 2 2 2 2 2 2 2 2 2 2 2 2 2 2 2 2 2 2 2 2 2 2 2 2 2 2 2
left_child=1 5 10 4 -4 14 7 8 -7 21 -3 13 -13 -12 16 -16 18 -18 -1 23 -17 -8 -21 -5 -2 -26 27 29 -29 -27
right_child=24 2 3 19 -6 6 9 -9 -10 -11 11 12 -14 -15 15 20 17 -19 -20 22 -22 -23 -24 -25 25 26 -28 28 -30 -31
leaf_value=0.0015237965975460142 -0.00045284244992861169 -0.020827554437845307 0.0017260438390481513 0.022622738394123421 0.058373780973900252 -0.012019462052558024 0.0018528687775882747 0.00012366689772340536 -0.0012777534133250194 -0.012707609568001862 0.018346790531845712 0.010433875053094798 -0.0016998888867952794 -0.0057723720348204152 0.050700064590102061 0.0086455668603505897 0.022033371332727422 -0.00097168115702932147 0.0067062882261894087 -0.00053165575296892594 -0.0060840485708894354 -0.00058007819872003688 -0.015993756507738172 0.0036746107886246413 -0.0017275737257697605 -0.0058504059281719581 2.488661737123657e-05 0.0619627110011991 0.0056732500222223554 0.0028445144612839028
leaf_weight=3984.7616393268108 8885.3387612849474 52.046495631337166 35.4212336987257 39.003862679004669 18.472289204597473 487.94975157082081 3150.6689124405384 681.93416622281075 282.96431064605713 122.06276403367519 32.841193497180939 147.17243465781212 4018.976217340678 1493.3756806850433 19.393972530961037 286.50687485933304 47.879449188709259 3025.7144087404013 661.72828589379787 314.32003763318062 82.067101702094078 8736.449551269412 64.996924176812172 416.79815708100796 1744.9713409543037 378.76592057943344 3154.2779780626297 16.43862396478653 1425.4459139853716 2615.8366678655148
leaf_count=16195 36505 238 144 159 74 1980 12856 2774 1147 507 132 600 16480 6136 78 1159 200 12321 2670 1272 333 35536 264 1693 7075 1532 12776 66 5760 10597
internal_value=-3.95518e-07 -0.000261988 -0.00181675 0.0026397 0.0211424 0.000216148 -0.000514283 -0.00422764 -0.00807671 -6.5048e-05 -0.00250644 -0.00233893 -0.00127125 -0.00525337 0.0014289 0.00763205 0.00111717 -0.000613316 0.00226186 0.00144565 0.00536585 6.4772e-05 -0.00318113 0.00529604 0.000404511 0.0012205 0.00189821 0.00323011 0.00631499 0.00174476
internal_weight=46424.6 28203.5 6633.42 889.013 53.8935 21570.1 13462 1452.85 770.914 12009.2 5744.41 5692.37 4166.15 1526.22 8108.05 387.968 7720.08 3073.59 4646.49 835.119 368.574 11887.1 379.317 455.802 18221.1 9335.74 7590.77 4436.49 1441.88 2994.6
internal_count=189259 114948 27192 3606 218 87756 54800 5901 3127 48899 23586 23348 17080 6268 32956 1570 31386 12521 18865 3388 1492 48392 1536 1852 74311 37806 30731 17955 5826 12129
is_linear=0
shrinkage=0.03


Tree=191
num_leaves=31
num_cat=0
split_feature=3 9 18 38 15 5 23 10 14 5 15 29 28 34 10 19 16 9 24 40 22 5 16 35 45 16 40 8 34 29
split_gain=5.34563 12.182 15.8743 13.4689 12.492 11.6512 13.5013 14.8849 12.0938 10.4523 12.5729 12.1891 11.6717 11.9935 13.0619 11.5425 19.1127 17.3725 16.7824 24.1754 24.6226 18.7508 16.7999 29.3198 15.3857 12.7474 12.3582 10.3984 12.5249 10.3474
threshold=17.643800142510276 -0.015798407945428212 -3.8132279760722541 0.24560858556673984 -0.50600004196166981 0.010512998940723996 0.034958715531838221 0.016300799323932261 0.67860000610351567 -0.086584283147530403 -0.25300006866455077 -0.0092798474833423166 -0.38379081682665811 -0.0085904778352291992 -0.016771329769084072 1.2246646841755726 -0.065086487738672968 -0.010628926296527829 0.58406638250171039 0.0024338037179355621 1.0500000000000003 -0.0045248745809555726 0.01812393007274243 -0.011225504557857384 0.057182037927536185 -0.0075342061567998699 -0.015302216564075394 -0.06879353022753297 -0.0069131396972738892 0.00016529691010480979
decision_type=2 2 2 2 2 2 2 2 2 2 2 2 2 2 2 2 2 2 2 2 2 2 2 2 2 2 2 2 2 2
left_child=9 2 29 -4 -3 6 7 -6 -8 10 11 -1 -12 14 -14 18 27 25 22 21 -21 -20 24 -24 -11 -18 -19 28 -17 -2
right_child=1 4 3 -5 5 -7 8 -9 -10 15 12 -13 13 -15 -16 16 17 26 19 20 -22 -23 23 -25 -26 -27 -28 -29 -30 -31
leaf_value=-0.017580758030555137 -0.022660411312992658 0.011245790285872028 0.0051964580483347478 -0.002511129544847611 -0.0025166193550522128 -0.00010023708431770738 0.0017503490111688657 -0.0099585371125187252 -0.020095046409243152 0.00018376471736760504 -0.0021723460558184431 0.0072614650156233715 0.0082725311185995291 0.012087260578762594 -0.0026853944077418076 -0.021494187007728927 0.0091625432463767007 -0.013317328556527504 0.003031578023200171 0.0024731305118302822 -0.010958933645668176 -0.0066389087145471192 0.013009114954338374 0.0016046263705796022 -0.016159952884620812 5.8688542976717155e-05 -0.0021823708758084803 0.023373871317320837 0.018660835857637392 0.0022910722692117747
leaf_weight=47.37667627632618 36.479161113500595 74.939621537923813 790.22740209102631 275.08226342499256 3006.0342236757278 5142.0831227451563 819.61894108355045 263.05790999531746 23.460710093379021 24833.494336947799 181.13255002722144 28.450760319828987 218.54423660039902 221.02729167044163 177.35071769356728 13.132503360509874 200.26229360699654 92.124971125274897 653.53678158670664 168.39749813079834 453.87617092579603 249.28659448772669 213.08023744821548 4240.7896888442338 51.947658061981201 448.29337427020073 3416.4740100353956 42.810409501194954 14.948706179857252 25.355156749486923
leaf_count=197 151 305 3222 1131 12261 20943 3338 1079 95 101036 765 117 893 905 726 54 818 400 2686 683 1905 1033 860 17262 232 1833 13989 174 61 105
internal_value=-3.95326e-07 -0.00059745 0.00234848 0.00320622 -0.000953374 -0.00105216 -0.0022425 -0.00311546 0.00114245 0.000173184 0.00341404 -0.00825986 0.00452323 0.0064891 0.00336366 9.24792e-05 -0.00137754 -0.00164094 0.000293854 -0.00277443 -0.007324 0.000361374 0.000453348 0.00215024 0.000149648 0.00286979 -0.00247474 0.0140683 -0.000118126 -0.0124291
internal_weight=46422.7 10456.3 1127.14 1065.31 9329.19 9254.25 4112.17 3269.09 843.08 35966.3 873.882 75.8274 798.055 616.922 395.895 35092.5 4228.05 4157.15 30864.4 1525.1 622.274 902.823 29339.3 4453.87 24885.4 648.556 3508.6 70.8916 28.0812 61.8343
internal_count=189259 42630 4609 4353 38021 37716 16773 13340 3433 146629 3603 314 3289 2524 1619 143026 17329 17040 125697 6307 2588 3719 119390 18122 101268 2651 14389 289 115 256
is_linear=0
shrinkage=0.03


Tree=192
num_leaves=31
num_cat=0
split_feature=35 35 13 3 40 25 45 24 24 0 24 45 10 6 3 13 6 16 23 26 38 29 19 39 29 33 14 42 26 11
split_gain=5.32549 24.0562 31.0429 21.8305 18.738 26.7604 18.5512 25.0673 17.915 23.8344 20.8459 19.3468 17.9174 19.7121 17.5416 17.4978 26.2557 18.335 20.1659 17.4124 16.8765 16.5798 16.4471 16.0465 15.4203 15.1978 14.3483 14.2572 20.4236 13.7702
threshold=0.0027521982244895541 0.0015012687200363424 0.00076386829143257307 16.765923891912646 0.0047736973658133721 -0.90041887642428386 -0.0008818368715310924 0.82702113488208517 -0.20542724426159462 0.011026983234775441 -0.11613003267253101 -0.009129663420411575 -0.00050354473110546325 0.078687496880871524 19.373151339237854 0.012388627495010712 0.051596571383480401 0.0032435730044079636 -0.063764423651379742 -0.028114338852682632 1.719581677305053 -0.015683612505865377 0.71808723323480528 -0.035657529776084836 0.014507564152770986 0.21046559393077938 0.23989999771118167 0.035141812317592148 0.002460001136540733 0.46899038461538467
decision_type=2 2 2 2 2 2 2 2 2 2 2 2 2 2 2 2 2 2 2 2 2 2 2 2 2 2 2 2 2 2
left_child=1 -1 3 -3 6 -6 7 -4 9 15 12 24 22 19 26 17 -17 18 -2 -14 29 -22 -10 -8 -12 -26 -11 28 -5 -13
right_child=8 2 4 27 5 -7 23 -9 10 14 11 20 13 -15 -16 16 -18 -19 -20 -21 21 -23 -24 -25 25 -27 -28 -29 -30 -31
leaf_value=0.00013730127138071723 -0.011906509701954546 0.018953629060165161 0.0012284394985969025 -0.0082805974916275085 -0.033393331788087698 -0.0063054540411946044 -0.013234646805634444 0.03954420368899423 -0.015192607880104418 -0.01180755123535591 -0.0019121652888343869 0.0013955504101320264 0.025643526428450761 0.0083286687908021 -0.019596815311478239 0.029574407905949163 -0.0064016933795137771 0.00054829244818745929 0.0087587330884642736 -0.0060930042720855069 0.011697231215455359 -0.013815553982334482 -0.0041451586722177662 -0.0025661837292685515 -0.0062682226130466633 -0.026671756416861991 0.0013740543392642825 -0.013613171158933702 0.035422488156758324 -0.0052108903280794561
leaf_weight=29663.603201434016 45.194244861602783 104.87497836351395 860.51327343285084 21.311445072293282 35.846784040331841 389.19499550759792 131.8216637969017 15.646633908152578 178.69277092814445 84.411286011338234 649.30275993794203 7257.9961500018835 16.451535359025002 172.60347945988178 44.621563792228699 58.829080030322075 26.473173797130585 613.0464598685503 712.61551088094711 286.79278621077538 28.232340082526207 121.94340868294239 377.52417784929276 3389.8932784795761 109.08892022073269 47.016593247652054 621.67074446380138 43.02737195789814 17.548505276441574 295.51441025733948
leaf_count=120911 183 426 3517 87 153 1582 543 86 728 342 2761 29543 67 702 183 242 108 2488 2880 1184 115 499 1535 13775 452 196 2515 177 71 1208
internal_value=-3.97344e-07 -0.000187434 -0.00211028 0.00989045 -0.00257499 -0.00858997 -0.00199366 0.00191269 0.000551626 0.00298753 -1.17969e-05 0.000476566 -0.00403822 0.000235376 -0.00135462 0.00522608 0.0184094 0.00440574 0.0075263 -0.00437124 0.0009391 -0.00901927 -0.00769431 -0.00296552 -0.00394754 -0.0124135 -0.000201791 -0.00171698 0.011455 0.00113709
internal_weight=46421.3 34673.3 5009.68 186.762 4822.92 425.042 4397.87 876.16 11748 2206.86 9541.16 8509.09 1032.06 475.848 750.704 1456.16 85.3023 1370.86 757.81 303.244 7703.69 150.176 556.217 3521.71 805.408 156.106 706.082 81.8873 38.86 7553.51
internal_count=189259 141328 20417 761 19656 1735 17921 3603 47931 8941 38990 34774 4216 1953 3040 5901 350 5551 3063 1251 31365 614 2263 14318 3409 648 2857 335 158 30751
is_linear=0
shrinkage=0.03


Tree=193
num_leaves=31
num_cat=0
split_feature=2 32 18 9 33 37 23 23 12 0 14 33 35 2 9 18 23 35 35 13 0 24 22 22 4 23 30 3 0 8
split_gain=5.43212 11.7306 12.7162 15.4039 17.9942 15.6143 13.6743 24.0273 14.9097 11.6481 13.0676 13.2674 11.3647 13.1077 12.0074 10.5558 14.4818 13.9554 10.5645 14.8045 14.2209 12.0279 11.7962 11.5803 15.8913 12.4596 11.4584 10.1207 9.63073 20.6859
threshold=0.02706121267543405 0.084942082157970125 2.26397742276809 -0.0098871287177214138 0.94637307468855181 0.020270080065498523 0.025520953245718059 -0.0052312523138417491 0.0009406990303126656 -0.0059701032735541186 0.52399999618530291 1.7177650426332793 -0.00095867572697959152 -0.060474482609434048 0.020814788915833108 2.26397742276809 0.014785353904969102 0.00072453137330621639 -0.0004215574583149836 0.0015358869752631528 0.093640722447759964 -0.14654027435174236 0.05000000000000001 0.41666666666666674 1.0620411306823876 -0.030253112349045205 0.002479986038532128 16.804817055351851 0.011026983234775441 0.14533819584180538
decision_type=2 2 2 2 2 2 2 2 2 2 2 2 2 2 2 2 2 2 2 2 2 2 2 2 2 2 2 2 2 2
left_child=1 2 28 6 5 -5 7 -4 -8 10 12 -12 13 -3 -14 18 -17 -18 19 26 22 -22 -21 24 25 -20 -2 -19 29 -1
right_child=15 9 3 4 -6 -7 8 -9 -10 -11 11 -13 14 -15 -16 16 17 27 23 20 21 -23 -24 -25 -26 -27 -28 -29 -30 -31
leaf_value=-0.00015122519941527596 0.016899418783742938 0.025144139848964617 -0.0011982563437648243 -0.012213406903016722 0.018013081167721885 -0.0031537892797641608 -0.011798864825778481 0.019073169275429472 0.0092534147930023129 -0.0053841832074671197 0.010305017406198444 -0.02226458969809986 -0.002871983756244533 0.0015253503692485612 -0.02249462672896467 0.0018631934723054538 0.02552936059216418 0.015276771781016968 -0.0070648723635833906 0.015611167427453934 0.020996305652634637 -0.00016620363430645463 0.0003080220669578746 0.00078956076768839096 -0.01479549944906965 0.00067425970709939398 -0.0096261813960869698 -0.016881878558972115 -0.00080650538293799458 0.0015893452997478412
leaf_weight=21156.407695747912 99.757061079144478 24.654328361153603 118.50190305709839 202.3165186420083 32.609462574124336 1113.8188171610236 86.711944207549095 94.658826500177383 46.520597219467163 739.89422541484237 140.12014397978783 12.239778548479078 589.50664880871773 148.66095158457756 29.468658953905106 194.77929024398327 56.78891696035862 20.816922560334206 277.09517924487591 47.229499787092209 61.237917184829712 39.933243572711945 1129.5381822139025 2390.1768565326929 94.582837998867035 577.25479874014854 17.181074321269989 15.266927629709242 8201.1180701255798 8660.8327523618937
leaf_count=86507 405 102 485 835 134 4594 357 387 193 3041 578 50 2430 612 124 796 231 85 1131 191 249 163 4601 9735 391 2352 70 63 33235 35132
internal_value=-3.98373e-07 -0.000113427 -9.41949e-06 -0.00255171 -0.004001 -0.00454644 0.00309134 0.00780373 -0.00444807 -0.00256542 -0.000357636 0.00768855 -0.00190494 0.00488515 -0.00380619 0.0009314 0.00651126 0.0162595 0.00059235 0.00278506 0.00185014 0.0126433 0.000922213 -0.000323629 -0.00312754 -0.00183581 0.0130022 0.00167058 0.000103935 0.000354348
internal_weight=46419.7 41398 39713.5 1695.14 1348.74 1316.14 346.393 213.161 133.233 1684.54 944.651 152.36 792.291 173.315 618.975 5021.64 287.652 92.8728 4733.99 1394.88 1277.94 101.171 1176.77 3339.11 948.933 854.35 116.938 36.0839 38018.4 29817.2
internal_count=189259 168796 161859 6985 5563 5429 1422 872 550 6937 3896 628 3268 714 2554 20463 1175 379 19288 5679 5204 412 4792 13609 3874 3483 475 148 154874 121639
is_linear=0
shrinkage=0.03


Tree=194
num_leaves=31
num_cat=0
split_feature=22 22 45 41 14 3 9 15 24 24 9 20 30 30 8 20 42 23 3 15 16 12 14 41 8 24 22 14 24 22
split_gain=5.32803 22.0633 17.34 17.6997 15.8136 20.238 15.1293 16.2518 14.2012 28.3163 26.15 28.0914 26.77 25.96 25.2749 19.8696 18.8181 16.8951 22.1648 16.1217 19.1987 15.8246 14.6095 12.8803 12.5236 15.6418 11.7575 59.5103 24.1408 19.1123
threshold=1.8500000000000003 1.6833333333333336 0.018130773998777053 -0.052764820902478325 0.21930000305175781 16.823930229873202 -0.074361296511386274 -1.0000000180025095e-35 0.084618592368945478 -0.0030061286161820583 -0.023318649818098849 -0.062499999999999993 -0.0025643911983547043 -0.0086984685961535597 -0.20628833436153562 -0.12999999999999998 0.056337976639014346 -0.017323753806489369 17.199386689166669 -0.22450008392333984 -0.015051051149191303 -1.0000000180025095e-35 0.18960000038146976 0.0079540752745610854 -0.54635627610649784 0.27543248665722603 1.5500000000000003 0.61510000228881845 -0.30722455485499761 0.9833333333333335
decision_type=2 2 2 2 2 2 2 2 2 2 2 2 2 2 2 2 2 2 2 2 2 2 2 2 2 2 2 2 2 2
left_child=1 4 3 -3 5 -1 -5 -8 9 10 12 22 -2 -11 15 -15 -16 18 19 -10 -21 -13 -12 -14 25 -19 29 28 -28 -6
right_child=8 2 -4 6 26 -7 7 -9 17 13 11 21 23 14 16 -17 -18 24 -20 20 -22 -23 -24 -25 -26 -27 27 -29 -30 -31
leaf_value=-0.022140594759039001 -0.051317527257840771 0.011412690248502203 -0.025961526894295803 -0.037962059282797979 0.00020572586404338794 0.013627955993015368 -0.00097181210562261435 -0.0088995483469454899 -0.0065012853196653002 -0.045076563486482452 0.0096319318755114011 0.0049563892563058648 -0.018355580665286746 0.0037404831920068602 -0.0044169837717769941 -0.02173715010103025 0.0093656541424574271 0.023113586089038751 -0.001925126907436171 0.00037521701655747117 0.010440253538173624 0.00083976173301891842 -0.0013547705081138279 0.0078957941672423149 0.00088516768724415358 -0.012673681820810575 0.033158319970583813 0.056656968057912628 0.0014006782244939131 -0.0019218207247618654
leaf_weight=59.414190009236336 15.966251790523527 64.312151085585356 32.864491403102875 12.25637164711952 21568.273630194366 18.72302183508873 535.68113447353244 411.50390686094761 76.124628067016602 14.631182104349135 111.31431777775288 1308.7030957639217 44.096356987953186 35.890118762850761 628.3356144875288 118.54785020649433 103.89930033683777 12.264021247625349 363.5311134904623 228.82819600403309 669.85945504903793 2348.6343273669481 5083.3676424846053 27.195851132273674 6922.1514163762331 105.9698683321476 22.107678487896919 18.454217076301575 842.7616186439991 4612.8604198098183
leaf_count=244 66 283 198 76 87756 77 2218 1720 308 66 448 5413 179 146 2550 488 424 50 1478 927 2710 9513 20695 110 28308 432 89 74 3433 18780
internal_value=-3.99211e-07 -0.000258748 -0.00451184 -0.00382327 -9.31818e-05 -0.0135698 -0.00484455 -0.00441601 0.000399464 -0.000373388 0.000137604 0.000298701 -0.0162051 -0.00544149 -0.00478746 -0.0158164 -0.00246132 0.00130716 0.00439694 0.00675459 0.00787745 0.00231281 -0.00111934 -0.00834146 0.000719805 -0.00896158 -5.42737e-05 0.00334991 0.00221246 -0.000169127
internal_weight=46418.5 28199.2 1056.62 1023.75 27142.6 78.1372 959.441 947.185 18219.3 9840.58 8939.28 8852.02 87.2585 901.304 886.673 154.438 732.235 8378.73 1338.34 974.812 898.688 3657.34 5194.68 71.2922 7040.39 118.234 27064.5 883.324 864.869 26181.1
internal_count=189259 114948 4495 4297 110453 321 4014 3938 74311 40098 36424 36069 355 3674 3608 634 2974 34213 5423 3945 3637 14926 21143 289 28790 482 110132 3596 3522 106536
is_linear=0
shrinkage=0.03


Tree=195
num_leaves=31
num_cat=0
split_feature=11 30 32 19 4 35 5 35 28 44 0 6 2 19 41 1 2 23 16 40 18 32 17 17 4 13 24 30 11 40
split_gain=5.36863 14.9445 13.6798 11.4457 14.7192 15.6211 13.1836 11.7319 11.1359 10.2931 10.1743 22.5213 22.0918 20.8104 16.9789 17.7443 14.9098 20.9336 16.0926 14.6001 13.7679 16.8986 11.6508 15.6612 13.6207 11.5153 11.3849 11.317 10.6986 14.3742
threshold=-0.35349593495934956 -0.017961617732116585 0.028571470200862866 0.8119962660316099 -0.32277679430041845 -0.0013982617769729973 0.061509704936628891 0.00061596892562089888 -9.9411349836180687 -0.056103240090055434 -0.0053736575281892168 0.056721062960899189 -0.003333325310355711 1.1675990990176641 -0.030771644152635481 0.023707547246231159 -0.027059573769757362 0.043058361735639081 -0.018757508807885046 0.0011348854623757559 -2.1102530942257434 0.0071770269430116839 -0.0013623159497855991 -0.00041939063062344063 -1.0726415920822336 0.016090136643181523 0.61294766913693377 0.013117786259907168 -0.030211756115370549 0.010345142085719622
decision_type=2 2 2 2 2 2 2 2 2 2 2 2 2 2 2 2 2 2 2 2 2 2 2 2 2 2 2 2 2 2
left_child=1 2 -1 6 -5 -6 9 -8 -7 -3 11 14 13 26 15 -2 18 -18 -16 -17 21 -14 -13 -24 -25 -15 27 -12 29 -22
right_child=10 3 -4 4 5 8 7 -9 -10 -11 12 22 20 25 16 19 17 -19 -20 -21 28 -23 23 24 -26 -27 -28 -29 -30 -31
leaf_value=-0.0079143168231825215 -0.0051112644333145127 -0.013159933123378096 0.017017515986834965 -0.0046978698520454163 -0.0052841550090521917 0.026503823464247799 0.017283566171646367 0.0010650591265426617 0.00022048035941224918 0.00037173294090544248 -0.0011169616489529871 0.00097108774101050885 0.030414921583119904 -0.0068870599479590403 0.0031050533907624688 0.0093117843753796684 -0.00025799417285366416 0.0041986449987029464 -0.0042770047686690625 0.00099125000783660826 0.0024428954636447858 -0.0024892639754294128 0.015949863926882267 -0.015026054724680257 0.0050179890615798164 0.0085710245165305284 -0.0098293927937082113 0.007192611834542382 9.5878767743997262e-05 -0.0038618054551501297
leaf_weight=26.768955379724503 157.28924302756786 51.809471532702446 76.156051963567734 1233.2899335771799 545.07181130349636 14.606478095054625 78.164262622594833 82.518738657236099 2151.3330659866333 2154.2465593367815 3349.2572367787361 838.12395049631596 14.151536628603933 875.6747349947691 335.19349607825279 466.52865746617317 6067.1188119798899 1124.366499081254 1283.3180074989796 319.97882856428623 3446.3969744890928 1906.5917839631438 117.93176443874836 31.390618592500687 1090.1083634495735 45.631661549210548 128.8977515399456 154.30361989140511 17891.138139769435 359.40038576722145
leaf_count=110 642 215 314 5076 2237 63 319 338 8852 8830 13579 3392 58 3564 1370 1905 24620 4583 5275 1304 13908 7764 476 127 4410 188 525 625 73132 1458
internal_value=-4.11122e-07 -0.000806156 0.0105332 -0.000991086 -0.00198074 -0.000744663 0.000658222 0.00895455 0.000397728 5.39403e-05 0.00012878 0.000867051 -0.000181276 -0.0020945 0.000262976 0.00408716 -0.0001467 0.000438788 -0.00274818 0.0059267 0.000187615 -0.00224683 0.00370309 0.00555051 0.00445696 -0.00612143 -0.00107314 -0.000750992 0.000403128 0.00184751
internal_weight=46416.8 6413.97 102.925 6311.04 3944.3 2711.01 2366.74 160.683 2165.94 2206.06 40002.8 11831.3 28171.4 4553.77 9753.79 943.797 8810 7191.49 1618.51 786.507 23617.7 1920.74 2077.55 1239.43 1121.5 921.306 3632.46 3503.56 21696.9 3805.8
internal_count=189259 26354 424 25930 16228 11152 9702 657 8915 9045 162905 48104 114801 18481 39699 3851 35848 29203 6645 3209 96320 7822 8405 5013 4537 3752 14729 14204 88498 15366
is_linear=0
shrinkage=0.03


Tree=196
num_leaves=31
num_cat=0
split_feature=11 6 10 18 9 34 9 34 8 5 5 35 35 20 25 16 6 8 30 5 6 30 35 7 3 5 28 27 20 28
split_gain=5.18821 9.75947 7.75162 8.24543 7.29216 10.2843 7.46712 7.36981 7.93878 6.31946 6.00816 13.5869 21.9811 15.903 13.7963 12.6485 11.6342 20.5459 11.1518 10.107 14.1584 12.9521 17.6792 16.4644 16.243 23.036 16.8457 11.673 13.9894 10.8814
threshold=-0.48473193473193471 0.12975182315629277 -0.039081742985405163 -1.0776438047378669 0.015893079625683395 0.022907414914680242 0.012531714875464036 0.085113893986072289 -0.33360574077499161 -0.027520055964685982 -0.046912520133223549 0.0037503374632928839 0.0036573767287535852 0.41000000000000009 -0.75908336960224265 0.014480127108987351 -0.071940137255599376 -0.38197379251367075 0.00023643999860201978 -0.0076965658903417325 -0.10110978963939236 -0.0046815892502760524 -0.039057171230984455 0.03606242780139738 14.018295877662046 -0.018242948165881175 -0.80426509082427067 0.04536087626935089 0.27500000000000008 0.91546341742559545
decision_type=2 2 2 2 2 2 2 2 2 2 2 2 2 2 2 2 2 2 2 2 2 2 2 2 2 2 2 2 2 2
left_child=1 4 3 -3 6 9 7 8 -1 -6 11 12 16 14 -13 -16 18 -18 -2 21 -21 24 -23 -24 25 -12 -26 28 -22 -29
right_child=10 2 -4 -5 5 -7 -8 -9 -10 -11 19 13 -14 -15 15 -17 17 -19 -20 20 27 22 23 -25 26 -27 -28 29 -30 -31
leaf_value=0.0048366162282060471 0.0016562954807710936 -0.010043558536844367 -0.014099377491524337 0.013776041415389278 -0.013201704422701816 0.0062383643391892259 0.01421465190199289 0.017918603004407768 -0.0077974610419182045 -0.037856246811908016 -0.016622450031197979 0.013912369308121498 -0.03191691746883827 -0.010885664960132123 0.0057359805806057622 -0.0028777438500972069 -0.03263471413597159 0.0028651751675403663 -0.0026385220751407247 0.0069074249965090598 8.5805250259609581e-05 0.02867408240503428 -9.4464388841396482e-05 -0.0037834775837125001 -0.016645763063594471 -0.00036089205925475396 -0.00082164570042663572 -0.00043904925916718376 0.0019074046110790302 -0.0038777693069883944
leaf_weight=54.270953699946404 894.22007726877928 16.30174058675766 15.430699944496153 66.167657822370529 22.063629239797592 14.192879736423491 20.008660301566124 12.492398142814634 255.47172422707081 16.24687422811985 178.31743471324444 135.85526977479458 19.074489653110504 59.832733079791069 616.12628484517336 204.30078184232116 14.826920412480829 1411.6058740317822 1389.8139257207513 282.64406727999449 16861.28045226261 18.723110929131508 9851.2401126660407 1224.1526737473905 64.375918656587601 139.92151336371899 1018.0166433900595 5672.6395256891847 4896.1200055480003 969.78490621596575
leaf_count=226 3671 68 64 272 95 61 84 52 1081 71 739 554 89 246 2518 840 61 5765 5714 1162 68609 76 40202 5075 263 581 4149 23124 19772 3975
internal_value=-4.11278e-07 -0.00306269 0.00541611 0.00906762 -0.00516549 -0.0155758 -0.00356845 -0.00467267 -0.00558381 -0.0236573 3.244e-05 0.00104322 0.000205351 0.00411854 0.00505733 0.00359101 0.000370483 0.00249617 -0.000957062 -8.40523e-05 0.00022616 -0.000796165 -0.000452968 -0.000502208 -0.00351456 -0.00947266 -0.00176279 0.000159666 0.000495724 -0.000941098
internal_weight=46415.5 492.647 97.9001 82.4694 394.747 52.5034 342.244 322.235 309.743 38.3105 45922.9 4745.66 3729.54 1016.12 956.282 820.427 3710.47 1426.43 2284.03 41177.2 28682.5 12494.7 11094.1 11075.4 1400.63 318.239 1082.39 28399.8 21757.4 6642.42
internal_count=189259 2074 404 340 1670 227 1443 1359 1307 166 187185 19458 15300 4158 3912 3358 15211 5826 9385 167727 116642 51085 45353 45277 5732 1320 4412 115480 88381 27099
is_linear=0
shrinkage=0.03


Tree=197
num_leaves=31
num_cat=0
split_feature=29 17 14 14 16 14 23 20 16 12 12 3 15 14 45 23 15 15 3 9 2 1 29 45 25 45 9 15 8 16
split_gain=5.26782 22.5006 25.7166 17.7956 14.9379 13.7895 13.7772 20.4824 15.3284 17.5056 14.2526 13.5694 13.4473 19.4012 15.8467 25.0909 13.7674 13.2755 13.2007 14.3774 13.0038 19.6025 13.2055 12.8565 12.8025 17.8376 15.1122 12.7299 13.4486 12.7108
threshold=0.0030221943466636884 -0.0056668162393338165 0.37079999923706058 0.53780000686645513 -0.056708276240629442 0.47230001449584963 -0.027853470543653346 -0.11249999999999998 0.011137441714825105 0.010625625057031371 -0.010190283794123177 17.761586678248275 -0.062000036239624016 0.65329998016357427 -0.0027901216664045782 0.052037425646849732 -0.34750003814697261 -1.0000000180025095e-35 15.255017432928691 0.005767275601884868 0.021523188349500236 0.065926916332455829 0.0063144080512876422 0.0028571965211618782 -0.49544120870717229 0.00056643314239536978 0.0160888517234942 0.44999990463256839 -0.034096882595649157 -0.00031745256387674561
decision_type=2 2 2 2 2 2 2 2 2 2 2 2 2 2 2 2 2 2 2 2 2 2 2 2 2 2 2 2 2 2
left_child=5 2 4 24 -2 27 7 8 9 -7 -10 23 14 20 15 16 -3 -15 19 -16 21 -14 -22 -6 26 -26 -4 -1 -29 -17
right_child=1 12 3 -5 11 6 -8 -9 10 -11 -12 -13 13 17 18 29 -18 -19 -20 -21 22 -23 -24 -25 25 -27 -28 28 -30 -31
leaf_value=1.7727080091329447e-06 0.024664121296663365 0.0090490171852918386 -0.0058300131036160179 -0.00077457718513001118 -0.00032037422052874333 -0.0068649516439560519 0.0026267110089288289 0.0065268731140635935 -0.022114761600973691 0.026565181830953521 0.0032115406792031869 0.0048150598070559169 -0.00028239085900473289 -0.028288520606226209 0.0024691720405892949 0.041487897676445458 -0.0064681759704399953 -0.0062248894012097303 0.0013466881889630732 0.010528008004974445 -0.0043951930191860021 -0.0057006241995223297 0.0034510193500285466 -0.0072691045831586067 -0.004830474032377568 -0.015406036895017603 0.010669372845974736 -0.017755749197867224 0.0034924020819362793 0.0082346475803454014
leaf_weight=23863.834715254605 21.558816656470299 57.402402967214584 477.14885611832142 529.85385280847549 1213.4055803194642 578.21464103460312 3648.8010018467903 253.19372968375683 21.224105596542358 14.449873536825178 346.24839599430561 356.32064235210419 7653.7740923389792 27.471925303339958 494.10003520548344 12.87940329313278 497.08958204090595 230.26633284986019 2492.652833789587 333.86910091340542 226.38712638616562 652.15716902911663 1311.0971822738647 298.60920080542564 265.46878130733967 312.51831613481045 55.804656818509102 73.259691402316093 42.281281962990761 52.582357928156853
leaf_count=97403 87 232 1949 2154 4984 2349 14811 1025 86 58 1404 1454 31148 112 2022 55 2022 937 10151 1352 920 2698 5338 1217 1084 1276 228 309 180 214
internal_value=-4.13945e-07 -0.000409869 -0.0025507 -0.00529853 -0.000165052 0.000249057 0.00170583 -0.00106349 -0.00306511 -0.00604988 0.00174877 -0.000451557 0.000128428 -0.000451431 0.00161482 -0.0027881 -0.0048618 -0.00857662 0.00243684 0.00571881 -0.000238683 -0.000707815 0.0022957 -0.00169269 -0.0074562 -0.0105487 -0.00410239 -4.63237e-05 -0.00998016 0.0147771
internal_weight=46413.9 17572.4 3530.69 1640.79 1889.89 28841.5 4862.13 1213.33 960.137 592.665 367.473 1868.34 14041.7 10101.2 3940.58 619.954 554.492 257.738 3320.62 827.969 9843.42 8305.93 1537.48 1512.01 1110.94 577.987 532.954 23979.4 115.541 65.4618
internal_count=189259 71634 14433 6691 7742 117625 19733 4922 3897 2407 1490 7655 57201 41153 16048 2523 2254 1049 13525 3374 40104 33846 6258 6201 4537 2360 2177 97892 489 269
is_linear=0
shrinkage=0.03


Tree=198
num_leaves=31
num_cat=0
split_feature=4 41 13 16 6 31 28 14 24 13 29 22 22 13 18 19 9 35 14 44 31 11 12 30 16 30 9 6 22 15
split_gain=5.16643 9.39899 11.7609 12.7737 11.4526 13.2916 13.0511 12.0947 11.6882 10.8617 10.3026 16.5404 11.6777 9.85224 12.9848 9.60264 9.24682 9.20002 9.01978 8.83876 9.26079 7.94209 7.85645 7.75348 17.7719 21.1654 19.5624 33.6032 25.2129 24.1614
threshold=0.32350331944917438 -0.0069687395916813773 0.00087547038408320626 0.038727363344117326 -0.065122863458720801 0.015552539644020385 -1.3012951407343081 1.1414000320434572 0.66366466128787838 0.00090063653945978404 0.025323785297115407 0.8500000000000002 1.0166666666666668 0.0007526917230574029 -2.7687345886247967 0.96344204899984509 0.013460161710265183 -0.0044975906417759311 0.34739999771118169 -0.019825792855322658 -0.01892801354393955 -0.18790584415584413 0.00019884424459618529 -0.0092319759262920447 -0.017438779166305176 -0.017047400045778923 0.0081869195789347707 -0.028685469351119704 1.9833333333333336 0.090000057220458993
decision_type=2 2 2 2 2 2 2 2 2 2 2 2 2 2 2 2 2 2 2 2 2 2 2 2 2 2 2 2 2 2
left_child=23 4 3 19 5 7 16 8 -2 15 11 -11 -12 14 -8 -4 17 -6 -15 -3 -21 22 -7 24 25 -1 28 -28 -26 -30
right_child=1 2 9 -5 6 21 13 -9 -10 10 12 -13 -14 18 -16 -17 -18 -19 -20 20 -22 -23 -24 -25 26 -27 27 -29 29 -31
leaf_value=-0.016332981975685137 -0.0030737929292430641 0.015919703784399469 0.02918886783749217 0.016867260850072414 -0.015170705194255401 0.017141454832555868 -0.011144757041234802 0.020346771670141942 0.01171466475937424 0.0012016625865598231 -0.010373106278967332 -0.0019522205170035872 3.2520996675195187e-06 -0.001045832860819844 0.011862599710073465 0.00037476460016403694 0.028007592884821738 0.010175097674973987 0.0024417093362603805 0.0018524820948239451 -0.0094045571839207441 -0.019440931019200646 -0.011001353519702994 6.4587437030679505e-05 0.0021721894351834216 0.00051219231792701237 -0.013897403442160854 0.0033988792339293664 0.0090657460016919395 0.036154830313963944
leaf_weight=95.971737295389175 575.84536908566952 15.047235161066054 20.26821431517601 21.637660428881645 14.708815991878508 12.71157883107662 26.290267765522003 22.922896280884743 52.48387998342514 2513.5624291151762 215.76015512645245 3698.8886920362711 178.26246158778667 1412.4273431897163 137.76941671967506 21.399837419390678 22.512316390872002 104.1760556101799 1265.3334617465734 79.612095519900322 378.34334985911846 61.925530031323433 29.990410000085831 33463.213199853897 872.75843253731728 223.37939277291298 148.53123025596142 316.51866933703423 378.46042203903198 32.150314092636108
leaf_count=400 2369 62 82 88 60 53 109 96 214 10245 895 15074 742 5759 566 87 91 424 5157 328 1555 263 131 136339 3555 905 628 1291 1559 132
internal_value=-4.14557e-07 -0.000572353 -0.00121026 -0.00567312 0.000646244 -0.00265217 0.00148199 -0.00105764 -0.00183852 -0.000878214 -0.000974516 -0.000676157 -0.00567867 0.00103938 0.00817571 0.0143905 0.0103777 0.00703923 0.00060215 -0.00670424 -0.00744761 -0.0125773 -0.00262377 0.00017475 0.00195753 -0.00455014 0.00314617 -0.00212534 0.00505639 0.0111868
internal_weight=46412.9 10881.9 7142.78 494.64 3739.1 755.88 2983.22 651.252 628.329 6648.14 6606.47 6212.45 394.023 2841.82 164.06 41.6681 141.397 118.885 2677.76 473.003 457.955 104.628 42.702 35531 2067.77 319.351 1748.42 465.05 1283.37 410.611
internal_count=189259 44450 29158 2033 15292 3126 12166 2679 2583 27125 26956 25319 1637 11591 675 169 575 484 10916 1945 1883 447 184 144809 8470 1305 7165 1919 5246 1691
is_linear=0
shrinkage=0.03


Tree=199
num_leaves=31
num_cat=0
split_feature=32 14 14 5 18 18 14 3 24 18 17 39 36 40 32 7 0 11 10 41 45 19 22 4 45 25 42 18 36 45
split_gain=5.27328 10.6758 8.91492 10.0918 10.7446 10.9585 10.6102 10.0802 9.95694 9.3674 9.14142 9.40285 9.06926 8.4652 8.35762 12.1094 9.99164 13.6574 11.4915 10.2517 9.0128 16.3134 8.95987 7.98758 10.4406 12.7163 10.8821 9.24493 10.1644 9.93128
threshold=0.0084117094127229893 0.19250000000000003 0.24930000305175784 -0.014239610381973243 -0.26232478715272795 0.10507340521770973 0.44229999542236331 17.199386689166669 0.45352631576139846 0.0047953515794688451 -0.002125799157363344 -0.0051868002248356823 -0.0006698031998495158 0.0031173509219184921 0.015321462990767367 0.014852896887847852 -0.00067033023040445887 -0.077794894366197173 -0.0092802771654898458 0.025476914314836317 -0.009819348684619365 0.38252298604339557 0.38333333333333336 0.68726140101692945 0.0078250759818564494 -0.14438199508288899 0.017109317379079985 -1.4288091485566783 -0.045891823329025069 0.00094843376837645225
decision_type=2 2 2 2 2 2 2 2 2 2 2 2 2 2 2 2 2 2 2 2 2 2 2 2 2 2 2 2 2 2
left_child=1 -1 9 4 7 -6 8 -4 -5 -3 13 -12 -8 -11 15 16 20 18 -18 -19 21 -2 -22 -16 27 26 -26 28 -25 -29
right_child=14 2 3 6 5 -7 12 -9 -10 10 11 -13 -14 -15 23 -17 17 19 -20 -21 22 -23 -24 24 25 -27 -28 29 -30 -31
leaf_value=0.021211942798089023 0.015599126572636936 -0.0082792240756138918 0.00029106995887884902 0.010073900212013749 -0.016952873581286262 0.00053802042887494007 -0.024570281134500008 0.025256191279109316 -0.0015832528526634946 0.0213946902279098 0.015437984685552764 -0.0094166988762030505 0.0029122599151932831 -0.003621681699563453 0.00020758384358918262 -0.0029911289203876281 0.0012851832036792313 0.001349196927858963 0.017207167628088375 -0.021689793523430159 -0.0092932497547498043 -0.024029591255010918 7.3113781149402191e-05 0.011127049056347458 0.012610012574606652 0.013633964608599034 -0.0016644823802012328 8.9282798879518165e-05 -0.0070011911244823311 -0.0036056525061664802
leaf_weight=25.897766634821892 12.383101433515547 140.15527228266001 51.245224475860596 318.5423986390233 57.045887812972069 74.131654113531113 17.482897505164146 20.330921784043312 83.161445468664169 34.16092349588871 17.799181900918484 59.466501079499722 28.300704136490822 18.914489902555943 37879.739042770118 2010.4110158383846 72.140866652131081 789.97898280620575 93.896690204739571 17.77349903434515 106.88393856585026 38.15631440281868 656.47625325620174 29.806046158075333 57.296703711152077 83.668625444173813 298.34444157779217 1896.9317213892937 421.24047553539276 999.72159366309643
leaf_count=104 50 625 210 1328 233 306 71 83 340 138 75 248 115 97 154259 8201 291 3216 377 73 433 155 2663 132 235 341 1223 7776 1763 4098
internal_value=-4.12173e-07 0.00221572 0.00168141 0.00358536 -0.00196697 -0.00706834 0.00610108 0.00738231 0.00766062 -0.00289546 0.00289368 -0.00369109 -0.00758221 0.0124796 -4.65548e-05 -0.00139377 0.000402602 0.00245304 0.0102893 0.000842255 -0.00205064 -0.0143198 -0.00123834 7.62494e-05 -0.00123743 0.00311092 0.000635256 -0.00180805 -0.00580324 -0.00118595
internal_weight=46411.5 946.635 920.738 650.241 202.754 131.178 447.487 71.5761 401.704 270.496 130.341 77.2657 45.7836 53.0754 45464.8 3798.1 1787.69 973.79 166.038 807.752 813.9 50.5394 763.36 41666.7 3787.01 439.31 355.641 3347.7 451.047 2896.65
internal_count=189259 3973 3869 2686 832 539 1854 293 1668 1183 558 323 186 235 185286 15459 7258 3957 668 3289 3301 205 3096 169827 15568 1799 1458 13769 1895 11874
is_linear=0
shrinkage=0.03


Tree=200
num_leaves=31
num_cat=0
split_feature=3 16 28 31 6 26 26 19 36 20 1 7 25 16 37 41 3 25 23 37 33 12 21 30 28 11 17 18 15 18
split_gain=5.11056 15.7278 9.75681 9.89788 10.5452 9.10093 8.94169 11.6884 9.35265 8.29881 7.95709 11.0406 14.8817 14.4804 13.5364 12.3973 12.299 11.349 10.8961 10.3321 13.6714 13.1823 12.3555 10.8859 10.1285 13.8152 12.8562 12.5894 15.0672 11.4349
threshold=10.41986767671259 -0.05293237145493053 9.9989559118625078 0.00067054861750397035 0.045864073994367212 0.032260831914212217 -0.035176644083121988 1.0263452322960016 -0.044045257825290264 -0.14749999999999999 0.01404501681446743 0.014046446444758937 -0.98226267630153863 0.044606058317460333 0.0091629895159934058 -0.019960730520038886 15.321387445650151 -1.2566013905890734 -0.012412366716536142 0.022979396374120858 1.7177650426332793 -0.01380980201320676 0.16250000000000003 -0.0033740181454708358 0.47105326744505766 -0.2078286881657668 0.010368799298508697 -2.6586205155088671 0.28049993515014654 -1.8760726571823454
decision_type=2 2 2 2 2 2 2 2 2 2 2 2 2 2 2 2 2 2 2 2 2 2 2 2 2 2 2 2 2 2
left_child=1 9 3 4 5 -3 7 -5 -8 -1 11 13 17 15 -14 -2 -17 -13 -16 20 21 22 -12 -23 27 29 -27 28 -21 -26
right_child=10 2 -4 6 -6 -7 8 -9 -10 -11 19 12 14 -15 18 16 -18 -19 -20 24 -22 23 -24 -25 25 26 -28 -29 -30 -31
leaf_value=0.00068312623412675828 0.019883508921608926 -0.00077147745641997182 -0.027420646166786349 -0.0040357040276063037 0.0098522685239860516 0.019302443298329409 0.019425407836801002 0.029773968266136323 -0.0054784113880435147 -0.031777876506544178 0.0038909870761511898 -0.010862374360477862 0.014083245835442135 0.033971803067369015 0.0018400403596022334 0.0049611499231091601 -0.0011738680407147172 0.020065713869124008 -0.0033506656606976317 -0.0024635183138929186 0.0040470014262142069 -0.003436998167813822 0.031857663697744787 -0.00080315344774287254 0.003539605821719059 -0.00064858979497920267 0.0050122212969057993 0.00064792029034621448 0.010279374632321822 -0.0042694837344061359
leaf_weight=10.146132320165632 39.201242029666901 720.80699571594596 12.715934105217455 21.856084324419498 107.40780953317881 20.916397303342819 13.909872349351643 15.895849823951719 558.82798979058862 23.518225871026516 260.10272148251534 13.378053426742552 53.888609230518341 13.968874514102934 617.49865683913231 818.13090264797211 459.13372273743153 52.908379554748535 886.47400131821632 1824.7376575767994 493.50862854719162 1688.3493288010359 15.039505198597906 8637.6141089498997 191.95783834159374 2668.465679705143 417.579893887043 24268.426260367036 87.515449598431587 1396.6167916804552
leaf_count=42 158 3218 82 93 474 89 65 67 2507 152 1055 54 219 56 2490 3295 1847 213 3579 7451 2021 6845 64 35009 791 10849 1695 98673 357 5749
internal_value=-4.07082e-07 -0.00171942 -0.00125584 -0.0010279 0.00106681 -0.000205398 -0.00394144 0.0102002 -0.00487358 -0.0219944 5.7245e-05 0.00156202 -9.77756e-05 0.00358824 -0.000690131 0.00326584 0.00275582 0.0138237 -0.00121947 -4.87379e-05 -0.000833898 -0.00106112 0.00541967 -0.0012338 0.000233581 -0.00105273 0.000117388 0.000463255 -0.00188033 -0.00332586
internal_weight=46410.5 1506 1472.34 1459.62 849.131 741.723 610.49 37.7519 572.738 33.6644 44904.5 2954.58 1624.15 1330.43 1557.86 1316.47 1277.26 66.2864 1503.97 41949.9 11094.6 10601.1 275.142 10326 30855.3 4674.62 3086.05 26180.7 1912.25 1588.57
internal_count=189259 6789 6595 6513 3781 3307 2732 160 2572 194 182470 11911 6555 5356 6288 5300 5142 267 6069 170559 44994 42973 1119 41854 125565 19084 12544 106481 7808 6540
is_linear=0
shrinkage=0.03


Tree=201
num_leaves=31
num_cat=0
split_feature=43 23 30 37 1 13 0 23 40 37 35 3 45 10 29 28 38 27 38 1 20 37 15 15 35 39 13 17 35 30
split_gain=5.11398 10.4771 17.1084 16.14 13.4569 11.1018 15.3092 11.9657 11.8061 10.7424 10.3565 9.51633 8.94488 10.6849 11.3985 9.52944 8.86638 15.4072 8.46354 12.0619 18.5405 11.1865 11.1286 17.3784 16.4141 10.7636 11.3478 11.318 16.6885 20.7239
threshold=0.54709639342826588 0.0045635057547467927 -0.0048139379632042246 0.0071711082425346693 0.089058528726859987 0.0017283936660102098 0.054030235031238986 0.0082564442540563904 0.0051221853908051907 0.051546279372223454 -0.00016666488625341602 12.703299218621959 0.0068982255722212747 -0.0082533810235775554 -0.0099876202132800213 -0.33386084065344152 -0.018247947871461886 0.093759457287941994 -0.13481159131935347 0.044100442250343291 0.35500000000000004 1.0000000180025095e-35 -0.051499938964843749 -0.18000001907348631 -0.0026085876233636119 0.0085624228560562173 0.00059646715298376264 0.0014691914180628327 5.3292204253589632e-05 -0.0010345272937541071
decision_type=2 2 2 2 2 2 2 2 2 2 2 2 2 2 2 2 2 2 2 2 2 2 2 2 2 2 2 2 2 2
left_child=18 3 4 11 -3 6 10 9 -9 -7 -4 -2 16 15 -15 -14 -5 -18 25 21 22 -20 23 -21 -24 27 -27 -1 -29 -30
right_child=1 2 5 12 -6 7 -8 8 -10 -11 -12 -13 13 14 -16 -17 17 -19 19 20 -22 -23 24 -25 -26 26 -28 28 29 -31
leaf_value=-0.0015712298658316379 -0.0046337117380367745 -0.011334928112182646 0.0043898904016666292 0.002066306697291275 0.017323029262381724 -0.01095627070553176 0.018540307901557439 0.0019346028849485169 -0.0034199809031347497 0.0086002163787136307 -0.0073334214532320202 0.02252757757585757 0.0018493649234133792 -0.010011025628396397 0.0029899695169374042 -0.015575637152163259 -0.00062479675401319406 -0.018639816522137979 0.0095242219842551039 0.0029560791913668255 -0.0043012881306829162 0.00080977463494930914 -0.0033295327106896162 -0.0036674945838850994 0.0019394839716075525 0.014592957912574148 0.0010696907132915388 0.0022367570728202401 0.0031874095280548099 -0.0022305101640751504
leaf_weight=7142.4744412451982 15.582464605569838 238.29979627579451 77.847275376319885 1685.9829965159297 15.719579443335531 150.62325195968151 24.139094069600105 1304.4971113651991 517.65000146627426 30.377448976039886 526.48620498925447 45.532936006784439 39.062324792146683 84.979715697467327 212.36500274389982 102.01434852182865 1225.7376136705279 44.269711956381798 133.56810103356838 489.67335982620716 1041.5042042136192 17809.467599947006 645.62858118116856 1310.9159180223942 3026.3199361413717 57.144497618079185 2456.9921664297581 2251.3694367855787 814.62172634899616 2888.1531840711832
leaf_count=29142 67 985 317 6867 65 615 99 5318 2131 124 2164 184 160 348 864 419 4991 182 560 2004 4256 72382 2639 5409 12395 233 10029 9195 3312 11803
internal_value=-4.06207e-07 -0.000792019 -0.00212644 0.000322329 -0.00956148 -0.00140877 -0.0048875 -0.000317343 0.00041343 -0.00767409 -0.00582328 0.0156023 4.72172e-05 -0.0039516 -0.000725653 -0.0107509 0.000640307 -0.00125276 0.000124875 0.00047322 -0.000632513 0.000874645 6.57088e-05 -0.0018662 0.00101305 -0.00042087 0.00137706 -0.000766016 0.000199902 -0.00103855
internal_weight=46409 6341.17 2885.64 3455.53 254.019 2631.62 628.473 2003.15 1822.15 181.001 604.333 61.1154 3394.41 438.421 297.345 141.077 2955.99 1270.01 40067.8 24457.1 6514.04 17943 5472.54 1800.59 3671.95 15610.8 2514.14 13096.6 5954.14 3702.77
internal_count=189259 25900 11818 14082 1050 10768 2580 8188 7449 739 2481 251 13831 1791 1212 579 12040 5173 163359 99645 26703 72942 22447 7413 15034 63714 10262 53452 24310 15115
is_linear=0
shrinkage=0.03


Tree=202
num_leaves=31
num_cat=0
split_feature=12 13 24 16 17 19 42 26 2 16 17 40 5 23 30 0 40 35 34 45 30 24 43 23 14 14 13 24 30 26
split_gain=5.14306 14.795 23.4722 12.2706 14.3156 14.7856 13.4446 12.6502 12.1028 14.8811 19.3503 25.1584 17.2252 19.7405 16.3803 13.1254 12.9597 12.7296 11.6605 10.2889 19.7043 27.1642 21.4616 21.1358 20.0527 18.3029 16.8065 20.3338 21.2693 24.8503
threshold=0.0013055598480894526 0.0013205237637713633 0.82702113488208517 -0.022536938084767279 -0.014817996692911286 0.98439699088671706 0.016600821300467038 -0.0079999604394080572 -0.0016983908763292524 0.012230600592963617 0.0044129796332550222 -0.0014022652661482584 -0.046912520133223549 -0.0602227051110093 0.00023643999860201978 0.0036612127578945497 0.018130773998777053 -0.0027684293983463479 0.025318194818326138 -0.00036650857440539741 -0.00092457129043087879 -0.31797276378218869 -9.9411349836180687 0.018940965643562225 0.21930000305175781 0.2621000003814698 0.0076447942803952616 -0.39287575838488292 0.00048658017151920327 -0.0027662522157976079
decision_type=2 2 2 2 2 2 2 2 2 2 2 2 2 2 2 2 2 2 2 2 2 2 2 2 2 2 2 2 2 2
left_child=19 2 3 6 5 -5 -2 -6 9 12 11 -11 13 -3 -14 16 18 -12 -10 26 21 23 25 -21 -24 -23 27 -1 -29 -30
right_child=1 8 -4 4 7 -7 -8 -9 15 10 17 -13 14 -15 -16 -17 -18 -19 -20 20 -22 22 24 -25 -26 -27 -28 28 29 -31
leaf_value=-0.0058378672021856598 0.025648020839966829 -0.022868098374793963 0.039301623882065255 -0.016727905833196565 0.0009539219195097106 0.003626383601865023 -0.0059071355580881686 0.0069462523606707476 0.0040976041885527311 -0.011808381311796505 0.0099993149385024516 -0.0025245955727023982 -0.0026114476667219205 0.0044439196473273932 0.00092230510567612725 0.0002456576868426247 -0.011756015916622691 -0.00076337715582872263 -0.0050412026974964554 0.0063198449550000754 -0.00031649484740770185 -0.0022012517313583428 -0.0088528282233837109 0.030538510322317844 0.00124252043876305 0.039983026073257835 0.00056286507297765762 -0.0034345297114775518 0.0044856156891149987 -0.001939938390500686
leaf_weight=1077.4067044183612 12.935933127999304 24.449614748358727 15.939923122525213 60.019991636276245 517.48007754981518 69.096714362502098 200.53609545528889 818.68240673840046 1784.4076124280691 361.86129708588123 121.90665832161903 958.77178350090981 2177.8856849968433 921.02462582290173 2578.0567970573902 6224.6068371087313 51.776775643229485 524.16993424296379 135.17454642802477 642.84204334020615 16546.971338108182 15.424092799425123 189.2672326862812 34.154100969433784 2750.3948685079813 23.150845587253571 3319.1198822297156 2038.1039330586791 947.87966594099998 1264.0931620746851
leaf_count=4438 52 103 89 244 2093 280 816 3309 7311 1491 492 3919 8865 3763 10466 25196 213 2137 559 2593 67506 62 768 143 11177 128 13689 8345 3849 5163
internal_value=-4.04872e-07 0.000404408 0.00306877 0.00272474 0.00370371 -0.00583532 -0.00399496 0.00462549 0.000119785 -0.000736881 -0.00298705 -0.00506841 3.93172e-05 0.00373764 -0.000695904 0.000921281 0.00305458 0.00126741 0.00345406 -0.000246794 0.000123858 0.0021173 0.000884268 0.00754166 0.000592541 0.0231157 -0.0011128 -0.00215676 -0.00122359 0.000813555
internal_weight=46407.6 17558.8 1694.69 1678.75 1465.28 129.117 213.472 1336.16 15864.1 7668.13 1966.71 1320.63 5701.42 945.474 4755.94 8195.97 1971.36 646.077 1919.58 28848.8 20202.2 3655.23 2978.24 676.996 2939.66 38.5749 8646.6 5327.48 4250.08 2211.97
internal_count=189259 71398 6883 6794 5926 524 868 5402 64515 31236 8039 5410 23197 3866 19331 33279 8083 2629 7870 117861 82377 14871 12135 2736 11945 190 35484 21795 17357 9012
is_linear=0
shrinkage=0.03


Tree=203
num_leaves=31
num_cat=0
split_feature=22 22 13 41 14 9 15 24 9 9 14 1 13 30 19 24 24 13 14 9 43 27 15 42 13 45 45 28 19 25
split_gain=5.14873 20.4634 18.1294 16.5946 14.7165 14.2786 14.7496 13.4104 17.1405 46.4229 29.6556 20.5683 18.5776 18.3372 17.6284 20.0094 17.4999 16.9445 15.3722 14.6301 14.2238 13.181 13.086 14.5794 14.0946 12.3356 12.1916 12.0189 15.1378 13.9162
threshold=1.8500000000000003 1.6833333333333336 0.055227341190697145 -0.052764820902478325 0.21930000305175781 -0.074361296511386274 -0.0089999198913574205 0.32507817114257104 0.0032648838971489872 0.005288401628680715 0.54340000152587897 0.044100442250343291 0.0014877245025292293 -0.017047400045778923 1.250182487784808 0.42232131548705293 0.51123605715378917 0.013415545793505772 0.25550000190734873 -0.026177312386288589 -0.55754844007363047 0.1444827457654945 -0.14199991226196287 0.023382475227313865 0.0077283162722367876 -0.0014022652661482584 -0.00092457129043087879 -0.080999310616670414 0.29203893737620251 -0.58009433213603789
decision_type=2 2 2 2 2 2 2 2 2 2 2 2 2 2 2 2 2 2 2 2 2 2 2 2 2 2 2 2 2 2
left_child=1 4 3 -3 -1 -5 -7 20 11 10 18 13 -11 17 26 -16 -14 -9 -10 -15 22 -6 23 24 -2 -25 -13 29 -29 -22
right_child=7 2 -4 5 21 6 -8 8 9 12 -12 14 16 19 15 -17 -18 -19 -20 -21 27 -23 -24 25 -26 -27 -28 28 -30 -31
leaf_value=-0.013113027289293736 0.0069284100372152243 0.010892725424081677 -0.035684057773265304 -0.037554960431124731 -1.1819721048048664e-05 -0.00062065304741847668 -0.0080508079170769249 0.048253428525928045 0.0010091616083571871 0.0082856686230426222 0.052669050560554383 0.0027250898147330657 0.003124393497029834 0.014470623920681866 -0.010301084532397241 0.011073858502308831 -0.0046147972513405537 0.0059494099151173171 0.018622604957490841 0.0011597881461250044 0.0036807589420961738 -0.0096499564294997269 -0.0032672214574816479 -0.024892278684666317 0.034554777101452043 0.0026522264475312687 -0.0073890005671406961 0.0057855562824922734 -0.00093928668158678225 0.00033331620517428002
leaf_weight=77.930685609579086 64.357853084802628 64.37027670443058 16.364452138543129 11.856969177722929 26929.924932323396 468.81636156886816 493.62687967717648 14.553937956690786 63.284430235624313 346.45750747621059 18.850770458579063 131.30234995484352 735.342015594244 77.039231091737747 55.956643238663673 133.3374382853508 409.33619813621044 20.558158293366432 151.00694642961025 2101.9700853899121 1609.5313530638814 128.31286351382732 1745.101394996047 18.754007697105408 22.407510071992874 66.590916663408279 585.87384800612926 317.56876894831657 5866.1934835463762 3658.0503058731556
leaf_count=321 260 283 132 76 109602 1947 2057 62 256 1400 76 542 2988 317 229 552 1665 83 607 8706 6556 530 7120 77 92 270 2402 1292 23856 14903
internal_value=-3.92556e-07 -0.00025439 -0.00435354 -0.00385992 -9.5018e-05 -0.0048346 -0.0044315 0.000392751 0.00174497 0.0041455 0.0165944 0.000418564 0.00219908 0.00197696 -0.00338794 0.00475528 0.000356864 0.0234844 0.013421 0.00163039 -9.73034e-05 -5.75247e-05 -0.00248886 0.00540333 0.014063 -0.0034005 -0.00553729 0.000303096 -0.000593931 0.00135614
internal_weight=46404.6 28191.2 1055.03 1038.67 27136.2 974.3 962.443 18213.4 4844.87 1724.28 233.142 3120.59 1491.14 2214.12 906.47 189.294 1144.68 35.1121 214.291 2179.01 13368.6 27058.2 1917.21 172.11 86.7654 85.3449 717.176 11451.3 6183.76 5267.58
internal_count=189259 114948 4495 4363 110453 4080 4004 74311 19885 6992 939 12893 6053 9168 3725 781 4653 145 863 9023 54426 110132 7819 699 352 347 2944 46607 25148 21459
is_linear=0
shrinkage=0.03


Tree=204
num_leaves=31
num_cat=0
split_feature=8 2 17 27 5 2 31 31 30 7 16 23 22 23 16 1 40 14 26 33 33 10 17 1 13 38 37 29 4 45
split_gain=5.15793 16.3625 12.388 12.1811 14.2522 13.7214 12.0323 12.0059 13.3734 19.1748 12.1832 13.1092 11.6632 11.3157 19.6945 14.6666 13.0561 12.9694 11.934 11.1182 10.7151 10.574 10.5396 10.3436 15.837 10.235 9.92074 9.37088 9.24661 9.23237
threshold=-0.10925712149740205 -0.067175874511702247 0.0376388805794034 0.062500598342775368 -0.053982097313394532 0.070779815857414038 -0.039816382120591194 -0.013679212574335714 0.025176461593112234 0.021187108223871792 0.042497335960552225 -0.053027120339817921 0.61666666666666681 0.055786645522588267 0.020526035867328606 0.026806566234913485 -0.00021573987340376357 0.26469999313354498 0.030161997416206999 0.45107291762432405 0.24555532239251934 0.013843584698900697 0.0016300933227239496 0.084969833512147916 0.0004173553521332947 0.15747753132626399 0.041728662542446497 -0.018507523527684037 -0.018246989609202121 0.0031813359931626454
decision_type=2 2 2 2 2 2 2 2 2 2 2 2 2 2 2 2 2 2 2 2 2 2 2 2 2 2 2 2 2 2
left_child=2 27 7 4 12 23 25 13 10 28 21 -12 22 15 16 18 -15 -17 -1 -11 -16 -9 -3 24 -5 -6 -14 -2 -10 -25
right_child=1 3 -4 5 6 -7 -8 8 9 19 11 -13 26 14 20 17 -18 -19 -20 -21 -22 -23 -24 29 -26 -27 -28 -29 -30 -31
leaf_value=0.0018685719330864704 0.019079654628140152 0.022954743786040396 0.018264957990800131 0.018077522119148235 -0.00060166249303227417 0.0054879412277437714 0.0003850142744496706 -0.0012266537050181247 -0.02876918446804224 0.010700971028701569 -0.026831184876731928 0.0054664836804223984 0.010623802849738091 0.011675751216413389 -0.014412736105146321 -0.0065278382582506364 0.0029860220415407206 -0.0005144324582570753 0.018048875063006158 0.036890924862602995 0.0081771485788578215 -0.0050960314039070241 0.0038773390901164547 -0.003806898341100283 -0.0015418174817145279 -0.008043552205457433 -0.003597561603013969 0.0048486551696956606 0.0036395397471722093 -0.01392165234524754
leaf_weight=1429.4351628944278 52.353504493832588 61.454182133078575 31.623262390494347 37.486799865961075 409.09718653559685 239.66473698616028 27732.827783953398 7680.815101582557 13.937959142029284 59.872997298836708 11.725898295640944 319.19326211512089 76.007473573088646 210.11055865883827 76.031753204762936 383.06719928979874 599.9451993778348 2051.3630504161119 42.237765163183212 19.288021266460419 25.14837409555912 692.97024494409561 45.257032752037048 353.44553250074387 3035.3992414996028 280.28298242390156 105.32041551172733 203.57651832699776 18.360425561666489 105.44674670696259
leaf_count=5844 215 251 129 154 1671 976 112657 31588 60 258 48 1304 310 855 311 1583 2444 8392 174 87 102 2844 185 1457 12427 1148 430 845 75 435
internal_value=-3.93177e-07 0.000203955 -0.000489951 0.000144421 0.000354983 -0.00145849 0.000287695 -0.000533453 -0.00119153 0.0091342 -0.00132375 0.00432204 0.00699465 0.000670894 0.00368123 -3.13719e-05 0.00523995 -0.00146067 0.00233295 0.0170823 -0.00879801 -0.00154686 0.0148639 -0.00192987 -0.00130248 -0.00362733 0.00236363 0.00775977 -0.010346 -0.00613112
internal_weight=46402.7 32737.6 13665.1 32481.7 28710.2 3771.44 28422.2 13633.5 8816.16 111.459 8704.7 330.919 288.039 4817.34 911.236 3906.1 810.056 2434.43 1471.67 79.161 101.18 8373.79 106.711 3531.78 3072.89 689.38 181.328 255.93 32.2984 458.892
internal_count=189259 133161 56098 132101 116652 15449 115476 55969 36264 480 35784 1352 1176 19705 3712 15993 3299 9975 6018 345 413 34432 436 14473 12581 2819 740 1060 135 1892
is_linear=0
shrinkage=0.03


Tree=205
num_leaves=31
num_cat=0
split_feature=6 3 14 45 19 13 12 25 9 12 26 25 5 34 34 35 16 17 12 23 12 24 29 35 17 13 35 22 14 16
split_gain=5.0405 9.79265 8.24937 10.8137 7.95547 10.0794 9.89038 8.29636 7.62964 9.90145 6.35694 6.28456 5.85414 16.0551 14.3402 13.8123 15.29 12.5011 20.89 20.7679 18.6046 11.6718 17.5371 12.8077 11.1435 10.6671 29.2884 11.8916 10.3008 9.67096
threshold=0.31670942536295615 18.60166071368857 0.46670000076293955 0.00032720839392597995 1.0000000180025095e-35 0.016345347213293799 0.010345142085719622 -0.64426949640528941 0.019105418442342741 -0.00046788503799638411 0.093774892142133845 -0.33239394431678887 0.041071995718101169 0.041508079302664001 0.024647350436147356 0.0014016321288821668 0.0081496741260681915 0.014720975158275629 -0.00026941850921032956 -0.0062592788234543109 -0.00095867572697959152 0.040622987565529421 -0.025547119711530761 0.010625625057031371 -0.003715455526624735 0.0017283936660102098 0.00025322232040186156 1.0166666666666668 0.23510000228881836 0.0023092341068648679
decision_type=2 2 2 2 2 2 2 2 2 2 2 2 2 2 2 2 2 2 2 2 2 2 2 2 2 2 2 2 2 2
left_child=12 4 8 -4 -2 6 7 -6 9 -3 -11 -5 14 21 17 16 24 25 20 -20 -19 29 -23 -24 -15 26 -1 -27 -17 -14
right_child=1 2 3 11 5 -7 -8 -9 -10 10 -12 -13 13 15 -16 28 -18 18 19 -21 -22 22 23 -25 -26 27 -28 -29 -30 -31
leaf_value=0.0016350425770850108 0.019462434490616819 0.011311791422982331 -0.010668395598003049 0.030261339151652539 0.012911152754430813 -0.02272191934226923 0.031154179517037441 0.0016023457199729188 -0.031377649255555057 -0.022407851420561748 0.0018290663514463044 0.002033855305342966 -0.000881570595868951 -0.0060843439927236254 -0.0020123459332440424 0.018854522592283932 0.011464712736213809 0.0015023076199839561 0.0084199313540343421 0.0017265845341711645 -0.0092808454642390199 -0.012022658658942583 0.0017355405967695444 -0.0043625105400451796 0.0049271226800355339 0.0012165298357495614 -0.0021889468787137756 -0.00012011796849980798 -0.0029267923385454717 -0.0036812788908298691
leaf_weight=2788.4686974659562 31.901176422834396 19.73923622071743 22.40728360414505 15.312287718057634 72.961240343749523 12.410598173737524 12.354334458708761 292.23007717728615 13.218369543552397 29.067956879734993 14.647134765982626 13.233508810400961 2334.4892680719495 113.9192993491888 2636.1411012746394 20.636795550584793 236.4895077496767 388.0694864988327 610.01292192935944 1319.952847763896 228.96772962808609 99.396601319313049 2090.315565392375 363.94901689887047 301.94916344434023 10180.513223931193 5098.6984286829829 14554.117631610483 367.997369132936 2117.7337032333016
leaf_count=11349 129 80 91 62 297 51 50 1186 54 118 60 54 9510 468 10795 84 966 1577 2471 5367 936 405 8517 1486 1232 41422 20900 59419 1503 8620
internal_value=-3.90273e-07 0.00285585 -0.00442543 0.00493072 0.00505867 0.00388034 0.00475481 0.00386172 -0.0106431 -0.00632382 -0.0142871 0.0171754 -3.46191e-05 -0.000769361 0.000121773 0.00270698 0.0053742 0.000281739 0.00230595 0.00384218 -0.00249906 -0.0012859 0.000330931 0.000831245 0.00191074 0.000123696 -0.000836994 0.000430032 -0.00177019 -0.00221327
internal_weight=46401.3 549.483 127.626 50.9531 421.857 389.956 377.546 365.191 76.6727 63.4543 43.7151 28.5458 45851.8 8046.88 37804.9 1040.99 652.358 35168.8 2547 1929.97 617.037 7005.88 2553.66 2454.26 415.868 32621.8 7887.17 24734.6 388.634 4452.22
internal_count=189259 2232 519 207 1713 1584 1533 1483 312 258 178 116 187027 32791 154236 4253 2666 143441 10351 7838 2513 28538 10408 10003 1700 133090 32249 100841 1587 18130
is_linear=0
shrinkage=0.03


Tree=206
num_leaves=31
num_cat=0
split_feature=31 11 2 37 38 32 23 3 19 20 16 36 30 19 13 26 17 13 17 10 35 43 28 9 39 42 40 5 41 19
split_gain=5.05931 6.81079 7.79148 7.18495 7.03379 8.40956 6.28536 13.8933 11.4621 12.0724 8.93354 6.92543 6.7167 18.2558 10.065 13.3566 12.657 12.5812 27.4531 11.5254 10.4396 8.91045 6.6918 8.06812 6.05526 8.28092 6.0217 5.83907 5.76928 5.62289
threshold=-0.1048846476832669 0.25287508261731662 0.011447018343806235 0.06586826199125502 0.26448679825869276 0.11583215456745914 0.11561066042934286 18.416480891833263 1.3783122812580337 -0.20999999999999996 -0.019638041948824358 -0.04809728311942911 0.057182037927536185 0.8720913714562667 0.020145467941419967 0.02831929987677979 0.010833040895280968 0.018360313375594486 0.0054525438608215475 0.026771405453847364 -0.024468026908215465 0.3452990862272714 0.022782345686760411 0.01279777197262465 0.0090300722580090084 0.030115130482338846 0.0014503830025475466 -0.022132179100912194 0.0090654316497956692 0.94249819631078158
decision_type=2 2 2 2 2 2 2 2 2 2 2 2 2 2 2 2 2 2 2 2 2 2 2 2 2 2 2 2 2 2
left_child=1 3 -3 26 5 -5 12 8 9 11 -11 -8 14 22 17 16 -16 20 -19 -17 -2 28 23 -14 25 -9 29 -4 -15 -1
right_child=6 2 27 4 -6 -7 7 24 -10 10 -12 -13 13 21 15 19 -18 18 -20 -21 -22 -23 -24 -25 -26 -27 -28 -29 -30 -31
leaf_value=0.0092384057290199103 0.0071070287940454202 0.025147506571020273 0.0091153395532625886 -0.0048335161933589126 -0.014320093801999582 0.026045645467041512 -0.021354590644557025 -0.033076245305759922 -0.022618551636196416 -0.0028230311877227997 0.012547198176470955 0.0011260459907439968 0.0006943474937155964 -0.009631840986218828 -0.0046542448592636482 0.0071530076473977676 0.0062006412284081845 0.0039897129874760569 0.045775135381434962 -0.012426535548200605 -2.505699403244219e-05 -0.023731038497703572 0.038807516502922731 0.030679809076630735 0.0035708623045877519 -0.0050278501109375625 -0.025700916888441071 -0.014525696929244339 0.019144237067053465 -0.01525070422938605
leaf_weight=12.167395412921904 185.4952103048563 12.11781434714794 19.117054477334023 19.117898121476173 20.825990825891495 13.572781547904013 14.429044082760809 16.334879964590073 12.369364261627195 40.292249441146851 219.09540496766567 84.903815791010857 18.448042795062065 12.421407058835031 1118.9065498486161 187.44070602953434 105.82010029256344 321.79741388559341 14.801787972450255 31.622715979814529 43745.069634266198 16.047401890158653 13.663610726594923 14.364047557115553 19.801066562533379 22.552887186408043 29.153721511363983 18.503765165805817 12.662835434079168 27.532930836081505
leaf_count=51 747 50 79 79 88 56 60 67 51 166 894 347 74 50 4776 796 431 1308 66 134 178174 65 55 58 81 93 121 77 51 114
internal_value=-3.88888e-07 -0.00513441 0.00422632 -0.00893916 -0.000693708 0.00798714 1.87252e-05 0.00362979 0.00577485 0.00675391 0.0101596 -0.00213948 -1.51614e-05 0.0082836 -3.10664e-05 -0.00249601 -0.00371635 4.93285e-05 0.00582721 0.00432662 5.05798e-06 -0.00627357 0.0211669 0.013821 -0.00993344 -0.0168096 -0.0153479 -0.00251248 0.00489468 -0.00774526
internal_weight=46400.4 172.109 49.7386 122.371 53.5167 32.6907 46228.3 429.779 371.09 358.721 259.388 99.3329 45798.6 87.6073 45711 1443.79 1224.73 44267.2 336.599 219.063 43930.6 41.1316 46.4757 32.8121 58.6888 38.8878 68.854 37.6208 25.0842 39.7003
internal_count=189259 715 206 509 223 135 188544 1759 1518 1467 1060 407 186785 353 186432 6137 5207 180295 1374 930 178921 166 187 132 241 160 286 156 101 165
is_linear=0
shrinkage=0.03


Tree=207
num_leaves=31
num_cat=0
split_feature=22 22 35 24 9 35 35 3 17 18 19 22 9 9 8 4 22 22 32 29 16 22 2 8 10 24 9 9 15 25
split_gain=5.1758 19.1581 20.1459 22.0931 21.7711 18.5208 23.5931 25.7121 21.4434 20.3285 17.1447 23.2303 26.6821 20.546 15.9239 18.2561 15.9043 23.5153 16.4432 15.5879 13.9377 13.7601 13.5128 13.1398 19.2443 12.664 15.9763 43.2819 28.2281 15.0983
threshold=1.8500000000000003 0.9833333333333335 -0.00074950985114693395 -0.35113611606732326 -0.0098871287177214138 9.156570893712997e-05 0.00032585824961531865 16.66919490444155 0.0074757925100025551 4.4863478253842937 1.0507575545079177 0.91666666666666685 -0.012977296004133432 0.018882999850977373 0.21256867597319359 0.0090180467913043589 1.3833333333333335 1.6833333333333336 0.12521353433913909 -0.013593668143349232 -0.010445033239782844 0.55000000000000016 -0.076508187788514967 0.34814146181954747 0.0048973144607737567 0.32507817114257104 0.0032648838971489872 0.005288401628680715 -0.15399994850158688 -0.5154837513671503
decision_type=2 2 2 2 2 2 2 2 2 2 2 2 2 2 2 2 2 2 2 2 2 2 2 2 2 2 2 2 2 2
left_child=1 5 22 4 -4 10 7 8 -7 20 11 13 -13 -1 15 -12 18 -18 -5 -6 -8 -9 -3 24 -24 -2 -27 28 -28 -30
right_child=25 2 3 16 19 6 9 21 -10 -11 14 12 -14 -15 -16 -17 17 -19 -20 -21 -22 -23 23 -25 -26 26 27 -29 29 -31
leaf_value=0.0011622521350301989 -8.241590837413595e-05 0.030426495471663831 0.045903705401849168 -0.0028730864857375482 0.024347964818546855 -0.01168628021912318 0.0017686857381093524 -0.0027550898971156423 -0.0013026257819642273 -0.012268143179781067 0.0034934090405006608 0.050549461265492604 0.0087594019392518343 0.0070610179970465765 -0.0039994432965726537 -0.0022230906487791173 0.0028272550633041075 -0.0038110790357142937 0.028020199021602691 -0.00023935761943453659 -0.0005592845799056933 0.0064294045603818526 -0.0033868285862926396 0.0023485089809658281 -0.010681782030950366 0.0004271509605513829 0.051332080760675192 0.0021461662901899742 0.0038385488416784568 0.019909444471019163
leaf_weight=4369.2247137799859 13367.412128187716 9.9823425114154798 14.842425018548964 2416.0654275119305 33.267121002078056 487.27781066298485 3149.4150233864784 467.80147950351238 282.91798993945122 121.65607264637947 1106.0370700806379 14.577517822384833 242.35658858716488 605.02113544940948 848.73201976716518 921.86784808337688 1584.6686751097441 689.10218333080411 15.606143012642859 76.735088348388672 8732.1957251131535 213.95311902463436 1106.5650576129556 216.72941137850285 461.07007445394993 3119.8491468429565 18.762572720646858 1491.17460732162 92.716849893331528 121.63568370044231
leaf_count=17751 54426 42 66 9848 134 1980 12856 1906 1147 507 4509 59 979 2451 3452 3755 6453 2949 64 311 35536 868 4564 877 1884 12893 76 6053 374 489
internal_value=-3.79413e-07 -0.000255062 -0.00166611 -0.000657786 0.0117982 0.000178443 -0.000504057 -0.00411601 -0.00787203 -6.71443e-05 0.00131108 0.00233408 0.0111304 0.00187972 -0.000549256 0.000894738 -0.000988268 0.000815403 -0.00267482 0.0071964 5.7782e-05 0.000127254 -0.00438047 -0.00457519 -0.00553241 0.000393815 0.00170798 0.00402544 0.0160467 0.0129581
internal_weight=46399.2 28187.7 6624.63 4830.29 124.845 21563 13455.2 1451.95 770.196 12003.3 8107.82 5231.18 256.934 4974.25 2876.64 2027.9 4705.44 2273.77 2431.67 110.002 11881.6 681.755 1794.35 1784.36 1567.64 18211.6 4844.14 1724.29 233.115 214.353
internal_count=189259 114948 27192 19825 511 87756 54800 5901 3127 48899 32956 21240 1038 20202 11716 8264 19314 9402 9912 445 48392 2774 7367 7325 6448 74311 19885 6992 939 863
is_linear=0
shrinkage=0.03


Tree=208
num_leaves=31
num_cat=0
split_feature=8 5 17 28 36 5 7 26 34 17 5 17 17 16 14 41 24 32 33 12 45 13 24 7 8 13 5 34 13 17
split_gain=5.00198 12.0246 17.1413 13.617 11.7174 13.6519 18.2715 15.1437 14.1823 14.6187 13.3393 13.1125 20.3935 24.6028 21.7535 17.7699 16.5498 19.1928 17.3057 15.2048 12.8492 12.5655 11.0162 11.014 17.1281 13.1205 13.5492 14.5297 13.1975 11.5411
threshold=-0.10925712149740205 -0.050202006330161579 0.010368799298508697 0.70472089432005991 -0.016312697464520635 -0.0073448166812333229 0.057679410909424002 -0.033374145949508403 0.024647350436147356 0.0376388805794034 -0.0059582792595869174 -0.003087608260766728 0.010048746897161493 -0.047077618025553845 0.26289999961853033 -0.060785878280389734 0.49055713373694071 0.037535007193268667 0.57125775096395703 0.032392279229588886 0.001017552897143214 0.0017946014016286809 -0.55603190054904816 0.033325112682712633 0.37327272101731573 0.00049865380950421154 0.041071995718101169 0.041508079302664001 0.00071045639401242798 -0.00041939063062344063
decision_type=2 2 2 2 2 2 2 2 2 2 2 2 2 2 2 2 2 2 2 2 2 2 2 2 2 2 2 2 2 2
left_child=4 2 3 -2 11 8 7 20 9 22 -9 15 19 -14 -15 -1 18 -18 -17 21 -7 -13 -6 25 -25 29 28 -28 -27 -3
right_child=1 23 -4 -5 5 6 -8 10 -10 -11 -12 12 13 14 -16 16 17 -19 -20 -21 -22 -23 -24 24 -26 26 27 -29 -30 -31
leaf_value=0.0229578752187693 0.0072725212533939678 -0.00031974377107425912 -0.0074280603036905278 -0.012289241940464393 -0.015583931042197604 0.029881211364146103 0.02231197014775357 0.0078407545117445028 -0.0088045175644079626 0.030817217432756182 -0.00045832958313918532 -0.0055656831650779314 -0.019658580266066903 0.019335761760879398 0.003363246542483152 0.0018895623933909284 -0.00022930103756777507 0.015007532788107467 -0.013884536195265425 0.021195846776507137 -0.002168154966128601 -0.00050704670678674419 -0.0014014031168040851 -0.001828672560603964 0.0020783337666431504 0.0057738139941363852 -0.0013264852223979617 0.0037969222786070466 0.00068528357905733102 -0.019215300589398746
leaf_weight=40.411729946732521 544.96987234055996 58.84296253323555 98.27180814743042 34.02600784599781 49.640800312161446 28.955583035945892 35.578751444816589 191.18001398444176 243.71332727372646 12.61892084777355 1974.9472438469529 628.52734218537807 36.928373456001282 88.607527196407318 573.00806796550751 859.95733225345612 125.96915218234062 181.75634406507015 67.509369909763336 25.722612664103508 18.42080083489418 1488.5931453965604 6990.0382966995239 4892.7918644063175 1272.50898527354 469.77348913252354 5258.9486998468637 550.30318079888821 19497.153276540339 57.538412883877754
leaf_count=166 2229 243 402 140 203 118 145 781 1006 52 8112 2579 153 360 2331 3516 524 752 277 107 75 6129 28712 20175 5193 1905 21347 2234 79046 247
internal_value=-3.73573e-07 0.000200859 0.00415668 0.00612293 -0.000482538 -0.00105954 0.00098393 0.000641114 -0.00168947 -0.00144358 0.000274138 0.000855224 -0.000279179 0.00417225 0.00550238 0.00338209 0.00274163 0.00877025 0.000741382 -0.0017303 0.0174198 -0.00200885 -0.00150141 0.000117287 -0.00102227 0.000388628 0.000434006 -0.000841151 0.000805004 -0.00966162
internal_weight=46397.2 32735.1 677.268 578.996 13662.1 9545.09 2249.08 2213.5 7296.01 7052.3 2166.13 4116.99 2841.39 698.544 661.616 1275.6 1235.19 307.725 927.467 2142.84 47.3764 2117.12 7039.68 32057.9 6165.3 25892.6 25776.2 5809.25 19966.9 116.381
internal_count=189259 133161 2771 2369 56098 39204 9231 9086 29973 28967 8893 16894 11659 2844 2691 5235 5069 1276 3793 8815 193 8708 28915 130390 25368 105022 104532 23581 80951 490
is_linear=0
shrinkage=0.03


Tree=209
num_leaves=31
num_cat=0
split_feature=2 7 4 32 10 38 0 14 33 7 41 17 35 12 17 9 15 12 28 26 31 5 19 35 13 22 4 9 34 26
split_gain=5.13964 11.5853 14.8501 11.3161 11.7202 10.9643 10.8772 11.9331 12.3694 11.0594 10.8127 11.8405 9.88999 9.30614 15.701 32.3523 18.2934 9.78211 13.5487 8.884 8.70646 8.51356 11.4706 8.6581 14.2354 12.1901 13.9157 11.5366 10.7931 8.47926
threshold=0.02706121267543405 0.057679410909424002 0.72287153570739282 0.084942082157970125 0.045425357724316419 -0.044875834972775579 -0.0059701032735541186 0.52399999618530291 1.7177650426332793 0.057679410909424002 -0.033267108981867272 0.0056438015473348566 0.00061596892562089888 -0.011225504557857384 0.00023613235218658847 -0.026177312386288589 -0.036999940872192376 -0.0098827484640561236 -0.85421822529914404 0.030868040554323687 0.054067229280779817 -0.060223596748848134 1.438007033085724 -0.0004215574583149836 0.001645293772794304 0.41666666666666674 1.0620411306823876 0.0053876148025936927 -0.037214838118329312 -0.026873029039108265
decision_type=2 2 2 2 2 2 2 2 2 2 2 2 2 2 2 2 2 2 2 2 2 2 2 2 2 2 2 2 2 2
left_child=3 21 5 4 13 -3 7 10 -9 -8 11 -5 -12 14 16 -16 -1 18 -15 -7 -19 22 -2 24 -23 26 -25 -26 -27 -4
right_child=1 2 29 6 -6 19 9 8 -10 -11 12 -13 -14 17 15 -17 -18 20 -20 -21 -22 23 -24 25 27 28 -28 -29 -30 -31
leaf_value=-0.0014518666505931024 0.004558615472032619 0.0042138245036178025 -0.021400464982225139 0.00051863726517592512 -0.007593787216702166 0.026681472418701242 -0.0040294017837515855 0.0098322669341852544 -0.021668797417562585 -0.016320060319130879 0.00038140672388068688 0.02060172125575975 -0.0069934596081378019 -0.024961892157618067 0.045080120877653979 -0.0013850148660472027 0.0085288165099858485 -8.0333577334433737e-05 -0.0030804234015395608 0.0071682978718289403 0.0030636305260085309 0.012377254670617515 0.030082412352945301 -0.0021943773766859671 -0.0021782775370372824 -0.0094130117261815548 -0.014746704875250035 0.0038204830934036715 0.001064907989613781 0.0032878462209590077
leaf_weight=241.72092819213867 122.43853488564491 89.727631717920303 20.887252956628799 99.525148555636406 182.47363276779652 54.050883680582047 665.91622682288289 139.99526132643223 12.195962116122244 73.125962674617767 314.26647424697876 35.970158189535141 341.48428291082382 26.960307598114014 13.716119408607481 804.93026602268219 522.63447940349579 36630.810331560671 459.9742002338171 34.33994859457016 810.27176910638809 117.75473488867283 18.202634647488594 819.33208931982517 477.1027680337429 91.980104297399521 88.027421727776527 730.03119557350874 2324.3259991109371 31.256214827299118
leaf_count=984 501 366 87 414 748 220 2739 578 50 302 1295 149 1410 154 62 3277 2111 149312 1885 140 3326 478 75 3341 1946 377 365 2969 9469 129
internal_value=-3.75664e-07 0.000906183 0.00747923 -0.000110353 -8.20994e-06 0.0116013 -0.00252015 -0.000385219 0.0073079 -0.00524552 -0.00186494 0.00585013 -0.00345908 2.68225e-05 0.00228047 -0.000606509 0.00537251 -6.72381e-05 -0.00429194 0.0191006 -1.22943e-05 0.000590154 0.00786206 0.000370144 0.0024208 -0.000447294 -0.00341214 0.00144956 0.000666051 -0.00660162
internal_weight=46395.4 5019.46 230.262 41376 39693.5 178.118 1682.48 943.437 152.191 739.042 791.246 135.495 655.751 39511 1583 818.646 764.355 37928 486.935 88.3908 37441.1 4789.2 140.641 4648.55 1324.89 3323.67 907.36 1207.13 2416.31 52.1435
internal_count=189259 20463 942 168796 161859 726 6937 3896 628 3041 3268 563 2705 161111 6434 3339 3095 154677 2039 360 152638 19521 576 18945 5393 13552 3706 4915 9846 216
is_linear=0
shrinkage=0.03


Tree=210
num_leaves=31
num_cat=0
split_feature=23 11 39 39 30 11 10 7 27 1 1 4 9 30 17 40 32 34 45 25 42 13 10 4 24 25 2 11 10 34
split_gain=5.06457 11.7452 11.4714 10.9944 9.57498 8.05792 6.3907 6.29362 5.81806 10.9111 7.7954 13.0941 13.2705 11.9165 8.49205 7.58352 13.9745 15.1856 7.37742 11.8634 7.10599 10.4944 10.4564 6.87691 6.69715 9.71977 12.2022 9.58068 5.78647 5.08035
threshold=-0.11437166639007595 -0.10584720443875374 -0.027993170370140489 0.06307404879684482 0.0009406990303126656 0.38516483516483518 -0.021723278183445823 0.025712438303931218 0.1444827457654945 0.037337369437478153 0.11589385101912542 0.74207252702840709 0.0098849341874516095 -0.003108761642344617 -7.6489540136760831e-05 0.057182037927536185 0.026495697367869334 0.023470622332898664 0.00016576340297010423 -0.76393279881080234 0.053791272526615121 0.0004173553521332947 -0.046578667464122515 1.1678696932892836 -0.26622545223562705 -0.83586870943258829 0.033289864417634235 -0.44374109827504343 -0.00033985017762042878 -0.0051890860557232991
decision_type=2 2 2 2 2 2 2 2 2 2 2 2 2 2 2 2 2 2 2 2 2 2 2 2 2 2 2 2 2 2
left_child=1 2 -1 5 6 7 -4 -3 10 -10 15 12 13 -12 -14 20 28 -18 23 -20 21 -2 -22 -13 27 -26 -27 -11 -17 -9
right_child=8 3 4 -5 -6 -7 -8 29 9 24 11 18 14 -15 -16 16 17 -19 19 -21 22 -23 -24 -25 25 26 -28 -29 -30 -31
leaf_value=0.036793268968197117 0.0098648938237695539 0.010574705087881088 -0.00808288438570735 0.024320745291716576 0.02730741103018839 0.012606335850341413 0.014588333449790209 -0.0039471500848314014 0.020324087699477512 0.003555002353458226 0.021779432940480424 -0.025632315336748385 0.030146462729615242 0.0018551983922060358 0.0081475988976181576 -0.012850536410454673 0.0044050906486351312 -0.020915276535998895 -0.023401237623706068 0.0073812838133004094 0.0049709700594759241 0.00012095395327747194 -0.0010873336247342932 -0.004339697309547628 -0.022157264989784559 -0.0062752203559399153 0.018321180430609998 -0.026327715960985834 -0.041527137368260601 -0.019548548909362244
leaf_weight=15.608362838625906 99.740813195705414 13.666315779089926 27.805386334657666 13.660359188914297 17.073685571551323 20.760716184973717 18.726968199014667 38.512682184576988 13.538288876414297 13.785670757293699 30.607887655496597 20.87566639482975 32.666905909776688 230.24238908290863 30.572966203093529 12.619977757334711 78.433349996805191 29.273702442646027 13.559943839907644 66.663181811571121 265.96065072715282 37922.566264532506 7133.8433137610555 39.447990998625755 21.076595276594162 66.472977966070175 24.971977710723877 32.234024256467819 12.711863309144972 36.672024592757225
leaf_count=63 409 55 115 55 69 85 76 160 57 57 126 87 133 951 125 54 327 128 59 278 1106 154410 29305 166 89 275 102 133 55 149
internal_value=-3.71803e-07 0.00473381 0.0137471 -0.00105812 0.00809177 -0.00422096 0.00104116 -0.00815278 -2.11245e-05 -0.00552711 -5.36263e-07 0.00386562 0.00718212 0.00419309 0.0195112 -3.99689e-05 -0.00719205 -0.00247673 -0.00378197 0.00217818 -1.90209e-05 0.000146514 -0.000869589 -0.0117082 -0.00773462 -0.00379142 0.000441616 -0.017376 -0.0272408 -0.0115569
internal_weight=46394.4 202.487 79.2144 123.272 63.606 109.612 46.5324 88.851 46191.9 172.08 46019.8 464.637 324.09 260.85 63.2399 45555.1 133.039 107.707 140.547 80.2231 45422.1 38022.3 7399.8 60.3237 158.541 112.522 91.445 46.0197 25.3318 75.1847
internal_count=189259 827 323 504 260 449 191 364 188432 713 187719 1925 1335 1077 258 185794 564 455 590 337 185230 154819 30411 253 656 466 377 190 109 309
is_linear=0
shrinkage=0.03


Tree=211
num_leaves=31
num_cat=0
split_feature=8 5 17 20 19 32 9 16 9 37 30 6 26 6 39 9 10 29 40 4 43 1 40 2 9 16 8 28 38 11
split_gain=4.97081 11.3999 10.2339 15.2486 13.7491 12.9758 12.6875 14.1933 11.3261 10.5465 10.4716 11.3846 9.14764 9.00577 13.6382 21.3151 16.1979 16.9999 15.5009 14.2276 13.5277 13.4395 13.0479 11.1969 19.931 16.3088 15.9334 15.1775 16.0025 14.267
threshold=0.37861418174568545 0.01127604370513602 -0.0065199916683650857 1.0000000180025095e-35 0.80861874037491654 0.061669158094655979 0.0097864851276795711 0.022701661014284256 0.03091427883141119 0.023952156006458943 -0.0050965524669645884 0.080002869603740159 -0.021154876276636297 0.082759702763633439 -0.0044268698158401506 0.0049781042772494783 -0.012528412836430051 0.068963447433663908 0.037521183991521358 -0.52020860512358424 0.29659820298848599 0.055911777902981193 -0.0049849001118457709 -0.0022124005835336374 0.015042661718684489 -0.0019807798081071032 -0.24943826687755485 0.44209460274695461 -0.69461820777117989 0.16760299625468164
decision_type=2 2 2 2 2 2 2 2 2 2 2 2 2 2 2 2 2 2 2 2 2 2 2 2 2 2 2 2 2 2
left_child=13 -2 3 10 8 9 7 -6 12 -5 11 -3 -4 23 18 16 17 -16 20 22 -15 -18 -17 24 27 -26 -27 28 -1 -25
right_child=1 2 4 5 6 -7 -8 -9 -10 -11 -12 -13 -14 14 15 19 21 -19 -20 -21 -22 -23 -24 29 25 26 -28 -29 -30 -31
leaf_value=-0.0031973521272603868 0.0089043953181752022 -0.02218836335097835 -0.0067067122120340597 -0.0063844245303875417 0.0023560800486322232 -0.01107560448828019 -0.0030998183680373487 -0.0064837149757061069 0.014108956926642695 0.01166916557409632 -0.0065125165079883392 0.0087625713816128544 0.0030371604883296429 -0.004741971293342832 0.0087631341839216823 0.013482194471561147 0.0022486397996330141 -0.01459505908213493 -0.033823015573157235 -0.0018383639069854247 0.0011186293880599454 -0.0058139947102551987 -0.015302986268092478 0.0014710271469357253 -0.010101256578180366 0.0090896141987990321 -0.004052381303716511 -0.0021440752820259105 0.00043781019396301293 -0.00024109137435501853
leaf_weight=1183.4897334873676 153.62923005223274 12.388129577040671 91.035169064998627 36.817584037780762 1402.1583544611931 39.774159923195839 921.67550271749496 185.04502284526825 79.807930737733841 139.33041711896658 520.45960219949484 78.295487850904465 1826.7541167363524 1301.6928172931075 412.43363176286221 15.982413232326506 768.19367786124349 30.08782647550106 14.948138430714605 955.08452609181404 487.12202356010675 245.54259379208088 125.14699174463749 8475.629781011492 331.87832374870777 100.69734001159668 473.19632250070572 3139.1772197633982 13780.730029128492 9065.503094740212
leaf_count=4823 625 50 368 149 5691 162 3740 755 323 564 2124 318 7391 5326 1679 66 3120 125 63 3886 1996 1006 511 34840 1373 418 1960 12843 56144 36820
internal_value=-3.70385e-07 0.000847496 0.000615422 -0.00245206 0.00117839 0.00440107 -0.000300217 0.00132549 0.00303545 0.00789569 -0.00487333 0.00453442 0.00257463 -0.000114103 -0.00140347 7.61911e-06 0.00238617 0.00717497 -0.00340026 -0.00315216 -0.00314604 0.000295745 -0.0120432 3.95697e-05 -0.000464827 -0.00480768 -0.00174644 -0.00024754 0.000150313 0.00058618
internal_weight=46393.7 5487.17 5333.54 827.065 4506.48 215.922 2508.88 1587.2 1997.6 176.148 611.143 90.6836 1917.79 40906.5 4356.23 2552.47 1456.26 442.521 1803.76 1096.21 1788.81 1013.74 141.129 36550.3 19009.2 905.772 573.894 18103.4 14964.2 17541.1
internal_count=189259 22260 21635 3367 18268 875 10186 6446 8082 713 2492 368 7759 166999 17778 10393 5930 1804 7385 4463 7322 4126 577 149221 77561 3751 2378 73810 60967 71660
is_linear=0
shrinkage=0.03


Tree=212
num_leaves=31
num_cat=0
split_feature=8 20 26 0 19 1 44 31 32 27 10 34 2 10 38 20 9 34 23 14 24 9 19 3 31 14 9 20 22 14
split_gain=4.96574 14.7458 15.9572 15.5984 13.8805 21.2157 12.8004 12.2237 12.0808 11.3147 14.8466 13.34 11.2777 14.6163 19.3113 15.8104 27.3406 15.0594 14.9541 14.4915 13.5224 14.253 13.4501 12.5197 12.1025 17.7567 18.6768 26.6566 17.6813 14.6732
threshold=0.028246442555306502 0.41000000000000009 1.0000000180025095e-35 -0.056622625289260702 0.5318513864966169 0.038743440107780226 -0.06561217635362733 0.063605412094555544 0.059541369836680534 0.014890720744294471 -0.00098502894584108123 0.041508079302664001 0.015429694110525824 0.020742582507951964 -0.61440166254252204 0.33000000000000007 0.048468827770488603 0.012568400745551512 -0.014852676517478845 0.81510002136230475 0.62530702326375032 -0.01796800159379492 1.2972415823538854 11.540876170196841 -0.011650599206318458 0.26469999313354498 0.010203439908615658 -0.16499999999999995 0.15000000000000002 0.26610000610351564
decision_type=2 2 2 2 2 2 2 2 2 2 2 2 2 2 2 2 2 2 2 2 2 2 2 2 2 2 2 2 2 2
left_child=12 3 8 -2 5 -4 -5 -6 -3 10 -8 -11 24 15 17 20 18 -15 -17 23 21 -14 -22 -16 25 26 27 -1 -27 -30
right_child=1 2 4 6 7 -7 9 -9 -10 11 -12 -13 13 14 19 16 -18 -19 -20 -21 22 -23 -24 -25 -26 28 -28 -29 29 -31
leaf_value=0.00093353524039440912 0.0076525659009564579 0.0067048852039998845 0.023144867218844189 -0.010315827768964753 0.00029678637222557697 -0.0042521911171224201 0.0058175976361250535 -0.016440995832652915 -0.0038033421844469732 -0.00042558112134474509 0.00020571663480319018 0.0025920164948044708 0.021732251820702476 -0.017165454992581271 -0.019205760616671525 0.015552186347217709 0.048089904413726819 0.01304981088981799 0.002990910666562702 0.016095936948962244 0.0074763696230050226 0.00026975390852264797 0.038872738437162865 -5.4974993977539246e-05 -0.0011097270853280396 0.0075647016258599074 0.0054335608854534784 -0.0094688067421469374 0.031219245696531377 0.00061610688469537571
leaf_weight=398.03039952367544 239.83447110652924 855.79284450411797 58.368069216609001 108.5719930678606 1410.7026847749949 45.08996906876564 671.01036778092384 40.393522560596466 111.26591189205647 17831.026561938226 1153.8726719170809 1423.7670494318008 28.511080846190453 101.08776612579823 31.874343618750572 121.81446518003941 14.932088166475294 17.401093766093254 284.5370172560215 48.50353117287159 61.612033128738403 1196.6437667310238 15.337341859936712 850.56400932371616 12947.012325502932 360.59895065426826 192.62088297307491 500.49503896012902 14.138483077287672 5256.7676392197609
leaf_count=1620 988 3445 235 447 5699 183 2704 165 451 72387 4796 5807 117 415 134 491 60 71 1151 196 250 4866 62 3481 53169 1475 798 2076 57 21463
internal_value=-3.72827e-07 0.00030008 0.00247007 4.47197e-05 0.000587794 0.0112044 -4.13952e-05 -0.000169136 0.00549585 1.15238e-05 0.00226921 -0.000202449 -0.000321004 0.00147016 -0.00132106 0.00316982 0.00822151 -0.0127281 0.00675648 0.000130813 0.0015354 0.000769216 0.0137342 -0.000746716 -0.000573503 0.000459201 -0.00304349 -0.00486076 0.00113787 0.000698196
internal_weight=46392.2 23949.7 2521.61 21428.1 1554.55 103.458 21188.2 1451.1 967.059 21079.7 1824.88 19254.8 22442.5 2772.82 1049.43 1723.39 421.284 118.489 406.351 930.942 1302.1 1225.15 76.9494 882.438 19669.7 6722.65 1091.15 898.525 5631.51 5270.91
internal_count=189259 97307 10178 87129 6282 418 86141 5864 3896 85694 7500 78194 91952 11294 4297 6997 1702 486 1642 3811 5295 4983 312 3615 80658 27489 4494 3696 22995 21520
is_linear=0
shrinkage=0.03


Tree=213
num_leaves=31
num_cat=0
split_feature=11 14 15 12 1 10 39 32 29 15 35 37 35 9 8 18 39 36 14 3 14 23 15 16 16 30 11 26 24 29
split_gain=4.95193 9.55854 11.8138 10.4788 13.2245 7.62409 7.36487 12.0631 12.5977 6.7413 6.09986 7.12295 5.80631 7.36904 5.37683 11.8632 9.78943 12.1159 7.71362 6.23837 9.18226 14.9714 15.5282 10.3213 9.85904 12.052 10.7653 8.01144 17.9343 15.7297
threshold=-0.48473193473193471 0.29550000190734865 -0.062000036239624016 -0.0019189076461274799 0.043784180103546143 -0.08571838357084953 -0.043342700401036723 0.096741664102363831 0.014507564152770986 -0.042999982833862298 -0.00081110372876444655 0.051087467436361035 0.002191359961870322 -0.0058290384314278283 -0.45294651636286554 4.0684258745920152 0.024072012545514377 0.03014270692648811 0.22210000038146974 11.777514176235735 0.59010000228881843 -0.021550192841523343 -0.051499938964843749 0.02311506426773904 -0.047077618025553845 -0.0098827484640561236 0.060708435708435711 0.0071141562277722099 0.2797914927728023 0.010830728028332086
decision_type=2 2 2 2 2 2 2 2 2 2 2 2 2 2 2 2 2 2 2 2 2 2 2 2 2 2 2 2 2 2
left_child=1 2 -1 4 -3 -4 -5 8 -8 -9 -6 -12 13 -7 15 16 17 18 -2 20 24 22 -22 -23 26 -26 -16 -21 -29 -30
right_child=14 3 5 6 10 12 7 9 -10 -11 11 -13 -14 -15 19 -17 -18 -19 -20 27 21 23 -24 -25 25 -27 -28 28 29 -31
leaf_value=0.0088427121960231638 0.012440831313429778 -0.013257553607836651 0.0037407508255082023 -0.018057312463746984 0.029157994212180672 -0.007010504012648756 -0.0091237816231655739 -0.0014723279660934009 0.0047314773842879691 0.026796745457843354 -0.0042922134697843091 0.024378636781415851 -0.0074807002448309323 -0.0326991776640096 -0.024507394458142991 -0.020130508959341556 -0.017171495424511223 0.028502224978320435 -0.0018606338709362953 0.00047819627611431995 0.019182316814450581 0.019662333860871024 -0.021743587226834275 -0.0074375430133635919 0.0065131340612205645 -0.0021814912954774401 0.0037720850596701431 -0.00094128558960149082 0.0037654344119166321 -0.00020327668179882758
leaf_weight=22.175985217094421 35.206393495202065 17.123031318187714 15.154993727803229 27.084923595190048 21.993842750787735 13.985820949077604 156.27446128427982 12.490311995148661 94.944129437208176 19.359786555171013 17.37992894649506 14.146454513072966 23.9188501983881 35.713584616780281 34.648186407983303 31.788523524999619 34.759639360010624 12.393282577395437 945.24151008948684 26887.928558550775 12.276342198252676 63.02642922103405 26.047798499464989 15.824295416474341 154.63341955840588 1989.876659668982 18.628874003887177 11938.088834911585 1540.302962012589 2158.1116056442261
leaf_count=93 143 72 64 115 91 60 657 52 404 80 73 58 102 153 199 132 144 52 3889 109100 50 257 107 65 669 8667 79 48537 6273 8822
internal_value=-3.70786e-07 -0.00299487 -0.0107436 -0.00073719 0.00969038 -0.0156364 -0.00311226 -0.00168227 -0.0038874 0.0157108 0.0170322 0.00857291 -0.0196253 -0.0254702 3.17114e-05 -0.00208074 -0.00152237 -0.000974492 -0.00134709 8.16207e-05 -0.00143499 0.00674777 -0.00863382 0.0142237 -0.00187125 -0.00155455 -0.0146192 0.000164183 -0.000375783 0.0014496
internal_weight=46390.5 491.746 110.949 380.797 70.6433 88.7732 310.154 283.069 251.219 31.8501 53.5202 31.5264 73.6183 49.6994 45898.8 1059.39 1027.6 992.841 980.448 44839.4 2314.96 117.175 38.3241 78.8507 2197.79 2144.51 53.2771 42524.4 15636.5 3698.41
internal_count=189259 2074 472 1602 294 379 1308 1193 1061 132 222 131 315 213 187185 4360 4228 4084 4032 182825 10093 479 157 322 9614 9336 278 172732 63632 15095
is_linear=0
shrinkage=0.03


Tree=214
num_leaves=31
num_cat=0
split_feature=32 14 14 14 3 4 41 12 3 33 12 32 13 19 0 28 15 45 9 41 33 4 40 24 28 25 28 38 23 14
split_gain=4.94348 10.2758 8.19245 9.39006 14.2823 14.2447 10.1878 10.1428 8.99597 9.43736 8.92725 7.68056 20.0433 9.16438 17.1811 12.117 10.9777 8.36635 12.2792 8.95754 7.4208 7.26729 10.1817 13.0181 9.726 9.1957 15.6631 13.8576 12.799 31.7295
threshold=0.0084117094127229893 0.19250000000000003 0.24930000305175784 0.40129999160766611 17.199386689166669 1.234557515658284 0.082006585372892127 -4.6744455910365184e-05 14.936790646408708 -0.34583169791264184 -0.0012135441725875014 0.015321462990767367 0.00054856643930122106 0.80196747531052848 0.0018849706660369048 -1.7068374921875538 -0.23700003623962398 0.012152505246625462 0.0031301626190365956 0.0015194074594341547 -0.78137765501670831 0.68726140101692945 0.0074535750744168959 -0.41416893162683194 0.68752848231615193 -0.25733202592048982 -1.1350907294256938 1.0619132476141691 -0.028412607871779069 0.24529999732971194
decision_type=2 2 2 2 2 2 2 2 2 2 2 2 2 2 2 2 2 2 2 2 2 2 2 2 2 2 2 2 2 2
left_child=1 -1 8 6 5 -5 7 -4 9 10 -3 12 -2 14 16 -16 -14 19 -19 -15 -6 25 -23 -24 -25 26 -13 -28 29 -27
right_child=11 2 3 4 20 -7 -8 -9 -10 -11 -12 21 13 17 15 -17 -18 18 -20 -21 -22 22 23 24 -26 28 27 -29 -30 -31
leaf_value=0.020785279001864231 -0.027508435174809664 -0.024704767398817429 0.011124707736745043 -0.01185733778277568 0.019809725088925759 0.016630223826285748 0.031216801675135866 0.0016935276672111843 0.0038681956054605706 -0.00012460287004897625 -0.00455370780963083 -0.0057096831788123774 0.015655816825542158 -0.0039121766564352125 0.033560845931849374 0.0033872591589250898 -0.002654830644066635 -0.0023313018933856008 -0.02368675525145356 0.00023804923718979824 -0.0036720837844135259 -0.0017895394982038702 0.027913445955101365 0.0026143770458337753 -0.022398066965531392 0.012333777808771868 0.00063564042551154346 -0.0027932397148249404 -5.2280071973547267e-05 -0.0039918779783148454
leaf_weight=25.891907900571823 26.154798433184624 39.719741951674223 155.80959259718657 109.64555458724499 32.093165278434753 18.456535145640373 13.647958055138586 300.68038303405046 109.33400467038155 81.549466840922832 39.426550969481468 369.01618230715394 30.371491104364395 1071.1674502193928 12.176712676882742 733.9511783272028 990.21364859119058 59.854091957211494 40.716998472809792 831.2653925344348 19.454959914088249 3281.7095379009843 17.912044510245323 469.5396970808506 14.421230033040045 114.45098556578159 28746.320382170379 1101.4241363555193 5854.9257899820805 1678.0295133292675
leaf_count=104 111 241 653 468 133 75 56 1222 443 338 161 1689 124 4369 50 2963 4048 243 166 3385 79 13509 73 1926 60 462 116917 4493 23858 6840
internal_value=-3.72908e-07 0.0021464 0.00162173 0.00344688 -0.00238715 -0.00775294 0.00567619 0.00491259 -0.00277021 -0.00728685 -0.0146666 -4.50486e-05 -0.00133693 -0.00115534 0.000419641 0.00387969 -0.00210993 -0.00254453 -0.0109772 -0.00209874 0.0109474 7.26961e-05 -0.00118095 0.00279858 0.00186905 0.000197967 0.000433164 0.00050911 -0.000731355 -0.00294947
internal_weight=46389.3 945.71 919.818 649.788 179.65 128.102 470.138 456.49 270.03 160.696 79.1463 45443.6 3795.87 3769.72 1766.71 746.128 1020.59 2003 100.571 1902.43 51.5481 41647.7 3783.58 501.873 483.961 37864.2 30216.8 29847.7 7647.41 1792.48
internal_count=189259 3973 3869 2686 755 543 1931 1875 1183 740 402 185286 15459 15348 7185 3013 4172 8163 409 7754 212 169827 15568 2059 1986 154259 123099 121410 31160 7302
is_linear=0
shrinkage=0.03


Tree=215
num_leaves=31
num_cat=0
split_feature=2 11 7 4 7 16 25 18 9 14 13 17 23 38 14 40 15 17 45 1 14 30 40 33 30 10 34 45 42 20
split_gain=4.86009 14.4807 10.8636 13.647 10.3521 12.6191 12.308 10.6129 16.6092 17.3589 14.4734 22.0056 10.7629 10.1776 9.96228 9.88137 9.63854 15.9308 11.3504 9.56116 9.92386 9.4958 14.5253 12.9616 9.58059 9.42185 9.13772 9.00064 11.5028 8.00877
threshold=0.02706121267543405 0.45514003018614796 0.057679410909424002 0.72287153570739282 0.03606242780139738 -0.0043578933675257883 -0.32263735538639671 2.26397742276809 -0.0098871287177214138 0.25869999885559086 0.00049865380950421154 -0.0026765496890661885 0.02703620002751889 -0.044875834972775579 0.40750000000000003 0.057182037927536185 -0.18000001907348631 -0.0049042649705109348 -0.039057171230984455 0.058263296393169885 0.38649999618530279 0.002093568274317312 -0.0029247649075804429 -0.14864494836023209 0.0014016321288821668 -0.056408632709372943 -0.010367783639048833 0.0013055598480894526 0.088837634364592383 0.47500000000000003
decision_type=2 2 2 2 2 2 2 2 2 2 2 2 2 2 2 2 2 2 2 2 2 2 2 2 2 2 2 2 2 2
left_child=1 4 29 13 7 6 14 10 12 -10 11 -1 -9 27 -6 -12 17 -7 -18 21 -21 24 23 -23 26 -8 -3 -4 -29 -2
right_child=2 19 3 -5 5 16 25 8 9 -11 15 -13 -14 -15 -16 -17 18 -19 -20 20 -22 22 -24 -25 -26 -27 -28 28 -30 -31
leaf_value=0.0076902409496300717 0.00019749970928002183 0.0082701065749858568 0.011373829778568153 -0.0062742869728779401 -2.0917209464523539e-05 -0.0085568092827257129 0.010251283420051412 0.0086172101241025183 -0.017833735230302274 -0.0030461530672548408 0.00029753467302931063 -0.022293957325751037 -0.0034590074985547687 0.01841018200151592 0.0050079154015373892 -0.011261143804965202 0.011612726398773428 0.0059755221173335505 -0.0031800442616354441 -0.020861095400544059 -0.0011214486844930791 0.027797555801673597 -0.015715557167254639 -0.0099958048125374736 0.019905688269458752 -0.0049274901635179029 -0.0052588509421792173 -0.025392862777246415 0.0098769155747896239 0.0045607931595126137
leaf_weight=34.545537173748016 4373.7734316140413 62.40664741396904 56.41924911737442 52.010248318314552 891.47821355611086 91.161137074232101 40.292309477925301 176.60039393603802 76.688390403985977 1044.9247892647982 34020.435031056404 60.798673629760742 106.46502338349819 88.503835320472717 588.64603582024574 66.695087268948555 47.430045872926712 265.95659655332565 2962.2049613296986 62.637708976864815 36.150390475988388 15.151733234524725 94.860579192638397 17.716955348849297 20.61568395793438 425.22968083620071 160.45864680409431 17.163033932447433 16.156332448124886 414.47667026519775
leaf_count=141 17841 255 230 216 3717 378 166 721 320 4302 138409 261 440 360 2411 283 219 1096 12267 260 149 62 386 72 84 1743 654 70 66 1680
internal_value=-3.72878e-07 -0.000107324 0.000881272 0.0072464 -4.71565e-05 -0.00128247 0.000640905 0.000137249 -0.00241842 -0.00405723 0.000242271 -0.0114299 0.00407517 0.0111917 0.00197905 0.000274919 -0.00239399 0.00226587 -0.00294692 -0.00534317 -0.0136376 -0.00313582 -0.0097605 0.00742609 0.000339455 -0.00361372 -0.00147048 0.00407248 -0.00829079 0.000575192
internal_weight=46388.1 41369.6 5018.5 230.253 40899.6 5312.4 1945.65 35587.2 1404.68 1121.61 34182.5 95.3442 283.065 178.242 1480.12 34087.1 3366.75 357.118 3009.64 469.998 98.7881 371.21 127.729 32.8687 243.481 465.522 222.865 89.7386 33.3194 4788.25
internal_count=189259 168796 20463 942 166874 21997 8037 144877 5783 4622 139094 402 1161 726 6128 138692 13960 1474 12486 1922 409 1513 520 134 993 1909 909 366 136 19521
is_linear=0
shrinkage=0.03


Tree=216
num_leaves=31
num_cat=0
split_feature=23 29 26 0 44 11 43 16 39 20 17 45 26 18 26 36 20 23 16 9 18 13 23 23 3 2 19 41 23 13
split_gain=4.84814 11.2542 10.9296 6.73867 10.4004 6.98547 9.16259 6.82548 5.62289 13.6475 12.2242 13.1507 13.1352 12.0459 8.66273 8.14069 16.8475 18.5586 17.8519 15.6983 13.0889 9.83591 9.68432 10.6268 14.8073 10.2956 13.9467 8.46004 7.95597 7.58895
threshold=-0.11437166639007595 -0.015952225140996829 -0.0031626322479614594 0.072889868214274331 -0.033108357194220013 -0.11075036075036072 0.31711793561221585 -0.0062515050935482196 -0.050264648570450772 0.35500000000000004 -0.013070888830692453 0.0003416579670079598 -0.035176644083121988 -4.6137081814729468 -0.030899866721396444 -0.03854244198443451 -0.062499999999999993 0.071624424345167859 -0.0169685396761548 -0.024051442529193275 -4.6137081814729468 0.0041066280145265243 0.11561066042934286 0.088725373846042843 15.255017432928691 -0.032608726502149209 0.93360639531012324 -0.0025625076600498862 -0.011189359982703219 0.0004173553521332947
decision_type=2 2 2 2 2 2 2 2 2 2 2 2 2 2 2 2 2 2 2 2 2 2 2 2 2 2 2 2 2 2
left_child=1 2 -1 4 -3 6 -6 -7 9 10 12 -12 -2 -13 -11 16 20 19 -19 -18 -10 -22 23 29 -25 26 -24 -27 -16 -17
right_child=8 3 -4 -5 5 7 -8 -9 15 14 11 13 -14 -15 28 22 17 18 -20 -21 21 -23 25 24 -26 27 -28 -29 -30 -31
leaf_value=0.0065773054803578337 0.036181158101167753 0.018676002403382616 0.031080659201498009 0.015646188745366264 0.01417528109044292 -0.031981606350585293 -0.016829263741933619 -0.0080702931136612029 -0.026877871188575261 -0.037194592682316653 -0.008356606404875986 -0.020107799861213624 0.0039213796376842153 0.0028216242542704502 0.0027091503600348869 0.0061357505873910765 0.02006659101147678 0.033111485100180749 0.0072403946606180479 0.0023202613396152952 0.0040133290558163398 -0.0023548779468476251 0.0080800889486129512 -0.012031344332981172 -0.0009320344340724711 0.016090209271527826 -0.011222053418664162 0.0040402993272815567 -0.017099125250985833 -7.9855264384962179e-05
leaf_weight=63.566034555435181 14.702997595071791 14.852933153510092 22.071736067533493 17.659269690513611 21.081534206867218 16.009554073214531 14.464245185256003 32.667048066854477 16.957608506083488 12.076096549630163 212.16198654472828 22.133939638733864 49.952636793255806 301.51811052113771 28.642906099557877 177.52794314920902 47.633502259850502 38.269602417945862 64.400095984339714 771.05979265272617 322.40306451916695 675.91627658903599 66.994976788759232 158.51424028724432 340.6368091404438 88.198439836502075 67.769615635275841 129.33216036856174 50.290451064705849 42527.197522237897
leaf_count=259 60 60 89 72 87 65 59 136 71 50 880 92 207 1245 117 728 195 178 260 3147 1318 2798 274 705 1391 361 279 527 206 173343
internal_value=-3.76077e-07 0.00463285 0.0128926 -0.00142662 -0.00446969 -0.00855153 0.00155895 -0.0159346 -2.06782e-05 -0.00270563 -0.00106482 -0.00255172 0.0112574 0.00125353 -0.0135315 2.01324e-05 0.00192332 0.00486057 0.0168837 0.00335278 -0.000742236 -0.000298292 -6.4489e-05 -0.000104884 -0.00445682 0.00488932 -0.00162646 0.00892597 -0.00991121 -5.40164e-05
internal_weight=46386.7 202.372 85.6378 116.735 99.0753 84.2224 35.5458 48.6766 46184.3 691.479 600.47 535.814 64.6556 323.652 91.0095 45492.8 1936.64 921.363 102.67 818.693 1015.28 998.319 43556.2 43203.9 499.151 352.295 134.765 217.531 78.9334 42704.7
internal_count=189259 827 348 479 407 347 146 201 188432 2857 2484 2217 267 1337 373 185575 7967 3780 438 3342 4187 4116 177608 176167 2096 1441 553 888 323 174071
is_linear=0
shrinkage=0.03


Tree=217
num_leaves=31
num_cat=0
split_feature=12 12 23 19 24 40 20 9 16 0 19 13 23 12 5 19 44 14 30 30 30 23 12 2 19 28 12 16 18 14
split_gain=4.85127 26.882 25.6526 30.0207 27.1926 24.4106 30.3343 20.8204 17.5401 16.1479 15.9426 14.967 15.8185 18.2256 15.9856 14.9195 14.7433 14.6224 22.6117 32.0357 30.7106 25.4135 16.4731 15.5837 13.8745 16.4303 13.6759 32.5314 17.3282 16.2796
threshold=0.000679663966706377 0.00034706525490260729 0.012418784363419878 1.1717427435920185 -0.25875911827273074 -0.00030168631091931 0.38000000000000006 -0.0070369336695906204 -0.0169685396761548 0.0058887852446828119 1.319555789804759 0.01009574142013943 -0.04863301216314414 0.010625625057031371 -0.0095205643351869967 1.3500341979282393 0.0037548030577779592 0.22619999885559086 -0.0029299981724404361 -0.0014022652661482584 -0.003745018504284043 -0.023590313268716242 -0.00046788503799638411 -0.026577643078284453 0.5318513864966169 -0.67934764932247294 0.001103164755017949 0.028161559949001602 0.21783323226615611 0.2332999992370606
decision_type=2 2 2 2 2 2 2 2 2 2 2 2 2 2 2 2 2 2 2 2 2 2 2 2 2 2 2 2 2 2
left_child=1 17 5 4 -4 6 -3 -6 10 -7 -5 12 13 14 -2 -16 -10 18 20 21 23 -20 -21 -1 25 -14 27 28 -13 -28
right_child=11 2 3 8 7 9 -8 -9 16 -11 -12 26 24 -15 15 -17 -18 -19 19 22 -22 -23 -24 -25 -26 -27 29 -29 -30 -31
leaf_value=0.020487028670363453 -0.010851124443250889 -0.0090930067672741095 -0.032043786846202189 0.0031291544225315999 -0.0029121271991443755 0.0034695345529021206 0.0082917374033057659 -0.012886081253366677 -0.007480542171443184 -0.0027070887131807045 0.038733271712298976 -0.012088418766725444 0.010303676426783915 0.013996036707440714 -0.0026873024075029046 0.01256678786977455 0.010103555965279079 0.00032240659062019963 0.050181937845935255 -0.0010642767564066392 -0.051072724646971039 0.008568743826940773 -0.012055906579251884 -0.0093515510241531253 0.00059375953048152884 0.0022028580328964311 -0.0096674278790287744 -0.05134783917620226 0.017757179722672416 -0.00062229472828549107
leaf_weight=16.663577482104301 210.33901843428612 513.80859481543303 45.414397209882736 24.756087198853493 359.22929772734642 942.34317566454411 109.6001600176096 396.0158789306879 122.5716944783926 639.42340679466724 20.853230968117714 75.880676582455635 258.43603772670031 57.233101561665535 953.25585094094276 61.425048097968102 66.032587766647339 19360.62736382708 15.04595774412155 944.75436351448298 15.451884359121321 108.13872961699963 141.03255204856396 288.1890716701746 15298.371680803597 1759.3766783624887 189.1871754527092 15.976299732923506 22.759134605526924 3353.5542153939605
leaf_count=68 865 2132 187 101 1467 3844 442 1614 503 2603 85 310 1053 231 3881 252 271 79134 63 3882 64 445 578 1202 62158 7125 774 66 93 13766
internal_value=-3.69591e-07 -0.000295015 -0.00283755 -0.00673418 -0.00949775 -0.00100889 -0.00603663 -0.00814201 0.00271308 0.000972657 0.0194079 0.000319088 0.000664083 -0.0025511 -0.00332418 -0.00176388 -0.00132414 9.93346e-05 -0.00272476 -0.000847089 -0.0098119 0.0136514 -0.00249198 -0.00772054 0.000902165 0.00324039 -0.00143528 -0.0116344 -0.00520215 -0.00110532
internal_weight=46385.7 24130 3240.05 1034.87 800.66 2205.18 623.409 755.245 234.214 1581.77 45.6093 22255.8 18598.4 1282.25 1225.02 1014.68 188.604 20889.9 1529.28 1208.97 320.305 123.185 1085.79 304.853 17316.2 2017.81 3657.36 114.616 98.6398 3542.74
internal_count=189259 98685 13249 4228 3268 9021 2574 3081 960 6447 186 90574 75565 5229 4998 4133 774 85436 6302 4968 1334 508 4460 1270 70336 8178 15009 469 403 14540
is_linear=0
shrinkage=0.03


Tree=218
num_leaves=31
num_cat=0
split_feature=3 44 19 31 36 38 10 33 45 25 15 6 40 27 1 40 36 19 44 32 33 45 45 25 43 41 1 40 4 40
split_gain=4.85109 8.26552 10.4071 10.5837 9.70433 17.2121 9.08746 8.8394 11.7736 11.6749 9.1178 8.554 8.33218 10.014 8.14891 9.30756 7.61945 7.46099 12.5811 11.1878 10.7315 8.66757 7.93101 7.86579 7.17273 6.06064 5.96142 5.94032 23.8703 20.0641
threshold=19.536250485302773 0.01257029845222186 0.88466547071499602 0.034796619338479808 -0.0041545961384322708 0.35262335653714599 0.006952094975898152 -0.031670922351498369 0.0032650730390137834 -0.19579340926079339 -1.0000000180025095e-35 -0.14233147057620779 0.00031144225670615144 0.084977561250357547 0.062528602330960734 0.00064987591438746468 -0.011650599206318458 1.163444004925217 -0.0056533414598207276 0.046361932188437475 0.65432557624009224 0.002687882560392527 0.0046151550704622265 -0.48671507264830066 0.43307490070201032 -0.0090559056353528341 0.037117667030016378 -0.010698562786912447 1.717501774396432 -0.0098827484640561236
decision_type=2 2 2 2 2 2 2 2 2 2 2 2 2 2 2 2 2 2 2 2 2 2 2 2 2 2 2 2 2 2
left_child=27 7 3 16 5 6 -4 8 9 11 -11 -2 24 -14 15 -10 -3 18 23 -20 21 -19 -22 -9 -6 -16 -18 28 -1 -29
right_child=1 2 4 -5 12 -7 -8 17 14 10 -12 -13 13 -15 25 -17 26 20 19 -21 22 -23 -24 -25 -26 -27 -28 29 -30 -31
leaf_value=-0.0020442460986220784 -0.033117373876022593 0.017822765493897802 0.009694309696804378 -0.024440474272233295 0.024058580195185468 -0.031997649390976317 -0.007803216156346735 -0.0043113259804184092 0.017417182019682412 -0.0055411285212010617 0.025455760037692871 -0.0092750137501256269 0.0072763103294076568 -0.021296513435222268 0.002934333128592829 -0.002399856313059339 -0.023629768661465669 0.010615181920767599 -0.017085088092690819 0.00084988876396122179 -0.015222681937531849 -0.004376363259178612 0.012581933131218919 0.0081393891704551174 0.0051364331543680532 -0.026361283270767238 -0.00024969603474985202 0.0070350652504759248 0.019968538441564116 6.7811679526896983e-05
leaf_weight=1953.0737059861422 14.125222653150557 15.15545968711376 64.574773862957954 23.106674164533615 46.790118038654327 14.804087698459623 45.561721682548523 96.212479218840599 40.455353289842606 19.551677495241165 15.165498450398443 328.53319451212883 82.561834096908569 12.743283301591871 12.173109114170076 45.120959147810936 13.345374241471289 139.11837033927441 85.040205240249634 49.537475556135178 39.047615140676498 46.248084858059883 12.092077523469923 86.924072489142418 29.332134753465652 13.299010470509527 37.105608493089676 375.27446413040161 45.365114793181419 42582.838311046362
leaf_count=8144 59 62 265 95 191 61 188 396 166 81 62 1361 337 53 51 186 54 572 350 204 161 190 50 357 120 56 152 1521 194 173520
internal_value=-3.77082e-07 -0.00172197 0.00203404 -0.00698024 0.00473232 -0.0016265 0.00245586 -0.00310918 -0.00605161 -0.00857827 0.00799924 -0.0102579 0.00936679 0.00345583 0.00253471 0.00696845 -0.000830727 -0.000516062 -0.00351924 -0.0104833 0.0035183 0.00687486 -0.00864823 0.00159829 0.0167673 -0.0123609 -0.00643423 5.4297e-05 -0.00154455 0.000128676
internal_weight=46384.3 1427.73 385.081 88.7131 296.368 124.941 110.136 1042.64 488.424 377.376 34.7172 342.658 171.427 95.3051 111.048 85.5763 65.6064 554.22 317.714 134.578 236.506 185.366 51.1397 183.137 76.1223 25.4721 50.451 44956.6 1998.44 42958.1
internal_count=189259 5880 1578 363 1215 514 453 4302 2022 1563 143 1420 701 390 459 352 268 2280 1307 554 973 762 211 753 311 107 206 183379 8338 175041
is_linear=0
shrinkage=0.03


Tree=219
num_leaves=31
num_cat=0
split_feature=8 0 11 29 7 0 42 0 7 9 40 29 27 13 9 23 16 9 30 45 18 3 19 9 12 22 14 23 17 8
split_gain=4.79593 13.5781 11.0691 11.0539 10.7627 16.2139 16.4382 14.3989 16.1558 15.5503 19.7159 15.4096 13.4473 12.0969 11.1813 10.4902 29.6622 26.7966 36.6869 23.2157 16.3163 16.045 18.9239 17.7062 16.5241 18.0981 14.275 11.4823 11.4032 10.3231
threshold=0.028246442555306502 -0.056622625289260702 -0.48473193473193471 -0.015437801398939893 0.040736180205795398 0.081405523133949678 0.044000026702880869 0.0071157759581009263 0.0090348019407240077 0.019105418442342741 0.001017552897143214 -0.0067529463387105658 0.089059359455003706 0.011054078479383273 -0.0066391084350210751 -0.010936518154149059 -0.025465076062487161 -0.0049494331309162245 -0.010698562786912447 0.0068982255722212747 0.12143913443639674 16.66919490444155 1.2555683944383829 -0.020161909799769805 0.057182037927536185 1.7833333333333334 0.26389999389648444 -0.022888932933628949 0.0069752470647048851 -0.29667066417140314
decision_type=2 2 2 2 2 2 2 2 2 2 2 2 2 2 2 2 2 2 2 2 2 2 2 2 2 2 2 2 2 2
left_child=2 3 29 -2 7 12 -7 9 -9 11 -11 -3 14 -8 -6 16 20 18 -18 -19 28 24 23 -23 25 -17 -24 -22 -4 -1
right_child=1 4 15 -5 5 6 13 8 -10 10 -12 -13 -14 -15 -16 21 17 19 -20 -21 27 22 26 -25 -26 -27 -28 -29 -30 -31
leaf_value=0.0028301574568568811 0.018241769413595434 0.0031112126482140162 -0.0038623728504387643 0.0036392896864354857 0.0033026064302066737 -0.0070251577655762974 0.0058021489847925652 0.01298328684518461 -0.00051789353846825779 0.0013951402161910974 -0.011324648377829778 0.00065066818854360626 -0.0079847604599769528 0.024804668606958589 -0.0028912994265110812 -0.0025799817576790309 0.014390998451758312 0.0037413590296587183 -0.0038020260264438675 -0.002306499818317227 -0.014543949025162943 0.0042466833630329355 -0.0024941906419047441 -0.0011876717901677103 0.024129865699521573 -5.9678443417464727e-05 0.0049585216594954032 0.00075901500698207435 0.0090315276157225313 -0.010332340944721973
leaf_weight=75.809191547334194 61.825977832078934 3236.6735900118947 328.5316446274519 190.14471586048603 333.37334969639778 79.516235798597336 187.48973113298416 80.418017983436584 9867.5864332020283 242.20689707994461 200.42851358652115 7837.9599167108536 362.36721889674664 35.927970677614212 1230.4451370202005 5516.3937186487019 109.09677737951279 3429.4967741146684 1165.260687187314 685.41026936471462 197.93888482451439 632.52264108508825 286.14732928574085 3673.0296603292227 22.852706655859947 4791.7657347470522 1206.9246579557657 56.789017707109451 76.013167157769203 183.26067960262299
leaf_count=318 252 13076 1343 786 1371 327 764 324 39984 992 828 31861 1503 146 5093 22650 445 13997 4756 2806 813 2600 1174 14977 97 19718 4929 231 309 789
internal_value=-3.76376e-07 0.000294908 -0.000315521 0.0072223 0.000221241 -0.00176284 0.00468885 0.000427283 -0.000408752 0.00114941 -0.00436447 0.00136979 -0.00277751 0.00885796 -0.00157089 -0.000243504 0.000821956 0.00155675 -0.00224453 0.00273398 -0.00518466 -0.000643046 0.00061991 -0.000389318 -0.00135192 -0.00140841 0.00353021 -0.0111323 -0.00143963 -0.00648072
internal_weight=46383.6 23946.4 22437.2 251.971 23694.4 2229.12 302.934 21465.3 9948 11517.3 442.635 11074.6 1926.19 223.418 1563.82 22178.2 6048.54 5389.26 1274.36 4114.91 659.273 16129.6 5798.62 4305.55 10331 10308.2 1493.07 254.728 404.545 259.07
internal_count=189259 97307 91952 1038 96269 9204 1237 87065 40308 46757 1820 44937 7967 910 6464 90845 24700 22004 5201 16803 2696 66145 23680 17577 42465 42368 6103 1044 1652 1107
is_linear=0
shrinkage=0.03


Tree=220
num_leaves=31
num_cat=0
split_feature=31 7 23 41 23 12 4 16 42 10 29 39 41 24 45 37 42 19 35 9 12 27 16 18 36 19 20 32 24 43
split_gain=4.86758 11.7045 21.0883 15.1676 14.4096 15.2325 14.1803 13.799 13.775 12.1949 14.5155 11.5036 16.0811 11.4542 11.2922 16.209 12.3277 12.0698 10.8949 10.8911 10.107 9.74473 9.57868 8.9357 8.67686 15.0615 18.6661 15.5173 13.4379 11.7032
threshold=-0.0013499564272522839 0.026724217164956095 0.13359829933681708 -0.047928474310744776 -0.087244285963609461 -0.00029878059234388787 -0.57930523862502248 0.068745377841747349 0.013571392253626578 -0.0091073239789275715 -0.0099876202132800213 -0.014249791924009806 -0.031602367960939501 -0.39287575838488292 0.0041114970189110442 0.041728662542446497 0.046296270156157907 0.85198246926704824 -0.039057171230984455 -0.020161909799769805 0.0032362703998399544 0.065925082254965447 0.034646471721732179 -2.1944413486604746 -0.032477128645256807 0.87519391387447698 0.22 0.051107328870646639 -0.29006596201319074 -0.076397776604840914
decision_type=2 2 2 2 2 2 2 2 2 2 2 2 2 2 2 2 2 2 2 2 2 2 2 2 2 2 2 2 2 2
left_child=1 2 3 20 5 -5 18 -6 21 10 -10 12 14 -11 -2 16 -16 -17 -3 -20 23 -8 -21 -1 25 28 -27 -28 -13 -30
right_child=11 6 -4 4 7 -7 8 -9 9 13 -12 24 -14 -15 15 17 -18 -19 19 22 -22 -23 -24 -25 -26 26 27 -29 29 -31
leaf_value=-0.029183165005088548 0.0011461275711777364 -0.033765248674158387 0.024458281026911534 0.022009853272447994 0.00076569977725523739 -0.0042495367874801496 0.012896979075464866 0.013110017172386463 0.0041845864029050597 -0.0056305060271124897 -0.00048961512163120207 0.033033732880905872 -0.0020949583180978892 -0.00073639208213548536 0.0043253548231282435 -0.019167830707057635 0.036382004480458141 0.0099252884131150708 0.0077197414329361553 -0.0039444513804292444 -0.024675850571894416 -0.0054734376767417861 -0.017338846992975148 -0.0017507938395363368 -4.231213802803026e-05 -0.0048888941403739446 0.001849376294144873 0.030073125265789574 0.018518418901737884 -0.00019457549312675734
leaf_weight=12.043045818805693 448.31769432872534 11.082396462559698 34.060427874326706 57.994580805301666 12866.008347786963 30.252231046557426 117.53106671571732 82.019232138991356 986.25795120000839 482.13999561965466 1518.6803217604756 23.261707380414009 4730.8596530817449 4009.5110535025597 16.639991275966167 17.591923639178276 30.74550174176693 47.452642425894737 67.659591838717461 728.78377133607864 29.496780872344971 33.365819454193115 51.442738682031631 94.888813961297274 19468.806857746094 189.20384224504232 44.687504693865776 28.850792899727821 54.280186951160431 67.461791194975376
leaf_count=49 1870 62 138 233 52208 128 484 333 4043 1969 6249 94 19393 16418 68 72 125 194 279 3021 120 136 211 394 79386 773 182 125 222 280
internal_value=-3.79192e-07 0.000334377 0.000883054 0.000822096 0.000926236 0.0130078 -0.000570674 0.000843895 -0.000132995 -0.000326409 0.00135074 -0.000282531 -0.00152558 -0.00126173 0.00327807 0.0117792 0.0251249 0.00205678 -0.00421261 -0.00382633 -0.0091289 0.00883497 -0.00482759 -0.00484032 4.83983e-05 0.00437959 9.62159e-05 0.0129222 0.0121409 0.00814885
internal_weight=46381.4 21213.2 13206.8 13172.7 13036.3 88.2468 8006.45 12948 7147.49 6996.59 2504.94 25168.2 5291.61 4491.65 560.748 112.43 47.3855 65.0446 858.968 847.886 136.429 150.897 780.227 106.932 19876.6 407.746 262.742 73.5383 145.004 121.742
internal_count=189259 86475 53603 53465 52902 361 32872 52541 29299 28679 10292 102784 21722 18387 2329 459 193 266 3573 3511 563 620 3232 443 81062 1676 1080 307 596 502
is_linear=0
shrinkage=0.03


Tree=221
num_leaves=31
num_cat=0
split_feature=8 5 17 14 35 19 35 33 8 16 42 18 28 13 24 7 6 0 12 12 39 23 25 2 2 41 22 18 22 23
split_gain=4.90995 10.5811 9.57252 15.2291 13.3229 12.8894 12.8414 18.114 12.6163 11.2989 12.1419 11.3835 11.274 11.0575 9.20581 9.02391 8.35735 18.6844 11.874 13.9931 12.923 12.5429 11.2267 11.1489 10.3544 15.9491 15.9833 15.4506 13.6638 11.092
threshold=0.37861418174568545 0.01127604370513602 -0.0065199916683650857 0.35540000915527353 0.000679663966706377 0.80861874037491654 0.00098527547756692923 0.40657341030969013 0.40096575844821764 0.0071383579366124062 0.079519597149249069 1.0219992588888702 0.23389080538605003 0.0015178481673002026 0.58406638250171039 0.03255053700023381 0.082759702763633439 -0.012163529842463319 -0.0014671762497293424 -0.0083289946440419007 -0.0042778013697028537 -0.056075834855457252 -0.59190093849624204 -0.028708187442542592 -0.027059573769757362 -0.030771644152635481 1.0000000180025095e-35 -0.035272005245615377 0.48333333333333339 0.034333006019785721
decision_type=2 2 2 2 2 2 2 2 2 2 2 2 2 2 2 2 2 2 2 2 2 2 2 2 2 2 2 2 2 2
left_child=16 -2 3 6 13 14 7 -3 -8 11 -11 -7 -6 -5 15 -4 24 18 19 -18 -20 -21 -22 -19 25 -1 27 -27 -28 -26
right_child=1 2 5 4 12 9 8 -9 -10 10 -12 -13 -14 -15 -16 -17 17 23 20 21 22 -23 -24 -25 29 26 28 -29 -30 -31
leaf_value=0.0033379841612963738 0.0086045988413119695 0.011305015395881825 0.0020103304686146161 0.0021121374535153876 0.0033748119676805218 0.0019531343636568776 0.018622952319497284 -0.011052366237626943 -0.0080833274654022978 -0.0038816482213851378 0.0086128646755436553 -0.0085671663636366861 -0.010250340958609945 -0.014485643358677067 -0.013829418965842919 0.0066523628342527053 -0.004812789247502512 -0.023895532032851937 -0.0041315840459103951 -0.0096214587328812048 0.0079728983978395521 0.014927222639357071 -0.00038454995427111827 -0.0024168407096441824 -3.1832032866241693e-05 -0.0017102892807942674 -0.0056868018370379008 0.02615747210235931 -0.0013332189224962193 0.0014543455391982443
leaf_weight=566.34180106967688 153.62748698890209 171.24109425395727 1460.4877645149827 45.203370749950409 167.32208479940891 1469.2461548894644 18.28414611518383 40.288053065538406 123.13642750680447 863.91626683622599 76.170730412006378 98.79275906085968 81.1705671697855 179.86157235503197 28.961883619427681 507.98777637630701 59.202882558107376 21.901857078075409 361.3639704734087 21.256147533655167 245.87262159585953 157.74654768407345 351.41575719416142 3135.2690323106945 26823.692869752645 36.48593644797802 844.63458569347858 35.1600132137537 2798.5290844067931 5435.5674691535532
leaf_count=2335 625 697 5902 184 682 5964 74 165 500 3510 310 402 332 733 118 2062 241 91 1489 87 1003 643 1435 12789 109308 151 3498 145 11549 22235
internal_value=-3.76767e-07 0.000842395 0.000618751 -0.00234907 -0.00586471 0.00116317 0.00236792 0.00704681 -0.0046305 -0.00026877 -0.00286928 0.00129031 -0.00107587 -0.011152 0.00296122 0.00320826 -0.000113429 -0.00135584 0.00183601 0.00783051 0.000346502 0.0120121 0.00305578 -0.00256584 3.46125e-05 -0.00135164 -0.0020666 0.0119657 -0.00234256 0.000218583
internal_weight=46380.1 5485.7 5332.07 826.507 473.558 4505.56 352.95 211.529 141.421 2508.13 940.087 1568.04 248.493 225.065 1997.44 1968.48 40894.4 4354.03 1196.86 238.206 958.652 179.003 597.288 3157.17 36540.4 4281.15 3714.81 71.6459 3643.16 32259.3
internal_count=189259 22260 21635 3367 1931 18268 1436 862 574 10186 3820 6366 1014 917 8082 7964 166999 17778 4898 971 3927 730 2438 12880 149221 17678 15343 296 15047 131543
is_linear=0
shrinkage=0.03


Tree=222
num_leaves=31
num_cat=0
split_feature=2 11 7 17 23 3 25 19 32 18 9 28 33 0 7 14 9 18 36 42 1 43 24 24 17 5 43 15 13 22
split_gain=4.76694 13.5538 9.96807 13.5498 12.8731 10.4611 10.385 13.2101 9.94937 10.0747 15.5452 16.0152 15.7237 9.29692 13.9332 11.4245 12.6633 10.4692 9.32608 9.22316 8.99258 9.67751 8.22196 22.2548 9.94939 7.93245 9.93022 7.74025 14.0045 12.7448
threshold=0.02706121267543405 0.45514003018614796 0.057679410909424002 -0.002125799157363344 -0.07823158333203091 16.251035024341686 -0.47512457066808783 1.319555789804759 0.084942082157970125 2.26397742276809 -0.0098871287177214138 0.34507956689095126 0.94637307468855181 -0.0033622082173711877 0.059849446112469208 0.5163999938964845 0.021115117246613659 0.28191758656628313 -0.022392408651744283 0.051481571731158082 0.058263296393169885 0.41544150596492818 -0.30722455485499761 -0.31797276378218869 0.0031190015092672509 0.10681556301023899 0.30345860836131783 0.043499994277954111 0.00054856643930122106 0.18333333333333338
decision_type=2 2 2 2 2 2 2 2 2 2 2 2 2 2 2 2 2 2 2 2 2 2 2 2 2 2 2 2 2 2
left_child=1 8 27 5 -5 -4 7 -6 9 22 11 -11 -12 15 18 16 -10 -17 -15 -8 -3 -22 23 -1 -24 26 -7 29 -29 -2
right_child=2 20 3 4 6 25 19 -9 13 10 12 -13 -14 14 -16 17 -18 -19 -20 -21 21 -23 24 -25 -26 -27 -28 28 -30 -31
leaf_value=0.00060765661386387459 -0.0050892280972658016 -0.0030348623098611824 0.01121856588359179 0.040640596422740975 0.010785394430923653 0.0093948233992295904 -0.0031486910190289185 -0.017750596424194225 -0.0011155390559092187 0.0067798011078429778 -0.0041922877918125672 -0.0095790775265273617 0.01703763337783222 -0.0098367161534417581 -0.020588526672924625 0.0026497379322584151 -0.018303102764819973 0.02085023894031356 -0.0015091811481413322 0.02551782752259853 -0.018173463255926975 0.0046553194439693697 0.00034035405078921839 0.0072094809305046012 -0.00079128379907278563 -0.025225307849159856 -0.023384962394498998 -0.029757257575243189 0.0028787978712999664 0.0005126101039517342
leaf_weight=6761.2304451093078 414.54057061672211 371.00383055210114 33.517750471830368 13.523054689168928 46.767009407281876 24.52662718296051 12.997211113572119 21.227447032928467 797.11441920697689 270.46113507449627 1304.9328647404909 67.253055050969124 32.171964272856712 169.43028704822063 48.64711506664753 127.62305492162704 40.542112037539482 36.601448327302933 423.73102723062038 45.333480060100555 77.192968741059303 21.330602586269379 19379.747207671404 493.07040739059448 10939.375509269536 19.827591955661774 12.58535188436508 11.944882065057753 1269.6952053308487 3091.1067858859897
leaf_count=27543 1693 1513 137 55 191 100 53 88 3291 1111 5396 277 132 702 202 528 171 149 1742 185 321 88 79031 1990 44609 81 52 49 5165 12614
internal_value=-3.76488e-07 -0.000106309 0.000872857 0.00696923 0.0128216 -0.00207856 0.00984355 0.00187664 -4.8117e-05 4.76466e-05 -0.00222894 0.00352206 -0.00368148 -0.00233477 -0.00515371 -0.000528947 -0.00194741 0.00670616 -0.00388785 0.0191304 -0.00517437 -0.013231 0.000149124 0.00105638 -6.79497e-05 -0.00990597 -0.0017214 0.000579575 0.00257463 -0.000149804
internal_weight=46379.1 41361.5 5017.59 230.306 139.848 90.4573 126.325 67.9945 40891.9 39248.2 1674.82 337.714 1337.1 1643.69 641.808 1001.88 837.657 164.225 593.161 58.3307 469.527 98.5236 37573.4 7254.3 30319.1 56.9396 37.112 4787.29 1281.64 3505.65
internal_count=189259 168796 20463 942 572 370 517 279 166874 160089 6916 1388 5528 6785 2646 4139 3462 677 2444 238 1922 409 153173 29533 123640 233 152 19521 5214 14307
is_linear=0
shrinkage=0.03


Tree=223
num_leaves=31
num_cat=0
split_feature=43 34 37 6 30 45 14 18 36 38 1 27 11 1 30 11 28 16 28 6 43 36 14 1 34 24 18 31 18 44
split_gain=4.78039 10.9427 12.2146 9.59392 11.4035 12.4113 8.70526 10.433 11.3473 9.20811 11.0766 10.8355 7.7237 12.3825 9.33331 8.58945 8.63928 10.3681 11.9148 10.2907 10.4783 9.27531 8.47397 8.42781 8.19522 19.4139 15.5783 9.64162 12.2914 11.2652
threshold=0.54709639342826588 0.039739237026981789 0.011848307521281425 0.08426110232302654 0.014582119812056595 0.0019777789103873522 0.1978999996185303 0.22375203491388621 0.013161413661969627 -0.018247947871461886 0.084969833512147916 0.10455300079503439 -0.45555311676909566 0.01026800259121991 -0.024468026908215465 -0.44374109827504343 -0.17579980520668312 0.020333210873809068 -0.40379839878818652 0.026366069507304694 -0.40395354491229968 -0.010424464808712293 0.43229999542236336 0.017985599140073985 -0.041203100679241322 0.70769265019919902 1.8576261089047914 -0.0093008791478718048 -3.2750160261476204 0.095242867933740663
decision_type=2 2 2 2 2 2 2 2 2 2 2 2 2 2 2 2 2 2 2 2 2 2 2 2 2 2 2 2 2 2
left_child=12 2 3 4 5 -2 7 8 -4 10 -8 -11 13 -1 -15 16 17 18 -14 20 -18 -21 -19 -16 25 26 -17 28 -26 -29
right_child=1 -3 6 -5 -6 -7 9 -9 -10 11 -12 -13 15 14 23 24 19 22 -20 21 -22 -23 -24 -25 27 -27 -28 29 -30 -31
leaf_value=0.025782405641689179 0.0064932568371276035 0.0043204516185245513 0.016734299645771999 0.027434652126478574 0.030602156456131284 -0.0070714307790926091 -0.00090945332365209705 -0.010808533446235859 -0.0080108633369027158 -0.0027239907680561845 0.0074400869722082118 -0.018390874785078559 0.0050522503721563243 0.024628433261258895 -0.022573456003503172 -0.0047342218446322871 0.0077099121840748337 -0.018877489945171987 0.02065617338794052 -0.0064576724398264585 -0.0061156721309199216 0.011365933213425494 0.012688571682560962 -0.0024263373602543491 -0.0034909562906561701 0.021810779650342515 0.0080369275304392508 -7.9541658110776896e-05 0.0011818701108083759 -0.01631912701402349
leaf_weight=14.101194739341734 192.36811415106058 359.08331751078367 73.512563347816467 15.883992359042166 13.338215380907057 88.698832914233208 3062.339576266706 24.572965368628502 21.572898238897324 2294.5100870467722 150.00009013712406 40.430664792656898 109.73355542123318 11.322779417037962 18.974199965596199 815.44018217176199 66.604907870292664 20.400820359587669 73.567351281642914 33.925097972154617 190.29145430028439 116.5632970482111 12.249963283538817 1233.0706179216504 532.43205341696739 28.37344366312027 96.09083604067564 26178.089442085475 10451.935009304434 38.500690259039402
leaf_count=58 788 1470 297 65 54 359 12524 99 87 9370 619 168 450 47 78 3357 274 84 301 140 786 476 50 5161 2176 120 396 106713 42534 158
internal_value=-3.76554e-07 -0.000766035 -0.00107161 0.00472404 0.00349874 0.00221253 -0.00138894 0.00661688 0.0111201 -0.00156163 -0.000519572 -0.00299527 0.000120783 -0.0021744 -0.00248645 0.000196421 0.00368961 0.00854052 0.0113148 0.00111818 -0.00253115 0.0073479 -0.00703449 -0.00273166 0.000139332 -0.00262724 -0.00338793 0.000209231 0.00095537 -0.00010339
internal_weight=46378 6336.31 5977.23 310.289 294.405 281.067 5666.94 119.658 95.0855 5547.28 3212.34 2334.94 40041.7 1277.47 1263.37 38764.2 623.336 215.952 183.301 407.385 256.896 150.488 32.6508 1252.04 38140.9 939.904 911.531 37201 10984.4 26216.6
internal_count=189259 25900 24430 1266 1201 1147 23164 483 384 22681 13143 9538 163359 5344 5286 158015 2561 885 751 1676 1060 616 134 5239 155454 3873 3753 151581 44710 106871
is_linear=0
shrinkage=0.03


Tree=224
num_leaves=31
num_cat=0
split_feature=37 1 18 0 32 0 43 41 28 6 33 16 45 32 27 26 24 1 31 29 24 28 20 1 38 8 37 1 12 44
split_gain=4.8092 17.9992 11.4799 14.8316 15.3154 11.7756 10.6664 12.8706 12.4279 14.9543 11.2333 11.8744 11.0162 10.616 11.1967 12.6799 11.0941 15.984 12.7657 11.0252 10.1333 11.3157 9.77228 9.03862 8.45894 11.8424 15.249 13.9213 13.0604 12.6096
threshold=0.022979396374120858 0.012511192996045513 1.4296853839423695 -0.020022811141619006 0.045662140644344575 -0.0088495942709400817 -0.0092740463479721296 0.0079540752745610854 0.045536011165520314 -0.030305724832752508 -0.80411599112725163 -0.028935603908165113 -0.011140200081463549 0.019984303220927521 0.026225499004597096 -0.022411615420947627 0.50059171810201375 0.042626218701981272 -0.090432785116982675 0.024648096742461781 -0.30722455485499761 0.30975124729712272 -0.29999999999999999 0.021008582320511813 -0.4039516250569814 -0.28103013769867313 0.054313110236150458 0.02288325578455137 0.028256386443936844 -0.017010414577616841
decision_type=2 2 2 2 2 2 2 2 2 2 2 2 2 2 2 2 2 2 2 2 2 2 2 2 2 2 2 2 2 2
left_child=1 6 13 -4 23 -6 8 20 12 -10 -9 -12 -1 14 15 -3 18 -18 -15 -16 -8 -22 -14 -5 25 26 -2 -27 -29 -30
right_child=24 2 3 4 5 -7 7 10 9 -11 11 -13 22 16 19 -17 17 -19 -20 -21 21 -23 -24 -25 -26 27 -28 28 29 -31
leaf_value=-0.012549901836312168 -0.0074915374825857651 -0.020419464615969822 0.0060351813385619213 -0.014802870737491362 -0.019047736106826588 0.013882444045247147 0.016281283490151757 0.018936849886114507 0.009778662171519235 -0.0070114627498039928 0.027340424237849853 -0.0044565940573168782 0.0089631411052328042 -0.023528420669482776 0.0017522556308116112 -0.0025536300470734062 0.0071352458397160937 -0.0032230676104698141 -0.00021300980292557215 -0.0053806361265065486 0.0028293601876648211 0.014354215387446636 4.2484094046805474e-05 -0.0058143613022222894 0.00041139651149621985 0.0028568076221714821 0.0057116725688141001 -0.0014211908667475612 -0.0096598661828292999 0.021077545204912111
leaf_weight=36.443478655070066 439.03989628329873 36.16555292904377 95.393637374043465 148.03019373118877 12.217257604002951 48.853535607457161 102.00445034354925 23.774105362594128 57.392802469432354 283.92318914085627 11.151176676154135 202.87526933848858 226.49086681753397 21.206329450011253 1114.6316258907318 3132.646044164896 429.39303025603294 194.94667254388332 6284.9636826217175 236.39010034501553 306.57627027854323 102.24663481116295 215.84909940510988 314.8138514906168 27327.10467647016 940.63987720385194 95.928630113601685 3875.7527220845222 16.55332638323307 43.782621398568153
leaf_count=174 1823 147 394 606 50 199 432 107 236 1176 45 849 922 88 4520 12693 1757 800 25467 964 1268 418 904 1288 111543 3909 400 15833 68 179
internal_value=-3.74348e-07 -0.000473695 -0.000866605 -0.00484492 -0.00682595 0.00729474 0.00254932 0.00513847 0.000185814 -0.00418818 -0.000626778 -0.00279991 0.00330395 -0.000651432 -0.00178257 -0.00275753 8.62546e-05 0.00390092 -0.000291415 0.000504204 0.00782231 0.00571173 0.00461012 -0.00868913 0.000196802 -0.00088682 -0.00512399 -0.00042201 -0.00120558 0.0126447
internal_weight=46377.2 13638.4 12069.7 619.308 523.915 61.0708 1568.73 748.628 820.099 341.316 237.801 214.026 478.783 11450.3 4519.83 3168.81 6930.51 624.34 6306.17 1351.02 510.827 408.823 442.34 462.844 32738.8 5411.7 534.969 4876.73 3936.09 60.3359
internal_count=189259 55504 48973 2537 2143 249 6531 3119 3412 1412 1001 894 2000 46436 18324 12840 28112 2557 25555 5484 2118 1686 1826 1894 133755 22212 2223 19989 16080 247
is_linear=0
shrinkage=0.03


Tree=225
num_leaves=31
num_cat=0
split_feature=3 17 14 15 35 27 9 17 23 36 35 15 22 20 17 36 2 17 29 15 13 24 40 14 24 23 13 45 14 12
split_gain=4.65212 13.0157 22.3866 18.1518 14.3894 18.4994 15.531 15.1175 14.1111 13.81 12.7438 12.4236 11.6943 11.5751 11.2968 12.1187 13.2726 11.0843 21.6399 20.6119 19.453 18.5411 26.8062 50.4873 25.0903 24.7111 24.0254 23.7011 24.7405 22.9748
threshold=17.643800142510276 -0.0041608264084509261 0.3575000000000001 0.086999940872192399 0.0026294153207729923 0.025641083443032342 -0.0035148197543140277 0.0036983564773299215 0.0063186926979421085 0.016194678103618809 0.057182037927536185 -0.50600004196166981 1.0000000180025095e-35 -0.11249999999999998 -0.0046814192147232358 -0.035140330924756408 0.0033816940171434882 -0.0056296191097249164 0.0032072316157129373 -0.3735000133514404 0.0010153403168621808 -0.3115416793707067 -0.0098827484640561236 0.24770000457763677 -0.31797276378218869 0.0045635057547467927 0.012296692557557203 -0.0044975906417759311 0.18960000038146976 -0.0020225361631820813
decision_type=2 2 2 2 2 2 2 2 2 2 2 2 2 2 2 2 2 2 2 2 2 2 2 2 2 2 2 2 2 2
left_child=17 2 8 11 7 6 -6 9 13 -5 -7 -3 -13 -2 15 16 -4 18 19 -1 -20 22 23 -19 26 -25 -24 28 -23 -26
right_child=1 3 14 4 5 10 -8 -9 -10 -11 -12 12 -14 -15 -16 -17 -18 21 20 -21 -22 27 24 25 29 -27 -28 -29 -30 -31
leaf_value=-0.012516680616349222 -0.0039948178988473103 0.012617804000173689 0.016060210380164433 0.0075964846322677925 -0.017146137146196689 0.014909456584191306 0.0068799702176364263 -0.0028449381284554169 0.0083553246546465964 -0.0039135482387137365 -0.0096246300329918544 0.0068212002356403756 -0.0021642634970953497 0.0044857277654155323 0.0076015323120353657 -0.0026796872737285082 -0.0039916288980979585 0.043197785022765195 0.002739457153818342 0.00069727198903255026 -0.0041677960666913587 0.020569620889771795 0.00063601853866973818 0.009337104508330224 -0.013485608996786275 -0.025130812730157465 0.010606811524492738 0.00042854357640563913 -0.0027494368000202342 0.015266925668909657
leaf_weight=108.88017083704472 221.17557938396931 52.943300768733025 67.677115693688393 332.87585569918156 41.488645613193512 194.53061111271381 58.158148899674416 606.05992059409618 481.5623717457056 130.63570457696915 21.123735845088959 133.15728244185448 6199.0543050691485 419.74617765843868 123.94072958827019 1307.7284686565399 52.955885604023933 38.67751245200634 439.1458530575037 4384.5884416475892 2232.372938901186 41.522506594657898 4572.9721200242639 183.14259666204453 28.794521257281303 20.851227231323719 228.35847681760788 20504.140582576394 2957.9281946271658 190.38327312469482
leaf_count=448 902 216 281 1351 168 793 235 2461 1967 530 87 544 25322 1710 504 5342 217 169 1791 17915 9150 167 18603 739 116 122 931 83586 12124 768
internal_value=-3.72791e-07 -0.000557669 0.00124731 -0.00117902 0.00193449 0.00756672 -0.00312347 0.00027416 0.00447483 0.00435251 0.0125063 -0.00185431 -0.00197531 0.00155918 -0.00108654 -0.00184041 0.00725779 0.000161625 -0.000894157 0.000377088 -0.00303238 0.00042459 0.00203407 0.0117723 0.00156337 0.00581397 0.00111024 6.41767e-05 -0.00242662 0.0114896
internal_weight=46376.6 10444.8 2674.79 7770.03 1384.87 315.301 99.6468 1069.57 1122.48 463.512 215.654 6385.15 6332.21 640.922 1552.3 1428.36 120.633 35931.8 7164.99 4493.47 2671.52 28766.8 5263.18 242.671 5020.51 203.994 4801.33 23503.6 2999.45 219.178
internal_count=189259 42630 10923 31707 5625 1283 403 4342 4579 1881 880 26082 25866 2612 6344 5840 498 146629 29304 18363 10941 117325 21448 1030 20418 861 19534 95877 12291 884
is_linear=0
shrinkage=0.03


Tree=226
num_leaves=31
num_cat=0
split_feature=12 12 23 40 20 35 14 32 4 28 39 9 14 30 30 15 30 23 2 13 23 12 5 19 25 30 30 12 14 14
split_gain=4.65532 25.3496 24.5409 21.3044 28.8699 20.7896 26.75 20.7208 17.5888 14.9298 14.8977 14.7872 14.3215 21.0401 29.4798 40.2517 29.2957 23.1649 14.6862 13.9969 14.6077 16.9972 15.1079 14.1239 13.74 15.9538 27.0716 27.2508 14.0434 13.4801
threshold=0.000679663966706377 0.00034706525490260729 0.022800552346419176 -0.00030168631091931 0.35500000000000004 0.0023164155542189902 0.27210000038146981 0.022996225216327701 0.48074246343034593 0.091716831256420064 -0.0028679113091427005 -0.012695496125046694 0.22619999885559086 -0.0029299981724404361 -0.0014022652661482584 0.08450002670288087 -0.003745018504284043 -0.023590313268716242 -0.026577643078284453 0.01009574142013943 -0.04863301216314414 0.010625625057031371 -0.0095205643351869967 1.3500341979282393 -0.78454288061088462 0.012152505246625462 0.0085575842899309213 0.0026262238330720358 0.23090000152587895 0.38230001449584966
decision_type=2 2 2 2 2 2 2 2 2 2 2 2 2 2 2 2 2 2 2 2 2 2 2 2 2 2 2 2 2 2
left_child=1 12 3 4 8 6 -4 -5 -3 -6 -9 -8 13 16 17 -16 18 -15 -1 20 21 22 -2 -24 -21 26 -26 -28 -27 -30
right_child=19 2 5 7 9 -7 11 10 -10 -11 -12 -13 -14 14 15 -17 -18 -19 -20 24 -22 -23 23 -25 25 28 27 -29 29 -31
leaf_value=0.019840309614086338 -0.010517871962698881 -0.011759356297984764 -0.049534115491175333 -0.0047474928517229438 -0.0011365510438808841 -9.8711018977250893e-05 -0.0027477568319820823 -0.0011460073292522863 0.0030725190545760005 0.019877681977970418 0.0052225516895681202 -0.013617328290810507 0.00031460153977179184 0.048348199497727444 -0.0017746681689136711 -0.050617540686817203 -0.050045240706907551 0.0082306241618392353 -0.009095378019596749 -0.011445771682013762 0.00087495521605143224 0.013528097094758449 -0.0025751812491359013 0.012259850223359717 -0.0012077106318888094 -0.01676182490502013 -0.050307694288991053 -0.0092007279639973148 0.0067326721423456052 -0.0020153918692713663
leaf_weight=16.702409848570824 209.91037400066853 426.38583898544312 15.686698272824286 526.53978556394577 83.762432634830475 230.32869167625904 175.17867563664913 613.86364743113518 86.569320976734161 47.786718413233757 716.36366626620293 315.54377621412277 19357.488362897187 14.715604335069655 1070.0897207707167 15.403914317488669 15.304192140698431 108.20933748781681 287.86032782495022 118.20657588541508 17313.97935538739 57.279822453856468 952.67200011014938 61.486791685223579 2574.2158372998238 31.370200142264366 15.589102074503897 210.48551228642464 465.24533521384001 240.46907418966293
leaf_count=68 865 1776 66 2145 338 939 716 2511 356 193 2916 1293 79134 63 4396 64 64 445 1202 482 70336 231 3881 252 10518 129 65 858 1973 984
internal_value=-3.68914e-07 -0.000289042 -0.00275889 -0.00134145 -0.00604084 -0.00757118 -0.0109699 0.000289756 -0.00925624 0.00649711 0.00228364 -0.0097371 9.38685e-05 -0.00270197 -0.000890965 -0.00246778 -0.00954372 0.0130332 -0.00750853 0.000312602 0.000646213 -0.00244462 -0.00319205 -0.00167576 -0.00138442 -0.00104821 -0.00208185 -0.0120353 0.00287875 0.00375181
internal_weight=46374.7 24123.8 3238.01 2501.27 644.504 736.738 506.409 1856.77 512.955 131.549 1330.23 490.722 20885.8 1528.29 1208.42 1085.49 319.867 122.925 304.563 22250.9 18595.3 1281.35 1224.07 1014.16 3655.58 3537.38 2800.29 226.075 737.085 705.714
internal_count=189259 98685 13249 10235 2663 3014 2075 7572 2132 531 5427 2009 85436 6302 4968 4460 1334 508 1270 90574 75565 5229 4998 4133 15009 14527 11441 923 3086 2957
is_linear=0
shrinkage=0.03


Tree=227
num_leaves=31
num_cat=0
split_feature=32 14 14 1 23 18 24 18 18 2 26 8 38 32 13 19 4 8 40 14 35 8 4 1 18 9 9 4 40 25
split_gain=4.68609 9.63614 8.62404 15.2309 12.0807 9.02106 12.2 9.14787 8.47304 9.26666 9.0222 7.61534 7.18721 7.0565 18.6231 8.38149 16.3717 13.2169 9.62459 7.9507 10.377 9.47445 6.94949 10.0733 9.79961 10.5047 9.06977 7.8688 7.5087 7.13091
threshold=0.0084117094127229893 0.1978999996185303 0.24930000305175784 0.012511192996045513 0.012418784363419878 -0.21161147173631698 -0.012462659591172999 0.051897816076245003 0.0047953515794688451 0.003787676934238387 -0.009302852628769764 -0.01699151159602692 -0.97886589264209245 0.015321462990767367 0.00054856643930122106 0.80196747531052848 2.0909223397418919 0.057001758312138558 -0.0013285644034634672 0.32370000839233404 0.012623608139634977 -0.094476543547198852 0.94665289055772128 0.047893232289170924 -0.77743653388893519 0.02681631781026151 0.035627601838127285 1.717501774396432 -0.004018921083295106 -0.25733202592048982
decision_type=2 2 2 2 2 2 2 2 2 2 2 2 2 2 2 2 2 2 2 2 2 2 2 2 2 2 2 2 2 2
left_child=1 -1 8 4 -4 6 -5 -7 9 10 -3 -6 -10 14 -2 16 17 -16 -18 20 -17 -21 29 26 28 -26 27 -24 -25 -15
right_child=13 2 3 5 11 7 -8 -9 12 -11 -12 -13 -14 22 15 19 18 -19 -20 21 -22 -23 23 24 25 -27 -28 -29 -30 -31
leaf_value=0.017300757262859772 -0.026628041597606501 -0.038960555077211377 0.020117706376149406 0.020837404150460068 -0.0050027561821245911 -0.0083121814452307759 0.001851323679526362 0.0018502981014770568 0.015385896145522483 0.0050037872422919712 -0.0098657053823912391 0.014950093500454937 -0.0015262126285629336 0.00036023012579879262 -0.0021273636920855717 -0.0035607937991380214 0.039110798976045719 0.0032194924379596729 0.0059332422187171174 -0.0042771416504277775 -0.017183441499687764 0.0018585461317159962 -0.0015864999204501142 -0.037363808815807635 -0.0010857909610744222 -0.014146968957380148 0.017340496364130941 0.0047255702773151198 -0.0077212521943980251 -0.00064023029019757874
leaf_weight=36.056417629122734 25.912992611527443 10.748677022755144 76.142316691577435 40.995807781815529 43.120224267244339 126.50994388759136 118.5262266099453 215.54039217531681 29.665983855724335 34.676132053136826 89.161478374153376 28.656674116849899 95.159205425530672 31549.811431773007 1041.4721622914076 986.96040886640549 15.100183904170992 692.89601401239634 16.433360561728477 365.1390520259738 53.029721319675446 596.54849787801504 644.09392443299294 7.9299463033676139 796.65196746587753 59.562901809811592 28.526196017861366 245.49889241158962 255.1031953766942 8047.3938192166388
leaf_count=145 111 48 331 166 189 514 485 875 132 141 416 126 405 128615 4251 4035 63 2804 67 1493 218 2417 2628 33 3292 246 116 1003 1086 32808
internal_value=-3.78614e-07 0.0020906 0.00148721 0.00333403 0.0117937 0.000839195 0.00673059 -0.00190837 -0.00313671 -0.00835823 -0.0129958 0.00296335 0.00249312 -4.38735e-05 -0.00128256 -0.00110824 0.000398248 8.75443e-06 0.0218207 -0.00243727 -0.00425542 -0.000471087 6.89881e-05 -0.00163972 -0.00355028 -0.0019944 0.000689372 0.000155428 -0.00861492 0.000156905
internal_weight=46373 944.959 908.903 649.492 147.919 501.572 159.522 342.05 259.411 134.586 99.9102 71.7769 124.825 45428.1 3793.49 3767.58 1765.9 1734.37 31.5335 2001.68 1039.99 961.688 41634.6 2037.37 1119.25 856.215 918.119 889.593 263.033 39597.2
internal_count=189259 3973 3828 2686 646 2040 651 1389 1142 605 464 315 537 185286 15459 15348 7185 7055 130 8163 4253 3910 169827 8404 4657 3538 3747 3631 1119 161423
is_linear=0
shrinkage=0.03


Tree=228
num_leaves=31
num_cat=0
split_feature=3 28 20 28 26 26 30 42 15 38 13 10 12 32 1 13 45 19 45 34 31 29 30 13 40 45 27 20 35 45
split_gain=4.66156 9.24984 10.0959 17.5502 11.8949 11.5303 11.1302 14.1473 10.7337 9.68078 8.05094 7.94348 7.38102 6.72805 6.63773 9.14321 12.7297 13.6868 12.2181 11.992 16.6847 16.502 13.5496 12.3707 10.6308 10.0238 9.83782 8.56211 25.39 28.2117
threshold=10.41986767671259 9.9989559118625078 -0.14749999999999999 -0.14421295356537286 0.02831929987677979 -0.011911229420255636 -0.0098827484640561236 0.024088367282534193 0.14050006866455081 0.1066247981583608 0.015669403855858275 -0.050460100235677437 0.01079125978862612 0.015321462990767367 0.015549657782308332 0.0058933697118327836 0.0067695506112495857 0.89401414012925595 0.0059111873666295766 -0.013380295575387476 -0.0065939568894161924 0.005105837627157034 0.015993632763769177 0.014761735773843061 0.006091837739122077 -0.0057703979947873784 0.014890720744294471 -0.11249999999999998 -0.00016666488625341602 0.017369677132613906
decision_type=2 2 2 2 2 2 2 2 2 2 2 2 2 2 2 2 2 2 2 2 2 2 2 2 2 2 2 2 2 2
left_child=1 2 9 4 5 -4 7 -5 -8 10 11 -1 13 -11 15 16 18 24 25 21 -21 23 -22 -17 -18 -2 -20 -16 -29 -30
right_child=14 -3 3 6 -6 -7 8 -9 -10 12 -12 -13 -14 -15 27 19 17 -19 26 20 22 -23 -24 -25 -26 -27 -28 28 29 -31
leaf_value=0.017750826969237365 0.010360584224473049 -0.027182177318718082 -0.00091603971320201633 0.036399761137396132 0.019922530871572582 -0.013181926175948582 0.00052282497575806817 0.00023658825735997313 -0.01316685775775614 -0.0043179523172241956 0.018831337823079216 -0.0032853337108847331 0.024928250412342718 0.0076804377947567899 -0.00047110480583145757 -0.0087172333530170145 0.0068196010246928162 -0.026702625506764551 0.024872070501507096 0.0087069502529388693 0.0025194356463779225 0.0086942089315803685 -0.010886470103641853 0.011704148567109548 -0.021497812191286533 -0.00084157612240533806 0.00046902970631320263 0.0021678559129187621 -0.00037508768837105533 0.018480176537618239
leaf_weight=16.903901532292366 75.326891228556633 12.657068155705927 95.956590943038464 16.625137761235237 12.623339407145975 245.28421759605408 395.43730377405882 23.495495676994324 59.274016864597797 56.047839589416981 16.857085645198822 364.90074012428522 17.47408364713192 168.55611345916986 21613.411872461438 235.47273749113083 37.018914580345154 33.326162785291672 31.850328400731087 409.98914787173271 1545.6561881899834 86.361748427152634 70.969680696725845 30.111054226756096 17.606478005647659 1575.7040865272284 27.885006487369537 5289.8723286241293 13717.403859958053 71.79147133231163
leaf_count=70 304 84 430 76 64 1330 1695 111 292 237 70 1553 71 706 88042 949 149 135 128 1653 6228 348 287 122 72 6368 112 21431 55852 290
internal_value=-3.73773e-07 -0.00164432 -0.0014273 -0.0035734 -0.00867488 -0.00973277 7.47764e-05 0.0152218 -0.0012617 0.00141532 -0.00145818 -0.00235399 0.00614749 0.00468635 5.46602e-05 0.00119351 -0.00042048 -0.0115512 0.000151755 0.00241403 0.00330173 -0.00269757 0.00193092 -0.00640192 -0.00230747 -0.000330487 0.0134805 -6.22477e-05 0.00040092 -0.00027692
internal_weight=46371.9 1502.09 1489.44 848.696 353.864 341.241 494.832 40.1206 454.711 640.74 398.662 381.805 242.078 224.604 44869.8 4177.28 1798.72 87.9516 1710.77 2378.56 2026.62 351.946 1616.63 265.584 54.6254 1651.03 59.7353 40692.5 19079.1 13789.2
internal_count=189259 6789 6705 3998 1824 1760 2174 187 1987 2707 1693 1623 1014 943 182470 16855 7268 356 6912 9587 8168 1419 6515 1071 221 6672 240 165615 77573 56142
is_linear=0
shrinkage=0.03


Tree=229
num_leaves=31
num_cat=0
split_feature=35 35 17 30 3 40 9 24 31 2 24 9 24 3 45 16 27 12 38 45 29 15 29 15 14 6 39 1 8 18
split_gain=4.67258 21.2893 22.3093 23.9786 22.8869 19.2787 21.194 17.4445 21.2537 16.93 16.2739 29.5209 18.6849 17.0643 16.8542 16.4186 16.7319 18.0674 16.0417 15.6034 15.2526 14.6099 14.5277 13.3116 12.7739 12.446 11.7911 10.913 10.6909 10.1463
threshold=0.0027521982244895541 0.0015012687200363424 0.014942725052652874 0.0024229218135044714 17.909999759679831 0.0067695506112495857 -0.01953330536566417 0.65408646504637191 -0.015707101722230974 0.0013376529294593833 -0.20542724426159462 -0.030493243762176544 -0.11613003267253101 16.921708135508613 -0.009129663420411575 0.0032435730044079636 0.0091744781748190861 0.0005022653674202894 1.719581677305053 -0.0074894625125593141 -0.015683612505865377 -0.31850004196166987 0.014507564152770986 0.13000006675720219 0.22889999389648438 0.11739397708375678 -0.021288848123310829 0.084969833512147916 0.045414469159428643 -0.84470957972361671
decision_type=2 2 2 2 2 2 2 2 2 2 2 2 2 2 2 2 2 2 2 2 2 2 2 2 2 2 2 2 2 2
left_child=1 -1 5 4 -4 7 -7 9 -9 -3 11 -2 13 26 21 24 17 -17 23 -18 -20 -14 -23 -16 -13 -6 -12 -26 -28 -8
right_child=10 2 3 -5 25 6 29 8 -10 -11 12 15 14 -15 18 16 19 -19 20 -21 -22 22 -24 -25 27 -27 28 -29 -30 -31
leaf_value=0.00012990608339760141 0.030789343705918119 -0.0040255626177775868 0.010436994775038903 -0.018190202242013027 -0.0018598955589618489 -0.040657327647216759 0.012458327483583109 -0.0013771457965785314 0.027109289869979996 -0.00017339047624388341 0.0056454549601047477 -0.0085314109874249072 -0.034924024445373784 0.001230669882054799 0.00061198138907235598 0.00093625939813963622 0.0088261503365469479 0.036681296778377531 0.011019797336233476 -0.0030424073276724192 -0.013456306301025546 -0.0011723039302802686 -0.011457847633745973 0.0045572997074574007 0.0060969930618791661 -0.032289607319837682 -0.012973830054487401 -0.0069085571960348161 -0.0047479904599486587 -0.0096195939326035023
leaf_weight=29633.450711920857 33.495017737150192 2405.6323991566896 309.88323633372784 37.748359262943268 58.081951767206192 19.099815174937248 20.269947096705437 56.595713287591934 40.398213133215904 1791.4689844250679 62.196632027626038 62.310147479176521 13.258015990257261 378.51624412834644 6677.0381944701076 30.317026704549789 114.31334978342056 21.933666169643402 28.232630252838135 779.47703938186169 121.6328582316637 636.810740981251 153.35305660963058 869.95762021839619 1101.1333056986332 15.279237121343611 239.42691311240196 61.299705341458321 350.17192347347736 247.25770632922649
leaf_count=120911 143 9837 1259 155 238 86 82 229 191 7269 258 252 66 1542 27213 122 461 100 115 3159 499 2705 638 3538 4452 63 992 252 1424 1008
internal_value=-3.73075e-07 -0.000175665 -0.00198607 0.00462291 0.00686993 -0.00259347 -0.0101265 -0.00209064 0.0104875 -0.00238132 0.000516996 0.00284002 -2.02847e-05 -0.00383567 0.000442175 0.00240877 -0.000559806 0.0159412 0.000873768 -0.00152445 -0.00884534 -0.00369252 -0.0031685 0.00106677 0.00470182 -0.00819762 -0.00677785 0.00541116 -0.00808838 -0.0079468
internal_weight=46370 34635.2 5001.72 420.993 383.244 4580.72 286.627 4294.1 96.9939 4197.1 11734.9 2204.28 9530.59 1030.31 8500.28 2170.78 946.041 52.2507 7696.86 893.79 149.865 803.422 790.164 7547 1224.74 73.3612 651.795 1162.43 589.599 267.528
internal_count=189259 141328 20417 1715 1560 18702 1176 17526 420 17106 47931 8941 38990 4216 34774 8798 3842 222 31365 3620 614 3409 3343 30751 4956 301 2674 4704 2416 1090
is_linear=0
shrinkage=0.03


Tree=230
num_leaves=31
num_cat=0
split_feature=8 5 35 9 10 26 28 30 15 38 43 31 33 18 45 30 10 34 9 16 18 10 39 37 28 10 41 2 10 0
split_gain=4.6393 9.82412 8.63575 8.36549 15.0815 12.3875 11.7936 13.4293 10.5561 8.99462 7.67941 7.65559 13.5334 11.9762 12.6387 11.8912 11.7598 15.4599 24.9016 15.2359 14.675 13.6138 14.3447 13.1194 12.7013 15.5068 11.4203 11.1104 12.0092 11.8646
threshold=0.37861418174568545 0.01127604370513602 -0.015302216564075394 0.0082762136004875721 -0.046578667464122515 0.095262188174634527 -0.062956762282251319 -8.4634815780275014e-05 -0.0045000076293945307 0.35262335653714599 0.67093038050001141 0.00067054861750397035 -0.32277679430041845 -2.8773780644875031 0.001017552897143214 0.00023643999860201978 0.013843584698900697 0.01351700483297018 0.0010128242041976827 0.042497335960552225 -1.0397427300614086 -0.043521082732784398 -0.050264648570450772 0.025071661579616707 0.054631364525205235 -0.018199922433866811 -0.0126224707314456 0.013805946443569648 0.022911302207449826 0.011026983234775441
decision_type=2 2 2 2 2 2 2 2 2 2 2 2 2 2 2 2 2 2 2 2 2 2 2 2 2 2 2 2 2 2
left_child=11 10 -3 6 8 -6 7 -4 -5 -8 -2 12 27 14 26 -16 20 -18 19 -19 21 -13 -23 -20 -22 -26 -14 29 -29 -1
right_child=1 2 3 4 5 -7 9 -9 -10 -11 -12 16 13 -15 15 -17 17 18 23 -21 24 22 -24 -25 25 -27 -28 28 -30 -31
leaf_value=-0.00093525385221763678 0.0060345523036801412 -0.0076476047489781969 0.0073906677614813667 0.034258926736292085 -0.0012649496404235913 0.021388607341655701 0.0012806784762259403 0.001387141235008423 0.0011492172187265301 -0.0038754073210277018 0.028170702016393281 -0.0081692813600892991 0.0012441627959865035 0.00097139174044795951 0.012087467092713607 -0.0016394349261787105 -0.0040599823326110656 -0.0045070234589853824 -0.0034004990072414119 0.017973234064293034 0.00012043444018861915 -0.014088463029544059 0.0026872494620071791 0.0076211602013383862 -0.0049352238042018473 -0.00092727909560281639 -0.0073973145429393899 0.0039587709472478898 -0.0018041392049663776 -0.0054272420849448754
leaf_weight=5172.0884346701205 137.89710470288992 111.77047846466303 563.77624859660864 18.660010784864426 2031.4179930686951 21.959500655531883 1346.080399915576 827.59969860315323 16.181607156991959 393.51620471477509 15.7118699029088 115.90401701629162 197.21701966971159 14460.916597586125 87.170853197574615 163.00071562826633 1784.3329279720783 640.80032025277615 126.41234269738197 28.333385139703751 7828.1222657673061 46.790654331445694 2342.7539528086782 420.60050417482853 1113.0128372907639 3959.7086862772703 455.62163300812244 804.59587842971087 546.47745303809643 589.51412823796272
leaf_count=21307 561 455 2289 76 8240 90 5462 3355 67 1601 64 486 808 58893 354 666 7295 2618 515 115 32037 194 9532 1716 4605 16095 1866 3265 2237 2395
internal_value=-3.73882e-07 0.000818922 0.000603395 0.000780092 -0.000690584 -0.00102268 0.00176097 0.00381973 0.0188817 0.000114314 0.00829874 -0.000110284 0.000261218 0.000762087 -0.00258974 0.00314363 -0.000563926 -0.00228218 0.000326227 -0.00355513 -0.000229286 0.00187172 0.00235876 0.0050741 -0.000637319 -0.00180667 -0.0047868 -0.000820698 0.00162781 -0.00139486
internal_weight=46367.9 5484.57 5330.96 5219.19 2088.22 2053.38 3130.97 1391.38 34.8416 1739.6 153.609 40883.4 22476.6 15363.9 903.01 250.172 18406.8 3000.48 1216.15 669.134 15406.3 2505.45 2389.54 547.013 12900.8 5072.72 652.839 7112.68 1351.07 5761.6
internal_count=189259 22260 21635 21180 8473 8330 12707 5644 143 7063 625 166999 91791 62587 3694 1020 75208 12259 4964 2733 62949 10212 9726 2231 52737 20700 2674 29204 5502 23702
is_linear=0
shrinkage=0.03


Tree=231
num_leaves=31
num_cat=0
split_feature=31 11 15 34 42 29 25 4 23 5 43 3 43 34 8 35 9 20 19 3 30 11 8 12 12 23 45 17 23 14
split_gain=4.60275 6.5449 11.5964 7.79696 7.37676 5.72155 6.73881 6.60029 5.44861 12.7476 15.3431 9.77389 8.45019 12.5831 7.50154 8.45132 5.89055 15.5753 14.3755 12.8514 15.2837 11.9439 7.55606 5.63443 24.6724 21.6455 15.7811 17.3043 13.1158 12.856
threshold=-0.1048846476832669 0.25287508261731662 0.13650002479553225 -0.085107948869992303 0.023668361231209491 -0.013813879084075617 -0.66526412275721236 -0.41048562594674814 -0.11437166639007595 0.018173948904946505 -0.34589174689652941 18.641272089649011 -0.43147753716941389 0.024647350436147356 -0.014173455950085056 0.00034138470587004511 0.043624992677905233 0.33000000000000007 0.80196747531052848 17.510261180236807 0.002309455836495678 0.38826466916354557 0.042587602022570371 0.000679663966706377 0.00034706525490260729 0.022800552346419176 0.0017579846090431505 0.016017245315098228 -0.044914961063194751 0.22619999885559086
decision_type=2 2 2 2 2 2 2 2 2 2 2 2 2 2 2 2 2 2 2 2 2 2 2 2 2 2 2 2 2 2
left_child=1 2 4 -3 -1 6 -6 -7 9 10 -2 12 -11 -14 15 -12 23 19 -19 21 -21 -18 -20 24 29 -26 28 -28 -25 -10
right_child=8 3 -4 -5 5 7 -8 -9 16 11 14 -13 13 -15 -16 -17 17 18 22 20 -22 -23 -24 26 25 -27 27 -29 -30 -31
leaf_value=-0.02198881273419892 0.031897941582342403 -0.0076615896033743374 -0.028539769140674388 0.016118671800824914 -0.007206255096094542 -0.023355897423761283 0.016086110105092363 0.0022252759673208407 -0.0026199189598157765 -0.01030707064571788 -0.012409183572024642 -0.018502337948388434 0.0017549547650442846 0.033884185096062946 0.024942458429951728 0.016198005601082904 0.0034233580714880334 -0.0091649354313125594 0.036920450108808477 0.00014601511668745328 -0.024311305760446867 0.030559740186306104 0.012825540643553604 -0.001996695665323925 -0.0014579116885224481 -0.0073227931140486856 -0.0010365078244192899 0.005240535017631583 0.0012314282992260527 0.0002422981877336455
leaf_weight=17.579761028289795 28.398819252848625 24.714096888899803 21.677551776170731 24.922502636909485 19.07518295943737 16.693484380841255 27.004930138587952 19.896844185888767 1526.2439499497414 28.558353364467621 25.123938605189323 23.908472150564194 45.343740954995155 14.472008690237997 12.33684593439102 14.751404464244841 179.23822961747646 13.898385792970656 24.853050798177719 76.398304134607315 32.898473799228668 15.891958534717558 22.155755892395973 1246.1826993227005 2472.4406685382128 734.64278568327427 7868.8271662741899 416.16683074831963 12445.304334312677 18927.240319099277
leaf_count=73 116 103 91 103 80 70 112 83 6300 116 104 98 185 59 50 60 729 56 100 313 136 65 89 5081 10121 3009 32095 1684 50600 77378
internal_value=-3.7375e-07 -0.00490506 -0.00864366 0.00427846 -0.00434144 -0.000588744 0.00644407 -0.00944554 1.78417e-05 0.00504933 0.0141513 -0.00148525 0.00311851 0.0095284 0.0044987 -0.0018263 -3.25591e-06 0.00379096 0.0176394 0.00102028 -0.00721567 0.00563342 0.0255643 -3.36294e-05 -0.000354887 -0.00280137 0.000312247 -0.000721203 0.000937608 2.87189e-05
internal_weight=46366.8 171.564 121.928 49.6366 100.25 82.6704 46.0801 36.5903 46195.3 192.894 80.611 112.283 88.3741 59.8157 52.2122 39.8753 46002.4 365.334 60.9072 304.427 109.297 195.13 47.0088 45637 23660.6 3207.08 21976.5 8284.99 13691.5 20453.5
internal_count=189259 715 509 206 418 345 192 153 188544 788 330 458 360 244 214 164 187756 1488 245 1243 449 794 189 186268 96808 13130 89460 33779 55681 83678
is_linear=0
shrinkage=0.03


Tree=232
num_leaves=31
num_cat=0
split_feature=8 0 29 3 24 11 23 2 45 15 23 26 39 16 9 24 14 3 29 17 35 40 5 29 9 33 15 0 34 8
split_gain=4.61702 12.7133 10.1973 11.6005 10.3476 10.0661 10.0665 17.7287 21.1211 16.0603 10.2247 12.6238 9.94069 14.6199 10.2036 16.9292 15.8621 14.8409 17.0222 15.6165 14.0135 9.73092 9.71666 14.3841 13.7044 12.7871 15.9818 11.1923 9.71219 9.55572
threshold=0.028246442555306502 -0.056622625289260702 -0.05039913367798516 14.493457802506185 -0.31797276378218869 -0.48473193473193471 -0.071093676657450255 -0.015231145672907093 0.022121160975405275 -0.134999942779541 -0.11437166639007595 0.093774892142133845 -0.046333179692072769 -0.030063757850132062 0.0081869195789347707 -0.48928226957225346 0.40629999160766611 15.824350032214582 -0.021308129150962706 -0.0056296191097249164 -0.0053028949695460483 0.0052444656118078173 -0.046912520133223549 -0.065941567119652447 0.0053876148025936927 0.48095907128947962 -0.031500053405761709 -0.036197404896622841 -0.02209343110764413 -0.29667066417140314
decision_type=2 2 2 2 2 2 2 2 2 2 2 2 2 2 2 2 2 2 2 2 2 2 2 2 2 2 2 2 2 2
left_child=5 2 -2 -4 -5 29 7 10 9 -9 11 -7 13 -3 15 16 -14 19 -19 -16 -17 -6 25 -24 -25 26 -8 -27 -12 -1
right_child=1 12 3 4 21 6 22 8 -10 -11 28 -13 14 -15 17 20 -18 18 -20 -21 -22 -23 23 24 -26 27 -28 -29 -30 -31
leaf_value=0.0027589293474148359 0.025222782096636958 -0.026534072957894929 0.023465499915438771 -0.0092480205054245156 0.0095685366718083753 0.023519672741879622 -0.00077638637364565337 0.025566565967927484 -0.022782591707341364 0.0061895386368238424 -0.029539285853557699 -0.013732127664258777 0.0078692001908746388 -0.0030977269810183992 -0.0036297896935344447 -0.0022395451613569871 9.6870391146501838e-05 -0.0061911997203064227 -0.00087193614808044582 0.0023815922394125376 0.00080808141741692101 -0.012401857284274566 -0.020105255327219296 -0.001215931612836961 0.00059834130216034965 0.0030933340038696504 0.0031445165466458445 -0.0057009691462342358 -0.0060881651684915883 -0.0099166428073224778
leaf_weight=75.744509503245354 24.889187410473824 25.974174320697784 26.967079728841782 50.425212234258652 128.48439355194569 19.237574249505997 1582.1676965095103 43.257986128330231 20.681025639176369 349.74975048005581 21.125051319599152 14.253264680504797 559.106525182724 308.25093604624271 475.83333207666874 1518.288335993886 409.33625400066376 610.35151466727257 4796.0248522758484 2129.7259863168001 12853.447750873864 21.12683068215847 34.193197056651115 11564.168234817684 5543.3113207370043 185.3306268453598 2289.501200132072 438.18618275970221 64.18573585152626 182.48277665674686
leaf_count=318 101 107 111 207 532 78 6535 174 107 1421 88 62 2292 1269 1933 6225 1660 2486 19489 8625 52183 87 141 47520 22537 766 9357 1794 265 789
internal_value=-3.71195e-07 0.000289395 0.00699358 0.00499489 0.00250486 -0.000309656 -0.000241062 0.00383391 0.00676736 0.00832235 -0.00638088 0.00766579 0.0002181 -0.00491907 0.000291625 0.000744824 0.00458403 -0.000576099 -0.00147245 0.00128378 0.000486118 0.00646606 -0.000341348 -0.000666907 -0.000628055 0.00090012 0.00154223 -0.003087 -0.0118952 -0.00619858
internal_weight=46365.8 23938.2 251.893 227.004 200.036 22427.6 22169.3 532.49 413.689 393.008 118.802 33.4908 23686.3 334.225 23352.1 15340.2 968.443 8011.94 5406.38 2605.56 14371.7 149.611 21636.9 17141.7 17107.5 4495.19 3871.67 623.517 85.3108 258.227
internal_count=189259 97307 1038 937 826 91952 90845 2195 1702 1595 493 140 96269 1376 94893 62360 3952 32533 21975 10558 58408 619 88650 70198 70057 18452 15892 2560 353 1107
is_linear=0
shrinkage=0.03


Tree=233
num_leaves=31
num_cat=0
split_feature=30 17 45 13 13 12 38 8 39 30 14 16 31 3 4 16 9 9 14 33 25 28 35 31 19 11 8 30 35 9
split_gain=4.54991 19.1034 22.2567 36.35 28.4047 21.0186 19.3555 15.256 14.8731 13.3744 26.5127 12.4421 17.9336 12.7472 11.9267 11.6615 29.3468 15.5512 10.8901 9.93988 9.82199 8.49294 7.51969 18.0185 17.122 9.0628 8.79584 8.51042 18.1785 34.4935
threshold=-0.0092319759262920447 0.012830790391541494 -0.0014022652661482584 0.0056649992258222545 0.016090136643181523 -0.0055441246465627037 -0.0092668145716636712 0.530310180273313 -0.0109275548053719 -0.0068295557342086905 0.56700000762939462 -0.026463838984610018 0.059809399594385811 16.593087163262666 -1.0210834783126932 0.0094161073591658827 -0.015565980300612294 -0.0113081805669358 0.81510002136230475 0.59594362015268942 -0.91587427395169307 1.0178993956409264 -0.039057171230984455 -0.0081967633329885527 1.1976129491658367 -0.030211756115370549 0.25501150776950449 -0.005997017480660804 -0.0092319759262920447 0.0019363940897882861
decision_type=2 2 2 2 2 2 2 2 2 2 2 2 2 2 2 2 2 2 2 2 2 2 2 2 2 2 2 2 2 2
left_child=1 2 3 -1 7 -3 -6 -5 -7 10 14 12 13 -4 21 17 -17 -16 20 -12 -13 -2 23 25 26 -11 -25 28 29 -24
right_child=9 5 11 4 6 8 -8 -9 -10 22 19 18 -14 -15 15 16 -18 -19 -20 -21 -22 -23 27 24 -26 -27 -28 -29 -30 -31
leaf_value=0.051439689709481519 -0.02742587435429095 -0.044026643716343315 -0.019589439143400011 0.0080953848251245075 -0.018135147040548215 0.014242167330945703 0.0052223806769282986 -0.016148409419962699 -0.010864419368157121 0.0075681770099769365 0.020975220856191044 0.012282927445135232 0.022684322010489883 -0.00099922942439311562 -0.015615407305625779 0.044008628873607486 -0.0010145669600559095 -0.0038803989304627934 -0.023869756947032181 -0.0069583017371368482 0.00035527102246051098 0.00031046725054257853 0.0033950548862566967 0.034731704031714862 -0.013851584656469913 -0.025340974792760613 0.008037931678883059 -5.4306494524196581e-05 0.0019898314058572541 0.056648929949202044
leaf_weight=15.385729372501372 33.177107691764832 14.254182875156401 79.56271356344223 685.24106681346893 73.494069531559944 26.824600324034691 56.457428485155106 24.184989795088768 101.92621995508671 13.82386687397957 53.127560168504715 64.965301230549812 15.039027526974676 56.963357850909233 123.9940546900034 13.552867650985716 337.46737562119961 563.59303633868694 16.180643826723099 14.619948178529738 1425.8707312494516 14.183378830552099 32.962992131710052 32.838827475905418 12.289489865303038 16.545322701334953 16.789753273129463 41915.439806453884 496.92641839385033 16.389174848794937
leaf_count=64 170 66 325 2806 312 109 234 98 416 56 214 264 61 233 510 63 1366 2286 66 59 5836 58 133 133 50 67 68 171056 2014 66
internal_value=-3.7244e-07 0.00120513 0.00181198 0.00574451 0.00490692 -0.00946046 -0.00798747 0.00726889 -0.00563359 -7.36373e-05 -0.00326077 -0.000214672 -0.00840799 -0.011833 -0.00439666 -0.0037253 0.000723776 -0.0059966 0.000609354 0.0149472 0.000875036 -0.0191195 1.27716e-05 0.00856696 0.0178506 -0.0103609 0.025701 -5.82031e-06 0.00371448 0.0210799
internal_weight=46364.1 2656.35 2513.35 854.763 839.378 143.005 129.951 709.426 128.751 43707.7 1153.72 1658.58 151.565 136.526 1085.97 1038.61 351.02 687.587 1507.02 67.7475 1490.84 47.3605 42554 92.2873 61.9181 30.3692 49.6286 42461.7 546.279 49.3522
internal_count=189259 10890 10299 3514 3450 591 546 2904 525 178369 4726 6785 619 558 4453 4225 1429 2796 6166 273 6100 228 173643 374 251 123 201 173269 2213 199
is_linear=0
shrinkage=0.03


Tree=234
num_leaves=31
num_cat=0
split_feature=2 11 18 17 32 18 37 9 35 13 2 16 15 15 30 25 33 33 24 8 35 19 1 14 30 40 33 24 37 11
split_gain=4.47892 12.592 9.49033 11.7023 9.38513 9.20497 14.6887 14.3681 9.06382 12.5635 10.6947 13.713 10.9485 10.6449 10.5227 10.0177 9.25004 8.85017 12.7965 8.46162 15.6718 10.6047 8.40477 9.39033 8.85688 13.763 12.1848 11.8346 10.2803 7.6891
threshold=0.02706121267543405 0.45514003018614796 2.26397742276809 0.010368799298508697 0.084942082157970125 2.26397742276809 0.015732220181266836 -0.0098871287177214138 -0.0004215574583149836 0.0015358869752631528 0.037578946271817418 -0.0027258083090908798 -0.071499967575073223 -0.50600004196166981 0.002479986038532128 -0.59190093849624204 0.36786321534986938 0.48095907128947962 -0.027967270797941739 0.054079647600455243 0.0010059084861707963 0.35452451043563643 0.058263296393169885 0.38649999618530279 0.002093568274317312 -0.0029247649075804429 -0.14864494836023209 -0.27632338717605937 0.022979396374120858 0.16760299625468164
decision_type=2 2 2 2 2 2 2 2 2 2 2 2 2 2 2 2 2 2 2 2 2 2 2 2 2 2 2 2 2 2
left_child=1 4 8 19 5 29 -7 -8 9 14 17 15 -13 -11 -2 -12 -15 -10 -19 20 -4 -21 24 -24 27 26 -26 -3 -29 -1
right_child=2 22 3 -5 -6 6 7 -9 10 13 11 12 -14 16 -16 -17 -18 18 -20 21 -22 -23 23 -25 25 -27 -28 28 -30 -31
leaf_value=0.00039654451501568567 0.015681516778871255 -0.01321865729714744 0.019418891840633095 0.020495303176905229 -0.0022688656691544642 -0.013147072709276938 0.0042994715330237007 -0.0028544309321153673 0.0026704148060883153 0.022233773396693308 -0.00087434589556703579 -0.0044676616246266555 0.0020119443230678623 -6.2376338459423222e-05 -0.0097310278014850152 -0.0078321995732199903 0.0061022868242412093 -0.012445169941962528 0.0029230995011565214 0.017287072805204612 -0.0076350063217479483 -0.0040963939275636971 -0.019856421645328658 -0.0006115740407035211 0.027112568462570888 -0.015139644777222678 -0.0095289516672494769 -0.0068540606118473709 0.0081165571978154393 -0.0005836357795750035
leaf_weight=27844.702053017914 100.02545985579491 46.277787998318672 61.411280259490013 43.381569504737854 1642.2531764991581 102.27806021273136 316.37848135828972 1254.80736361444 1186.2056249082088 22.309538975358009 322.48831328749657 321.6823783069849 867.87115706503391 971.54979308694601 17.184042394161224 440.77803499996662 282.83484250307083 91.00004018843174 105.05658811330795 24.870123893022537 28.08356237411499 129.87531907856464 62.177087232470512 36.048705220222473 15.179481863975523 94.601341471076012 17.683021143078804 58.89010326564312 138.07544024288654 9716.2992143929005
leaf_count=113760 405 189 251 177 6785 424 1300 5192 4825 90 1323 1316 3546 3961 70 1802 1153 370 427 101 115 531 260 149 62 386 72 240 564 39413
internal_value=-3.67393e-07 -0.000103078 0.000846149 0.00613705 -4.70029e-05 4.59985e-05 -0.002131 -0.0014139 0.000524351 0.00255591 -0.000324744 -0.00175402 0.000259711 0.00169294 0.0119558 -0.00489243 0.00132761 0.0016945 -0.00421011 0.00358676 0.0109294 -0.000659721 -0.00499113 -0.0127936 -0.00292373 -0.00932952 0.00739609 0.000433026 0.00364054 0.000142991
internal_weight=46362.3 41345.7 5016.61 287.622 40876.7 39234.5 1673.46 1571.19 4728.99 1393.9 3335.08 1952.82 1189.55 1276.69 117.21 763.266 1254.38 1382.26 196.057 244.24 89.4948 154.745 468.933 98.2258 370.707 127.464 32.8625 243.243 196.966 37561
internal_count=189259 168796 20463 1175 166874 160089 6916 6492 19288 5679 13609 7987 4862 5204 475 3125 5114 5622 797 998 366 632 1922 409 1513 520 134 993 804 153173
is_linear=0
shrinkage=0.03


Tree=235
num_leaves=31
num_cat=0
split_feature=22 22 14 40 9 9 25 40 35 35 3 17 18 13 9 25 21 13 22 2 16 40 12 22 24 24 13 20 9 40
split_gain=4.54316 17.9431 19.9157 19.6916 37.1262 17.1427 17.5786 26.8929 16.206 22.0588 24.3242 19.8639 18.2769 16.6002 15.3658 15.2559 13.2794 21.466 13.0287 13.0149 12.974 12.9063 12.7667 12.7397 12.6623 25.4903 23.153 22.9041 43.293 24.0373
threshold=1.8500000000000003 0.9833333333333335 0.50159999847412118 -0.0029247649075804429 -0.00077846162617649861 -0.054044171744610861 -0.39061537820223474 0.0023843875816408062 9.156570893712997e-05 0.00032585824961531865 16.66919490444155 0.0074757925100025551 4.4863478253842937 0.00071045639401242798 0.0022956964633720441 -0.27722802917883593 0.16250000000000003 0.016090136643181523 0.91666666666666685 -0.034143971163900985 -0.010445033239782844 0.0041114970189110442 5.3292204253589632e-05 0.55000000000000016 0.084618592368945478 -0.0030061286161820583 0.011054078479383273 -0.062499999999999993 -0.023318649818098849 0.0063791057725518666
decision_type=2 2 2 2 2 2 2 2 2 2 2 2 2 2 2 2 2 2 2 2 2 2 2 2 2 2 2 2 2 2
left_child=1 8 5 4 -4 -3 14 -8 13 10 11 -10 20 22 -7 19 18 -18 -15 -5 -11 -17 -1 -12 25 27 -27 -2 -29 -30
right_child=24 2 3 15 -6 6 7 -9 9 12 23 -13 -14 16 -16 21 17 -19 -20 -21 -22 -23 -24 -25 -26 26 -28 28 29 -31
leaf_value=-0.0053433799194686831 -0.0011460365954394543 -0.019587423808080671 0.0021905162045276544 0.021706424526932288 0.054751302728871888 0.00090925802412918132 -0.0071736298212904063 0.00035934082627931812 -0.011285128201960324 0.0017338436345815549 -0.0026007996654666479 -0.0012858458465355778 -0.011635664128392635 0.00062072213551655944 -0.002898833257138396 -0.00049389504890891658 0.045485401148637084 0.0058492573373217773 0.0064199905926162135 0.0035882184303652194 -0.00051301252011067998 -0.015208040675144979 0.013332334046980929 0.0062377490694852074 0.001226595832402839 -0.0045702433596142514 -0.043424981808576762 -0.048203096863283591 0.0014927459530385022 0.011107259258164767
leaf_weight=41.101782143115997 5257.5451924055815 50.891814894974232 35.33991639316082 39.026038333773613 18.387953668832779 1971.0626192316413 1197.1911796964705 662.59143810346723 486.37072649598122 3147.2432221025229 467.29466387629509 282.74398227035999 121.01039627194405 7446.0758860707283 1847.4761334583163 313.98155364394188 14.928519874811171 69.771694853901863 365.78255818784237 416.47420282661915 8725.1365602910519 64.707345455884933 165.96319758892059 213.97749745845795 8369.8390884101391 884.97135725617409 14.021333888173102 15.430223003029822 3403.9612200185657 251.30870273709297
leaf_count=168 21432 238 144 159 74 8084 4967 2750 1980 12856 1906 1147 507 30287 7547 1272 67 281 1481 1693 35536 264 672 868 34213 3608 66 66 13913 1013
internal_value=-3.67161e-07 -0.000239077 -0.00160549 0.00257518 0.020179 -0.00225341 -0.00209806 -0.00448983 0.000180543 -0.000458222 -0.00395269 -0.00760917 -3.5629e-05 0.00124024 -0.000933163 0.00144136 0.00102037 0.0128352 0.000892267 0.00514054 8.26055e-05 -0.00300813 0.00962526 0.000175258 0.000369096 -0.000361234 -0.00517625 0.000123594 0.00194209 0.00215377
internal_weight=46361.6 28164.5 6617.13 887.917 53.7279 5729.21 5678.32 1859.78 21547.4 13443.8 1450.39 769.115 11993.4 8103.62 3818.54 834.189 7896.56 84.7002 7811.86 455.5 11872.4 378.689 207.065 681.272 18197.1 9827.24 898.993 8928.25 3670.7 3655.27
internal_count=189259 114948 27192 3606 218 23586 23348 7717 87756 54800 5901 3127 48899 32956 15631 3388 32116 348 31768 1852 48392 1536 840 2774 74311 40098 3674 36424 14992 14926
is_linear=0
shrinkage=0.03


Tree=236
num_leaves=31
num_cat=0
split_feature=19 15 8 0 16 16 9 30 30 14 25 17 45 7 14 40 29 15 1 34 44 25 14 35 31 13 24 16 11 15
split_gain=4.60079 12.0379 14.4525 15.6757 11.9018 10.4318 20.6817 11.4576 15.0306 12.709 11.1507 11.2531 11.102 11.0351 10.7709 11.5001 8.11952 9.35763 9.42558 8.7844 12.3083 7.52314 18.4541 24.5526 14.2183 14.1937 16.3881 12.4955 11.2213 9.81725
threshold=0.5318513864966169 0.38299994468688969 0.06850779314676389 -0.021600173021481536 -0.033843461016001372 0.02171836091932736 0.026085425086466201 0.014040787500521552 0.015138458025456396 0.22210000038146974 -0.093314341352318544 -0.008207339795413925 0.0038301321723513454 0.057679410909424002 0.65329998016357427 0.0008647998090863413 0.05084963308691081 -0.17349996566772458 0.067906981268855679 -0.0089313425111732705 -0.0077532641573454146 -0.25733202592048982 0.53370000839233411 -0.0044975906417759311 0.010505872462405254 0.012472981213065696 -0.31797276378218869 0.044606058317460333 0.2982270538450314 -0.013500022888183591
decision_type=2 2 2 2 2 2 2 2 2 2 2 2 2 2 2 2 2 2 2 2 2 2 2 2 2 2 2 2 2 2
left_child=1 5 3 -3 -5 7 14 10 12 -10 13 -12 -9 -1 15 -7 21 18 19 -18 -21 29 25 28 -25 27 -27 -23 -24 -2
right_child=16 2 -4 4 -6 6 -8 8 9 -11 11 -13 -14 -15 -16 -17 17 -19 -20 20 -22 22 23 24 -26 26 -28 -29 -30 -31
leaf_value=0.00096082909994132243 -0.00042334151841108954 0.011560736281643218 0.0032298387901618071 0.0015093784721636955 -0.033079027637980159 0.0024681460530292538 -0.017062123391110677 0.039141410779919103 -0.02122071822040001 0.0054138568727956525 -0.0085239586870051991 -0.00093102041110560167 0.0069843296995876899 0.015348108626330422 -0.014105844285941143 0.010726590864686943 0.03308924521791233 -0.0034842476604584603 -0.0047674103928115287 0.026845361756806182 -0.0065697104782474012 -0.0034514266536935451 -0.010802375281701226 0.0058760491838646895 -0.00094752760931183188 0.012582206559783394 -0.00025695034122827831 0.0064314281108551362 0.0065396257683241407 0.00060392217978272084
leaf_weight=3191.6228571161628 15631.041979640722 12.816770434379576 50.488184258341789 11.479310467839239 40.692739471793175 306.24389829486609 37.785600066184998 20.089978665113449 17.287371426820755 239.51379393041134 200.67621700465679 1409.738074272871 18.616367474198341 48.712608151137829 23.578345894813538 300.82938501238823 15.830445408821104 1021.3759332597256 40.968281596899033 16.544356346130371 24.781522259116173 3020.6264737397432 173.84917260706425 800.37649616599083 418.55319276452065 98.518950194120407 974.58657094091177 119.70456448942423 41.619945406913757 18031.107051435858
leaf_count=13005 63978 52 205 47 169 1262 156 82 71 985 820 5749 75 201 96 1215 65 4246 169 68 101 12313 707 3238 1695 403 4034 486 170 73396
internal_value=-3.71278e-07 0.000779967 -0.00881136 -0.0181659 -0.0254686 0.000970446 0.00449621 0.000512492 0.00624761 0.00362087 0.000163109 -0.00187719 0.023675 0.00117712 0.00578788 0.00656054 -0.000114831 -0.00263411 0.00621492 0.0140868 0.00680764 -4.30848e-05 -0.00105629 0.00188278 0.00353299 -0.00205686 0.000921778 -0.00307471 -0.0074526 0.000126912
internal_weight=46359.7 5930.17 115.477 64.9888 52.172 5814.69 668.437 5146.26 295.508 256.801 4850.75 1610.41 38.7063 3240.34 630.652 607.073 40429.5 1119.5 98.1246 57.1563 41.3259 39310 5647.84 1434.4 1218.93 4213.44 1073.11 3140.33 215.469 33662.1
internal_count=189259 24190 473 268 216 23717 2729 20988 1213 1056 19775 6569 157 13206 2573 2477 165069 4649 403 234 169 160420 23046 5810 4933 17236 4437 12799 877 137374
is_linear=0
shrinkage=0.03


Tree=237
num_leaves=31
num_cat=0
split_feature=8 9 1 17 36 15 3 12 40 14 17 17 16 24 15 32 12 20 17 24 17 15 35 14 24 45 35 17 3 9
split_gain=4.55239 11.3897 18.428 10.888 10.814 17.2307 12.9316 12.8175 15.4404 12.9346 12.0446 17.8366 22.5506 15.1817 17.8023 16.9309 13.9467 10.4865 17.4522 22.4893 18.2082 17.3922 21.6808 16.0752 14.3162 23.3426 13.2101 12.7536 11.6062 14.9221
threshold=-0.10925712149740205 -0.040193287180356689 0.058263296393169885 0.0376388805794034 -0.016312697464520635 0.34750003814697267 15.896151942043124 0.0085575842899309213 0.018130773998777053 0.25869999885559086 -0.003087608260766728 0.010048746897161493 -0.047077618025553845 0.46049183256452331 0.13000006675720219 0.037535007193268667 0.032392279229588886 -0.11249999999999998 -0.008207339795413925 -0.22110872771561399 -0.017873266950750515 -0.23700003623962398 -0.0014671762497293424 0.57659999847412113 -0.51182049506300242 0.0025683552941045923 -0.00036178422033192819 0.0376388805794034 15.824350032214582 0.028853422021270836
decision_type=2 2 2 2 2 2 2 2 2 2 2 2 2 2 2 2 2 2 2 2 2 2 2 2 2 2 2 2 2 2
left_child=3 2 -2 4 10 7 -7 9 -9 -6 13 16 -13 14 -1 -15 -12 18 19 20 -3 22 -19 -21 25 -23 -24 -26 29 -20
right_child=1 17 -4 -5 5 6 -8 8 -10 -11 11 12 -14 15 -16 -17 -18 21 28 23 -22 24 26 -25 27 -27 -28 -29 -30 -31
leaf_value=-0.0010700240159135079 -0.0098466840017117554 0.001329537398875852 0.012354819690649752 0.017154625975390251 -0.0041319217258101839 -0.013284682962444063 -0.0017926223802174335 0.0030700212878427688 -0.01221316569291301 -0.00072643786533149724 -0.0019226737419181447 -0.018980986223986557 0.0051896184828059341 0.00068847044483523912 0.0087180441835119551 0.014229541321372193 0.020334554544003649 0.024298478847117853 0.00078474188586914772 -0.0018795395865887851 -0.0094056732838730013 0.0036583224104987312 -0.014639682023442371 0.0068748131090957537 0.00043479866918665479 0.027298160789035911 0.0053526858053747593 -0.023385257705203701 -0.0006082431689862388 0.0097917560686616219
leaf_weight=713.74405547976494 43.252716317772865 186.27463480830193 151.52044914662838 31.507171407341957 1175.5360830053687 177.06590187549591 175.44108486175537 1053.0943884924054 63.056549906730652 6870.1102669537067 2113.9699924625456 36.69910991191864 650.64302667975426 142.04355011880398 218.40803398191929 200.27379095554352 25.645367413759232 52.763940542936325 6329.5535031631589 1336.8280903697014 600.92461551725864 311.85369665920734 31.785946473479271 219.81961815059185 12755.183938361704 42.74538291990757 463.37005715072155 20.261860251426697 9995.1955641359091 169.98841193318367
leaf_count=2921 176 756 622 129 4902 729 712 4327 266 28184 8708 153 2646 590 895 829 107 212 25774 5447 2466 1258 152 891 51967 172 1874 83 40622 689
internal_value=-3.69892e-07 0.000191651 0.0074246 -0.000460629 -0.000501392 -0.00105649 -0.00756514 -0.000806068 0.0022066 -0.00122401 0.000786307 -0.000305269 0.00389908 0.00320758 0.00122337 0.00861071 -0.0016559 0.000148326 -0.000310735 -0.00273305 -0.0068654 0.000780588 0.00601734 -0.000643307 0.000562057 0.006508 0.0040693 0.00039702 3.34677e-05 0.00102031
internal_weight=46358.6 32711.3 194.773 13647.2 13615.7 9514.3 352.507 9161.8 1116.15 8045.65 4101.43 2826.96 687.342 1274.47 932.152 342.317 2139.62 32516.5 18838.6 2343.85 787.199 13678 547.92 1556.65 13130 354.599 495.156 12775.4 16494.7 6499.54
internal_count=189259 133161 798 56098 55969 39120 1441 37679 4593 33086 16849 11614 2799 5235 3816 1419 8815 132363 76645 9560 3222 55718 2238 6338 53480 1430 2026 52050 67085 26463
is_linear=0
shrinkage=0.03


Tree=238
num_leaves=31
num_cat=0
split_feature=6 32 39 2 1 30 17 37 25 30 13 3 17 31 1 35 25 38 11 1 4 16 2 20 2 8 19 39 24 4
split_gain=4.51045 10.7363 16.9323 12.7326 10.7124 10.0169 10.6454 9.25887 10.8182 8.83933 11.6305 8.01101 7.44092 7.25722 6.77983 6.67591 6.42252 5.66867 5.65578 5.02374 10.9129 11.4285 13.0384 20.4018 12.3306 14.5668 10.3619 9.18693 8.54528 7.95458
threshold=0.31670942536295615 0.055345775119059894 0.033080230299392263 0.078225984085527014 0.058937255952673753 0.00061596892562089888 0.00078722683149074076 0.088986934328551967 -0.70495853069733239 0.00072453137330621639 0.0062595741034417963 18.60166071368857 0.0071759150266727254 -0.0049464114388317647 0.079754701166319372 0.0023843875816408062 -0.83586870943258829 -0.6522647964366336 0.48082753700731229 0.047513828514543353 1.0177433727153053 0.0046052596880162408 -0.00067491378270529876 -0.12999999999999998 -0.067175874511702247 -0.30783588440267007 1.0000000180025095e-35 -0.038951343935512348 -0.56961945686261062 1.717501774396432
decision_type=2 2 2 2 2 2 2 2 2 2 2 2 2 2 2 2 2 2 2 2 2 2 2 2 2 2 2 2 2 2
left_child=19 2 4 7 -2 6 -4 8 16 12 -11 13 -9 -5 -7 -6 -3 -10 -15 29 21 24 23 -23 25 -21 -26 -24 -22 -1
right_child=1 3 5 11 15 14 -8 9 17 10 -12 -13 -14 18 -16 -17 -18 -19 -20 20 28 22 27 -25 26 -27 -28 -29 -30 -31
leaf_value=8.6171185298609707e-05 0.031906027628622179 -0.0047275579628415377 0.022868110457726229 8.9160597194254802e-05 0.016769043857856693 -0.0018701604623387669 -0.01286499503764511 -0.0068186429515462478 0.0045010887308846934 0.024615076769819805 -0.0043427480661994197 -0.0079853085591770241 0.018707936916970987 0.0094933058436046762 -0.032093165917320907 -0.0075381252832974598 0.021849044463741057 -0.011102603104235992 0.032745168324598728 -0.0048071377357178412 0.013925709745479171 -0.0060351321527819125 -0.0091813494195170584 1.6840373910994511e-05 -0.011744268120903156 0.01101460060513974 0.00043372658761449266 0.00084144564479194067 -0.0039375150879561683 0.0043259043873839715
leaf_weight=35340.900161545724 32.765578001737595 15.039676189422606 19.245254740118984 16.301660880446434 35.569115623831749 14.289571627974512 12.298494398593901 60.940211609005928 24.268115036189556 32.743800535798073 20.17328853905201 14.609897091984747 12.362289413809775 15.249283730983732 12.544488251209257 14.240454167127607 17.952212810516357 153.44498233497143 24.608220905065536 71.040992394089699 24.681459099054337 1068.5965847447515 86.594355225563049 944.35825330018997 63.696890637278557 199.2884970754385 4917.1381677687168 1662.2856069207191 1026.1927162781358 402.81433944404125
leaf_count=143999 132 62 78 66 144 59 50 249 100 133 82 59 50 62 51 58 73 624 100 291 102 4449 358 3886 262 828 20144 6786 4274 1648
internal_value=-3.68315e-07 0.00270359 0.00984087 0.000235997 0.0185835 -0.00252551 0.00893624 -0.00219379 -0.00604289 0.00423173 0.0135756 0.011804 -0.00251365 0.0169522 -0.0159989 0.00981967 0.00973384 -0.0089718 0.0238491 -3.27541e-05 -0.000624838 -0.000287512 -0.00154966 -0.00319591 0.000616663 0.00685674 0.00027799 0.000345175 -0.00351797 0.000133951
internal_weight=46356.2 548.647 140.953 407.694 82.5751 58.3778 31.5437 336.925 210.705 126.22 52.9171 70.7691 73.3025 56.1592 26.8341 49.8096 32.9919 177.713 39.8575 45807.6 10063.9 9013 3761.83 2012.95 5251.16 270.329 4980.84 1748.88 1050.87 35743.7
internal_count=189259 2232 572 1660 334 238 128 1373 859 514 215 287 299 228 110 202 135 724 162 187027 41380 37004 15479 8335 21525 1119 20406 7144 4376 145647
is_linear=0
shrinkage=0.03


Tree=239
num_leaves=31
num_cat=0
split_feature=35 35 17 30 3 40 9 24 31 24 9 0 24 24 14 3 45 29 38 3 30 44 10 19 14 6 18 7 31 19
split_gain=4.47075 19.7916 20.7967 22.55 21.4542 18.1012 20.3617 16.3922 20.0536 15.3115 26.8637 17.6738 17.602 24.3836 36.2949 18.581 16.4276 15.6085 15.4586 15.2879 15.0882 14.7338 14.1104 12.186 11.9976 11.7349 11.3759 11.3973 10.5864 10.1832
threshold=0.0027521982244895541 0.0015012687200363424 0.014942725052652874 0.0024229218135044714 17.909999759679831 0.0067695506112495857 -0.01953330536566417 0.65408646504637191 -0.015707101722230974 -0.20542724426159462 -0.030493243762176544 0.011026983234775441 -0.06361988348901941 -0.056399574670161892 0.61510000228881845 16.921708135508613 -0.009129663420411575 0.033071693038972567 1.719581677305053 19.373151339237854 -0.0019370471891678469 0.0076389206977169411 -0.011910912638916502 1.451712913334956 0.23989999771118167 0.11739397708375678 -1.9484942156612226 0.0090348019407240077 0.016211838732625661 0.48234580100212493
decision_type=2 2 2 2 2 2 2 2 2 2 2 2 2 2 2 2 2 2 2 2 2 2 2 2 2 2 2 2 2 2
left_child=1 -1 5 4 29 7 -7 20 -9 10 -2 26 15 14 21 22 17 -15 -18 24 -3 -14 28 -24 -13 -6 -12 -28 -11 -4
right_child=9 2 3 -5 25 6 -8 8 -10 12 11 19 13 16 -16 -17 18 -19 -20 -21 -22 -23 23 -25 -26 -27 27 -29 -30 -31
leaf_value=0.0001227722366107026 0.029569870323100076 0.0021008011711350916 0.027374948852938941 -0.017696597686335216 -0.0018241806677466489 -0.039964881588598677 -0.0076874941573844696 -0.0013154387345072375 0.026408314562042217 -0.0078203743732415329 0.027637151232934937 -0.010948954056870958 -0.002457220724302136 -0.0026874320348730177 0.053301499799276432 0.0013865174575027868 0.0010179648190300537 -0.019710774596276157 -0.0088136136555004435 -0.018523459710698721 -0.0030350366244486101 0.023253282307822785 -0.0025569675766429277 -0.023622150825339503 0.0011324138471019742 -0.031443038603427904 0.019218956525403254 0.0035229340525592418 -0.021717347017591971 0.0083768194958389261
leaf_weight=29625.548225559294 33.130326047539711 600.89494168758392 27.902388840913773 37.638159886002541 58.057620972394943 18.829406574368477 267.17550195753574 56.567687034606934 40.147227764129639 192.66490650177002 18.571376234292984 84.02689853310585 55.568943589925766 684.52918592095375 18.304932847619057 582.42159935832024 6939.0350659117103 52.16894893348217 146.98415443301201 44.0909134298563 3594.0547491312027 31.392937332391739 732.43155524134636 25.57890197634697 618.62251356244087 15.188318163156508 42.948655411601067 1361.9967398047447 66.315456300973892 282.28052134811878
leaf_count=120911 143 2447 113 155 238 86 1090 229 191 789 75 342 225 2919 74 2371 28296 220 603 182 14659 127 2987 107 2504 63 173 5522 272 1146
internal_value=-3.62988e-07 -0.000171852 -0.00191797 0.00446223 0.00663739 -0.00250484 -0.00981251 -0.00201785 0.0101929 0.000505799 0.00275956 0.00235029 -1.54252e-05 0.000563755 0.0149062 -0.00288631 0.000370756 -0.00389293 0.00081403 -0.00138761 -0.00229937 0.00682418 -0.00533332 -0.00326781 -0.000312346 -0.00796596 0.00431109 0.00400276 -0.0113789 0.0100858
internal_weight=46355.1 34624.3 4998.74 421.067 383.429 4577.67 286.005 4291.66 96.7149 11730.8 2203.39 2170.26 9527.4 7927.98 105.267 1599.41 7822.72 736.698 7086.02 746.74 4194.95 86.9619 1016.99 758.01 702.649 73.2459 1423.52 1404.95 258.98 310.183
internal_count=189259 141328 20417 1715 1560 18702 1176 17526 420 47931 8941 8798 38990 32464 426 6526 32038 3139 28899 3028 17106 352 4155 3094 2846 301 5770 5695 1061 1259
is_linear=0
shrinkage=0.03


Tree=240
num_leaves=31
num_cat=0
split_feature=8 5 17 14 35 19 35 9 28 13 9 28 8 37 7 38 13 6 0 26 44 45 16 1 25 20 17 14 30 24
split_gain=4.48342 9.15591 8.23375 14.7953 12.3767 12.1059 11.757 11.2497 12.9709 10.6913 10.5322 10.1376 10.1096 9.32769 8.66468 8.6489 8.2943 7.77757 17.4514 11.4356 12.9897 13.7228 11.0864 13.3136 11.5001 8.74656 9.88022 9.64469 10.6128 8.72391
threshold=0.37861418174568545 0.01127604370513602 -0.006690747954216752 0.35540000915527353 0.000679663966706377 0.80861874037491654 0.0013055598480894526 0.0097864851276795711 -0.058206307844693932 0.0015178481673002026 0.03091427883141119 0.23389080538605003 0.40096575844821764 0.023952156006458943 0.028002744868539774 0.72308552713133534 0.0020630263033575339 0.082759702763633439 -0.012163529842463319 -0.0088495942709400817 0.0014583883030460183 0.00016576340297010423 0.0058395613912662165 0.045364415533003584 -0.72677146166635442 -0.33249999999999991 -0.0089877092445188114 0.23989999771118167 3.3777321479174416e-05 0.012685266374985843
decision_type=2 2 2 2 2 2 2 2 2 2 2 2 2 2 2 2 2 2 2 2 2 2 2 2 2 2 2 2 2 2
left_child=17 -2 3 6 9 10 13 8 -7 -5 14 -6 -8 -3 -4 -9 -12 -1 19 22 -21 -22 24 -24 -19 26 -20 -27 -29 -28
right_child=1 2 5 4 11 7 12 15 -10 -11 16 -13 -14 -15 -16 -17 -18 18 25 20 21 -23 23 -25 -26 27 29 28 -30 -31
leaf_value=3.4419525986022658e-05 0.0080262889487871178 -0.0029301395763567787 0.00086390717356303007 0.0022264609694897988 0.003252349593511351 0.0042367556929853098 0.018062597859230506 -0.0037893728755790355 -0.0012107255603828514 -0.014130860335938531 0.02622218237005482 -0.0097876645612131902 -0.0081832297162008176 0.010684206743327391 0.0050406055423665354 0.0067606375219160693 0.0061549677119152584 0.02440454973579486 -0.023567904345925532 -0.0038144315538694669 0.0099224664885670076 -0.00077664271789053274 0.012041477943027885 -0.0076130062391286729 0.0071143853275038626 0.016269350910645453 -0.010979242384876405 -0.004631532449520151 -0.00081930000905024994 0.00086578592455225506
leaf_weight=36519.150421801955 153.60139909386635 63.977929770946503 1223.4943648055196 45.157245457172394 164.23659412562847 714.93816470354795 15.079569131135939 849.486153408885 874.66791024059057 176.62006369233131 29.260774165391922 79.691345036029816 106.45742926001549 155.07521431148052 704.37635837495327 76.209626331925392 50.582548409700394 44.949866205453873 31.331525340676308 420.01636773347855 180.47410619258881 268.27086882293224 49.929494798183441 81.893917858600616 150.67554923892021 25.756078392267227 122.99034303426743 1018.1860307604074 1853.8745083846152 102.6795269548893
leaf_count=149221 625 261 4945 184 670 2904 61 3451 3555 722 118 327 433 631 2858 310 205 183 128 1724 738 1100 203 336 614 105 503 4154 7572 418
internal_value=-3.62935e-07 0.000805172 0.000597045 -0.00219583 -0.00567116 0.00109492 0.00255616 -0.000291718 0.00123932 -0.0108003 0.00283212 -0.00100783 -0.00492681 0.00670792 0.00238993 -0.00292082 0.0135091 -0.000108429 -0.00130739 0.0017781 -2.27059e-05 0.00352627 0.00655587 -0.000168665 0.0110872 -0.00247731 -0.00778152 -0.00200689 -0.00217079 -0.00558977
internal_weight=46353.1 5482.91 5329.31 806.295 465.705 4523.02 340.59 2515.3 1589.61 221.777 2007.71 243.928 121.537 219.053 1927.87 925.696 79.8433 40870.2 4351.03 1196.21 868.761 448.745 327.449 131.823 195.625 3154.82 257.001 2897.82 2872.06 225.67
internal_count=189259 22260 21635 3289 1903 18346 1386 10220 6459 906 8126 997 494 892 7803 3761 323 166999 17778 4898 3562 1838 1336 539 797 12880 1049 11831 11726 921
is_linear=0
shrinkage=0.03


Tree=241
num_leaves=31
num_cat=0
split_feature=22 22 13 16 41 39 15 14 24 24 8 9 9 42 26 23 16 16 30 13 24 44 4 44 8 41 0 12 44 35
split_gain=4.46255 16.9798 17.032 15.4168 18.4951 17.4677 14.6959 12.6294 11.819 24.0273 22.6623 21.7915 21.7297 18.135 18.3777 15.3565 15.2204 21.638 24.7073 14.9071 13.7829 13.7348 12.3395 12.0722 13.5774 12.0357 11.4716 11.4163 11.1778 10.8244
threshold=1.8500000000000003 1.6833333333333336 0.055227341190697145 0.029126042875974052 -0.026787204648185799 -0.0048902877450805616 -0.00149998664855957 0.21930000305175781 0.084618592368945478 -0.0030061286161820583 -0.20628833436153562 -0.023318649818098849 -0.024051442529193275 0.056337976639014346 -0.0045703621269750708 -0.015190257469593569 -0.015051051149191303 0.0084821501504641437 -0.012904684853244497 0.00076386829143257307 0.21822681272899927 0.0053027302177196664 0.28303700703263429 -0.046266857353679129 -0.60246100393269431 0.0079540752745610854 0.006524152310305789 0.025176461593112234 0.00081179174688732431 -0.012904684853244497
decision_type=2 2 2 2 2 2 2 2 2 2 2 2 2 2 2 2 2 2 2 2 2 2 2 2 2 2 2 2 2 2
left_child=1 7 3 4 5 -3 -6 -1 9 11 -11 12 25 14 -12 16 20 18 -18 -17 22 -19 -10 -21 -25 -2 -5 29 -22 -13
right_child=8 2 -4 26 6 -7 -8 -9 15 10 13 27 -14 -15 -16 19 17 21 -20 23 28 -23 -24 24 -26 -27 -28 -29 -30 -31
leaf_value=-0.012188569193187695 -0.017607586610197706 0.017927536706841857 -0.035226208063787498 -0.022030234860857777 -0.00081828691578876014 -0.0025689645142263416 -0.0090911267362999183 -5.7264371229840013e-05 -6.2565978995284506e-05 -0.015408393162733567 0.0017745422730866126 -0.0075741684185566755 -0.04737140449492435 0.0087626090327248395 -0.0087166639194387122 0.011600843295456926 0.047178507503381956 0.0042827650977563126 0.0082427854073647659 0.010075960149154552 -0.011721476464279195 -0.0067919586139144842 0.020017995254577495 -0.013944601711278917 0.00038841755257785148 0.0077848595293661749 0.0028169612608678622 -0.024765318576072216 0.0022389548752029574 0.00046343314014756621
leaf_weight=77.455709740519524 43.941947013139725 71.938763234764338 15.468007884919642 64.526394587010145 470.27074526250362 77.990300387144089 328.07519832625985 27029.884575150907 87.36703833937645 156.06525534391403 242.42754802107811 153.46632024645805 15.241567283868788 104.34303493797779 395.32017128169537 109.14961294829845 15.005921855568884 306.61805094778538 651.34519255161285 114.68945544958115 129.87953205406666 150.13476559519768 40.220873832702637 60.021016284823418 6619.3879213035107 27.198222011327744 22.572996601462364 16.353396266698837 85.662540882825851 8670.3777847066522
leaf_count=321 179 303 132 347 1918 330 1371 110132 354 647 986 656 66 427 1614 445 65 1244 2634 470 529 610 163 246 27105 110 94 66 348 35347
internal_value=-3.6129e-07 -0.000236976 -0.0039786 -0.00351178 -0.00240232 0.00726564 -0.00421796 -9.1928e-05 0.000365834 -0.000339887 -0.00501703 0.000130708 -0.0148642 -0.00283167 -0.00472863 0.00119426 0.00398259 0.00567207 0.0091196 0.000602028 -0.00154726 0.000642501 0.00626764 0.000425328 0.000259621 -0.00789958 -0.0155907 0.00027723 -0.0061732 0.000323641
internal_weight=46352.4 28158.2 1050.84 1035.37 948.275 149.929 798.346 27107.3 18194.2 9824.74 898.156 8926.58 86.3817 742.091 637.748 8369.48 1466.23 1123.1 666.351 6903.25 343.13 456.753 127.588 6794.1 6679.41 71.1402 87.0994 8840.2 215.542 8823.84
internal_count=189259 114948 4495 4363 3922 633 3289 110453 74311 40098 3674 36424 355 3027 2600 34213 5947 4553 2699 28266 1394 1854 517 27821 27351 289 441 36069 877 36003
is_linear=0
shrinkage=0.03


Tree=242
num_leaves=31
num_cat=0
split_feature=43 34 37 8 30 45 33 14 5 18 38 2 27 38 10 22 19 8 22 39 13 45 7 11 22 11 35 31 16 40
split_gain=4.43448 10.1721 11.3709 12.109 11.1969 11.8652 8.77957 8.18824 10.198 10.2309 8.6816 11.6127 10.1975 7.42302 10.1061 18.5493 17.7402 10.9637 11.3709 9.52385 11.625 19.465 17.3935 11.304 12.2604 13.1204 11.3945 11.1313 14.3974 10.5877
threshold=0.54709639342826588 0.039739237026981789 0.011848307521281425 0.35326739965400472 0.014582119812056595 0.0019777789103873522 0.15745499522237696 0.1978999996185303 0.051023556661734533 0.22375203491388621 -0.018247947871461886 -0.060474482609434048 0.10455300079503439 -0.13481159131935347 -0.025005103452469337 1.0000000180025095e-35 1.0507575545079177 0.51871108800206422 0.45000000000000007 -0.031073806466458808 0.00057806727258557882 5.3292204253589632e-05 0.016058230480841935 -0.030211756115370549 1.5833333333333337 0.21913960289364323 0.0043593383191820661 0.0015213828926299655 0.020333210873809068 -0.007152800053472819
decision_type=2 2 2 2 2 2 2 2 2 2 2 2 2 2 2 2 2 2 2 2 2 2 2 2 2 2 2 2 2 2
left_child=13 2 3 4 5 -2 -5 8 9 -4 11 -9 -12 19 15 16 -15 18 -17 23 21 -21 -23 27 26 -26 -25 29 -29 -1
right_child=1 -3 7 6 -6 -7 -8 10 -10 -11 12 -13 -14 14 -16 17 -18 -19 -20 20 -22 22 -24 24 25 -27 -28 28 -30 -31
leaf_value=0.028136688844262559 0.005502173113323891 0.004166654636356514 0.014309041494615475 0.041019273008828475 0.03011486901147899 -0.0081752877897376657 0.0095751919918364639 0.014551116336935134 -0.017836579398432768 -0.0088299264267531329 -0.00263667785370994 -0.00071104101132143612 -0.017868838900889843 0.0021880571832389294 0.00063230560850574297 -0.0060259611081734362 0.039631101530977313 0.012894336646573882 -0.00093809528791037979 0.027234252712187809 -0.00031988719445404052 -0.025186152711690845 0.0061783845281906157 -0.013712326653311928 -0.010881575812176589 0.0086958070528715351 0.002756991967830919 -0.0024051782285224063 -0.028183652657532525 0.0026332888278076181
leaf_weight=15.777344860136507 179.78811028599739 358.982695274055 84.261311739683151 12.844802796840666 12.594041332602499 83.638089835643768 21.15160559117794 45.514064908027649 13.795021891593931 21.607678592205048 2292.6199964806437 3164.6967321038246 40.250369846820831 28.809513613581657 22278.753471177071 533.73876263201237 18.832848325371742 43.897626087069511 1524.6000484973192 35.309218883514404 14606.373693108559 17.978912845253944 138.48326303064823 219.92883029580116 53.143019143491983 73.310437932610512 45.657313615083694 156.98775187134743 22.264429122209549 205.10453037917614
leaf_count=65 738 1470 340 52 51 339 86 188 56 87 9370 12955 168 118 90742 2213 77 179 6316 144 59651 76 571 906 227 302 187 648 93 844
internal_value=-3.69168e-07 -0.000738079 -0.00103287 0.00456151 0.00248072 0.00115957 0.0214557 -0.00133914 0.00642506 0.00958642 -0.00150676 -0.000494656 -0.00289949 0.00011635 0.000442755 -0.00152152 0.0169892 -0.00194102 -0.00225741 -0.000395097 -0.000223541 0.00711474 0.00257432 -0.00359984 -0.0072203 0.000468264 -0.0108811 -5.26192e-05 -0.00560705 0.00445497
internal_weight=46350.7 6331.74 5972.76 310.017 276.02 263.426 33.9964 5662.75 119.664 105.869 5543.08 3210.21 2332.87 40019 24428.6 2149.88 47.6424 2102.24 2058.34 15590.3 14798.1 191.771 156.462 792.174 392.04 126.453 265.586 400.134 179.252 220.882
internal_count=189259 25900 24430 1266 1128 1077 138 23164 483 427 22681 13143 9538 163359 99645 8903 195 8708 8529 63714 60442 791 647 3272 1622 529 1093 1650 741 909
is_linear=0
shrinkage=0.03


Tree=243
num_leaves=31
num_cat=0
split_feature=8 20 26 19 1 0 31 32 19 9 23 20 15 29 2 17 29 2 11 14 23 20 23 34 35 39 20 41 23 43
split_gain=4.38836 12.2552 14.5182 13.0189 19.955 12.3673 11.3846 11.2218 11.0543 15.1303 14.4745 15.9186 13.7594 13.3901 11.622 10.6819 9.73282 9.48695 19.6637 16.973 15.5834 21.1733 23.0541 17.3325 15.0103 16.3872 12.8487 11.2998 14.5938 14.0225
threshold=0.028246442555306502 0.41000000000000009 1.0000000180025095e-35 0.5318513864966169 0.038743440107780226 -0.056622625289260702 0.063605412094555544 0.059541369836680534 1.0111271248060885 -0.0028668417413501512 -0.038662295161963921 -0.17499999999999996 -0.094000005722045879 0.013842624572939428 -0.0010715414846912731 -0.0076813456080284748 -0.015437801398939893 0.0071596263327731316 0.3032005447735785 0.87180000305175798 -0.0099277004451810962 0.38000000000000006 -0.014852676517478845 0.0092960676547570228 0.010345142085719622 0.007407793655560011 -0.33749999999999991 -0.012890583425299655 -0.11437166639007595 0.19923783517279683
decision_type=2 2 2 2 2 2 2 2 2 2 2 2 2 2 2 2 2 2 2 2 2 2 2 2 2 2 2 2 2 2
left_child=17 5 7 4 -4 16 15 -3 10 13 11 -7 -12 -10 -11 -5 -2 27 20 -20 21 23 -23 -19 25 -22 -26 28 -1 -30
right_child=1 2 3 6 -6 8 -8 -9 9 14 12 -13 -14 -15 -16 -17 -18 18 19 -21 24 22 -24 -25 26 -27 -28 -29 29 -31
leaf_value=0.021139964037140004 0.017195014316206625 0.0063103073934448186 0.022315917158089497 0.0060465978492656785 -0.0042544206569761888 -0.0035022271150410831 -0.015994386524002792 -0.0038189543945400511 0.0029228761339973063 -0.0035787383627009506 0.003287431223619379 0.00126759455687765 0.00048372154137733353 -0.002511230110998291 -0.0007448598196959956 -0.00098134149014285159 0.0033015287383447531 0.0053498450872955577 -0.0019802207024069481 0.01604390052396281 -0.0016999984489043762 0.018651522048817776 -0.016350550501888061 -0.0061761924706654784 -0.0094598811508921701 0.0052584026725931233 0.010513768019584995 -0.00113866148919692 -0.0005796529873942388 0.0028073745013181034
leaf_weight=30.690520077943802 60.794272884726524 856.14276820421219 58.416885212063789 233.1874844878912 45.062379896640778 1510.164655610919 40.282049804925919 111.22307842969894 1407.3512088954449 1947.820665165782 1918.8374735489488 1080.0927570983768 8800.1595377326012 574.77888949215412 3930.9496843367815 1177.4729114025831 178.97067539393902 699.49130703508854 1856.842803068459 48.242910459637642 1360.0261233150959 156.65690259635448 18.988488644361496 141.1074880734086 33.581408649682999 392.50753808021545 211.81709183752537 12096.322797358036 3828.1125009059906 1543.7138484492898
leaf_count=125 248 3445 235 942 183 6148 165 451 5703 7940 7771 4408 35763 2352 16056 4757 740 2838 7594 195 5516 631 77 577 136 1589 862 49664 15787 6361
internal_value=-3.69235e-07 0.000282158 0.00226025 0.000464554 0.0107453 4.91666e-05 -0.000268652 0.00514569 -2.75663e-05 -0.000919568 0.000499281 -0.00151329 0.000985621 0.00134709 -0.00168381 0.000180403 0.00682433 -0.000301972 0.000861992 -0.00152379 0.00236991 0.00539445 0.0148676 0.00341502 0.00083148 -0.000141555 0.00778049 -0.000629185 0.00051154 0.000393685
internal_weight=46349.8 23931.7 2521.79 1554.42 103.479 21409.9 1450.94 967.366 21170.2 7860.9 13309.3 2590.26 10719 1982.13 5878.77 1410.66 239.765 22418.1 4919.26 1905.09 3014.18 1016.24 175.645 840.599 1997.93 1752.53 245.399 17498.8 5402.52 5371.83
internal_count=189259 97307 10178 6282 418 87129 5864 3896 86141 32051 54090 10556 43534 8055 23996 5699 988 91952 20015 7789 12226 4123 708 3415 8103 7105 998 71937 22273 22148
is_linear=0
shrinkage=0.03


Tree=244
num_leaves=31
num_cat=0
split_feature=4 41 3 6 23 28 9 20 34 23 34 7 23 30 33 17 16 27 14 9 1 3 25 14 15 31 28 3 17 31
split_gain=4.41003 8.77311 10.9619 10.8778 19.2285 11.3344 11.0066 11.0659 10.8413 10.6519 9.50152 9.12702 13.9504 11.7369 9.12056 15.2432 10.9101 14.6588 9.36464 8.86678 8.34839 7.82046 7.69932 9.8019 7.68056 7.46256 7.26792 11.028 19.3405 10.1492
threshold=0.32350331944917438 -0.0069687395916813773 13.4038445112666 -0.065122863458720801 0.063602054617170389 -1.3012951407343081 -0.0050527220763579078 0.47500000000000003 -0.019488943680825856 -0.074948297211989492 -0.0051890860557232991 0.016452155423276733 0.035904714945283252 0.0030454437695360665 0.52380754428847454 -0.023534879433921612 0.0061219457871609208 0.057057965602645346 0.20949999809265138 0.013460161710265183 0.075184893733639277 13.79439569834557 -0.52412558832375411 0.60010000228881843 -0.071499967575073223 0.036533708324284382 -0.72510820016854705 8.7191539100468187 0.0022225120104788221 -0.0035676167419591656
decision_type=2 2 2 2 2 2 2 2 2 2 2 2 2 2 2 2 2 2 2 2 2 2 2 2 2 2 2 2 2 2
left_child=26 3 11 4 6 19 7 -2 -8 25 -11 12 13 -3 16 -16 18 -18 -4 24 -6 -17 -13 -24 -5 -7 27 28 29 -1
right_child=1 2 14 5 20 9 8 -9 -10 10 -12 22 -14 -15 15 21 17 -19 -20 -21 -22 -23 23 -25 -26 -27 -28 -29 -30 -31
leaf_value=0.01073361703029351 -0.0067986602956853562 0.0057093109038435152 0.0045634462766139354 -0.01210380800329265 0.0021495602530524731 0.013322976171159316 0.0085862676440380398 -0.025706737477172621 -0.0036861762526176883 -0.0014662857529619206 0.0021408908037011147 -0.0018398340645951546 -0.018329595993299638 -0.0082867830653192698 -0.031908551213438184 0.019037808747035707 0.0011360920931339879 -0.0083668838573863098 -0.002603189689715144 0.027009922787339567 0.020537429443540676 0.0021636747399340394 -0.012819103442335568 0.01019220597263364 0.009618145536146476 -0.010235303444346198 0.00026154647609805706 -0.0010823918024653702 -0.031330463144993298 -0.011127099875935877
leaf_weight=29.818147078156471 236.77409289032221 181.04971265792847 172.70633186399937 17.121046096086502 49.145199254155159 94.080082908272743 81.654561027884483 31.571397677063942 313.53587318956852 1101.8619297295809 1628.5551065951586 120.9728982001543 36.273038759827614 76.797564134001732 11.61817257106304 25.536181107163429 2041.1102499514818 157.35323546081781 3292.1772530078888 22.537512466311455 40.563567489385605 772.4972138851881 224.0850006788969 17.997889667749405 101.50478824973106 13.888049408793448 33658.97968332842 1712.7971809357405 30.151248790323734 53.243072375655174
leaf_count=159 996 740 702 70 202 383 337 130 1294 4502 6649 503 149 312 48 104 8333 660 13452 91 167 3156 925 74 414 57 137044 6964 326 316
internal_value=-3.66483e-07 -0.000529268 -0.00114613 0.000649035 -0.0025719 0.0014633 -0.00433433 -0.00902323 -0.00115043 0.00105067 0.000685212 -0.00483783 -0.000909851 0.0015407 -0.000771331 0.00220696 -0.00119712 0.000455924 -0.00224597 0.00976028 0.010464 0.00270363 -0.00801998 -0.0111083 0.00648306 0.0102927 0.000161545 -0.00168178 -0.01075 -0.00327932
internal_weight=46348 10863 7130.17 3732.79 753.245 2979.55 663.536 268.345 395.19 2838.39 2730.42 657.176 294.12 257.847 6473 809.652 5663.35 2198.46 3464.88 141.163 89.7088 798.033 363.056 242.083 118.626 107.968 35485 1826.01 113.212 83.0612
internal_count=189259 44450 29158 15292 3126 12166 2757 1126 1631 11591 11151 2703 1201 1052 26455 3308 23147 8993 14154 575 369 3260 1502 999 484 440 144809 7765 801 475
is_linear=0
shrinkage=0.03


Tree=245
num_leaves=31
num_cat=0
split_feature=32 5 3 36 5 24 18 18 3 3 2 9 12 44 42 40 44 32 13 7 9 23 17 1 44 42 0 2 42 28
split_gain=4.35301 8.17548 13.1901 9.44302 9.23761 8.59667 9.69432 8.30015 13.3228 9.68301 7.91275 9.34341 7.75431 7.55917 7.50692 7.21892 8.3813 6.43045 17.4905 10.459 11.5461 13.2037 10.605 7.76514 10.19 9.72617 6.81333 23.7707 17.9367 17.8585
threshold=0.0084117094127229893 -0.014702480994516319 14.669431508589017 -0.0079911000837748162 -0.070281864518649748 0.48216574278442553 -2.1944413486604746 -0.035272005245615377 17.239031569362229 15.697463274160141 -0.029306407055744218 -0.0113081805669358 0.00027247306179945473 0.0063146162555960074 0.037037001801421623 0.00061596892562089888 -0.010164455100305968 0.015321462990767367 0.00054856643930122106 0.014852896887847852 -0.0039828757604985819 0.017603120589840187 -0.00016212907083971287 0.026086934572805313 0.03681169085380586 0.01995683552624514 -0.0043636460621118223 -0.0069767684276316284 0.014654534729660924 0.44209460274695461
decision_type=2 2 2 2 2 2 2 2 2 2 2 2 2 2 2 2 2 2 2 2 2 2 2 2 2 2 2 2 2 2
left_child=1 2 15 7 -4 10 -7 8 14 -9 -5 -12 13 -6 -3 16 -1 18 -2 20 22 -22 -20 25 -25 -21 29 28 -28 -19
right_child=17 3 4 5 12 6 -8 9 -10 -11 11 -13 -14 -15 -16 -17 -18 26 19 23 21 -23 -24 24 -26 -27 27 -29 -30 -31
leaf_value=-0.0024524017150430941 -0.025888371263204965 -0.029550285686026134 0.016418459754710256 -0.016105988173104019 0.017231572468034303 0.030590741408834807 -0.0072956944940346215 0.013587596953774895 0.012267960795697771 -0.011281432375701178 0.018604699534427956 0.0057436576733750069 -0.0071210766698499173 -0.010262283218574406 -0.0028025831437576052 -0.0039276872560136053 -0.030891603630695444 0.00095479304468670454 0.0020938738816334537 -0.00073666800548040693 0.0039037015706345334 -0.0034964771290815493 -0.0064800668564881231 -0.00080556152691762075 0.02291184697447719 -0.0063487638784530199 -0.015162253686661619 1.0123239695339294e-05 -0.0027902374763901488 -0.0017162506658888893
leaf_weight=14.206269353628157 25.703429147601128 28.687911778688431 33.823103815317154 13.4228098988533 29.641203790903091 6.6439446210861197 71.414121180772781 35.661762654781342 14.812039896845816 23.29528434574604 57.521603226661682 437.59477291256189 75.700227901339531 12.924305155873297 14.077469013631342 46.881182476878166 27.15195506811142 14183.839905336499 216.86604437232018 459.56126347929239 953.20072511583567 280.95826458185911 323.52659650146961 810.9498308300972 16.638024792075157 703.21009747311473 112.43012854456902 22936.063812319189 1702.05606970191 2678.1866509616375
leaf_count=60 111 121 139 55 121 27 319 156 62 95 233 1835 309 53 61 213 114 57911 882 1871 3876 1142 1314 3316 68 2879 457 93497 6947 11015
internal_value=-3.7117e-07 0.00201655 -0.0027602 0.00364922 0.00259314 0.00519881 -0.00407097 -0.00415089 -0.0122526 0.00376127 0.00662167 0.00723783 -0.0013608 0.00888352 -0.0207455 -0.0119872 -0.0211229 -4.22819e-05 -0.0012252 -0.00105683 0.000617769 0.00221904 -0.00303924 -0.00254985 -0.000328741 -0.0041307 6.54741e-05 -0.000251374 -0.00355684 0.000530553
internal_weight=46346.7 943.46 240.328 703.132 152.089 586.597 78.0581 116.534 57.5774 58.957 508.539 495.116 118.266 42.5655 42.7654 88.2394 41.3582 45403.2 3790.61 3764.91 1774.55 1234.16 540.393 1990.36 827.588 1162.77 41612.6 24750.6 1814.49 16862
internal_count=189259 3973 1009 2964 622 2469 346 495 244 251 2123 2068 483 174 182 387 174 185286 15459 15348 7214 5018 2196 8134 3384 4750 169827 100901 7404 68926
is_linear=0
shrinkage=0.03


Tree=246
num_leaves=31
num_cat=0
split_feature=31 18 30 35 39 41 13 6 6 15 9 30 3 31 38 14 25 12 3 25 45 16 43 17 3 38 17 25 1 38
split_gain=4.3472 10.4698 11.3114 13.189 10.1985 14.6441 11.9143 10.6066 13.3089 15.1446 11.8086 10.4372 17.2778 11.6262 10.2573 9.9591 10.519 9.8647 13.9919 15.6128 15.8236 11.6773 9.52663 8.90243 19.6378 14.4966 14.2544 15.9343 12.0945 10.4302
threshold=-0.0013499564272522839 -3.6189543917347771 -0.0012536415525373791 0.00023643999860201978 -0.014249791924009806 -0.031602367960939501 0.0004173553521332947 -0.18287601466165701 -0.029502506948026693 0.33400001525878914 -0.074361296511386274 0.0031767188519416837 13.852055579074138 0.020146904394120754 -0.058221226469784775 0.60989999771118175 -0.38422412919339805 0.032392279229588886 16.942234426546126 -0.70495853069733239 0.0034411507476302815 -0.012992054839170224 -0.13041598012634378 -0.0044743117111935658 16.092088015251576 -0.3646450719788969 -0.0038012188406088263 0.072794206330417929 0.019999982215262752 0.60961615072462216
decision_type=2 2 2 2 2 2 2 2 2 2 2 2 2 2 2 2 2 2 2 2 2 2 2 2 2 2 2 2 2 2
left_child=1 2 -1 -4 5 11 14 22 9 -9 -10 15 -13 -14 -6 -2 -17 23 21 -20 -21 -19 -8 24 28 -26 27 -25 -3 -28
right_child=4 17 3 -5 6 -7 7 8 10 -11 -12 12 13 -15 -16 16 -18 18 19 20 -22 -23 -24 26 25 -27 29 -29 -30 -31
leaf_value=0.017081250762927953 -0.00036509520770983367 0.00086704214758082814 0.0023510720597413382 -0.0059684201044506004 0.023531885046941411 -0.0019822095704453671 0.022799838915594631 -0.0012180514793736091 0.025272270001322587 -0.010255587894745583 0.00031117098396363609 -0.018216593395857669 0.024824055676648523 0.0047895456726318904 0.0016882590328706982 0.032010077229021321 4.4648887641107986e-05 -0.0073550057053891373 -0.032187233671313549 -0.015150098118045111 0.014770976161893008 0.01730909419966532 0.0019843184363703714 0.0059583218576174431 -0.0033373800558336112 0.0022821095401216367 0.00084634553391010252 -0.026236920541901961 -0.0041157581623249223 -0.0015816382030610322
leaf_weight=24.664678424596786 402.78366848453879 597.7121581658721 242.39760595560074 586.34182729572058 35.890161037445068 4724.5503265559673 34.424071177840233 3674.303494349122 17.075772881507874 174.81848803162575 15837.100074708462 15.852328296750782 55.373442456126213 49.259472712874413 41.976096794009209 18.367460384964943 18.696173459291458 20.685162007808685 13.518791005015371 25.999042585492134 40.980769172310829 104.83909606933594 46.542738385498524 599.41586655378342 524.46473641693592 1946.7016341239214 12997.239597510546 14.16232907772064 1644.9710475057364 1814.6991026625037
leaf_count=100 1669 2449 989 2410 146 19393 144 15168 72 717 64449 83 225 201 172 75 76 86 55 106 172 427 194 2434 2142 7936 52993 58 6709 7409
internal_value=-3.69272e-07 0.000316083 -0.00293921 -0.00353506 -0.000267137 -0.00143836 4.45008e-05 -1.59464e-06 -4.61226e-05 -0.00162852 0.000338055 0.00314719 0.0109702 0.0153921 0.0117564 0.00100427 0.0158856 0.000452629 0.00698386 -0.00277886 0.00315674 0.0132447 0.0108343 0.000385816 -0.000755182 0.00108946 0.00073449 0.00521521 -0.00278776 0.000548879
internal_weight=46345.8 21198.8 853.404 828.739 25147 5284.88 19862.1 19784.3 19703.3 3849.12 15854.2 560.333 120.485 104.633 77.8663 439.847 37.0636 20345.4 206.023 80.4986 66.9798 125.524 80.9668 20139.4 4713.85 2471.17 15425.5 613.578 2242.68 14811.9
internal_count=189259 86475 3499 3399 102784 21722 81062 80744 80406 15885 64521 2329 509 426 318 1820 151 82976 846 333 278 513 338 82130 19236 10078 62894 2492 9158 60402
is_linear=0
shrinkage=0.03


Tree=247
num_leaves=31
num_cat=0
split_feature=37 1 13 14 17 23 13 42 15 18 39 8 1 26 32 40 39 34 13 38 39 32 8 1 0 15 13 1 10 22
split_gain=4.38542 16.5086 12.1031 12.1816 15.48 12.0769 11.6616 12.3272 10.0881 9.88492 17.48 16.5557 12.7721 9.42476 8.98888 12.757 11.1939 8.40077 8.56901 7.78928 12.2762 15.8617 12.9262 16.665 12.0217 10.2435 8.22688 20.9344 8.06647 14.747
threshold=0.022979396374120858 0.012511192996045513 0.00431094737707074 0.51170000076293953 -0.0084493316630560623 -0.046335449255945259 0.037447803232827495 0.025056891071916543 0.033000040054321299 1.4296853839423695 0.0053010302293799274 0.25858902606890544 0.026374503128307702 -0.0079999604394080572 0.019984303220927521 -0.015302216564075394 0.00064217940624838161 -0.011316708304490723 0.0044763369652382748 -0.4039516250569814 -0.021692955325335925 0.013329315431351465 -0.28103013769867313 0.076632372482039537 -0.034304963261741379 -0.0045000076293945307 0.0079403632095672583 0.02288325578455137 -0.021317397473944961 1.0000000180025095e-35
decision_type=2 2 2 2 2 2 2 2 2 2 2 2 2 2 2 2 2 2 2 2 2 2 2 2 2 2 2 2 2 2
left_child=1 2 3 4 -1 -6 9 8 -8 14 12 -12 -11 -9 16 -16 -3 -4 -19 20 21 -2 23 25 -23 -22 27 -24 29 -21
right_child=19 6 17 -5 5 -7 7 13 -10 10 11 -13 -14 -15 15 -17 -18 18 -20 28 22 24 26 -25 -26 -27 -28 -29 -30 -31
leaf_value=0.019483258093291066 0.022309826008856191 -0.0028538612730360309 -0.0023043041218153907 -0.025053648978860005 -0.031189690267630656 -0.0019571653670603859 0.029186992672459333 0.02205433523178818 0.0047869487746587383 -0.012587476833959223 0.0095596123993639693 -0.019185809907079146 -0.0028049076576639191 -0.0070810048381630131 -0.0089944878362310625 0.0001475229195305505 0.00031129312848012837 0.028832167286443198 0.0045067664828350685 0.011858649384906749 -0.0022207744338244499 0.0050248060319685317 0.0065793245854884877 0.013050935100121104 -0.0051631884728249736 -0.012040862437268677 -0.0017573529211040901 9.1581575580404105e-06 0.0006006020901487512 -0.0011676793051887018
leaf_weight=29.539218306541443 20.844208724796772 2934.6911814063787 173.88523247092962 20.49649016559124 13.355201512575148 267.15316146612167 32.921811401844025 12.559114038944243 28.410017043352127 221.10941955447197 112.75315414369106 21.46532678604126 262.97126686573029 48.894969880580902 140.24366183578968 6715.3260912299156 1529.8516489565372 13.197231367230414 1048.9510405324399 79.906278759241104 194.86080396175385 116.34658305346966 544.5388248115778 41.161342680454254 1001.7111682295799 187.67730548977852 1100.3145051896572 2199.2095912545919 23529.794906526804 3700.5495151802897
leaf_count=120 92 11917 720 83 54 1151 157 52 115 909 460 87 1081 201 570 27228 6196 53 4350 326 809 484 2242 171 4132 782 4536 8964 95936 15281
internal_value=-3.66972e-07 -0.000452536 0.00244469 -0.00265441 -0.00117365 -0.00334895 -0.000828844 0.00836939 0.0178844 -0.000923448 -0.00461714 0.00496241 -0.00727321 -0.00112674 -0.0007217 -3.94942e-05 -0.00176927 0.00380831 0.00480901 0.000187978 -0.000852378 -0.0036196 -0.000113911 -0.00508697 -0.00410301 -0.00703862 0.000434227 0.00131311 0.000393939 -0.000892346
internal_weight=46344.7 13627.8 1566.58 330.544 310.048 280.508 12061.2 122.786 61.3318 11938.4 618.299 134.218 484.081 61.4541 11320.1 6855.57 4464.54 1236.03 1062.15 32716.9 5406.66 1138.9 4267.76 423.699 1118.06 382.538 3844.06 2743.75 27310.3 3780.46
internal_count=189259 55504 6531 1408 1325 1205 48973 525 272 48448 2537 547 1990 253 45911 27798 18113 5123 4403 133755 22212 4708 17504 1762 4616 1591 15742 11206 111543 15607
is_linear=0
shrinkage=0.03


Tree=248
num_leaves=31
num_cat=0
split_feature=31 25 3 19 19 41 40 32 34 4 18 12 23 2 19 40 40 11 27 5 19 40 3 10 2 17 10 27 16 0
split_gain=4.28806 6.44977 9.22501 6.88142 5.75431 6.13167 5.34787 13.3547 13.4672 9.71027 9.37823 8.44791 7.33271 12.3727 12.251 10.0381 8.50086 13.0771 7.64325 6.22587 14.1515 14.3871 8.9705 7.28211 10.5514 6.75742 6.20963 5.05731 9.75323 7.06368
threshold=-0.1048846476832669 -0.62103815807799678 14.962130641327954 1.2203816524249478 1.1289958664299085 -0.00088634878914359337 0.057182037927536185 0.026495697367869334 0.023470622332898664 -0.38376490057922291 -0.11777885878922027 -0.0063342815293408218 0.11561066042934286 -0.027059573769757362 1.2246646841755726 0.0015517498377210397 0.0017128091205234972 -0.20139561930606706 0.041769002997897771 -0.082214144284042875 1.3580793861061748 -0.0083289946440419007 17.783179695347577 -0.035740598169230857 -0.018582624116268515 0.014720975158275629 -0.00033985017762042878 0.076633929428875744 0.0061219457871609208 -0.061393023801499129
decision_type=2 2 2 2 2 2 2 2 2 2 2 2 2 2 2 2 2 2 2 2 2 2 2 2 2 2 2 2 2 2
left_child=1 3 -3 4 5 -1 12 26 9 -9 -11 -10 19 14 15 -14 18 -18 -15 20 22 -22 -2 24 -21 -25 -8 28 -4 -29
right_child=6 2 27 -5 -6 -7 7 8 11 10 -12 -13 13 16 -16 -17 17 -19 -20 23 21 -23 -24 25 -26 -27 -28 29 -30 -31
leaf_value=0.0045383087807370241 0.0023503987617184605 -0.019550967046314781 0.0089082313098084488 -0.022249670540625047 0.013869815118342675 -0.023291209435729619 -0.010874697223265737 -0.013984826170239627 -0.031469645123451635 -0.011843460217616442 0.017331773936602346 0.00087314544814050721 0.0096937227239999139 -0.015835856162345924 -0.022763278272806272 -0.0061284829922354971 -0.005357879233544886 0.020207095410135701 0.0064774311881000812 -0.00099340516071566337 -0.023047732136492645 0.011958885628045214 -0.0042283320251432005 -9.3135098583172518e-05 -0.0079144463465084525 0.0013649054477796725 -0.040590209600689334 -0.0077509443728397652 -0.026109374448702344 0.016891692878328243
leaf_weight=12.93250335752964 765.87660064175725 17.506912939250469 17.436437591910366 30.980823934078217 12.085187971591948 15.868406251072884 12.77583619952202 18.085864216089249 17.955991163849834 12.593009963631628 46.645172536373138 12.211375057697294 67.973897233605385 16.613198891282082 21.935673221945763 76.93002749979496 22.755663499236107 86.311107784509659 82.069059371948242 1122.0037582665682 11.257754974067209 171.98157653212547 246.6061870008707 40025.415104232728 240.79503570497036 3080.9877989441156 12.542709037661551 14.487149149179457 12.144156768918036 37.743406474590302
leaf_count=54 3165 74 72 131 50 67 55 76 82 53 194 51 281 68 91 315 92 351 338 4696 48 714 1022 163278 1002 12517 55 60 51 156
internal_value=-3.64208e-07 -0.00473967 0.000213812 -0.0115853 -0.00350445 -0.0107949 1.72069e-05 -0.00599413 -0.00137718 0.00525543 0.0111296 -0.0183777 3.45478e-05 0.0042148 -0.00186929 0.00129366 0.00910082 0.0148732 0.00272098 2.57248e-07 0.00213647 0.00980817 0.000748045 -5.71829e-05 -0.00221629 1.10769e-05 -0.0255956 0.00444331 -0.00546806 0.0100566
internal_weight=46343.5 171.185 99.3181 71.8669 40.8861 28.8009 46172.3 132.81 107.491 77.324 59.2382 30.1674 46039.5 374.589 166.84 144.904 207.749 109.067 98.6823 45664.9 1195.72 183.239 1012.48 44469.2 1362.8 43106.4 25.3185 81.8111 29.5806 52.2306
internal_count=189259 715 413 302 171 121 188544 566 456 323 247 133 187978 1536 687 596 849 443 406 186442 4949 762 4187 181493 5698 175795 110 339 123 216
is_linear=0
shrinkage=0.03


Tree=249
num_leaves=31
num_cat=0
split_feature=40 13 13 41 15 10 44 29 10 3 40 24 14 3 15 41 11 24 37 44 8 35 3 0 28 6 23 32 11 36
split_gain=4.18323 26.9816 18.2622 17.8156 15.6561 14.8555 14.7599 13.7488 13.6683 12.2945 11.4102 31.3624 12.505 15.4919 27.9516 10.4423 16.424 12.3642 8.79413 7.78355 7.56417 7.06237 6.30501 5.8599 18.2747 14.6198 13.0953 11.9661 11.1614 11.9293
threshold=-0.011225504557857384 0.0041066280145265243 0.0069152847823547945 0.0083916606832342613 -0.086500024795532218 -0.001473649704496093 0.0012859763398668646 -0.012317611855357742 0.019729304694560742 16.180383359635133 -0.0092319759262920447 -0.56961945686261062 0.3282999992370606 15.582991678782689 0.01100001335144043 -0.0077973029707116967 -0.26396691635455677 -0.29809520598647843 0.023121365433255107 0.0083374573144068282 0.12463000751925955 -0.0055441246465627037 15.640759363330192 -0.0053736575281892168 0.46131889031889367 0.046809987937661675 -0.034713897697889753 0.016615816479547744 0.27570015093073963 -0.0057692669188405951
decision_type=2 2 2 2 2 2 2 2 2 2 2 2 2 2 2 2 2 2 2 2 2 2 2 2 2 2 2 2 2 2
left_child=1 -1 3 8 5 6 -4 -7 22 19 11 -2 13 14 -13 17 -17 -6 -15 -5 21 -14 -3 24 25 27 -27 -12 -26 -30
right_child=10 2 4 9 15 7 -8 -9 -10 -11 23 12 20 18 -16 16 -18 -19 -20 -21 -22 -23 -24 -25 28 26 -28 -29 29 -31
leaf_value=0.042155455546990184 0.047401724104451023 -0.02696337953673807 0.0062407001213632234 0.0069898677508224635 0.0097483531773990724 0.0042331989326090339 -0.010541433720212219 -0.017819666601877802 0.01055129765680911 0.017648963648333484 -0.0026344821934392508 0.020451814602983957 0.0068180107900556418 -0.0078943364568385497 -0.0032573625656888046 -0.0049149393301196826 0.0049897698308617013 -0.0047460102075831834 0.0052447222216154363 -0.027460107001789712 0.0045017376348462628 -0.0073438162135733478 -0.013093827810650558 -0.00027787405891579672 -0.0019935648615016246 -0.0010963609160370912 0.0036208311922406424 0.00069057925770277999 -0.0074436803237454543 0.022661018875163183
leaf_weight=12.719091445207594 14.507952958345411 57.731367468833923 112.28214146196842 10.91668224334717 60.993195295333862 32.065688446164131 81.331204235553741 123.20414229482412 14.971734106540678 28.218451157212257 1085.5501686483622 131.43821316957474 38.663461029529572 71.269351288676262 67.856370732188225 194.77937035262585 665.40635464712977 402.53795155510306 128.52470816671848 12.851104907691477 124.69127556681633 175.77367576956749 60.3204126060009 27030.308795019984 2821.0632722228765 666.64753268659115 2577.403955578804 9486.556495077908 18.298240333795547 33.598697781562805
leaf_count=64 63 266 459 44 246 131 333 549 61 114 4429 531 158 288 275 798 2752 1715 521 59 506 715 246 110123 11608 2713 10459 38821 75 137
internal_value=-3.63174e-07 -0.00139023 -0.00168839 -0.0106321 -0.0006991 -0.00635268 -0.000808975 -0.0132654 -0.0164519 0.00425959 5.80892e-05 0.00372029 0.00286183 0.00646114 0.0123792 0.000790977 0.00274696 -0.00283879 0.000557835 -0.011637 -0.00137386 -0.00479041 -0.0198765 -4.96358e-06 0.000437052 0.000889742 0.00265146 0.00034916 -0.00173995 0.0120465
internal_weight=46342.5 1870.33 1857.61 185.01 1672.6 348.883 193.613 155.27 133.024 51.9862 44472.2 752.725 738.217 399.089 199.295 1323.72 860.186 463.531 199.794 23.7678 339.128 214.437 118.052 43719.4 16689.1 13816.2 3244.05 10572.1 2872.96 51.8969
internal_count=189259 7837 7773 790 6983 1472 792 680 573 217 181422 3057 2994 1615 806 5511 3550 1961 809 103 1379 873 512 178365 68242 56422 13172 43250 11820 212
is_linear=0
shrinkage=0.03


end of trees

feature_importances:
CDS_Proxy_ZScore_60d=343
Index_Log_Return=342
VIX_Level=326
Brent_Return=302
CDS_Proxy_Chg5=291
USDTRY_Return_Lag3=291
USDTRY_Vol_20=276
USDTRY_Return=258
VIX_Change=258
Gold_Return=253
USDTRY_Return_Lag1=245
Log_Volume=236
USDTRY_Return_Lag2=229
USDTRY_Return_Lag5=228
CO_Return=194
Beta_Market_60d=178
RSI_Norm=169
Cross_Rank_Return=164
HL_Spread=152
SMA30_Ratio=139
Volume_Change_Lag1=137
Log_Return_Lag2=136
Beta_FX_60d=135
TCMB_Policy_Rate=133
Excess_Return=126
SMA10_Ratio=124
TCMB_Days_Since_Decision=118
Volume_Change=116
Volatility_20=114
Log_Return=112
Excess_Return_Lag1=108
Excess_Return_Lag3=105
Beta_CDS_60d=103
HL_Spread_Lag3=98
HL_Spread_Lag2=97
Volume_Change_Lag3=95
Volume_Change_Lag5=95
Volume_Change_Lag2=93
HL_Spread_Lag5=90
HL_Spread_Lag1=88
Log_Return_Lag5=85
Log_Return_Lag1=84
Log_Return_Lag3=82
Excess_Return_Lag2=72
Excess_Return_Lag5=61
TCMB_Rate_Change=19

parameters:
[boosting: gbdt]
[objective: binary]
[metric: binary_logloss]
[tree_learner: serial]
[device_type: cpu]
[data_sample_strategy: bagging]
[data: ]
[valid: ]
[num_iterations: 250]
[learning_rate: 0.03]
[num_leaves: 31]
[num_threads: 16]
[seed: 42]
[deterministic: 0]
[force_col_wise: 0]
[force_row_wise: 0]
[histogram_pool_size: -1]
[max_depth: 6]
[min_data_in_leaf: 50]
[min_sum_hessian_in_leaf: 0.001]
[bagging_fraction: 0.8]
[pos_bagging_fraction: 1]
[neg_bagging_fraction: 1]
[bagging_freq: 0]
[bagging_seed: 400]
[bagging_by_query: 0]
[feature_fraction: 0.8]
[feature_fraction_bynode: 1]
[feature_fraction_seed: 30056]
[extra_trees: 0]
[extra_seed: 12879]
[early_stopping_round: 0]
[early_stopping_min_delta: 0]
[first_metric_only: 0]
[max_delta_step: 0]
[lambda_l1: 0]
[lambda_l2: 0]
[linear_lambda: 0]
[min_gain_to_split: 0]
[drop_rate: 0.1]
[max_drop: 50]
[skip_drop: 0.5]
[xgboost_dart_mode: 0]
[uniform_drop: 0]
[drop_seed: 17869]
[top_rate: 0.2]
[other_rate: 0.1]
[min_data_per_group: 100]
[max_cat_threshold: 32]
[cat_l2: 10]
[cat_smooth: 10]
[max_cat_to_onehot: 4]
[top_k: 20]
[monotone_constraints: ]
[monotone_constraints_method: basic]
[monotone_penalty: 0]
[feature_contri: ]
[forcedsplits_filename: ]
[refit_decay_rate: 0.9]
[cegb_tradeoff: 1]
[cegb_penalty_split: 0]
[cegb_penalty_feature_lazy: ]
[cegb_penalty_feature_coupled: ]
[path_smooth: 0]
[interaction_constraints: ]
[verbosity: -1]
[saved_feature_importance_type: 0]
[use_quantized_grad: 0]
[num_grad_quant_bins: 4]
[quant_train_renew_leaf: 0]
[stochastic_rounding: 1]
[linear_tree: 0]
[max_bin: 255]
[max_bin_by_feature: ]
[min_data_in_bin: 3]
[bin_construct_sample_cnt: 200000]
[data_random_seed: 175]
[is_enable_sparse: 1]
[enable_bundle: 1]
[use_missing: 1]
[zero_as_missing: 0]
[feature_pre_filter: 1]
[pre_partition: 0]
[two_round: 0]
[header: 0]
[label_column: ]
[weight_column: ]
[group_column: ]
[ignore_column: ]
[categorical_feature: ]
[forcedbins_filename: ]
[precise_float_parser: 0]
[parser_config_file: ]
[objective_seed: 16083]
[num_class: 1]
[is_unbalance: 0]
[scale_pos_weight: 1]
[sigmoid: 1]
[boost_from_average: 1]
[reg_sqrt: 0]
[alpha: 0.9]
[fair_c: 1]
[poisson_max_delta_step: 0.7]
[tweedie_variance_power: 1.5]
[lambdarank_truncation_level: 30]
[lambdarank_norm: 1]
[label_gain: ]
[lambdarank_position_bias_regularization: 0]
[eval_at: ]
[multi_error_top_k: 1]
[auc_mu_weights: ]
[num_machines: 1]
[local_listen_port: 12400]
[time_out: 120]
[machine_list_filename: ]
[machines: ]
[gpu_platform_id: -1]
[gpu_device_id: -1]
[gpu_device_id_list: ]
[gpu_use_dp: 0]
[num_gpu: 1]

end of parameters

pandas_categorical:[]
