tree
version=v4
num_class=1
num_tree_per_iteration=1
label_index=0
max_feature_idx=45
objective=lambdarank
feature_names=Log_Return HL_Spread CO_Return Log_Volume Volume_Change SMA10_Ratio SMA30_Ratio Volatility_20 RSI_Norm Index_Log_Return Excess_Return Cross_Rank_Return USDTRY_Return USDTRY_Vol_20 VIX_Level VIX_Change Brent_Return Gold_Return Beta_FX_60d Beta_Market_60d TCMB_Policy_Rate TCMB_Rate_Change TCMB_Days_Since_Decision CDS_Proxy_Chg5 CDS_Proxy_ZScore_60d Beta_CDS_60d Log_Return_Lag1 HL_Spread_Lag1 Volume_Change_Lag1 Excess_Return_Lag1 USDTRY_Return_Lag1 Log_Return_Lag2 HL_Spread_Lag2 Volume_Change_Lag2 Excess_Return_Lag2 USDTRY_Return_Lag2 Log_Return_Lag3 HL_Spread_Lag3 Volume_Change_Lag3 Excess_Return_Lag3 USDTRY_Return_Lag3 Log_Return_Lag5 HL_Spread_Lag5 Volume_Change_Lag5 Excess_Return_Lag5 USDTRY_Return_Lag5
feature_infos=[-2.3803201191157775:0.36541739460146555] [0:1.0195065624610158] [-0.20960046076674568:0.28755369022856259] [0:23.068254156118748] [-21.276555607474307:22.081664902494992] [-0.90201545361329238:0.8197488235281718] [-0.90582313361004474:1.5036702258795955] [9.617042942849993e-05:0.53309408923400581] [-1:0.96415770012099156] [-0.10303780832325798:0.09423412783342569] [-2.3952014042807463:0.36806089329486952] [-0.4887640449438202:0.5] [-0.20904064133259065:0.20537861432269422] [0.00034082001030452566:0.065435107010614404] [0.18280000686645509:1.653800048828125] [-1.8710002899169922:2.4860000610351562] [-0.27976148809485951:0.19077403911622495] [-0.11405996064112038:0.058926448772030716] [-5:5] [-2.9815771085146272:5] [-0.33999999999999997:0.5] [-0.90000000000000002:0.84999999999999998] [0:2] [-0.18952858788474247:0.23696077853890374] [-0.84935853235278347:1] [-5:5] [-2.3803201191157775:0.36541739460146555] [0:1.0195065624610158] [-21.276555607474307:22.081664902494992] [-2.3952014042807463:0.36806089329486952] [-0.20904064133259065:0.20537861432269422] [-2.3803201191157775:0.36541739460146555] [0:1.0195065624610158] [-21.276555607474307:22.081664902494992] [-2.3952014042807463:0.36806089329486952] [-0.20904064133259065:0.20537861432269422] [-2.3803201191157775:0.36541739460146555] [0:1.0195065624610158] [-21.276555607474307:22.081664902494992] [-2.3952014042807463:0.36806089329486952] [-0.20904064133259065:0.20537861432269422] [-2.3803201191157775:0.36541739460146555] [0:1.0195065624610158] [-21.276555607474307:22.081664902494992] [-2.3952014042807463:0.36806089329486952] [-0.20904064133259065:0.20537861432269422]
tree_sizes=3541 3494 3543 3515 3526 3545 3521 3500 3568 3523 3567 3514 3497 3543 3456 3549 3537 3535 3520 3546 3515 3552 3559 3549 3543 3505 3544 3542 3522 3529 3558 3526 3459 3516 3492 3561 3526 3445 3512 3517 3550 3527 3549 3581 3508 3562 3544 3493 3507 3583 3516 3513 3523 3493 3518 3503 3551 3531 3519 3549 3547 3476 3512 3544 3563 3535 3517 3508 3534 3526 3534 3540 3526 3490 3571 3507 3451 3549 3462 3517 3524 3498 3537 3553 3547 3564 3568 3481 3539 3530 3558 3550 3527 3485 3520 3490 3511 3443 3581 3478 3517 3498 3564 3551 3503 3519 3541 3543 3552 3593 3490 3512 3506 3562 3564 3564 3501 3573 3536 3545 3542 3564 3453 3484 3490 3459 3515 3543 3457 3540 3487 3506 3546 3556 3523 3540 3472 3505 3504 3535 3492 3492 3509 3534 3514 3510 3511 3494 3525 3555 3482 3505 3519 3515 3554 3517 3528 3521 3532 3555 3506 3507 3535 3504 3543 3435 3601 3522 3457 3496 3496 3519 3536 3545 3553 3546 3532 3520 3544 3446 3529 3554 3585 3522 3452 3511 3464 3496 3532 3587 3488 3505 3541 3574 3404 3478 3505 3512 3528 3458 3522 3543 3455 3578 3518 3553 3467 3450 3385 3485 3495 3449 3484 3432 3495 3536 3447 3511 3505 3467 3475 3609 3408 3352 3474 3438 3410 3415 3584 3513 3472 3456 3514 3512 3499 3514 3499 3398 3533 3481 3449 3512 3407 3518 3584 3563 3498 3457 3497 3495

Tree=0
num_leaves=31
num_cat=0
split_feature=6 6 11 2 5 37 6 10 3 37 33 44 33 26 7 0 29 35 3 1 4 36 7 39 0 19 43 28 31 26
split_gain=12.0228 5.27899 4.52537 3.76117 4.29404 2.9008 2.08166 2.06636 2.97067 1.99528 1.83612 1.64003 2.19061 1.8329 2.1072 1.73729 1.92503 1.63378 1.75351 1.62991 2.031 1.87175 1.58383 1.69236 1.54358 1.67354 1.49965 1.60134 1.4828 1.38338
threshold=-0.010947067094222605 0.31670942536295615 -0.38757022471910108 -0.004597620016504992 -0.055491284691164149 0.033057824934246686 0.02221324696925853 -0.017322923152331943 14.254592243810249 0.024380473007417455 0.85717236622881832 -0.0014702669130745023 -0.12111988106845838 -0.016027909667948224 0.045088195222175609 0.0095542068852798815 -0.0061254480520680187 -0.0025210172035528724 14.118511692118352 0.047513828514543353 -1.0726415920822336 -0.0015743662321141855 0.020667082179333822 0.030158782572397031 -0.021600173021481536 0.98755060647206394 -0.10339570384640594 -0.29637722059865451 0.021776086717314642 -0.01929988633172617
decision_type=2 2 2 2 2 2 2 2 2 2 2 2 2 2 2 2 2 2 2 2 2 2 2 2 2 2 2 2 2 2
left_child=3 2 6 4 5 -1 29 10 -9 24 -6 12 13 -5 -15 17 -17 18 -13 20 -11 -21 -8 -24 -4 -26 27 -7 -10 -2
right_child=1 -3 9 11 7 26 22 8 28 19 -12 15 -14 14 -16 16 -18 -19 -20 21 -22 -23 23 -25 25 -27 -28 -29 -30 -31
leaf_value=-0.0039145220538017037 0.00053041760223728059 0.010305434379104202 0.0064194791713180158 0 -0.0082645514822583359 -0.00038976791777593366 0.003453065225724508 -0.0081276074007868709 -0.0027807534309187676 -0.0032113360313994819 0.0013456077043579287 0 1.9798876070577299e-06 -0.0069091996224671711 0.0055568842823754891 0.0019033245195423298 -0.0045229197124324588 0.0010797031530576453 0.011161427493236472 -0.0019853421589998699 0.002736445147421608 0.0019674546008274728 -0.0042155348560468488 0.0027305208913032922 0.00090224400835671827 -0.001802860792000381 0 0.0086330448932966045 0.0023710369574116933 -0.0084480647705627802
leaf_weight=91.547291688038968 11.396665348671375 51.487933817785233 29.57307752664201 59.371833676472306 165.28237736504525 16.961537849158049 48.680748182814568 94.343145473394543 367.60536238620989 45.24278596311342 12.716231853701172 14.738751982804386 275.94570752000436 129.15236698649824 7.0368644930422297 73.243264324264601 77.835683229845017 158.90156549424864 31.599840889219195 176.01801055273972 1252.5029587553581 254.60492746112868 115.85461110062897 33.359255525283515 582.5830416304525 311.27236696518958 85.728458294994198 47.587924370076507 47.921649195253849 63.940115018398501
leaf_count=3754 462 2232 1160 2525 7116 768 1648 4410 15559 1537 538 625 11374 5404 289 3124 3216 6584 1029 7298 47754 10285 4848 1423 21620 12581 3599 1929 1954 2614
internal_value=0 0.00116118 0.000972664 -0.00196427 -0.00327407 4.57015e-05 -0.00263477 -0.00447637 -0.00333689 0.00135991 -0.00739606 -0.000446445 -0.00162488 -0.00401286 -0.00587862 0.00103082 -0.00125409 0.00284528 0.00762053 0.00196214 0.00249453 0.000278631 -0.000785447 -0.00242991 0.000195911 -1.11829e-05 0.00269978 0.00597322 -0.00209414 -0.00676793
internal_weight=4734.04 2976.52 2925.03 1757.52 929.694 241.825 273.231 687.869 509.87 2651.8 177.999 827.826 471.507 195.561 136.189 356.319 151.079 205.24 46.3386 1728.37 1297.75 430.623 197.895 149.214 923.428 893.855 150.278 64.5495 415.527 75.3368
internal_count=189259 115462 113230 73797 39627 10050 10995 29577 21923 102235 7654 34170 19592 8218 5693 14578 6340 8238 1654 66874 49291 17583 7919 6271 35361 34201 6296 2697 17513 3076
is_linear=0
shrinkage=0.03


Tree=1
num_leaves=31
num_cat=0
split_feature=8 6 2 7 7 19 3 39 11 3 28 0 33 3 38 11 0 44 37 2 28 34 28 41 8 7 36 0 43 11
split_gain=72.4007 29.9595 18.5486 17.5447 14.1595 9.96729 11.1487 10.071 8.28864 8.03119 10.1828 12.1719 11.402 9.24219 8.00547 12.3556 10.1364 8.31234 7.96062 8.60176 7.88624 7.625 7.49031 8.40057 6.99705 6.95716 6.15427 5.97574 5.64293 5.62967
threshold=0.5557194988081342 -0.0094691655980141381 0.070779815857414038 0.033130600489289216 0.043229354475922015 1.0538961013276713 14.765885178106503 -0.0087570699116074485 -0.37858312858312854 16.785807324239205 0.36785514154240145 -0.012163529842463319 -0.32814616138789438 14.702871633533144 -0.24379893615690837 -0.2119429590017825 0.072889868214274331 0.0016223944509019502 0.032535900066101055 -0.0010715414846912731 -0.62708572567471499 0.041508079302664001 0.63863217618754498 0.094974676033590319 -0.26238727973869425 0.062942267757692585 -0.0045631931606521731 -0.067658654415710812 -0.52970463886158103 -0.45330668604651159
decision_type=2 2 2 2 2 2 2 2 2 2 2 2 2 2 2 2 2 2 2 2 2 2 2 2 2 2 2 2 2 2
left_child=1 4 9 -4 18 6 25 29 20 10 11 -2 -13 -12 15 17 -16 -6 19 -1 -7 -9 23 -11 -20 -3 -24 -22 -28 -8
right_child=2 5 3 -5 14 8 7 21 -10 22 13 12 -14 -15 16 -17 -18 -19 24 -21 27 -23 26 -25 -26 -27 28 -29 -30 -31
leaf_value=-0.0066696428425461569 0.02680731351519261 -0.0013257787201647309 -0.0066334569179842869 0.023346871840129318 0.023806196564203807 0.0077985874096846786 -0.011304947382148399 0.0025006850436589448 -0.000509373930371922 0.0066086074177168818 0.0019361834210274876 0.015534869521197944 -7.5022768633431182e-05 0.0264471091471301 -0.0022804351157519986 0 0.019033527351051256 0 0.00069013723463946634 -0.0024114440432392828 0.006306205244964995 0.008617268112147098 0.008738115452684202 -0.012089776977448221 -0.0033811638687047288 0.017214481067965547 0.0040595090671973399 -0.0096002281379716555 -0.018607792658207931 1.6372213541109114e-05
leaf_weight=993.73724933434278 19.602137055248022 1417.7248389255255 16.642506659030914 113.51000917889178 44.96193468850106 26.003325480036438 35.811637698672712 2646.6166354743764 2149.4843330215663 267.63356103841215 23.178325261920691 50.93113793246448 155.27730133477598 50.99483591504395 242.4734744662419 71.069162275642157 16.779260497540236 17.351821143180132 599.15462490450591 810.75464917346835 17.836913753300905 198.86499297898263 11.109752086922525 17.89323409833014 978.92579396348447 13.275503395125268 9.0329282544553262 208.57270687911659 28.853810151107609 1102.2902321740985
leaf_count=24879 100 18703 208 412 487 401 617 34865 31802 2216 214 418 1476 385 3475 1075 172 315 9295 15395 256 2302 91 84 20194 94 48 3118 283 15879
internal_value=0 -0.000591363 0.00891024 0.0191878 -0.0027852 0.000465483 0.00118141 0.0019993 -0.00113507 0.00662163 0.0102033 0.00656978 0.00391489 0.0197726 0.00253903 0.00837835 -0.000453396 0.0175928 -0.0034149 -0.00478497 -0.00623337 0.00295305 0.00321847 0.00514567 -0.00181915 -0.00107355 -0.00689321 -0.00810827 -0.0126607 -0.000361512
internal_weight=12356.3 11591.7 764.66 130.153 3775.21 7816.48 5414.58 3983.58 2401.9 634.507 299.984 225.811 206.208 74.1732 392.636 133.383 259.253 62.3138 3382.57 1804.49 252.413 2845.48 334.523 285.527 1578.08 1431 48.9965 226.41 37.8867 1138.1
internal_count=189259 183324 5935 620 75287 108037 72460 53663 35577 5315 2593 1994 1894 599 5524 1877 3647 802 69763 40274 3775 37167 2722 2300 29489 18797 422 3374 331 16496
is_linear=0
shrinkage=0.03


Tree=2
num_leaves=31
num_cat=0
split_feature=5 5 5 19 0 19 39 7 2 7 0 37 35 37 42 34 5 26 45 19 36 42 43 2 7 2 2 43 28 42
split_gain=69.2935 32.1987 24.2408 18.8939 17.5589 13.7058 11.6867 11.6708 10.7354 10.6898 9.88241 11.2933 10.6099 9.63485 9.51174 8.5008 12.1059 8.28174 8.25111 7.73601 7.46106 7.18744 6.56217 6.07385 5.84385 5.27829 5.27721 5.55304 4.76447 4.76351
threshold=0.086994042107575456 0.0052526671613634121 -0.082214144284042875 0.49996241011108317 0.093640722447759964 1.0538961013276713 -0.0098050628316888096 0.034565817796804142 0.060821218694698372 0.045885408698685397 0.00086246050178228186 0.086943302895974739 0.011391508711943438 0.034210575509806308 0.070991638738314461 0.047921526891320024 0.038802742932900765 0.095262188174634527 0.0066024442781312453 1.0761231080928901 -0.031677670148304922 0.081233301901293339 -0.21883794288741495 0.024096470664260353 0.047364868969903828 -0.0022124005835336374 0.057082503656194876 -0.0048467906552867026 0.40655137588823115 0.037705952608549004
decision_type=2 2 2 2 2 2 2 2 2 2 2 2 2 2 2 2 2 2 2 2 2 2 2 2 2 2 2 2 2 2
left_child=1 2 13 18 9 6 -3 -6 17 10 11 -5 -12 -1 -11 23 -17 -9 29 25 21 -15 -22 -8 -16 28 -21 -28 -4 -2
right_child=3 5 19 4 7 -7 15 8 -10 14 12 -13 -14 20 24 16 -18 -19 -20 26 22 -23 -24 -25 -26 -27 27 -29 -30 -31
leaf_value=-0.0052822427265190215 0.007525566974151598 -0.0019236765636963978 -0.0025862516571674471 0.0058398418971855361 -0.0063858370107297922 -0.0018141632491780037 0.0024592096586522534 -0.0076339225916611658 0.021650379506312302 0.0021140000558926872 0.0038693149504205218 0.027266066876332429 -0.012051304738737211 -0.0020617081720425202 0.0064492830457455125 -0.0010690897411125748 0.011925771351931848 0.019876765617346935 -0.00038256449446389811 -0.005282600285465293 0.015153476871593626 0.011319970717044105 0.0038041976727280161 -0.0011597882814308777 -0.016484408996380054 -0.00087983650215386422 0.019480706747609731 -0.0064781640061175845 -0.006545358191168001 0.018974946038585207
leaf_weight=75.04727294575423 65.432438610121608 669.81607649382204 1626.6912299320102 90.594873287715018 17.629057485610247 1321.9940527351573 2795.9698905525729 23.958964897319674 101.84627187810838 79.173099283128977 458.24604635965079 29.245406322181225 35.441775624640286 133.64738576952368 7.2126236930489531 92.002999356016517 178.99649906344712 9.7053719833493215 27.010274514555931 1326.7684505023062 103.59880307968706 43.13328034710139 102.45503835286945 475.26455315575004 53.04595042951405 1425.8954338142648 11.459562640637161 7.768379144370555 347.20485095493495 161.00485452171415
leaf_count=1614 463 13306 32482 819 268 26752 32842 202 609 686 4438 153 392 1647 55 515 884 55 164 28677 776 524 1423 5890 420 25110 133 121 6918 921
internal_value=0 -0.000753499 -0.00244801 0.00695088 0.00482593 0.000835207 0.00167502 0.0139749 0.0169702 0.00284569 0.00457063 0.0121915 0.00255685 0.00408445 -0.00443219 0.00236572 0.00746594 0.00106622 0.0141914 -0.00308822 0.00604239 0.00125985 0.00987629 0.0019233 -0.0129958 -0.00230388 -0.0050313 0.00858217 -0.00331259 0.0160302
internal_weight=11897.3 10737.7 5203.67 1159.55 906.099 5534.04 4212.05 153.14 135.511 752.96 613.528 119.84 493.688 457.882 139.432 3542.23 270.999 33.6643 253.448 4745.79 382.835 176.781 206.054 3271.23 60.2586 3399.79 1346 19.2279 1973.9 226.437
internal_count=189259 179614 99425 9645 8097 80189 53437 1134 866 6963 5802 972 4830 5984 1161 40131 1399 257 1548 93441 4370 2171 2199 38732 475 64510 28931 254 39400 1384
is_linear=0
shrinkage=0.03


Tree=3
num_leaves=31
num_cat=0
split_feature=6 8 39 37 19 34 2 32 25 3 2 6 2 8 41 32 3 6 4 3 37 11 2 39 43 3 41 34 34 25
split_gain=104.638 60.963 23.0949 16.9037 16.8772 12.885 11.23 12.9682 10.8388 10.7438 9.96841 9.74307 7.82576 7.34407 6.5048 8.54114 8.35637 6.13308 5.6042 5.48099 5.41295 5.2191 5.70843 4.47565 4.20168 4.196 4.04799 3.90024 7.46398 3.72509
threshold=0.26243853703836711 0.028246442555306502 -0.0050345700100698602 0.03401743548655084 1.0538961013276713 0.050850632092017949 0.087835197730000855 0.053394246507015748 -0.41969457790827569 18.684025139471821 -0.0016983908763292524 -0.11529272236675263 0.025785205760912516 0.40096575844821764 -0.020329437865506762 0.086956482230016618 17.860208346699213 -0.0087086576549520994 -0.76040038348306538 18.684025139471821 0.01278758269150619 -0.48473193473193471 -0.041552923325972969 0.019727268483182545 0.50236795900418063 16.477168976415239 0.010756529150055042 0.035464184761282255 -0.0064325117791120068 -0.1544539952820905
decision_type=2 2 2 2 2 2 2 2 2 2 2 2 2 2 2 2 2 2 2 2 2 2 2 2 2 2 2 2 2 2
left_child=1 3 25 10 5 13 7 26 -7 -8 17 12 19 -4 23 18 -17 -1 -16 -5 -12 -13 -23 -9 -14 -3 27 28 -2 -27
right_child=6 2 4 11 -6 8 9 14 -10 -11 20 21 24 -15 15 16 -18 -19 -20 -21 -22 22 -24 -25 -26 29 -28 -29 -30 -31
leaf_value=-0.0085688392022730334 0.015265520738650824 -0.00037514537221208994 0.0016941170306600381 0.0018824084529042663 -0.0013761042841425569 0.0019032495156304377 0.026932688177503609 0.0055256425195859635 0.013554356614385272 0 0.0018979077900194751 -0.015209763055307739 0.015798278086440475 0.0048295570983598775 -0.011420824430397906 0.018310124484234289 0.0023557754811119476 -0.0033672227358455598 0.005103983016322337 -0.0087688254539255613 -0.0040185912229330776 0.0035984509309359767 -0.0029923386886866587 -0.011685313672335539 -0.0038543227254105947 -0.004120854024016002 0.02099780996001438 0.020829784735539876 -0.0062190297077983209 0.0012582436170058254
leaf_weight=856.93517827056348 20.802978698164225 935.29028519801795 2737.0043451776728 401.35537712555379 969.60480693448335 131.01389265805483 70.549489280208945 19.047497376799583 180.88874722458422 17.180428706109524 152.93321186862886 25.454077115282416 45.884026148356497 918.22700099181384 15.063890593126414 97.924923464655876 50.269636971876025 307.98267912492156 164.73124289978296 43.241127647459507 933.32579200621694 121.78614629991353 1307.3032244760543 23.670858630910516 7.1856763232499352 744.16254930198193 103.22815195750445 14.021477572619913 26.792267641052604 125.15556960739195
leaf_count=26375 125 17221 30384 5278 19415 665 287 146 854 80 2762 436 553 7736 96 544 321 6101 1078 578 19315 2040 28372 177 105 15232 611 71 184 2117
internal_value=0 -0.000683165 0.00108136 -0.00351813 0.00214527 0.00301413 0.0119062 0.00999851 0.00886225 0.0220613 -0.00529244 -0.00144849 0.0021263 0.00249549 0.00660028 0.00805409 0.0133475 -0.00723954 0.00328558 0.000693753 -0.00315324 -0.00269524 -0.00239917 -0.00360763 0.0125179 -0.00181043 0.0170446 0.00889254 0.00315958 -0.00330935
internal_weight=11568 10944.7 6741.35 4203.39 4936.74 3967.13 623.283 535.553 311.903 87.7299 2251.18 1952.21 497.666 3655.23 370.708 327.99 148.195 1164.92 179.795 444.597 1086.26 1454.54 1429.09 42.7184 53.0697 1804.61 164.845 61.6167 47.5952 869.318
internal_count=189259 185539 93624 91915 59054 39639 3720 3353 1519 367 54553 37362 6514 38120 2362 2039 865 32476 1174 5856 22077 30848 30412 323 658 34570 991 380 309 17349
is_linear=0
shrinkage=0.03


Tree=4
num_leaves=31
num_cat=0
split_feature=6 6 39 37 34 6 2 32 45 2 26 32 39 35 41 44 35 28 35 18 32 40 3 2 36 43 28 6 39 3
split_gain=79.7605 48.5411 23.1712 22.01 12.957 12.2337 9.53471 9.19378 9.10237 8.20713 7.77796 7.63597 10.6512 9.96024 7.54976 7.4447 7.02937 6.91576 6.89323 10.4281 6.79335 6.40791 6.30633 5.96607 5.94127 5.25255 4.46516 4.26951 5.44579 4.33807
threshold=0.31670942536295615 -0.0051218956167246579 -0.0053400341714536529 0.03401743548655084 0.050850632092017949 -0.11203477080923661 0.087835197730000855 0.08141677895603934 0.006091837739122077 -0.0016983908763292524 -0.025229006809394997 0.055345775119059894 0.033080230299392263 0.00042060780888543653 -0.066970764514206652 0.0067465261200807735 -0.0029247649075804429 -0.29637722059865451 0.0017128091205234972 -0.075382824875881202 0.071174343527166645 -0.0031629281506603984 17.465611656975991 0.024096470664260353 0.043024375334983676 0.68787078921722344 -1.0215285307556552 0.26243853703836711 -0.041155441271908517 16.477168976415239
decision_type=2 2 2 2 2 2 2 2 2 2 2 2 2 2 2 2 2 2 2 2 2 2 2 2 2 2 2 2 2 2
left_child=1 3 27 9 15 17 11 10 -9 -1 -6 12 21 16 -7 26 22 -5 19 -15 -17 -2 -13 -19 -20 -18 -4 29 -29 -3
right_child=6 2 4 5 7 14 -8 8 -10 -11 -12 13 -14 18 -16 20 25 23 24 -21 -22 -23 -24 -25 -26 -27 -28 28 -30 -31
leaf_value=-0.0082105577340982113 0.0018314861492661713 -0.00097948402694411456 -0.0047765575897703088 -0.0028476058258851719 0 0.0081364939923674485 0.023516788756614983 0.0040496810613447707 -0.015606405673133055 -0.0037812443509151581 0.013246054756854265 0.010265335643004204 0.0040069608588657497 -0.022496239829004588 -0.0035266048421486317 0.0033587390467104327 0.020276333766719352 0.002510780733893853 -0.0010797470317644451 0.0032387866409063705 -0.0032051773040330882 0.028436385711439457 -0.012844100647358745 0.011830849956966129 0.013600907289035085 -0.00069626985397598217 0.00071843964249702116 -0.010344649788760573 0.010367340722553388 -0.0039951790922108611
leaf_weight=810.19956504181027 13.141946973279117 1002.3044133419171 132.85516135208309 156.58617831021547 45.764334315434098 46.319257386960089 64.317341631278396 170.82756959460676 18.825577629730105 796.80113088898361 192.75793099496514 22.024346437305212 44.229522692039609 18.52099534496665 1061.1545406645164 1780.3611411461607 73.536387993022799 348.57756980136037 43.520484192296863 29.057639822363853 145.59906507283449 54.623334521427751 12.245698470622299 75.930561099201441 42.395941369235516 8.9196322206407768 3194.3671165537089 9.1387190502136928 44.675278915092349 800.77888806257397
leaf_count=27793 57 19927 1557 2001 331 797 268 1066 129 18814 1110 118 214 124 25418 19874 410 4367 239 190 1598 236 81 567 240 55 42111 92 336 19139
internal_value=0 -0.000503573 0.000821152 -0.00353948 0.00177465 -0.00112027 0.0126482 0.00678096 0.00159368 -0.00605152 0.0106649 0.0103427 0.0169748 0.0069824 -0.00297746 0.00135483 0.0132153 0.00236327 0.00103548 -0.00739518 0.00283997 0.0241695 0.000659752 0.004366 0.00618412 0.0177545 0.000483185 -0.00207698 0.00575952 -0.00234274
internal_weight=11260.4 10833.8 7538.26 3295.57 5681.36 1688.57 426.533 428.175 189.653 1607 238.522 362.216 111.995 250.221 1107.47 5253.18 116.726 581.094 133.495 47.5786 1925.96 67.7653 34.27 424.508 85.9164 82.456 3327.22 1856.9 53.814 1803.08
internal_count=189259 187027 107270 79757 67776 33150 2232 2636 1195 46607 1441 1964 507 1457 26215 65140 664 6935 793 314 21472 293 199 4934 479 465 43668 39494 428 39066
is_linear=0
shrinkage=0.03


Tree=5
num_leaves=31
num_cat=0
split_feature=8 6 8 5 19 2 31 0 31 5 26 4 11 38 6 0 19 3 26 35 27 43 2 19 6 42 0 8 35 25
split_gain=77.9235 28.6054 26.3792 33.4927 14.9062 11.5108 9.99202 9.78966 11.8084 9.46583 9.25723 8.69185 8.25522 8.02821 6.50571 8.84587 6.36679 7.06024 6.10352 5.87773 5.87622 5.86414 5.77771 5.67406 5.53654 5.28621 5.09752 4.99687 4.84002 4.47673
threshold=0.34814146181954747 0.31670942536295615 0.028246442555306502 -0.078514427232747527 1.136477981929521 -0.0022124005835336374 0.051685099707298433 0.093640722447759964 -0.042517542548813285 0.034823076219375644 -0.017918965928003266 1.0620411306823876 -0.17374531835205989 0.068291097490361011 -0.12244669099768295 0.030862114575511287 0.78804999836872736 17.666052709400123 -0.0090766155235168199 0.00069635057671637039 0.070024651253369624 -0.25382611062648403 0.045056530206357991 1.0538961013276713 0.36611778461559569 0.010741683275378545 0.011287560787999732 0.49788318911290469 0.00069635057671637039 -1.1775348906874752
decision_type=2 2 2 2 2 2 2 2 2 2 2 2 2 2 2 2 2 2 2 2 2 2 2 2 2 2 2 2 2 2
left_child=2 4 3 12 11 -5 23 8 -3 18 -10 16 13 21 15 -7 17 -2 -8 -12 -14 -1 -9 25 -24 -4 -18 -13 -27 -11
right_child=1 7 6 5 -6 14 9 22 10 29 19 27 20 -15 -16 -17 26 -19 -20 -21 -22 -23 24 -25 -26 28 -28 -29 -30 -31
leaf_value=0.016008954629188412 0.0046679772973762489 -0.014132523340984381 -0.0054742175631017137 -0.0063300205743115076 -0.0034219894596444244 -0.0022991357879523352 0.0023335325814174412 0.0021820728603549099 -0.0040810410214320667 -0.010364097737648424 0.016746275922027831 0.0014265607313935481 -0.0059093808562724563 0.00042712063798182125 -0.0032506988752779853 0.012805857522415805 0.0046401113661843621 0.01092402712173624 -0.013513944745214224 0.00620769570461298 0.0046855466100914137 0.0049258736086517868 0.0038088144245861208 -0.0022797346683971552 0.026038387338751225 -0.00057235884407808935 0.00010669188030203225 -0.010404855197053725 0.0017779750968146743 0.0091981540820634273
leaf_weight=87.922530328854918 864.50176440365613 14.342517867684363 131.91945626959205 1587.2099074008875 272.10971664730459 83.333453266881406 56.378542184829712 19.563859474845231 31.519083997234702 5.604757906869053 120.38938101194799 63.910534886643291 104.91653122939169 130.89736847579479 1433.4402473848313 50.91319503262639 475.14635805506259 215.72000980190933 27.676664736121893 111.41421149484813 75.490844652988017 112.71311797574162 17.509204341098666 1016.7218494359404 74.912531433627009 1640.2347446298227 443.66617188695818 51.367279229685664 1488.8027387410402 221.33980518300086
leaf_count=719 7590 83 1761 48360 4618 1388 689 123 191 57 650 730 1656 1657 35235 389 4767 1668 430 631 984 1564 90 22810 343 22937 4825 409 19944 1961
internal_value=0 0.00434347 -0.00146232 -0.00335762 0.00308156 -0.00451652 4.77037e-05 0.0118591 0.00838474 0.00520139 0.0099635 0.00393882 0.00370078 0.00649409 -0.00264707 0.00346813 0.00440899 0.00598953 -0.00301343 0.0120457 -0.00130736 0.0101998 0.0194907 -0.000325614 0.0225466 0.000277025 0.00249596 -0.00380942 0.000537415 0.00837269
internal_weight=11031.6 2776.07 8255.52 3666.84 2386.42 3154.9 4588.68 389.651 277.665 311 263.323 2114.31 511.94 331.533 1567.69 134.247 1999.03 1080.22 84.0552 231.804 180.407 200.636 111.986 4277.68 92.4217 3260.96 918.813 115.278 3129.04 226.945
internal_count=189259 26718 162541 91952 24607 85372 70589 2111 1555 3137 1472 19989 6580 3940 37012 1777 18850 9258 1119 1281 2640 2283 556 67452 433 44642 9592 1139 42881 2018
is_linear=0
shrinkage=0.03


Tree=6
num_leaves=31
num_cat=0
split_feature=8 8 5 8 41 34 39 5 1 6 11 43 1 37 33 38 4 35 39 4 32 44 5 26 43 38 43 38 33 10
split_gain=75.4047 23.0348 33.3803 19.6337 11.0606 10.6727 8.71401 8.0524 7.3824 7.01317 14.2508 6.93725 7.49604 5.97959 7.40504 6.05118 5.96519 5.91238 6.26953 5.51374 6.81955 5.50815 5.49014 5.375 4.84618 4.37714 4.25564 4.21705 4.18929 3.99998
threshold=0.34814146181954747 0.028246442555306502 -0.078514427232747527 0.5714650238588167 0.019743359434976522 0.041508079302664001 -0.0014718424595428616 0.15282722556106912 0.042918455638287209 -0.12244669099768295 0.15160027238678928 -0.031675207946065591 0.038262300587255167 0.034210575509806308 0.83145002659126199 0.068291097490361011 0.884875154728615 0.0085575842899309213 -0.0054982100398907573 0.52356981953618764 0.076597228715913221 0.011132390787957426 0.02319473147017315 0.014025475054337823 0.46150737038984696 1.1675910548674386 1.0184663381416599 -1.1350683877493661 0.72308552713133534 0.028409842303093822
decision_type=2 2 2 2 2 2 2 2 2 2 2 2 2 2 2 2 2 2 2 2 2 2 2 2 2 2 2 2 2 2
left_child=1 2 13 17 7 6 -3 8 21 10 -4 12 -7 -1 15 -15 26 18 -2 20 -13 -5 -19 24 -8 -24 -6 -20 -9 -10
right_child=3 5 9 4 16 11 23 28 29 -11 -12 19 -14 14 -16 -17 -18 22 27 -21 -22 -23 25 -25 -26 -27 -28 -29 -30 -31
leaf_value=-0.0043817196658018295 -0.00052746668500898983 -0.0023384507792220646 -0.0053315655302311506 0.0087549224601469536 0.014745866778738218 0.0076893813549531601 0.0021394551100522956 0.014934110693299758 -0.0077993794406929955 -0.0049935655337476218 0.0090644114735862185 0.013902268002445784 -0.0041460280635511829 0.0085348141718467243 -0.010489033632017527 0.0011453654659272158 -0.001750653965951932 0.0091062951758398413 0.012964707719913223 -0.006437535774677405 0.0019715930150881467 -0.0033685782379564632 -0.0027094450554838467 -0.0016428159012944171 -0.0018371296655919256 -0.020419010202620224 0.0024471461923638196 0.0036187191056765932 0 0.0018393011020527803
leaf_weight=66.582766848616302 329.7951873857528 1509.4184709079564 154.5991739295423 153.88717672880739 277.11266739200801 72.510509257204831 1491.7431118013337 82.864871170371771 65.586916759610176 2728.379755766131 95.93927174154669 122.40206687711179 121.37857546936721 266.60590297915041 21.209170700982213 176.62936183996499 20.157706681638956 25.398078415542841 43.518745396286249 15.626509536989031 77.766208755783737 35.866892026737332 147.5808073990047 716.48951033130288 326.04568384867162 10.089205753058193 36.861405699513853 1523.222592594102 19.090499490499496 74.648093206807971
leaf_count=1869 6019 31999 3522 1089 1732 571 20978 472 558 80786 1064 963 1124 2329 207 2175 154 248 336 139 722 233 1531 9788 4305 81 217 13310 119 619
internal_value=0 -0.00149802 -0.00331376 0.00418732 0.00829848 -5.80957e-05 -0.000534154 0.00492138 0.00244588 -0.00455283 0.000133215 0.00451817 0.000211368 0.00355873 0.00479552 0.00570267 0.0124388 0.0026422 0.00314622 0.0081595 0.00957438 0.00628167 -0.00236458 0.000531161 0.00140666 -0.00461988 0.013457 0.00393782 0.0121642 -0.00257539
internal_weight=10809 7963.33 3509.95 2845.68 766.076 4453.38 4043.7 431.944 329.989 2978.92 250.538 409.684 193.889 531.027 464.444 443.235 334.132 2079.6 1896.54 215.795 200.168 189.754 183.068 2534.28 1817.79 157.67 313.974 1566.74 101.955 140.235
internal_count=189259 162541 91952 26718 5193 70589 67070 3090 2499 85372 4586 3519 1695 6580 4711 4504 2103 21525 19665 1824 1685 1322 1860 35071 25283 1612 1949 13646 591 1177
is_linear=0
shrinkage=0.03


Tree=7
num_leaves=31
num_cat=0
split_feature=8 8 5 6 2 34 7 39 19 0 19 31 2 28 32 6 41 25 8 27 38 40 39 38 26 25 26 37 34 32
split_gain=71.7501 23.2058 29.2089 19.2373 13.136 12.9748 12.3726 10.375 10.1439 9.32519 8.3561 8.50964 8.30467 7.92553 7.567 6.59574 6.37434 7.7724 5.68699 6.16889 5.72375 5.65443 7.1016 5.65409 5.53855 5.31918 5.21338 5.82285 5.13612 4.95611
threshold=0.34814146181954747 0.028246442555306502 -0.078514427232747527 0.24525596292962973 -0.0016983908763292524 0.041508079302664001 0.045088195222175609 -0.0014718424595428616 1.0538961013276713 0.011794840679514315 0.44242943470044233 -0.0057748398225065259 0.087835197730000855 -0.30667149846238212 0.076597228715913221 -0.13111071570504615 0.0077488615770214811 -0.47512457066808783 0.51871108800206422 0.1444827457654945 -0.036148581074785462 0.00029019666071459203 1.0000000180025095e-35 0.22816038648778039 0.013476215525096669 -0.29160651521169095 0.0054739529611230733 0.034210575509806308 0.01351700483297018 0.032208566826005085
decision_type=2 2 2 2 2 2 2 2 2 2 2 2 2 2 2 2 2 2 2 2 2 2 2 2 2 2 2 2 2 2
left_child=1 2 13 8 -4 7 -6 -3 9 16 11 -11 18 -1 21 -8 17 -2 20 29 -5 22 -7 -22 -9 -18 27 -15 -12 -20
right_child=3 5 4 12 6 14 15 24 -10 10 28 -13 -14 26 -16 -17 25 -19 19 -21 23 -23 -24 -25 -26 -27 -28 -29 -30 -31
leaf_value=-0.0034604364921388608 -0.002418720239611238 -0.0026557649523320888 -0.0065788180015693412 -0.005500456363986079 -0.0032683458694040767 0.0012351314740712499 0.015223584756235484 0.0013996923937836076 -0.0021114223213132399 -0.0059979491619640314 -0.0024255202703264062 0.010173696004979511 0.018088636959896164 -0.0032301001527737286 -0.00017692463841488892 0 0.010198207930475746 0.0053069209068092949 0 -0.0098524177040946771 0.016196854506718181 0.0035461671207201741 0.017566245633641887 0 -0.0017931685975412365 0.0036243030105391648 -0.0030370711664442283 0.0076501317970235783 0.0031809960845783649 0.010422651750748102
leaf_weight=124.98547927383333 159.22505715489388 1402.1973809543997 1451.408715503756 55.023285046219826 1305.1905413204804 40.067682299762964 45.022934503853321 1856.3857754729688 324.66757082287222 30.849665742367506 422.77532480377704 136.74572990834713 75.013724351301789 44.149709234014153 160.03805243503302 58.215788101777434 324.00647670030594 378.1186305610463 44.116338444873691 10.14982616715133 27.777136357501149 154.21986152324826 80.987996954470873 41.439236300066113 652.39895839989185 205.36360031552613 56.153372347354889 323.38090487662703 217.02767757419497 393.02312946505845
leaf_count=1754 1392 31999 49418 486 34243 388 372 24967 6198 272 4598 1003 380 1328 1542 1339 2556 2965 295 56 236 1128 461 334 10104 1631 636 2862 1975 2341
internal_value=0 -0.00149518 -0.00334648 0.00407053 -0.00456609 -3.42595e-05 -0.00245478 -0.000590055 0.00270142 0.00355456 0.00106567 0.00693561 0.0086241 0.00294014 0.00484103 0.00722941 0.00539665 0.00296116 0.00718373 0.00875854 0.00116247 0.00781649 0.0126623 0.00687709 0.000555553 0.00776185 0.00491661 0.0062368 -0.000467288 0.00936504
internal_weight=10600.1 7754.8 3408.51 2845.32 2859.84 4346.3 1408.43 3910.98 2198.78 1874.11 807.398 167.595 646.543 548.669 435.314 103.239 1066.71 537.344 571.529 447.289 124.24 275.276 121.056 69.2164 2508.78 529.37 423.684 367.531 639.803 437.139
internal_count=189259 162541 91952 26718 85372 70589 35954 67070 22590 16392 7848 1275 4128 6580 3519 1711 8544 4357 3748 2692 1056 1977 849 570 35071 4187 4826 4190 6573 2636
is_linear=0
shrinkage=0.03


Tree=8
num_leaves=31
num_cat=0
split_feature=8 8 37 19 8 34 42 39 7 1 41 34 35 35 32 18 40 7 26 0 7 0 29 25 8 0 36 37 27 41
split_gain=77.6596 21.4374 21.2988 14.6061 13.594 13.2367 11.8079 9.99983 9.04615 6.34088 7.40006 6.27065 6.03758 5.61399 7.71263 5.81056 6.56073 5.42704 5.18305 5.13175 5.55129 4.67197 4.47182 4.41021 4.37193 4.31167 4.21126 4.14206 4.07527 3.89065
threshold=0.34814146181954747 0.028246442555306502 0.03401743548655084 0.44242943470044233 0.69147688562213871 0.041508079302664001 0.093514473263734479 -0.0014718424595428616 0.028002744868539774 0.019545573322627945 0.0097689138375974226 0.041508079302664001 -1.7313278854449004e-05 0.0009406990303126656 0.076597228715913221 0.024631105060958208 0.00022465348747046344 0.051364532723649714 0.013476215525096669 -0.00088656631972466599 0.0350490476036514 0.093640722447759964 0.0006424164968171776 -0.3022730461377221 -0.26238727973869425 -0.0010989788487810541 0.0090735686470421566 0.025903218321250105 0.058929115172216155 -0.045741181143506122
decision_type=2 2 2 2 2 2 2 2 2 2 2 2 2 2 2 2 2 2 2 2 2 2 2 2 2 2 2 2 2 2
left_child=1 2 25 8 9 7 17 -3 -2 10 22 21 -6 15 -15 16 -7 24 27 -14 -21 -11 -5 -12 -4 -1 29 -9 -19 -8
right_child=3 5 6 4 12 13 26 18 -10 11 23 -13 19 14 -16 -17 -18 28 -20 20 -22 -23 -24 -25 -26 -27 -28 -29 -30 -31
leaf_value=-0.0073162841260692221 0.0049252748267853688 -0.0028294835733582943 -0.00015586120163422069 0.0074575308149184005 0.018232176923337992 0.017527886504270451 0.014554653813245919 -0.00073011474274252712 0.012710082247948796 0.00046770963440844707 0.014992216621284351 0.0057052424170594886 0.021895224073330652 0.0051394088628730896 -0.0072423051279405072 0.0011680519379078332 0.0046233746374626248 -0.0014470461877824112 -0.0020292326322524472 -0.0035116246774766582 0.01056795974999534 0.0081945757041402556 -0.0027204497062363509 0.00041130428506772369 -0.0036703011281498379 -0.0040810183375585892 -0.00097885243132428998 0.0021740097511510187 0.0088377966287286093 0.0027162707711085869
leaf_weight=850.18970411503688 332.1756601985544 1329.9974743938074 537.34547949302942 63.972437232732773 66.744219282642007 72.934886207804084 61.532677342183888 661.1872813263908 260.4206677377224 1398.588464666158 94.808284101076424 292.89708597026765 10.658528784289954 119.97101197578013 65.44945793133229 94.200097940862179 89.6642513750121 56.248900453560054 598.81768470909446 51.582929270341992 38.522570218890905 70.189701708965003 79.478630401194096 28.623578069731593 851.23990814294666 818.25434911902994 40.151043646037579 1244.8759948350489 67.240516782738268 56.344311665743589
leaf_count=31226 2233 31999 8757 651 394 477 681 9220 1657 16519 707 2267 58 807 684 823 728 969 10104 406 201 584 788 253 24497 23358 761 15747 831 872
internal_value=0 -0.00156854 -0.00336861 0.00427871 0.00311625 -0.000154167 -0.000947154 -0.000729656 0.00847428 0.00240314 0.00671142 0.00171633 0.0112583 0.00472169 0.000535975 0.00756142 0.010941 -0.0017846 0.000376736 0.00571171 0.00243148 0.000883864 0.00171467 0.0119922 -0.00233727 -0.00576448 0.00669082 0.00115164 0.0040456 0.00948093
internal_weight=10404.3 7615.65 3338.55 2788.66 2196.07 4277.1 1670.1 3834.88 592.596 2028.56 266.883 1761.68 167.508 442.22 185.42 256.799 162.599 1512.07 2504.88 100.764 90.1055 1468.78 143.451 123.432 1388.59 1668.44 158.028 1906.06 123.489 117.877
internal_count=189259 162541 91952 26718 22828 70589 37368 67070 3890 21769 2399 19370 1059 3519 1491 2028 1205 35054 35071 665 607 17103 1439 960 33254 54584 2314 24967 1800 1553
is_linear=0
shrinkage=0.03


Tree=9
num_leaves=31
num_cat=0
split_feature=8 8 5 6 34 2 7 19 39 0 4 44 19 8 6 7 31 3 7 11 37 38 37 10 31 38 6 35 26 26
split_gain=72.4429 19.9697 27.4436 15.9148 14.8858 12.4053 10.9087 9.74836 9.69869 8.55217 7.40515 7.08661 6.90558 8.25509 6.77946 5.82209 8.45932 9.06843 5.38111 5.38441 5.18895 5.14029 7.27287 6.07109 4.98267 4.66636 7.89105 4.69848 4.64823 4.52011
threshold=0.34814146181954747 0.028246442555306502 -0.078514427232747527 0.24525596292962973 0.041508079302664001 -0.0016983908763292524 0.045088195222175609 1.0538961013276713 -0.0014718424595428616 0.011794840679514315 -0.040399846492518592 -0.034316585426326027 0.38252298604339557 0.4885150004267067 -0.13111071570504615 0.033325112682712633 0.049657341358692632 16.765923891912646 0.029069800394552835 0.1358288770053476 0.034210575509806308 0.68747685594369845 0.02662726575506753 0.00048485280095573075 0.095262188174634527 0.21635899222403146 0.31670942536295615 -4.0000383760315589e-05 0.013476215525096669 0.041797166978122489
decision_type=2 2 2 2 2 2 2 2 2 2 2 2 2 2 2 2 2 2 2 2 2 2 2 2 2 2 2 2 2 2
left_child=1 2 20 7 8 -4 -7 9 -3 21 11 -5 13 -11 -8 18 -17 -18 19 -6 -1 23 -23 -2 -13 -12 27 -27 -10 -14
right_child=3 4 5 10 15 6 14 -9 28 12 25 24 29 -15 -16 16 17 -19 -20 -21 -22 22 -24 -25 -26 26 -28 -29 -30 -31
leaf_value=-0.0051318743714692068 0.004149666633618908 -0.0029084653264070232 -0.0065497768142886038 -0.0057279859776873249 0.0081897754697158268 -0.0032742979722313677 0.013718735828593238 -0.0019696521215171697 0.0010177656608455646 0.01263664435118817 0.0074020470837377651 0.013919580700009267 0.00053664519424649355 -0.00057595725292001435 -0.00020068131985351845 -0.010805839388562662 0.011132651252010822 -0.0023509318156449406 0.014774383203281952 -0.0028475462534311414 0.0038795629325992908 -0.012995173351532259 0.0032899350313036397 0.0093338704410056116 0 -0.019631252081996207 0.0067250162499134201 -0.00045821712139488819 -0.0020652466238684692 -0.0077144517006947242
leaf_weight=58.127633065916598 577.45385826192796 1272.6025930764154 1366.7242365754209 14.723982537165282 114.22203334793448 1253.8637068094686 51.564672440290451 311.09148654527962 1910.7789595155045 85.700826209038496 226.65768865123391 267.64724116958678 514.53428620845079 71.632635232061148 61.490635117515922 37.320741388015449 80.174152951687574 86.004646651446819 74.930564352311194 51.600739702582359 483.92854887805879 25.320356871932745 126.73071920499206 359.49041855335236 21.39358619786799 16.314962966367602 63.723991448059678 33.025863749906421 563.22548392694443 62.102891517803073
leaf_count=1869 4898 31999 49418 127 777 34243 372 6198 24967 575 1499 1638 6125 458 1339 370 683 837 521 331 4711 169 872 2605 127 134 355 248 10104 690
internal_value=0 -0.00153881 -0.00329224 0.00413195 -0.000158838 -0.0045182 -0.00244857 0.00285127 -0.000783551 0.00369352 0.00827818 0.0117476 0.00112746 0.0066038 0.00620601 0.00499298 0.00104056 0.00411423 0.00812259 0.00459674 0.00282031 0.00538253 5.96444e-05 0.0062096 0.0128221 0.00496355 0 -0.00857299 0.000301044 -0.000359084
internal_weight=10244.1 7466.56 3275.7 2777.54 4190.86 2733.64 1366.92 2134.06 3746.61 1822.97 643.487 303.765 733.971 157.333 113.055 444.253 203.5 166.179 240.753 165.823 542.056 1089 152.051 936.944 289.041 339.723 113.065 49.3408 2474 576.637
internal_count=189259 162541 91952 26718 70589 85372 35954 22590 67070 16392 4128 1892 7848 1033 1711 3519 1890 1520 1629 1108 6580 8544 1041 7503 1765 2236 737 382 35071 6815
is_linear=0
shrinkage=0.03


Tree=10
num_leaves=31
num_cat=0
split_feature=8 8 5 31 2 8 19 7 39 28 7 5 8 32 2 41 45 41 1 41 29 5 28 27 19 18 32 37 38 36
split_gain=68.5306 19.4441 23.7392 12.4401 12.4339 11.4886 10.9297 8.61133 8.54484 7.49002 7.21094 5.9683 5.6909 5.56289 5.38635 5.22809 5.37226 4.96641 4.80097 6.91271 6.33819 5.96413 4.72747 4.65758 7.35815 4.66198 4.58545 4.52138 4.70979 4.40646
threshold=0.34814146181954747 0.028246442555306502 -0.078514427232747527 0.051685099707298433 -0.0016983908763292524 0.5714650238588167 0.8119962660316099 0.045088195222175609 -0.0014718424595428616 -0.32278382485344531 0.028002744868539774 0.041791587961962702 -0.16161799968330384 0.029370663612169768 0.087835197730000855 0.0034603420574150149 -0.00036650857440539741 -0.0049384666738364726 0.05435648200855956 1.0000000180025095e-35 0.0090323113142375625 0.12804900045015546 -0.94110189597685323 0.025509821671238411 0.74276963603423896 0.040787705484586746 0.033630077038547694 0.034210575509806308 -0.22367853046958072 0.0054644931501991014
decision_type=2 2 2 2 2 2 2 2 2 2 2 2 2 2 2 2 2 2 2 2 2 2 2 2 2 2 2 2 2 2
left_child=1 2 9 8 -4 6 10 -6 -3 22 23 -12 -9 -13 18 17 -17 -5 19 -7 -21 -20 -1 25 -25 -2 -23 -11 -29 -18
right_child=5 3 4 15 7 14 -8 12 -10 27 11 13 -14 -15 -16 16 29 -19 21 20 -22 26 -24 24 -26 -27 -28 28 -30 -31
leaf_value=0.0052111282135001045 0.0088926944386840869 -0.0026450683173768414 -0.006495430323909172 0.0045699403621175493 -0.003111491234971538 0.001148505402646012 0.00037036858851138425 0.011468797880765141 0.00036563370776937227 -0.0040753212810738949 0.00026915331136317234 0.021821515898440131 -0.00090551439529962165 0.0082659440065655128 0.016437198261724302 0.017563290571062685 -0.0018415281461715066 -0.0060753452876862943 -0.0032803420039600405 0.0052762763610829412 0.01472708405104179 -0.0067475920321469918 -0.008034010286781695 -0.0010475586834782118 0.008442325360237769 0.00094332855207025377 0.0074060667056024326 0.0096141910700591783 0.0025220749464052476 0.0096254068022897064
leaf_weight=26.917032495141029 180.35593118239194 1269.1945610065013 1322.4632638101466 140.65503755770624 1241.7198101822287 97.359206051565707 913.72888525761664 58.188674374483526 2498.1047670142725 45.499895227141678 73.376684362068772 33.337392895482481 61.068383985199034 252.63653601892292 54.444587586447597 47.092571846209466 44.151763738133013 47.656239573843777 82.653748143464327 135.27191120013595 167.24321165494621 16.984918316826224 81.266482323408127 337.87913346476853 87.674155144020915 119.70355665497482 184.78300494141877 142.06315220147371 249.0724382372573 64.793210655450821
leaf_count=353 1427 32064 49418 1355 34243 751 12374 473 35388 1501 678 244 1238 2022 298 357 510 438 806 1033 1083 136 1335 2999 780 1001 1086 1019 2372 477
internal_value=0 -0.00151095 -0.00325201 -0.000134379 -0.00441398 0.00404669 0.00282813 -0.0023531 -0.000642874 0.00240468 0.00485928 0.0083636 0.00510935 0.0102971 0.00726205 0.00527244 0.00929094 0.00163327 0.00637459 0.00853182 0.0107531 0.00314305 -0.00438882 0.00303738 0.000913242 0.00588721 0.00593516 0.00418644 0.00526255 0.00483807
internal_weight=10077.3 7339.91 3228.26 4111.65 2683.44 2737.43 1998.69 1360.98 3767.3 544.819 1084.96 359.351 119.257 285.974 738.741 344.349 156.038 188.311 684.296 399.874 302.515 284.422 108.184 725.613 425.553 300.059 201.768 436.635 391.136 108.945
internal_count=189259 162541 91952 70589 85372 26718 21525 35954 67452 6580 9151 2944 1711 2266 5193 3137 1344 1793 4895 2867 2116 2028 1688 6207 3779 2428 1222 4892 3391 987
is_linear=0
shrinkage=0.03


Tree=11
num_leaves=31
num_cat=0
split_feature=8 8 37 34 19 8 42 39 1 29 7 45 28 32 43 39 19 7 19 1 38 0 45 39 43 37 2 32 27 34
split_gain=64.4037 16.3134 18.0035 13.5131 11.2506 12.8287 9.28052 8.06961 8.00121 7.44214 6.77875 5.91711 5.23983 5.13832 5.97856 4.83625 5.35482 4.7452 5.22416 4.6143 4.60687 4.48629 4.98082 4.16516 4.04523 3.98882 5.88285 3.97193 3.92207 4.23251
threshold=0.34814146181954747 0.028246442555306502 0.048611171305965803 0.041508079302664001 0.44242943470044233 0.74689741591675574 0.093514473263734479 -0.0014718424595428616 0.019400345095130094 0.0065327086939435137 0.032372406560350724 -0.0025643911983547043 -0.18071965366275575 0.025500132737138994 0.1066352042716492 -0.0069084687659884767 0.96344204899984509 0.01693933547016235 1.136477981929521 0.053896455184652199 0.9150475423504566 -0.035205980347728497 -0.00054823162770083992 0.030158782572397031 -0.3903309910482759 0.03401743548655084 -0.0016983908763292524 0.033436344082676171 0.01731927133853221 0.043271012925186127
decision_type=2 2 2 2 2 2 2 2 2 2 2 2 2 2 2 2 2 2 2 2 2 2 2 2 2 2 2 2 2 2
left_child=1 2 25 7 10 8 21 -3 9 12 13 -11 -6 14 -2 16 -5 27 -19 -17 -21 22 -4 24 -8 26 -1 -10 -15 -30
right_child=4 3 6 15 5 -7 23 -9 17 11 -12 -13 -14 28 -16 19 -18 18 -20 20 -22 -23 -24 -25 -26 -27 -28 -29 29 -31
leaf_value=-0.0072145843859029611 0.01331936838525832 -0.0028366098192644678 0.011155823952331207 -0.0071779890535522252 0.0041271225634559976 0.014055072126430925 0.021707310410571445 0.00016204581316952617 0 -0.012124194843964473 0.01203018141968935 0.0043232172581054605 0.015200315465809629 0.013133772393625526 0.0013121964973465765 0.0089377078486423435 0.0057273728740849005 0.0030105241136941957 -0.0016987939623182696 -0.0010657870251525841 0.013942628759672037 -0.0020240826537391418 0 -0.0041501946112878158 0.0062303830069631019 -0.0025634012687874878 -0.0033926601414933548 -0.0085187158481984885 -0.0013855447474078846 0.0088162720298637798
leaf_weight=786.16545146470889 105.26046985201538 1199.2511210814118 47.864642170257866 54.123492849990726 83.869710680097342 84.289580639451742 19.056295366026461 2400.5211653700098 202.84710227604955 21.364256029948592 206.01785948313773 72.578577665612102 98.554444501176476 20.617042176425457 67.225152252241969 221.65982973761857 50.64413501508534 1241.6607248960063 243.36620343010873 102.87678271625191 16.728394171223044 561.82909847423434 113.51466228719801 16.667262895032763 96.877372771501541 751.46340255672112 780.15520005393773 60.221610734239221 178.4002684969455 40.235580081120133
leaf_count=32476 599 31999 703 661 752 505 174 35071 2284 200 1226 624 780 120 411 1384 567 12989 4018 797 110 13869 1940 336 1246 19100 22108 676 1308 226
internal_value=0 -0.00148367 -0.00309273 -0.00021183 0.00392406 0.00284589 0.000592803 -0.000831172 0.00233093 0.00706046 0.00750391 0 0.0105154 0.00504998 0.00897748 0.00467395 -0.000689576 0.00154809 0.00221552 0.00639336 0.00126782 -0.000723308 0.00354966 0.00775437 0.00981474 -0.00446482 -0.0053469 -0.00207868 0.00196988 0.000512887
internal_weight=9945.91 7219.4 3173.59 4045.8 2726.51 2108.75 855.809 3599.77 2024.46 276.367 617.756 93.9428 182.424 411.739 172.486 446.033 104.768 1748.1 1485.03 341.265 119.605 723.208 161.379 132.601 115.934 2317.78 1566.32 263.069 239.253 218.636
internal_count=189259 162541 91952 70589 26718 22828 18268 67070 22323 2356 3890 824 1532 2664 1010 3519 1228 19967 17007 2291 907 16512 2643 1756 1420 73684 54584 2960 1654 1534
is_linear=0
shrinkage=0.03


Tree=12
num_leaves=31
num_cat=0
split_feature=8 8 5 6 39 1 0 6 11 0 0 27 32 1 35 33 45 4 43 11 38 6 18 45 3 39 25 3 39 40
split_gain=61.1048 14.8402 22.1809 14.6433 9.15592 7.92715 7.48829 10.1173 6.8135 6.47933 6.36723 6.88903 6.16134 9.26629 5.97782 5.57841 5.48067 5.40068 5.37694 4.95616 5.15465 4.85545 5.29657 4.48031 4.41419 4.32106 4.13208 4.75811 4.08855 3.94292
threshold=0.34814146181954747 0.028246442555306502 -0.078514427232747527 0.31670942536295615 0.0087967339282616543 0.019400345095130094 -0.0021574241835566827 -0.12244669099768295 0.15160027238678928 0.093640722447759964 -0.056622625289260702 0.096811693453244044 0.049449073531593626 0.078151973188938115 0.00042060780888543653 0.25209001211626886 0.0044827816734608816 0.98096740230274293 0.68787078921722344 -0.17433051444679348 0.068291097490361011 0.36611778461559569 -0.89341519294553151 -0.0011819246355041391 15.621155179913625 -0.050264648570450772 -0.46902685839992958 17.761586678248275 0.028426247530661423 0.0075552135489054132
decision_type=2 2 2 2 2 2 2 2 2 2 2 2 2 2 2 2 2 2 2 2 2 2 2 2 2 2 2 2 2 2
left_child=1 2 19 5 -3 -2 -4 8 -8 12 28 15 13 -5 18 -12 21 26 -14 20 23 -11 -23 -1 -16 -21 29 -28 -6 -7
right_child=3 4 6 9 10 17 7 -9 -10 16 11 -13 14 -15 24 -17 -18 -19 -20 25 -22 22 -24 -25 -26 -27 27 -29 -30 -31
leaf_value=0.015063544865342433 0.0069509168470581438 -0.0014173519668903122 -0.0059159016110155232 0.022694888979846471 -0.00080054211099821063 0.0013713968736038769 -0.003635637689571306 -0.0034732581838960086 0.0095383509290566902 0.001085484595794624 0.00050210260679338988 -0.0092315836949146603 0.011695744411007052 -6.1651105228640156e-05 -0.012490049418383302 0.0048667985899611904 0 -0.0033836004521706877 -0.006932271966734853 0.0084045564948475558 -8.5685358404853881e-05 0 0.024941226224398039 0.0045135816329368496 0.00173494639852024 -0.0035623975723753924 0.0025618705878409382 0.0073202604248122135 0.01685044400477604 -0.0074755507919122355
leaf_weight=50.10196375194937 372.18351153004915 2390.620229234919 1191.8424436734058 38.552469778805971 11.886075584217904 684.36193043645471 48.178702741861343 1271.4156885994598 91.88638465013355 15.869418445974587 1159.2077437750995 49.871085707098246 83.05560141056776 21.407517628744245 19.309560481458902 344.73616184014827 16.682648323476315 139.34957844857126 11.011903487145899 27.109700616449118 124.75354867242277 10.234913932159541 61.785261161625385 177.43343943916261 89.732584683224559 150.70581944938749 844.96777167450637 260.00483813509345 33.803966938517988 42.891855765134096
leaf_count=442 2863 49568 45352 177 174 9031 985 38141 894 91 15966 573 492 119 128 3991 95 1578 70 300 1649 52 318 1827 569 2362 8044 2429 317 662
internal_value=0 -0.00145898 -0.00300322 0.00382874 -0.000236536 0.00292415 -0.00414555 -0.00261389 0.00483092 0.00939846 0.00150853 0.00114196 0.00647741 0.0147289 0.00360197 0.00153528 0.0158422 0.00213316 0.00897244 0.00253693 0.00459667 0.0186856 0.021852 0.00723958 -0.000958169 -0.00139385 0.00257714 0.0037365 0.0120407 0.000761172
internal_weight=9834.95 7123.55 3133.43 2711.4 3990.13 2343.76 2603.32 1411.48 140.065 367.642 1599.51 1553.81 263.07 59.96 203.11 1503.94 104.572 1971.58 94.0675 530.104 352.289 87.8896 72.0202 227.535 109.042 177.816 1832.23 1104.97 45.69 727.254
internal_count=189259 162541 91952 26718 70589 24607 85372 40020 1879 2111 21021 20530 1555 296 1259 19957 556 21744 562 6580 3918 461 370 2269 697 2662 20166 10473 491 9693
is_linear=0
shrinkage=0.03


Tree=13
num_leaves=31
num_cat=0
split_feature=8 34 5 8 6 2 19 6 39 0 19 6 2 32 3 38 3 18 26 44 41 28 28 26 38 1 44 1 5 3
split_gain=58.7433 14.5863 16.064 15.1697 13.5496 8.81011 8.34873 7.51922 7.45336 7.40018 7.75333 6.80045 6.44234 8.90449 7.56012 6.09418 6.04335 5.66517 6.655 5.25953 5.21805 5.61102 5.21012 5.18287 4.8786 4.53897 4.37855 4.18432 4.61016 5.53311
threshold=0.34814146181954747 0.041508079302664001 -0.086584283147530403 0.028246442555306502 0.26243853703836711 -0.0016983908763292524 1.0538961013276713 -0.12244669099768295 0.0087967339282616543 0.011287560787999732 0.44242943470044233 -0.0051218956167246579 0.087835197730000855 0.053869681111371477 18.684025139471821 0.068291097490361011 17.444780854242136 -1.599326742785167 -0.032509229097002247 0.095242867933740663 0.0050209131076884286 -0.22356973751791107 0.10172248896029058 0.010515364014138686 0.45110414435941243 0.10039574626758492 -0.034316585426326027 0.019231349193818515 0.044738009198864843 16.688562721408001
decision_type=2 2 2 2 2 2 2 2 2 2 2 2 2 2 2 2 2 2 2 2 2 2 2 2 2 2 2 2 2 2
left_child=1 2 15 5 6 -4 9 -7 -5 20 16 -3 13 25 -14 17 -11 22 -19 26 21 -2 -1 -22 -10 -6 -15 -13 29 -29
right_child=4 11 3 8 12 7 -8 -9 24 10 -12 27 14 19 -16 -17 -18 18 -20 -21 23 -23 -24 -25 -26 -27 -28 28 -30 -31
leaf_value=-0.010095793156843696 -0.0022422828199115392 -0.004968812710648543 -0.0057596693619975598 -0.0020706547107620724 0.014058548210691435 0.004083657720133603 -0.0017321174631784292 -0.0030118318273025585 0.0019853677364543008 0.0020224646173864808 -0.0006320894079514805 0.016107813381954231 0.021384817114198002 -0.0084632469793119672 -0.0007466433787604971 -0.00090380157749481052 0.013252482618798139 0.013649006023274542 0.0027413393053296008 -0.0085466352068866314 0.0094022745229007561 0.0047537137569701035 0.0068325439360680746 0.0036061355950722314 -0.0017389583679730373 -0.00049679108915801681 0.0055656339796890924 0.0045581330514977095 0.0067619520577568834 -0.0053749244399713889
leaf_weight=28.75543861463666 144.768744552508 68.310197024606168 1277.5832192138769 2083.2992513496429 140.5333421677351 144.02452915348113 321.27184033580124 1171.4429984390736 946.16530956234783 134.67919736728072 568.18748432770371 24.608203183859587 54.616258502006531 15.532524701207874 14.345318932086228 151.48634703177959 66.714927891269326 110.07365372497588 109.88808078505099 24.084473866969347 337.90609032474458 303.19795632176101 25.522854088805616 287.37831193953753 462.6601969441399 17.31030847877264 280.97403706051409 116.72692071925849 223.26933874655515 80.553345725871623
leaf_count=347 1224 1599 49402 47368 852 1807 6399 33871 13153 985 6926 171 270 159 76 2172 380 1112 1181 135 2450 2596 284 2299 6450 109 1858 1041 1643 940
internal_value=0 -0.00144789 -0.00183536 -0.00223325 0.00374665 -0.00397295 0.00264771 -0.00219974 -0.000929042 0.00343013 0.00112395 0.00337766 0.00797367 0.00650385 0.0166362 0.00374232 0.00611886 0.00638644 0.00851517 0.00340698 0.00504309 0.0024268 -0.00172473 0.00683573 0.000739251 0.0123118 0.00460307 0.00476605 0.00385043 0.00032136
internal_weight=9735.87 7024.37 6510.9 6085.18 2711.5 2593.05 2164.1 1315.47 3492.12 1842.83 769.582 513.468 547.396 478.435 68.9616 425.726 201.394 274.24 219.962 320.591 1073.25 447.967 54.2783 625.284 1408.83 157.844 296.507 445.158 420.55 197.28
internal_count=189259 162541 157147 152051 26718 85080 23259 35678 66971 16860 8291 5394 3459 3113 346 5096 1365 2924 2293 2152 8569 3820 631 4749 19603 961 2017 3795 3624 1981
is_linear=0
shrinkage=0.03


Tree=14
num_leaves=31
num_cat=0
split_feature=8 31 6 5 8 19 2 7 39 38 39 38 2 32 3 1 1 34 31 0 31 45 7 37 3 3 41 43 5 26
split_gain=52.6374 14.2346 12.229 11.5203 16.4032 8.64002 8.01315 9.75325 6.777 6.01798 5.72185 5.62652 5.22848 7.35305 7.24153 6.5672 5.22251 5.89667 5.12517 4.78375 4.99279 4.7661 4.43618 4.43153 6.77465 4.36091 4.35773 4.17706 3.61517 3.41579
threshold=0.34814146181954747 0.04781968727296431 0.31670942536295615 -0.086584283147530403 0.028246442555306502 1.0538961013276713 -0.0016983908763292524 0.045088195222175609 0.0087967339282616543 0.068291097490361011 0.01383850424124509 0.45110414435941243 0.070779815857414038 0.047101745743735615 18.684025139471821 0.078151973188938115 0.019545573322627945 0.039739237026981789 0.093829741277411435 -0.010443915676865362 0.0044653035797752785 0.01079125978862612 0.033325112682712633 0.088986934328551967 16.02107757352664 17.690040739718537 -0.0057700184044432688 0.55911936815328478 0.031127582950662317 -0.013964179729519596
decision_type=2 2 2 2 2 2 2 2 2 2 2 2 2 2 2 2 2 2 2 2 2 2 2 2 2 2 2 2 2 2
left_child=1 3 5 9 6 16 -5 -8 22 19 18 -10 13 15 -14 -4 -2 27 29 20 -1 28 -6 24 -15 -25 -19 -18 -12 -3
right_child=2 10 12 4 8 -7 7 -9 11 -11 21 -13 14 23 -16 -17 17 26 -20 -21 -22 -23 -24 25 -26 -27 -28 -29 -30 -31
leaf_value=0.0094453710419936682 0.0069457629094717777 -0.0015315847125002867 0.021266685734208854 -0.0056464722639863654 -0.0012395003158978026 -0.001466524018544353 -0.0030138058737952779 0.0061991949030721638 0.0020689132301573185 -0.0018546715057435766 0 -0.001928807646060679 0.019778098435800567 -0.013213437016870019 0 0 0.0026702774816690952 0 -0.0074316637493591379 -0.0012721477770181431 -0.0023429616224416925 -0.0070816967871825901 -0.0052022421565201043 0.013212324561228587 0.0032276446020856686 -0.00024050516928983041 0.0091242105317950566 -0.0018157569381381273 0.011691242773710317 0.0054472130641485912
leaf_weight=187.798643251881 342.88137677125633 91.199763807002455 41.417245607823133 1245.4030176009983 1754.2063850741833 356.45890959259123 1199.4618349461816 106.59829733707011 1007.2404731679708 142.8715378139168 34.347176593728364 450.17346767894924 66.246221430599689 23.191307494416833 18.235574495047331 15.080524139106272 1149.1120667131618 60.480967044830322 47.638755874708295 63.834980420768261 32.121066534891725 11.729690179228781 303.34180402290076 54.937969867140055 107.80101278610528 27.038676073774695 193.72010228224099 210.96749596856534 125.4032927993685 157.74359201733023
leaf_count=1916 2262 1384 195 49370 39443 6765 34067 1565 13184 2134 462 6488 346 173 102 87 11691 478 676 691 334 118 7611 319 715 174 1364 2047 888 2210
internal_value=0 -0.00137318 0.00357924 -0.00174123 -0.00207972 0.00275363 -0.00391109 -0.0022182 -0.000738164 0.00297077 0.00363345 0.00081119 0.00877882 0.00633552 0.0154474 0.0156607 0.00353931 0.00277803 0.000954856 0.00549433 0.0075764 0.0079379 -0.00184946 0.00342155 0 0.00867146 0.00697816 0.00194835 0.00940426 0.00279259
internal_weight=9628.68 6961.11 2667.57 6493.05 6066.43 2313.62 2551.46 1306.06 3514.96 426.626 468.062 1457.41 353.949 269.467 84.4818 56.4978 1957.16 1614.28 296.582 283.755 219.92 171.48 2057.55 212.969 130.992 81.9766 254.201 1360.08 159.75 248.943
internal_count=189259 162541 26718 156803 151728 24607 85002 35632 66726 5075 5738 19672 2111 1663 448 282 17842 15580 4270 2941 2250 1468 47054 1381 888 493 1842 13738 1350 3594
is_linear=0
shrinkage=0.03


Tree=15
num_leaves=31
num_cat=0
split_feature=8 34 5 8 6 2 7 19 2 3 5 39 1 41 3 31 39 40 0 25 27 0 5 29 2 37 29 18 27 35
split_gain=49.872 13.4143 14.3363 12.4294 12.1996 7.55624 8.17935 6.85268 6.72693 6.63392 6.33576 5.98217 5.65219 5.42234 5.39148 5.0669 6.13166 4.97254 4.94107 6.85445 6.42547 6.33913 4.84842 4.85888 4.75336 4.56943 4.54207 6.80934 5.60443 4.51897
threshold=0.34814146181954747 0.033067603125098745 -0.086584283147530403 0.028246442555306502 0.36611778461559569 -0.0016983908763292524 0.045088195222175609 0.80861874037491654 0.070779815857414038 17.666052709400123 0.034153100563084189 0.0087967339282616543 0.019545573322627945 0.0058771138704312763 16.554034935080072 0.020146904394120754 0.035479522809682924 0.00066309459019881401 -0.0025654536694125932 -0.34250243163995669 0.053892219538276269 -0.056622625289260702 0.17421022644079734 -0.029481318549887153 -0.041552923325972969 0.038693034137317069 0.039748075452457267 -1.0776438047378669 0.026655248364624028 0.0019476033710275232
decision_type=2 2 2 2 2 2 2 2 2 2 2 2 2 2 2 2 2 2 2 2 2 2 2 2 2 2 2 2 2 2
left_child=1 2 24 5 7 -4 -7 9 14 26 -3 -5 13 -9 17 -14 -17 29 20 25 -12 -22 23 -11 -1 -20 28 -28 -2 -6
right_child=4 10 3 11 8 6 -8 12 -10 22 18 -13 15 -15 -16 16 -18 -19 19 -21 21 -23 -24 -25 -26 -27 27 -29 -30 -31
leaf_value=0.0074191732652488821 0.0050163245187849611 -0.00053582296738328419 -0.0055122259810570073 -0.0020356536196941767 -0.0062944411211570484 -0.0028874143751663355 0.0054350176257340682 -3.4563084013680982e-06 0.018471484418943963 -0.0047233257418792295 0.01526592191557658 0.00052966646394724654 -0.0017281735785012744 0.010398390144363525 0.0021880879727293359 0.00075656720021477887 0.010516845538931296 0.021614072188160673 0.0034527311645359735 0.0097155018059341472 0.015932854981940279 -0.0018832479669912477 -0.0044945568964950946 0.010446013095566184 0.00080322777252103705 -0.0067471512587079768 -0.0095041875967714594 0.010769649565921045 0.00018799730964705097 0.014236099358665866
leaf_weight=164.1160230031237 381.65455744974315 289.45831158244982 1195.5473438920453 1938.1571193868294 15.747092934325339 1174.5711802113801 109.96910490654409 70.203799077309668 61.962642721831799 14.892921831458805 77.433934034779668 1384.1530876178294 550.60710913222283 97.84674706030637 117.2988024931401 302.97288728225976 69.559160420671105 28.850759893655777 72.41811234690249 65.987152696587145 18.839303270913661 61.9285081429407 18.613384902477264 253.5953028742224 263.41791699267924 72.534051365219057 11.542788779363034 115.07589345425367 523.22236057557166 12.015905573964117
leaf_count=1843 2948 5176 48648 46102 109 33690 1545 760 328 127 604 18975 8222 735 756 4066 622 157 682 583 133 639 120 1891 3174 747 111 868 4834 64
internal_value=0 -0.00134473 -0.00177841 -0.00217284 0.00349723 -0.00378206 -0.00213336 0.0028293 0.00999605 0.00428834 0.00269482 -0.000958674 0.00102731 0.00600507 0.00637687 6.13527e-05 0.00277362 0.0136869 0.00528159 0.00200911 0.00926593 0.0026092 0.00835736 0.00942391 0.00346863 -0.00150601 0.00309199 0.00840268 0.00227381 0.0024921
internal_weight=9534.19 6888.53 6229.93 5802.4 2645.66 2480.09 1284.54 2409.79 235.875 1318.6 658.599 3322.31 1091.19 168.051 173.913 923.139 372.532 56.6138 369.141 210.939 158.202 80.7678 287.102 268.488 427.534 144.952 1031.5 126.619 904.877 27.763
internal_count=189259 162541 153977 148960 26718 83883 35235 25304 1414 10899 8564 65077 14405 1495 1086 12910 4688 330 3388 2012 1376 772 2138 2018 5017 1429 8761 979 7782 173
is_linear=0
shrinkage=0.03


Tree=16
num_leaves=31
num_cat=0
split_feature=8 6 31 5 8 2 7 5 39 1 29 39 2 2 32 11 7 7 26 11 31 4 25 43 43 7 28 11 41 6
split_gain=44.3587 13.7794 12.573 10.535 13.977 7.18788 7.09606 6.83608 6.35959 5.86372 5.32787 5.15313 5.14922 4.82635 4.60295 4.2944 4.28102 4.27738 4.18319 5.94579 4.84123 3.95031 3.78645 3.78395 3.73891 3.59176 3.46968 3.84921 3.3824 3.32877
threshold=0.34814146181954747 0.24525596292962973 0.051685099707298433 -0.086584283147530403 0.028246442555306502 -0.0022124005835336374 0.046628362385798268 0.044738009198864843 -0.0054982100398907573 0.014683696835856077 0.029253610423018127 0.0087967339282616543 -0.0060729264888642965 0.087835197730000855 0.053869681111371477 0.23461174242424246 0.040736180205795398 0.033325112682712633 0.0030350043977734934 -0.10640108954715695 0.0044653035797752785 0.096811289745859966 -0.16797062468590149 -0.65238216272665095 -0.04932392236858351 0.054018570033347736 -0.39728925763355422 -0.20139561930606706 -0.008831598271230888 0.07732823264073431
decision_type=2 2 2 2 2 2 2 2 2 2 2 2 2 2 2 2 2 2 2 2 2 2 2 2 2 2 2 2 2 2
left_child=2 8 3 18 5 -5 -7 25 -2 26 12 17 -9 14 21 -14 -13 -6 19 20 -1 28 24 -16 -12 -4 29 -28 -3 -10
right_child=1 13 7 4 11 6 -8 10 9 -11 22 16 15 -15 23 -17 -18 -19 -20 -21 -22 -23 -24 -25 -26 -27 27 -29 -30 -31
leaf_value=0.007959703890188196 -0.00094712880147134241 0 -0.0026433455826551946 -0.0053735165894618448 -0.0010888380786322558 -0.0027439938132616097 0.0051971909644841791 0.016330537569102566 0.0088520558171725286 0.0024083633290087427 -0.013613682509365378 0.0011940008609079061 -0.0017025619606730236 0.015067511823894082 0.011685810826300193 0.0097398446626223972 -0.0040379722720872068 -0.0050596184428818164 -0.0039599235957144107 -0.0019533767824014901 -0.0025086410792574281 0.004048233270723527 0.010974224374767068 0.0023517273310459342 0.0017838386126226603 0.0080730157928268608 -0.00020684548070360205 0.014418408804623924 0.015990214823986833 -0.0070124560587871716
leaf_weight=236.99245059583336 458.69749039690942 17.871160419657826 145.45451908838004 1171.3393145934679 1715.8632728755474 1221.5667365733534 103.43663892988116 65.642642018385231 18.447599705308676 1434.8170620696619 19.146822424605489 1332.7419798485935 43.725421214476228 67.09401361271739 44.504431735724211 61.896478373557329 150.64829212147743 289.46178199816495 61.190907493233681 98.798624943010509 40.249870907515287 81.415539519861341 13.29982767254114 294.11014160141349 25.391692817211151 29.187597386538982 14.891593238338826 80.598137028515339 91.016050478443503 18.628294976428151
leaf_count=2412 6699 137 2480 48524 39723 35434 1363 484 111 15032 197 17690 411 380 277 493 2168 7772 737 1465 488 608 99 2167 221 380 101 500 559 147
internal_value=0 0.00331294 -0.0012741 -0.00160102 -0.00193288 -0.00364732 -0.0020843 0.00380884 0.00210251 0.00301424 0.00717013 -0.000694059 0.00977074 0.00732605 0.00615594 0.00486887 0.000630723 -0.00168809 0.00284422 0.00406758 0.00631611 0.00995806 -0.000217811 0.00381801 -0.00493582 -0.000510494 0.00902799 0.0119423 0.0137417 0.00028204
internal_weight=9448.13 2622.09 6826.03 6422.29 5985.06 2496.34 1325 403.745 2026.08 1567.38 229.103 3488.72 171.265 596.011 528.917 105.622 1483.39 2005.33 437.232 376.041 277.242 190.303 57.8383 338.615 44.5385 174.642 132.566 95.4897 108.887 37.0759
internal_count=189259 26718 162541 157776 152674 85321 36797 4765 22590 15891 1905 67353 1388 4128 3748 904 19858 47495 5102 4365 2900 1304 517 2444 418 2860 859 601 696 258
is_linear=0
shrinkage=0.03


Tree=17
num_leaves=31
num_cat=0
split_feature=8 31 5 8 8 2 7 5 19 41 3 35 4 28 29 8 3 32 25 37 28 7 37 5 7 19 3 2 44 3
split_gain=40.9117 13.461 10.1337 13.0299 10.1237 7.11055 6.99944 6.79168 6.73514 6.36053 5.52562 4.82853 5.8632 4.6474 4.6143 4.70782 4.52289 4.48165 5.78972 5.06901 4.69769 4.27892 5.14389 3.95552 5.76643 4.90182 4.65938 4.30418 3.84892 3.65447
threshold=0.34814146181954747 0.051685099707298433 -0.086584283147530403 0.028246442555306502 0.5714650238588167 -0.0022124005835336374 0.046628362385798268 0.044738009198864843 0.80861874037491654 0.019743359434976522 17.666052709400123 -0.0027684293983463479 0.22208079558444463 0.013467565301691133 0.012568656517788426 -0.36425825792838107 16.593087163262666 0.076597228715913221 -0.40977027107568592 0.055325463137058072 -0.46912463529414067 0.040284150674756998 0.024642598609592389 0.15282722556106912 0.034798637481798435 0.29203893737620251 17.834225990902009 -0.0027650226159682003 0.095242867933740663 19.004546012964671
decision_type=2 2 2 2 2 2 2 2 2 2 2 2 2 2 2 2 2 2 2 2 2 2 2 2 2 2 2 2 2 2
left_child=1 2 13 5 8 -4 -7 -3 10 23 11 -2 -13 -1 15 -15 -11 18 19 -9 -19 22 -5 25 26 27 -25 -6 -18 -12
right_child=4 7 3 21 9 6 -8 17 -10 16 29 12 -14 14 -16 -17 28 20 -20 -21 -22 -23 -24 24 -26 -27 -28 -29 -30 -31
leaf_value=-0.00023454320315631556 0.0066734468559749294 -0.00038561294632423715 -0.0053079679587772323 -0.0020336220912668007 -0.005125062414927866 -0.0026925643000367669 0.0050299721555330463 0.0093476314812619733 8.0628435250126754e-05 0.014360672349322008 0.0098483869988138743 0.0029679823159617755 -0.0032904360410698839 0.0020972078560982377 -0.0057659876079508817 0.011756023498783529 0.0074173428274189601 0.010969418385129466 0.018734890383597422 -0.0060430046067334606 -0.0018738923816487595 -0.0042475491713998646 0.00049581941246264714 0.0065346832381762386 0.012743396671942237 -0.00036423164114643479 -0.015936678211836985 0.013325731036555695 -0.0068095848664512628 0.00031112312277596795
leaf_weight=216.23037398513407 184.591168647632 171.28501581726596 1148.6142805824056 1097.790615090169 9.2798483371734601 1213.320129532367 108.62909710872918 60.421378535218537 883.31185488030314 118.48111455515027 176.04743155837059 454.52130318526179 182.47080352157354 99.856883072294295 21.395500032231212 100.92940442916006 174.1429813914001 31.879148289561272 50.16031922865659 20.838293857872486 72.433426250703633 277.5666171843186 2070.5014316365123 12.957659697160127 71.919777518138289 224.02904393803328 9.495709761977194 42.946187615394592 12.841347474604843 53.869184060022235
leaf_count=2727 1444 2860 48524 23219 53 35434 1363 493 12456 792 1255 4078 1841 1113 286 976 1226 213 338 184 677 5965 38169 88 430 2216 73 230 85 451
internal_value=0 -0.00123168 -0.00157471 -0.00190427 0.00318612 -0.00356775 -0.00201881 0.00400536 0.00204926 0.00635656 0.00366641 0.00243438 0.00111682 0.00277649 0.0057796 0.00726586 0.00960025 0.00726224 0.0109135 0.00493155 0.00209894 -0.000699478 -0.000372983 0.0035111 0.0087202 0.00150153 -0.00304756 0.0093617 0.00613213 0.00779571
internal_weight=9372.76 6761.85 6354.83 5916.42 2610.91 2470.56 1321.95 407.018 1934.81 676.094 1051.5 821.583 636.992 438.412 222.182 200.786 305.465 235.733 131.42 81.2597 104.313 3445.86 3168.29 370.628 94.3731 276.255 22.4534 52.226 186.984 229.917
internal_count=189259 162541 157776 152674 26718 85321 36797 4765 21525 5193 9069 7363 5919 5102 2375 2089 2103 1905 1015 677 890 67353 61388 3090 591 2499 161 283 1311 1706
is_linear=0
shrinkage=0.03


Tree=18
num_leaves=31
num_cat=0
split_feature=8 31 6 37 39 0 25 25 26 19 39 28 11 6 6 39 45 8 27 2 1 19 31 0 35 7 35 41 19 35
split_gain=37.7361 13.3377 11.3887 9.35079 6.10464 5.78951 5.52687 5.40958 5.36564 5.22127 7.21834 5.98116 5.03519 4.82843 4.80693 4.78099 5.5301 4.75146 7.49322 4.42701 4.24934 4.14511 3.95831 3.82487 3.76862 3.62418 3.53867 5.13073 4.47224 3.46503
threshold=0.34814146181954747 0.04781968727296431 0.26243853703836711 0.025071661579616707 -0.0054982100398907573 0.081405523133949678 -0.037694421657938036 -0.14438199508288899 0.013476215525096669 0.8119962660316099 0.024649689810710928 -0.72510820016854705 0.33124706618682531 -0.017664813084022343 -0.11887354815692545 -0.0094534012731523256 0.014040787500521552 0.042587602022570371 0.060975572831241734 0.060821218694698372 0.019545573322627945 1.2345790702599218 0.094963846536160065 -0.067658654415710812 0.0026294153207729923 0.010425327825087713 0.00059420513860308126 0.067911349879143088 0.68394127374934632 0.0010485240090452009
decision_type=2 2 2 2 2 2 2 2 2 2 2 2 2 2 2 2 2 2 2 2 2 2 2 2 2 2 2 2 2 2
left_child=1 3 4 13 -2 15 7 26 17 10 25 -12 -10 -1 -14 -3 21 18 -5 -9 24 -17 -8 -19 -11 -6 28 -28 -4 -15
right_child=2 5 6 8 9 -7 22 19 12 20 11 -13 14 29 -16 16 -18 23 -20 -21 -22 -23 -24 -25 -26 -27 27 -29 -30 -31
leaf_value=-0.0054885468968499732 -0.00093649049506918172 -0.0021442631908878814 0.015954818711473348 -0.0022132456818922219 -0.0010532833219974638 0.018388014740542899 0.016615126835137089 -0.010440931148380734 -0.0038020639493328576 0.0087909539981606572 -0.012046724879329158 0.0017954262349604651 0.015568084166804512 -0.0034444738447936543 0 0.0074866643534935605 -0.0089688689519946616 0.015245228879306403 0.0028022579646754774 0.0083888589419820175 -8.0178621211069744e-05 -0.00039554683986791429 0 0.00086840019643510372 -0.0020534799868429108 0.0067364273323416686 0.0059554458567168071 -0.0050967659389694409 0.005431542977697006 -0.00036431239910185556
leaf_weight=611.28638962190598 460.62196163460612 119.57710740063339 64.800077239051461 1384.7674308689311 50.417929667979479 18.668730392120779 74.684309592470527 28.912551898509264 768.41169851412997 94.853729223832488 27.20456125587225 215.06892624869943 14.593301805667577 845.26587763614953 181.88573240302503 244.6869648443535 19.099838053807616 12.172464931383727 323.0809378316626 10.774996168911455 591.47687853313982 69.125060182064772 15.545384883880613 1528.2405347693712 32.594581555575132 602.91276093386114 152.35995305515826 42.720570627599955 124.17193233780563 576.23928595194593
leaf_count=22832 6899 2152 434 41432 334 140 444 215 20480 791 220 1689 100 21553 3774 2434 227 154 5606 60 8351 785 89 26954 292 4683 1060 306 851 13918
internal_value=0 -0.0011861 0.00307353 -0.00155737 0.00205306 0.00363734 0.00707637 0.00540522 -0.00074015 0.00292476 0.00445695 0 -0.0027001 -0.00323045 0.00144809 0.00276887 0.00462799 -0.000145474 -0.00124152 -0.00429078 0.000956984 0.00567733 0.0139136 0.00105038 0.00581819 0.00608629 0.00652657 0.0033183 0.00951297 -0.00222254
internal_weight=9306.22 6717.1 2589.12 6245.94 2075.15 471.158 513.97 423.74 4213.15 1614.53 895.604 242.273 964.891 2032.79 196.479 452.489 332.912 3248.26 1707.85 39.6875 718.925 313.812 90.2297 1540.41 127.448 653.331 384.053 195.081 188.972 1421.51
internal_count=189259 162541 26718 156803 23259 5738 3459 2926 98500 16360 6926 1909 24354 58303 3874 5598 3446 74146 47038 275 9434 3219 533 27108 1083 5017 2651 1366 1285 35471
is_linear=0
shrinkage=0.03


Tree=19
num_leaves=31
num_cat=0
split_feature=8 31 8 5 8 19 5 2 7 11 7 26 31 27 19 39 27 41 39 4 10 5 31 7 26 33 5 27 44 5
split_gain=36.3412 12.6953 10.3079 8.52872 12.4764 6.52779 6.33396 5.85807 5.09449 4.97466 4.95512 4.94977 5.62008 4.45785 5.31564 4.45328 5.38534 4.3197 4.26471 4.15141 4.94 4.05524 4.71006 4.02377 3.68014 3.67961 3.63665 3.48094 4.1249 3.40274
threshold=0.34814146181954747 0.051685099707298433 0.5714650238588167 -0.086584283147530403 0.019710799879951894 0.80861874037491654 0.044738009198864843 -0.0016983908763292524 0.027740657445480908 -0.18516238263814067 0.051364532723649714 0.0042587661591868987 0.0044653035797752785 0.025096500892492258 0.74276963603423896 -0.0074028230988861651 0.06684167323915309 0.019743359434976522 0.0087967339282616543 0.11175515449728658 0.026771405453847364 0.041791587961962702 -0.0039603455248881595 0.054018570033347736 -0.002364105155124033 -0.45380019223729023 0.081481501249764735 0.041769002997897771 -0.0061169760619909511 0.03058082401422613
decision_type=2 2 2 2 2 2 2 2 2 2 2 2 2 2 2 2 2 2 2 2 2 2 2 2 2 2 2 2 2 2
left_child=1 3 5 9 7 8 23 -5 13 11 -9 12 -1 24 -15 -8 -17 19 -6 20 25 -10 -23 -3 -2 -4 -18 -21 -29 -7
right_child=2 6 17 4 18 29 15 10 21 -11 -12 -13 -14 14 -16 16 26 -19 -20 27 -22 22 -24 -25 -26 -27 -28 28 -30 -31
leaf_value=0.0078015906185090111 0.010407283029673987 -0.0027166421400140919 -0.0063549349545778538 -0.0050714327033814502 -0.0015570544240854529 0.0035984231118108608 -0.00051753081290455073 -0.0025090456494523895 0 -0.0021901473872097455 0.0052507294034890573 -0.0048540859219094604 -0.0040047875958518619 -0.0020611881521710208 0.0060416336988704245 0.01272288253609119 0.007894165284555426 0.0089274253280162887 0.00055838280423301174 0.0036940464755180471 0.013138449475057658 0.00057295815052945591 0.010131716316974931 0.008445778709783516 0.0024336920582754364 0.0051137216388925039 -0.0049593663344629085 0.0013024206869667594 -0.012971278844731012 -0.0010309968516560878
leaf_weight=232.37772259488702 73.074480019509792 140.33490182226524 24.448299849405885 1128.3406064603478 2000.9384787753224 175.18054641783237 48.285125373862684 1162.0896884906106 68.429550875909626 130.75218199007213 72.175482858903706 36.397081553936005 36.047286351211369 309.78426800295711 89.579511662945151 122.59121874626726 35.884886840358377 307.26843781396747 1468.105680597946 81.279298078268766 64.491842001676559 68.269736528396606 214.52250603958964 31.023564527742565 221.25288200005889 129.24253405816853 31.496950968168676 31.166771247982979 28.323568841442466 682.16019690223038
leaf_count=2171 541 2480 195 48535 49096 2348 573 33800 690 2030 821 459 442 3015 749 822 262 2103 20422 807 450 610 1677 380 1787 1131 248 251 256 10108
internal_value=0 -0.00116664 0.0030291 -0.0015054 -0.00181123 0.00187266 0.00389981 -0.00349328 0.00345907 0.0024951 -0.00201172 0.00460456 0.00606213 0.00188318 -0.000117258 0.0070193 0.00905293 0.00624784 -0.000653647 0.00378051 0.00632823 0.00641726 0.0079784 -0.000343481 0.00465435 0.00295756 0.0015439 -4.40779e-05 -0.00550695 -3.48982e-05
internal_weight=9245.32 6676.84 2568.47 6267.22 5831.65 1902.25 409.617 2362.61 1044.91 435.574 1234.27 304.822 268.425 693.691 399.364 238.258 189.973 666.221 3469.04 358.952 218.183 351.222 282.792 171.358 294.327 153.691 67.3818 140.77 59.4903 857.341
internal_count=189259 162541 26718 157776 152674 21525 4765 83156 9069 5102 34621 3072 2613 6092 3764 1905 1332 5193 69518 3090 1776 2977 2287 2860 2328 1326 510 1314 507 12456
is_linear=0
shrinkage=0.03


Tree=20
num_leaves=31
num_cat=0
split_feature=8 31 6 5 8 1 2 6 7 8 3 36 3 4 38 8 29 7 6 11 8 31 32 3 8 5 36 39 38 45
split_gain=36.2606 10.6233 10.2098 7.76043 11.1379 6.53091 5.47985 4.99735 5.64538 5.63001 5.23842 5.62522 4.9688 5.6149 4.9484 4.59082 4.99176 4.48044 4.45917 4.43236 4.4851 4.20741 4.14801 3.94646 3.91804 3.74746 4.14006 3.66587 4.68176 3.56705
threshold=0.34814146181954747 0.051685099707298433 0.24525596292962973 -0.086584283147530403 0.019710799879951894 0.036036002126436012 -0.0058920339248022075 0.060953827767940345 0.033325112682712633 0.28931751654498133 15.18852158493983 0.046051385868387931 17.340229397409505 -0.067320545399575757 0.072838809711354827 0.58830894283789559 0.0021342210337955306 0.055709801122698639 -0.12244669099768295 -0.18516238263814067 -0.36425825792838107 0.011787944846733194 0.054845863602589848 18.157664421936683 0.51871108800206422 0.069252598163467641 -0.0010976680476699964 0.0087967339282616543 0.44213079673449768 0.010625625057031371
decision_type=2 2 2 2 2 2 2 2 2 2 2 2 2 2 2 2 2 2 2 2 2 2 2 2 2 2 2 2 2 2
left_child=1 3 5 14 6 15 -5 -3 9 -9 17 -12 13 -7 19 16 24 -10 -8 20 -1 22 -14 29 -2 26 -4 -6 -29 -17
right_child=2 7 25 4 27 12 18 8 10 -11 11 -13 21 -15 -16 23 -18 -19 -20 -21 -22 -23 -24 -25 -26 -27 -28 28 -30 -31
leaf_value=0.001291424496437978 0.0059193605692004214 -3.86647949253727e-05 0.0073114604475711734 -0.0051703209599189576 -0.0015234236026114476 0.00199384650366483 0.0027648099265963968 0.017180012925922902 0 0.00066308519085443902 -0.0060910895919980947 0.0078568053988425299 0.0012791967326148069 -0.0044674466384710737 -0.0019444591548151934 0.012030916469094325 0.00052868707043631077 0.023403591096218444 -0.0027134367748531205 -0.0010448891509442552 0.010628044278080217 0.0056668158953832766 -0.010750566783727223 -0.0051447345770717252 -0.0018281246890869132 0.0073729716649342516 -0.0072325405746652294 0.0015852519120453836 -0.002049167101214471 -0.001790542134221106
leaf_weight=89.09827315993607 417.27258072048426 183.95856978185475 27.845614509657025 936.35804575681686 1975.052637106739 187.34046617150307 140.0833985125646 59.546448955312371 16.302703952416781 32.153441840782762 68.547398569993675 34.537216251716018 144.96006589662284 304.86423878930509 147.92817256227136 111.62160019949079 503.10310825612396 11.798110064119099 1264.532440870069 79.351544974371791 119.38009574171156 191.04641551710665 25.761813588440418 11.138375040143726 59.364661706611514 517.38545517716557 32.66584324836731 1017.6641706060618 454.46533775143325 13.974201964214442
leaf_count=806 4495 2728 243 40582 49096 2054 2099 456 157 269 838 246 2031 4054 2139 817 5638 71 40475 1184 973 2265 355 142 617 3587 298 13575 6847 122
internal_value=0 -0.00116899 0.00303803 -0.00148014 -0.00177409 0.00197823 -0.00337207 0.00347828 0.00644979 0.0120325 0.00202862 -0.000993181 0 -0.00195252 0.0023322 0.00348346 0.00269162 0.0124957 -0.00213794 0.00462828 0.00690205 0.00265039 -0.000619607 0.00865044 0.00488317 0.00655221 -3.46554e-05 -0.000676905 0.000439812 0.0102537
internal_weight=9179.1 6630.76 2548.34 6223.91 5788.16 1970.45 2340.97 406.844 222.885 91.6999 131.185 103.085 853.973 492.205 435.758 1116.47 979.74 28.1008 1404.62 287.83 208.478 361.768 170.722 136.734 476.637 577.897 60.5115 3447.18 1472.13 125.596
internal_count=189259 162541 26718 157776 152674 22590 83156 4765 2037 725 1312 1084 10759 6108 5102 11831 10750 228 42574 2963 1779 4651 2386 1081 5112 4128 541 69518 20422 939
is_linear=0
shrinkage=0.03


Tree=21
num_leaves=31
num_cat=0
split_feature=8 8 5 6 34 2 19 0 6 25 19 7 41 26 25 39 28 8 19 8 26 3 43 32 28 32 33 39 41 40
split_gain=36.6212 9.17739 12.2625 8.95615 8.62631 7.22472 6.02247 6.01303 5.06145 6.03768 4.83378 7.753 4.58368 7.00883 5.36741 4.57543 4.54361 4.84458 4.60501 3.98104 4.34892 4.59017 4.17906 4.17736 3.86357 3.71579 5.28664 4.42681 3.72225 3.68801
threshold=0.34814146181954747 0.028246442555306502 -0.072663647699430498 0.24525596292962973 0.033067603125098745 -0.004597620016504992 1.0538961013276713 0.011794840679514315 -0.13639996607402663 -0.53606520898839949 0.38252298604339557 0.019493501325178429 0.0077488615770214811 0.010515364014138686 -0.47512457066808783 0.0087967339282616543 -0.30667149846238212 -0.36425825792838107 0.64100872995955993 0.51871108800206422 0.095262188174634527 18.684025139471821 0.30345860836131783 0.048627414410043111 -0.94110189597685323 0.076597228715913221 0.10662824296441455 0.069111837663519207 0.033901531941530318 0.0031813359931626454
decision_type=2 2 2 2 2 2 2 2 2 2 2 2 2 2 2 2 2 2 2 2 2 2 2 2 2 2 2 2 2 2
left_child=1 2 16 6 15 -4 7 12 9 -7 11 -9 14 -14 -2 -3 24 18 -18 22 21 -21 -5 -23 -1 26 27 -6 -28 -19
right_child=3 4 5 19 25 8 -8 10 -10 -11 -12 -13 13 -15 -16 -17 17 29 -20 20 -22 23 -24 -25 -26 -27 28 -29 -30 -31
leaf_value=0.0048072074548756128 -0.0030423816146760395 -0.0017583637016134054 -0.0054152265357000845 0.004817843332994046 -0.0052039141654272774 -0.0023075832057752777 -0.0017408183608035111 -0.003062490776676943 -0.0024728994608987569 0.011929803404874045 -0.00071414518942771214 0.010956431499625644 0.0093603828802781112 0.0020399965885674904 0.003980628473058901 0.00052086712379657396 0.010559103197004909 0.0033813052384195357 -0.002451137229026542 0.0083875032428938224 0.018221939688591586 0.0086695562128612964 -0.0064799991951180599 -0.0033316738561732476 -0.0066066067841249578 -0.00010184431456407807 0.0052825997984177761 0.011347295432707421 0.015845720618376236 0.012536292104983084
leaf_weight=30.095454415306449 127.13208473660052 1821.5748020354658 955.67193642677739 94.663784227333963 62.602503752335906 48.839378860779107 303.96561140660197 51.493582922965288 1287.0851050205529 45.18092627543956 535.30869359988719 84.245008874684572 286.80866739340127 223.79684515111148 344.54057404212654 1369.4793023625389 23.421896633692086 182.59960047062486 163.27308007609099 313.02389513887465 32.580565337091684 35.049644764512777 35.62785432767123 67.372645076364279 89.049196343868971 167.12732815835625 231.86894259415567 13.043464109301565 37.436248572543263 55.349337977357209
leaf_count=391 1392 46162 42745 823 765 611 6198 393 40004 570 6815 640 2177 2010 2965 19010 290 2568 2371 2069 182 238 320 496 1720 1768 2461 76 347 682
internal_value=0 -0.00117988 -0.00244913 0.00305984 -0.000182498 -0.00339616 0.00205814 0.00277781 -0.0019629 0.00448807 0.000530935 0.00550521 0.00427193 0.00626096 0.00201269 -0.000771533 0.00155962 0.00304563 -0.000429592 0.00635194 0.0077 0.0065966 0.00138143 0.000708332 -0.00340437 0.00340206 0.00516262 -0.00145144 0.00712242 0.00584851
internal_weight=9119.31 6583.7 2880.57 2535.61 3703.13 2336.78 1957.29 1653.33 1381.11 94.0203 671.047 135.739 982.278 510.606 471.673 3191.05 543.789 424.644 186.695 578.318 448.027 415.446 130.292 102.422 119.145 512.078 344.951 75.646 269.305 237.949
internal_count=189259 162541 91952 26718 70589 83930 22590 16392 41185 1181 7848 1033 8544 4187 4357 65172 8022 5911 2661 4128 2985 2803 1143 734 2111 5417 3649 841 2808 3250
is_linear=0
shrinkage=0.03


Tree=22
num_leaves=31
num_cat=0
split_feature=8 6 37 39 6 42 19 11 43 41 19 8 39 7 37 28 25 39 7 25 25 7 36 35 26 5 35 40 29 29
split_gain=32.5916 13.2911 9.93967 7.49329 5.92079 5.89619 5.05994 4.39029 4.16503 4.18793 3.82109 6.90424 4.18113 5.28335 4.90662 3.55267 3.49389 4.08409 3.36455 3.21556 3.11592 3.51745 3.16089 4.01129 3.78117 3.1416 2.99114 2.90621 2.74132 3.11268
threshold=0.18567298410671487 0.24525596292962973 0.048212161707949071 -0.0054982100398907573 -0.010947067094222605 0.093514473263734479 1.0538961013276713 -0.36275684931506841 -0.32280393237482746 -0.050114411414637544 0.60643344235264796 0.74689741591675574 0.043315006096443773 0.045885408698685397 0.060225428972555221 -0.30667149846238212 -0.69642568064123 0.024649689810710928 0.018959861558997763 -0.64759974646114948 -0.56552534838935786 0.062942267757692585 0.059820263767932404 -8.4634815780275014e-05 0.036533708324284382 0.039563089536443392 0.0010485240090452009 0.0013413028482102787 -0.030266452981097862 -0.05039913367798516
decision_type=2 2 2 2 2 2 2 2 2 2 2 2 2 2 2 2 2 2 2 2 2 2 2 2 2 2 2 2 2 2
left_child=2 3 4 -2 18 20 16 -6 9 -7 28 12 14 -14 -12 -8 27 -18 -1 -10 22 25 24 -24 -4 -22 -9 -5 29 -3
right_child=1 10 5 6 7 8 15 26 19 -11 11 -13 13 -15 -16 -17 17 -19 -20 -21 21 -23 23 -25 -26 -27 -28 -29 -30 -31
leaf_value=-0.0057428278004570633 -0.001242425060385764 0.0088073063817845805 -1.3783425103838156e-05 0.0084034702687107114 -0.0052972798709407312 0.021549177044268363 0.0030231933632036447 -0.0018396779135290589 -0.0022026446624656181 0 0.0030424777609714018 0.012883274969795333 0.01234048169846866 -0.00033463866591397544 -0.0062706611335225163 -0.0019862651368512518 0.003033048198377985 -0.00010946348435457386 -0.0027465664670377711 0.0066099435114198822 -6.9774186539104773e-05 0.01155707521109873 0.0018321480304712332 -0.014296281482659386 -0.0088381204460655175 0.0067256841634788711 0.00061892945862867925 0.00040434065700212246 0.010362323201423804 -0.0091067393529314627
leaf_weight=550.59555872855708 817.2428187225014 12.513792589306833 435.67515789298341 160.00030707381666 219.44682881096378 20.838691447861496 176.82257550768554 1043.3173907045275 53.820649764500558 9.6701833419501764 123.7051662877202 60.861384771764278 58.208848064765334 46.866781547665596 78.245367350056767 409.76873976364732 1432.0483319694176 477.36620917916298 1105.3503416744061 84.543788362294436 470.68184836395085 24.345252013765275 15.618313401937483 32.693385367281735 44.477871959097683 64.047395628876984 747.01147619634867 65.840816833078861 203.6170341335237 12.398291660472749
leaf_count=20937 17805 104 10085 1893 5752 214 2991 24449 850 151 1005 370 394 374 721 8030 16888 5108 36984 1322 10845 310 261 664 1140 882 16489 807 1328 106
internal_value=0 0.00196199 -0.00164876 0.00124865 -0.00243887 0.000633237 0.00200851 -0.00131632 0.00576795 0.0152236 0.00609947 0.00397106 0.00193013 0.00665607 -0.000485241 -0.00041271 0.00268709 0.0022335 -0.00377516 0.00301552 -0.000159371 0.00136568 -0.00182667 -0.0088367 -0.000975703 0.000743337 -0.000798252 0.00626067 0.00923895 0
internal_weight=9057.64 4135.51 4922.13 3539.09 3665.72 1256.41 2721.85 2009.78 168.873 30.5089 596.417 367.888 307.026 105.076 201.951 586.591 2135.26 1909.41 1655.95 138.364 1087.54 559.074 528.465 48.3117 480.153 534.729 1790.33 225.841 228.529 24.9121
internal_count=189259 57924 131335 53522 104611 26724 35717 46690 2537 365 4402 2864 2494 768 1726 11021 24696 21996 57921 2172 24187 12037 12150 925 11225 11727 40938 2700 1538 210
is_linear=0
shrinkage=0.03


Tree=23
num_leaves=31
num_cat=0
split_feature=6 6 39 37 8 1 43 44 34 32 43 32 35 32 1 35 19 2 18 2 5 5 33 43 5 3 11 18 19 28
split_gain=31.915 12.2304 9.97804 9.49501 6.9185 6.45283 7.20874 6.44652 5.55049 5.25234 5.08172 4.55767 6.57852 6.24991 4.55389 4.08205 4.02594 3.81043 3.92475 3.58731 3.74176 3.24206 5.7752 4.49084 3.72869 3.2338 3.22926 3.8859 3.18479 4.97837
threshold=0.052555301419301211 0.26243853703836711 -0.0050345700100698602 0.048611171305965803 0.028246442555306502 0.014480766981336672 0.1066352042716492 -0.035632455375990794 0.054160581758386991 0.079716842318665534 -0.11217676143192355 0.053869681111371477 0.00034138470587004511 0.086956482230016618 0.10039574626758492 -0.0031629281506603984 0.48234580100212493 0.087835197730000855 0.12143913443639674 0.0006835348189887456 0.027858063636426626 -0.078514427232747527 0.018064727293440445 -0.25382611062648403 0.024699963999660794 14.669431508589017 -0.47036874451273042 -1.2831762729004785 1.0442881817039606 0.3307528642359579
decision_type=2 2 2 2 2 2 2 2 2 2 2 2 2 2 2 2 2 2 2 2 2 2 2 2 2 2 2 2 2 2
left_child=3 2 -2 4 26 6 -4 10 16 -10 -5 14 13 15 28 -13 -7 18 -14 -6 -21 22 25 -24 -23 -9 27 -1 -3 -30
right_child=1 11 5 7 19 8 -8 21 9 -11 -12 12 17 -15 -16 -17 -18 -19 -20 20 -22 24 23 -25 -26 -27 -28 -29 29 -31
leaf_value=0.0023272969659058934 -0.0014430912393234535 0.015094143651646744 0.0019937496733638165 0.013231126627458897 -0.0022778969779057127 0.0043698905886205269 0.015827747134838616 -0.0026194339852179042 0.010918300113573877 0.0011882659499283525 0.001198154320184715 -0.007464025569389696 -0.0058058067417531547 0.014596986945029639 -0.00063879646533348123 0.0062488327324033872 0.0008465181300249745 0.010607737913892313 0.0029400710014065431 0.0018574254142067683 -0.0021235304002033169 -0.0022559040702669407 0.0054999443933955207 -0.0088106605120409926 0.0026036281931440162 0.0082163592820406577 -0.0032988678183363293 -0.015637140132734515 0.011593082935440854 -0.0065656313701421233
leaf_weight=9.5284203956834954 870.44172291364521 105.30170022137463 84.947479709051549 57.780162622220814 898.86885496042669 348.13662861008197 61.233747948892415 23.107961231842637 110.03625976108015 104.27402210235596 78.369766837917268 21.398557247593999 86.335945900529623 74.44928677752614 23.830541430041194 62.141209779307246 1961.4076241040602 22.664385672658682 84.48699664324522 572.75392112880945 327.57144205551594 559.75711742741987 24.683695977553725 47.783631133846939 180.60953346919268 129.85355304926634 2002.7835471425205 35.406144381966442 26.523412860929966 17.432956796139479
leaf_count=251 19295 679 814 834 17789 3247 506 294 761 859 1262 184 676 500 159 461 28146 133 641 11046 5890 15770 283 660 3037 1468 72202 1125 162 125
internal_value=0 0.00196831 0.00131941 -0.00161715 -0.00232182 0.00223222 0.00831891 0.000815163 0.00185207 0.00645591 0.00680512 0.00623752 0.00403536 0.00848054 0.0103019 0.00217433 0.00139888 0.00013238 -0.00134897 -0.000937821 0.000372142 -2.90497e-05 0.003049 -0.00350858 -0.00102068 0.00635837 -0.00351799 -0.0113754 0.0122073 0.00384357
internal_weight=9013.9 4065.04 3540.48 4948.86 3846.91 2670.04 146.181 1101.95 2523.85 214.31 136.15 524.565 351.476 157.989 173.089 83.5398 2309.54 193.487 170.823 1799.19 900.325 965.795 225.429 72.4673 740.367 152.962 2047.72 44.9346 149.258 43.9564
internal_count=189259 57348 53628 131911 108303 34333 1320 23608 33013 1620 2096 3720 2595 1145 1125 645 31393 1450 1317 34725 16936 21512 2705 943 18807 1762 73578 1376 966 287
is_linear=0
shrinkage=0.03


Tree=24
num_leaves=31
num_cat=0
split_feature=8 6 42 19 31 8 5 35 29 41 2 2 31 2 32 1 45 11 45 10 4 28 10 40 11 29 4 10 39 41
split_gain=29.9518 10.7013 9.13933 7.38342 5.92969 5.41775 7.35353 4.60935 5.25928 4.56733 6.11949 4.36884 5.77978 4.15029 4.08003 7.18346 3.86574 5.11715 4.29934 3.8228 3.79151 3.66507 3.6462 4.10931 3.40323 3.27597 3.11951 3.06106 2.95962 2.71379
threshold=0.18567298410671487 0.31670942536295615 0.090909095192572453 1.0538961013276713 0.04781968727296431 0.028246442555306502 -0.086584283147530403 0.0019777789103873522 0.017892327019683036 0.0077488615770214811 0.015095182842275231 0.048959893483489954 -0.0076046774930885776 -0.004597620016504992 0.047470109166016634 0.078151973188938115 -0.00061030796463612156 -0.01503844414292174 0.00014879944258881854 -0.035740598169230857 -0.9407578851029913 0.072773196233605134 -0.0053461925856430059 0.000679663966706377 0.46363502791654426 0.05084963308691081 -0.2643713442641013 0.076437074701884308 0.0087967339282616543 0.01126774633827669
decision_type=2 2 2 2 2 2 2 2 2 2 2 2 2 2 2 2 2 2 2 2 2 2 2 2 2 2 2 2 2 2
left_child=2 3 5 4 9 6 16 20 -9 19 -11 14 -13 -8 15 29 17 -1 -18 -2 -6 -5 25 -24 27 -16 -23 -14 -15 -3
right_child=1 11 -4 21 7 -7 13 8 -10 10 -12 12 24 28 22 -17 18 -19 -20 -21 -22 26 23 -25 -26 -27 -28 -29 -30 -31
leaf_value=0.0094552902747873785 -0.011081342817003159 0.001092340856562752 0.0038357493655173922 0.00050949217112646798 -0.0035115598380577821 -0.00069223261701168261 -0.0049355048721390089 -0.0051230108084952351 0.0082590487616002097 0.0042167376210832247 -0.00039506384545205122 -9.6711623483615772e-05 0.0096732968901738527 -0.0029849579129822136 0.012092199589387535 -0.0057320353265155029 -0.00938872976703581 -0.006575778771676713 0.00090547678814903009 0.00063617461878190721 0.0093469303465204424 0 -0.0074347103305791046 0.0037687871288162502 0.018279542967691555 -0.00051361208312043966 -0.0058295465434939865 -0.0081704167238310609 0.00046674960125421555 0.023367162003256264
leaf_weight=79.060401858761907 20.340231810696423 10.208420511335133 255.09041642537341 497.42680309247226 16.664027584716678 1946.0830939291045 975.08302215114236 58.507891998626292 39.99401830509305 908.33783774264157 344.35261473804712 25.233707966282964 19.667291793972257 1046.2046167594381 38.294411982409656 10.772644739598034 38.226541196927428 16.657159509137273 214.80721158906817 1375.0096780629829 211.85265108477324 132.51785441674292 52.637436022982001 52.36011616140604 69.675321582704782 24.248601004481316 198.8867656942457 7.2352685369551173 264.15165481436998 22.714336894452572
leaf_count=853 374 57 4390 9544 134 38094 43761 568 304 11368 4808 171 144 33139 302 75 516 311 2751 19434 1832 2870 395 344 366 177 4488 58 7520 111
internal_value=0 0.00187273 -0.00160251 0.00140619 0.0021065 -0.00191578 -0.00280533 0.00592463 0.000157062 0.0016134 0.00292861 0.00701299 0.0115979 -0.00342702 0.00402325 0.0117836 0.00117481 0.00617969 -0.000685228 0.000404987 0.00822567 -0.00106913 0.00154261 -0.00165767 0.0148032 0.00708441 -0.00350012 0.00340558 -0.0022672 0.0183061
internal_weight=8972.3 4136.94 4835.36 3803.89 2975.06 4580.27 2634.19 327.019 98.5019 2648.04 1252.69 333.048 121.812 2285.44 211.236 43.6954 348.751 95.7176 253.034 1395.35 228.517 828.831 167.541 104.998 96.5779 62.543 331.405 26.9026 1310.36 32.9228
internal_count=189259 57924 131335 55724 38822 126945 88851 2838 872 35984 16176 2200 739 84420 1461 243 4431 1164 3267 19808 1966 16902 1218 739 568 479 7358 202 40659 168
is_linear=0
shrinkage=0.03


Tree=25
num_leaves=31
num_cat=0
split_feature=6 34 37 8 19 2 26 42 2 41 37 36 34 8 43 43 44 44 40 31 43 41 4 2 5 19 7 5 5 45
split_gain=29.3505 10.9483 7.90489 6.68047 5.96585 5.75439 6.45478 5.19727 5.08995 5.49069 5.61383 5.1824 5.07359 5.13047 4.95433 4.6497 4.5678 4.10849 3.88624 3.65693 3.39281 3.19746 3.18514 3.18449 4.36743 3.10604 2.97325 2.71851 3.41071 3.80691
threshold=0.054651424313809878 0.0122624826334301 0.048611171305965803 0.028246442555306502 0.48234580100212493 0.0071596263327731316 0.010256495151018797 0.093514473263734479 0.087835197730000855 0.0020604549391682928 0.04598100463611262 0.033867768116389536 -0.0058079862634783557 0.51871108800206422 0.67093038050001141 0.8581361949041667 0.0085633246102929297 0.054314229426649242 -0.00042650531832713287 -0.031691761509809353 -0.33979809862411864 -0.050114411414637544 1.0177433727153053 1.0000000180025095e-35 0.036758537462668446 1.0696134502796182 0.03811679555156882 0.025178362516949274 -0.078514427232747527 -0.00054823162770083992
decision_type=2 2 2 2 2 2 2 2 2 2 2 2 2 2 2 2 2 2 2 2 2 2 2 2 2 2 2 2 2 2
left_child=2 4 3 -1 14 6 25 27 9 15 16 -12 13 -7 17 18 -11 19 -3 -2 21 -9 26 -5 -25 -6 -10 28 29 -4
right_child=1 8 7 23 5 12 -8 20 22 10 11 -13 -14 -15 -16 -17 -18 -19 -20 -21 -22 -23 -24 24 -26 -27 -28 -29 -30 -31
leaf_value=-0.0033893682844839479 -0.0078359881140859788 -0.0029341730796099961 0.0078755692925990932 -0.0021318844571681919 0.0049060756108973277 -0.0012395086007010974 -0.0011384435067694173 0.019520718178572035 0 0.0029241846894791862 -0.0013499722158308671 0.0052516869683973035 -0.0041705981193009018 0.0068033870399553638 -0.0038345154013540053 0.013441731344362868 0.0088973515758642482 0.015410767109050701 0.0021730658716724452 0.004828984532039414 0.0029536896664491934 0 -0.0011308715955485754 0.001471851326786689 -0.003357135521717812 0 0.019560236495930007 0.0030294453499312567 -0.0022358072883609621 -0.00030809285120909756
leaf_weight=2000.7241322766058 15.888099147006868 183.48512942064553 65.803893973119557 899.36640142276883 407.15860128123313 343.23134119808674 477.79497378040105 21.162752753123645 11.813501141965387 205.57579772267491 196.4981193151325 212.83916437067091 442.57021708413959 84.258803919889033 55.881945078261197 22.030371912755072 355.77329277899116 30.208514377474785 443.32523290626705 293.74183839932084 122.22653303202242 7.8359979754313818 8.0661559719592315 727.94027150701731 212.42280068993568 149.28230016492307 34.192183556035161 187.33138691261411 552.47444151714444 160.69355055410415
leaf_count=73589 241 2335 736 18276 5635 6693 8629 172 112 2738 2367 1720 7518 950 587 212 3760 255 5522 3108 1806 112 81 13731 3945 3178 217 3010 16006 2018
internal_value=0 0.00191967 -0.00153892 -0.00218629 0.000558568 -0.000126 0.00136681 0.000658909 0.00376512 0.00341159 0.00484551 0.00203218 -0.00193245 0.000336716 0.00388819 0.00119988 0.00680797 0.00528227 0.000619161 0.00396955 0.00574056 0.0144427 0.012661 -0.00085603 0.00033729 0.00356239 0.0155411 -0.000130933 -0.000943699 0.00205865
internal_weight=8931.6 3973.62 4957.98 3840.45 2300.02 1904.3 1034.24 1117.53 1673.6 1619.53 970.686 409.337 870.06 427.49 395.72 648.841 561.349 339.838 626.81 309.63 151.225 28.9988 54.0718 1839.73 940.363 556.441 46.0057 966.303 778.972 226.497
internal_count=189259 55858 133401 109541 36794 32603 17442 23860 19064 18654 10585 4087 15161 7643 4191 8069 6498 3604 7857 3349 2090 284 410 35952 17676 8813 329 21770 18760 2754
is_linear=0
shrinkage=0.03


Tree=26
num_leaves=31
num_cat=0
split_feature=8 6 5 2 39 34 0 19 40 4 31 32 7 38 3 2 41 32 7 25 6 3 38 34 1 32 37 43 32 35
split_gain=27.8306 10.7695 8.77786 8.99825 6.76849 5.56192 4.82407 7.05797 4.98551 4.40606 4.39423 4.5055 4.40223 4.03011 4.18449 5.04015 5.63794 4.05502 3.87328 5.86985 5.21418 3.74238 3.6849 3.63227 3.57326 6.30559 4.55383 3.75835 3.30632 3.02359
threshold=0.18567298410671487 0.26243853703836711 -0.078514427232747527 -0.00087798324552426643 -0.0056569777513712687 0.041508079302664001 0.0084073723285064319 0.44242943470044233 -0.00036650857440539741 0.28953950165663672 0.049657341358692632 0.086956482230016618 0.043229354475922015 1.1109289779698044 18.60166071368857 0.070779815857414038 -0.019257828562637667 0.048627414410043111 0.052601222011950319 -0.44115457998509916 -0.0094691655980141381 19.300367989593113 0.068291097490361011 -0.0047349955754262801 0.054875503787310369 0.049039419405914601 0.037061974948955294 0.98157856550427003 0.016438373076041252 0.001103164755017949
decision_type=2 2 2 2 2 2 2 2 2 2 2 2 2 2 2 2 2 2 2 2 2 2 2 2 2 2 2 2 2 2
left_child=2 4 22 5 9 28 10 8 -8 -2 11 -6 -12 14 15 16 -3 23 20 -20 -5 -19 24 -16 25 -1 -26 -28 -4 -22
right_child=1 13 3 18 6 -7 7 -9 -10 -11 12 -13 -14 -15 17 -17 -18 21 19 -21 29 -23 -24 -25 26 -27 27 -29 -30 -31
leaf_value=0.0065589605160949506 0.00018910482523526375 -0.0045223744335376598 -0.0070988835065214735 -0.0027031118476537014 0.0027057375419245393 0.0021978307945457872 -0.00033471868699812399 -0.0004351979997633542 0.0092312182894701764 -0.0046229949049737436 0.0095083997547432443 -0.0078403692620979768 -0.0028059130653452068 -0.0039980496181845097 0.018464779758516139 0.015365390341783601 0.0075576642061128321 -0.0097303482227179446 -0.00015593090772968832 0.013822334814838654 -0.00097860174806044383 0.002585675488654098 -0.0011435170012999609 0 -0.0013873883006363808 -0.0066358768774523276 0.010318260010195165 -0.0043010172460255314 -0.0033150064087178765 0.001999303423599154
leaf_weight=60.660183201543987 575.09660916216671 33.411102479323745 261.05065841507167 889.30552254058421 1344.7721643531695 136.9593369984068 69.297186376526952 1066.8176256436855 123.45246444270015 232.40566448122263 149.18432631064206 31.369917504489422 24.863170336931944 28.021931253373623 14.339300215244291 72.089546920731664 259.3706763824448 32.272971441969275 67.658317643217742 35.853122913278639 699.83231918513775 45.302013451233506 177.24351797159761 23.304808918386698 43.157332172617316 59.728982823900878 142.79605987295508 11.912471495568751 1647.6618206370622 532.33549275854602
leaf_count=839 12475 318 9884 27122 17414 2175 627 15432 1063 5369 1242 431 204 194 86 446 1834 267 1037 435 15219 362 2818 160 840 833 1277 118 57973 10765
internal_value=0 0.00180288 -0.00156075 -0.00200314 0.00121357 -0.00344046 0.00191266 0.000501714 0.00571887 -0.00117886 0.0030345 0.0024161 0.00755248 0.00588706 0.00656114 0.00813479 0.00602561 0.00119714 -0.00066346 0.00482305 -0.000955978 -0.0024537 0.00217418 0.00882966 0.0041038 0 0.0065336 0.00890533 -0.00386539 0.000286579
internal_weight=8891.53 4125.37 4766.16 4270.66 3617.26 2045.67 2809.76 1259.57 192.75 807.502 1550.19 1376.14 174.047 508.112 480.09 364.871 292.782 115.219 2224.98 103.511 2121.47 77.575 495.499 37.6441 318.255 120.389 197.866 154.709 1908.71 1232.17
internal_count=189259 57924 131335 124610 54257 70032 36413 17122 1690 17844 19291 17845 1446 3667 3473 2598 2152 875 54578 1472 53106 629 6725 246 3907 1672 2235 1395 67857 25984
is_linear=0
shrinkage=0.03


Tree=27
num_leaves=31
num_cat=0
split_feature=6 6 37 34 1 2 41 19 32 39 27 44 43 6 35 35 32 1 35 2 35 34 26 26 31 37 43 2 19 34
split_gain=27.4 9.4219 7.58371 7.33325 6.56852 5.62985 5.31528 6.45251 5.07727 5.34585 5.07426 4.63366 4.79408 4.54359 3.89218 3.85423 4.67648 4.92072 4.61532 4.22475 4.09206 3.65631 3.63221 3.26441 3.71253 3.19418 3.14084 3.05819 3.04248 2.875
threshold=0.052555301419301211 0.31670942536295615 0.048212161707949071 0.0122624826334301 0.026233249069451601 -0.0022124005835336374 0.0020604549391682928 0.82876645490275991 0.032727265791459521 -0.0045702754569529732 0.06896545361269063 -0.035632455375990794 -0.18589207565773155 -0.019179152296516618 0.0068982255722212747 0.00042060780888543653 0.053869681111371477 0.070025167534647756 -0.0068295557342086905 0.087835197730000855 0.0018955860716268309 0.0023224282665521832 0.011026983234775441 -0.020013229925804874 0.0018843911051916562 0.029196992100207247 -0.099050525189273472 0.024096470664260353 1.2246646841755726 -0.030249760879242176
decision_type=2 2 2 2 2 2 2 2 2 2 2 2 2 2 2 2 2 2 2 2 2 2 2 2 2 2 2 2 2 2
left_child=2 3 5 4 8 23 -5 14 9 -2 -9 12 -4 -7 -8 18 17 -17 -3 20 -18 -10 25 24 -1 -6 -19 -14 -24 -20
right_child=1 15 11 6 22 13 7 10 21 -11 -12 -13 27 -15 -16 16 19 26 29 -21 -22 -23 28 -25 -26 -27 -28 -29 -30 -31
leaf_value=0.0020748517025777988 -0.0011448145580295434 -0.0021689129086629295 0.011853486822897089 0.00079447737407969032 -0.0026087081192184562 -0.0031805609519129684 0.008226654168197808 0.0034437434793959643 0.00078618529816988018 0.0056470487501044369 -0.0044524422988867643 -0.00011426691382514683 -0.0023246215131635102 -0.00012186552778855287 -0.0001563374967428996 0.018588879165695071 -0.0091150130008673617 -0.011556567591961909 0 0.012054587569330557 0.0020889188869837629 -0.0083022661095015007 -0.0016348249130321315 -0.0041233104042023641 -0.0046800498432492833 0.0016337171792523331 0.0076484266788683425 0.0096615657540088419 -0.007779251983493077 0.013380147298634777
leaf_weight=178.63964331289753 126.80667329579592 18.562785156071186 58.106658683158457 618.69337725546211 210.80279606953263 646.47232446540147 371.4074907489121 374.18378636334091 139.36547803319991 423.72839972097427 83.40007240884006 968.75672679254785 66.504785787314177 1397.0619466849603 49.208251319825649 25.098493613302708 43.117392426356673 7.8184934593737152 13.834469197317956 16.91515838727355 64.395191799849272 48.117256194353104 599.04425207711756 1352.6163193522952 114.90212826104835 587.36556793749332 14.056798174977301 20.656444758176804 83.536931624636054 124.5523824878037
leaf_count=5451 2645 117 732 8011 3975 20233 3448 5050 2263 5008 1015 21951 1139 30653 452 135 355 55 119 101 454 785 10331 47464 4046 10020 91 242 2113 805
internal_value=0 0.00181834 -0.00153107 0.00137261 0.000261356 -0.00218717 0.00299344 0.00449538 0.00257418 0.00403243 0.00190715 0.000615202 0.00552143 -0.00110953 0.00718512 0.00667603 0.00316132 0.0107191 0.010113 0 -0.00234311 -0.00154557 -0.000875966 -0.00349936 -0.000502854 0.000466641 0 0.000560538 -0.00248154 0.0119879
internal_weight=8847.73 4044.01 4803.72 3715.66 2218.77 3689.69 1496.89 878.2 738.018 550.535 457.584 1114.02 145.268 2043.53 420.616 328.351 171.402 46.9738 156.95 124.428 107.513 187.483 1480.75 1646.16 293.542 798.168 21.8753 87.1612 682.581 138.387
internal_count=189259 57348 131911 55116 37140 107847 17976 9965 10701 7653 6065 24064 2113 50886 3900 2232 1191 281 1041 910 809 3048 26439 56961 9497 13995 146 1381 12444 924
is_linear=0
shrinkage=0.03


Tree=28
num_leaves=31
num_cat=0
split_feature=6 6 42 39 5 5 11 45 2 19 38 41 3 19 38 32 7 25 36 44 35 3 19 3 4 10 45 38 5 44
split_gain=24.3039 9.264 6.53567 6.47303 4.77602 5.99518 4.92867 4.67491 4.19053 3.9647 4.37242 4.63097 3.56921 3.09917 4.38794 7.11652 3.17518 4.20314 3.00181 2.84071 3.02242 2.78074 2.73321 2.65337 2.5984 2.53952 3.34626 3.09963 2.9921 2.5252
threshold=0.052555301419301211 0.24525596292962973 0.093514473263734479 -0.0056569777513712687 0.0052526671613634121 -0.078514427232747527 -0.050280898876404488 -0.00054823162770083992 -0.004597620016504992 1.0696134502796182 0.13175836689042522 -0.0063898671505924799 9.210490359477685 0.60643344235264796 -0.22875453582377056 0.10450771453039513 0.042168872462532231 -0.70063907884100274 -0.014785067678383784 0.095242867933740663 0.0052444656118078173 12.323637873516228 0.23186894344319881 17.179472763996859 -0.87981736078455153 0.039733341439201306 0.0024858389163795189 -0.47774434729551446 -0.075376279949319155 0.0043350214833888009
decision_type=2 2 2 2 2 2 2 2 2 2 2 2 2 2 2 2 2 2 2 2 2 2 2 2 2 2 2 2 2 2
left_child=2 3 4 22 5 6 7 -1 -7 10 12 -12 -5 19 16 18 -15 -18 -16 20 24 -6 29 -10 -3 26 28 -27 -4 -2
right_child=1 13 25 9 21 8 -8 -9 23 -11 11 -13 -14 14 15 -17 17 -19 -20 -21 -22 -23 -24 -25 -26 27 -28 -29 -30 -31
leaf_value=0.0081327676747177148 -0.0011279478032439527 -0.0018090395953009692 0.0099534170814168637 -0.0077467670512224402 -0.0046864337626083908 -0.0044113288418291428 -0.0052619437410426004 0.0001151497225859793 -0.0010082410832029153 -0.0002762059346278222 -0.0026375894521316326 0.0021416273770246529 0.003934902400086082 0.01215398754411235 -0.011939145439373628 0.012381429871148063 0.012953706285479627 -0.0038133095733707979 0 -0.0016231594366222378 0 -0.00011658939129371621 -0.0017321364216680011 -0.004369011828955942 0.01128380440438344 -0.0020659963178938537 -0.0035163654027965509 0.01788581579526087 0.0004146423241480946 0.010608650647852571
leaf_weight=92.227272705174983 23.622634313069284 9.2072609979659301 53.643397863022983 17.869553633034229 125.65636465977877 1113.2305819806643 85.196918771602213 225.17220025509596 965.14184549869969 601.38044669106603 239.49409386049956 682.36224018596113 1122.8391950558871 65.061878280714154 16.709124941378832 35.080906433984637 14.63034483604133 35.056214430369437 187.24590875022113 18.366935946047306 27.581751693040133 1669.619327607099 748.0883386740461 283.52019803784788 171.31724974513054 5.2997806817293194 55.384398323018104 16.913456402719021 75.018434919416904 27.518010637722909
leaf_count=1091 370 72 473 138 2751 45750 1684 3058 28127 11125 3148 7469 12615 478 180 264 112 312 1538 130 179 37266 17685 8822 1199 77 1005 165 1642 334
internal_value=0 0.00170962 -0.00145069 0.00110684 -0.00169264 -0.00247661 0.000840586 0.00262789 -0.0030553 0.00182113 0.00244634 0.00086011 0.00369271 0.00521578 0.00324099 0.000736552 0.00795894 0.00130816 -0.00137117 0.00803445 0.00904566 -0.000465237 -0.00123319 -0.00180965 0.0104236 0.00366946 0.00213994 0.0125182 0.00483969 0.00503534
internal_weight=8809.46 4043.43 4766.02 3463.17 4559.76 2764.49 402.596 317.399 2361.89 2663.95 2062.57 921.856 1140.71 580.258 353.784 239.036 114.748 49.6866 203.955 226.473 208.106 1795.28 799.229 1248.66 180.525 206.259 184.046 22.2132 128.662 51.1406
internal_count=189259 57348 131911 52884 128549 88532 5833 4149 82699 34495 23370 10617 12753 4464 2884 1982 902 424 1718 1580 1450 40017 18389 36949 1271 3362 3120 242 2115 704
is_linear=0
shrinkage=0.03


Tree=29
num_leaves=31
num_cat=0
split_feature=8 34 37 2 25 7 37 19 5 34 0 2 0 2 19 45 31 31 7 43 19 36 8 5 35 35 4 2 5 1
split_gain=24.2934 8.19107 7.65022 4.73191 4.45008 7.11626 4.8402 4.3914 5.4444 6.24993 4.00688 3.94161 4.95354 7.15667 5.93495 3.91358 4.22635 3.75364 3.75029 3.5611 3.35963 3.32881 3.26064 3.2348 2.94009 3.09441 2.90871 2.90451 2.79828 2.70847
threshold=0.18567298410671487 0.0122624826334301 0.048212161707949071 -0.00087798324552426643 -0.59514912154289978 0.054018570033347736 0.071141496359350478 1.1760458133908387 0.12804900045015546 -0.00033698079714162107 0.011026983234775441 0.087835197730000855 -0.0025654536694125932 -0.0069767684276316284 0.16067486849552234 0.014040787500521552 0.04781968727296431 0.010769185620874956 0.01976783925725285 0.5352286148269948 0.50814711824395498 0.06361270778979268 -0.025509483498183837 0.033529846022611894 0.0016093701321612177 0.0024858389163795189 0.76281918166981744 0.025188979769715774 0.038802742932900765 0.038490902221132266
decision_type=2 2 2 2 2 2 2 2 2 2 2 2 2 2 2 2 2 2 2 2 2 2 2 2 2 2 2 2 2 2
left_child=2 7 3 18 21 6 28 8 10 19 17 12 15 -14 -15 16 -3 -2 -1 -10 -12 24 -5 -23 -4 -26 27 -7 -6 -24
right_child=1 11 4 22 5 26 -8 -9 9 -11 20 -13 13 14 -16 -17 -18 -19 -20 -21 -22 23 29 -25 25 -27 -28 -29 -30 -31
leaf_value=-0.0051596327460385026 0.0026325427745691522 0.0034133287356211232 0.00080502397835058108 -0.0025998833523110201 0.0016867614995378767 0.0062849224119803449 -0.0027746110590208227 -0.0027302455628229168 0.014972043646302224 -0.0028186718836376934 0.0024464759030771136 0.011338387314915434 -0.0075107174321747822 0.012075353738348843 0.001810419848910291 -0.0050229046135948146 0.0092119048104925515 -0.0015228247350357732 -0.0021573638958153896 0 -0.0019979293179525565 -0.015062388837206469 0.0009353066377599758 0 -0.011294039807282615 -0.0013108516378228709 -0.0041131443283565347 0.020196104222670628 0.0093617862270524398 -0.0026398369869259693
leaf_weight=655.58769324142486 957.27492944523692 306.30928275547922 347.90592115744948 731.13314907997847 351.3000751552172 62.969464123249054 207.29967752471566 310.19740856997669 61.313755990937352 30.486705921590328 192.4239898249507 51.316629393026233 63.976908507756889 50.284750705584884 970.00244957953691 24.477889952249825 214.44715238548815 232.25375913269818 1027.8906626692042 13.527559472247956 627.85757315717638 25.311277474742383 749.07083376031369 19.030844303779304 35.887165686115623 123.5607727537863 6.9933789353817692 23.067121170461178 48.049205237068236 250.13466846663505
leaf_count=25191 13545 4038 7868 23076 8316 806 4365 7046 508 288 2191 389 783 353 11162 301 1890 3743 34808 114 11573 618 16159 300 888 2614 95 207 647 5377
internal_value=0 0.00168179 -0.00148047 -0.00221679 0.000505204 0.0021049 0.000831489 0.00054922 0.00104963 0.00756683 0.000675261 0.00329175 0.00298608 0.00175777 0.00240201 0.00533602 0.00592314 0.00179312 -0.00335611 0.0120847 -0.000910491 -0.00147038 -0.00108456 -0.00896487 -0.00067572 -0.00401529 0.00963684 0.0112485 0.00278875 1.76609e-06
internal_weight=8771.34 4106.15 4665.19 3413.82 1251.37 699.679 606.649 2425.34 2115.14 105.328 2009.81 1680.82 1629.5 1084.26 1020.29 545.234 520.756 1189.53 1683.48 74.8413 820.282 551.696 1730.34 44.3421 507.354 159.448 93.03 86.0366 399.349 999.206
internal_count=189259 57924 131335 104611 26724 14436 13328 39008 31962 910 31052 18916 18527 12298 11515 6229 5928 17288 59999 622 13764 12288 44612 918 11370 3502 1108 1013 8963 21536
is_linear=0
shrinkage=0.03


Tree=30
num_leaves=31
num_cat=0
split_feature=6 6 37 39 2 44 2 39 10 10 6 2 4 38 26 26 2 5 38 6 43 38 7 28 18 43 40 11 5 1
split_gain=22.7813 8.06102 7.40883 6.44057 5.02454 4.93444 4.84987 5.44693 5.55344 5.03939 3.96399 3.54855 3.54146 3.15693 3.08742 2.98998 3.16735 3.20677 2.87201 4.60826 4.14479 3.93909 2.82872 2.81947 2.76672 2.5488 3.10918 2.52515 2.55972 2.42791
threshold=0.052555301419301211 0.24525596292962973 0.048212161707949071 -0.0050345700100698602 -0.0022124005835336374 -0.035632455375990794 0.011730199619582988 0.024649689810710928 -0.046578667464122515 -0.032116153407432992 -0.019179152296516618 0.023047856005941458 -0.97877169028230326 -0.52964574676994125 -0.026873029039108265 0.039492214842109595 -0.046473034458163399 0.022744035650059561 -0.43887852184492798 0.46213727322926218 -0.28044887858852702 0.94642665656173552 0.047364868969903828 -0.018231751821129901 -1.0397427300614086 -0.18589207565773155 0.001017552897143214 -0.47036874451273042 -0.082214144284042875 0.049076524214600521
decision_type=2 2 2 2 2 2 2 2 2 2 2 2 2 2 2 2 2 2 2 2 2 2 2 2 2 2 2 2 2 2
left_child=2 3 4 -2 14 11 7 9 -9 -5 22 25 -3 -13 27 16 23 -18 -14 20 -20 -21 -6 -7 -16 26 -4 -1 -29 -26
right_child=1 12 5 6 10 15 -8 8 -10 -11 -12 13 18 -15 24 -17 17 -19 19 21 -22 -23 -24 -25 29 -27 -28 28 -30 -31
leaf_value=-0.011156577681756664 -0.001191191677204698 -0.0045777329169239588 0.012969587592743853 -0.0044876662810224245 -0.0035413637236753237 0 -9.3198123548085351e-06 0.011073429919377731 -0.00070258467537519947 0.0042137120777760231 -0.00014041669825064359 -0.0022402424028407295 0.010083253553025926 0.01679379529692971 -0.00026083004414194664 -0.0061548063435454591 -0.0012527308994970262 0.0033086160301934518 0.0074884693900193642 0.013008833639849018 0.00039216622691151578 -0.0041699266517618346 0.0047905231341731211 0.010497655491976014 -0.0037504293366646124 -0.0011262667633630083 -0.00071712036902079137 0.0055042351862161524 -0.0014727821110394202 -0.007929815483840327
leaf_weight=11.178818948566912 827.13545691687614 26.446541860699654 28.817105327732861 55.777843341231346 594.01206767279655 52.881410708650947 849.66457235533744 33.789715440012515 493.75241200998425 1194.8783567994833 1384.9447385277599 5.284341884776949 105.95705809444189 31.405338378623128 185.95899092033505 63.060672635212541 636.04040182335302 170.85901013854891 105.19977504201233 71.666287206113338 258.95458913780749 8.8721441216766816 31.842896468006074 44.54516660515219 1036.0837066723034 63.457765777595341 18.965920198708773 71.333113892935216 110.46566307218745 164.12721718056127
leaf_count=255 19055 206 359 873 19736 879 11833 348 5873 14902 30653 69 786 317 7506 1550 16225 2686 822 465 2122 63 497 611 38109 1125 243 1090 4555 5446
internal_value=0 0.00165371 -0.00141737 0.0010905 -0.00208233 0.000695928 0.00182096 0.00270991 9.22357e-05 0.00378542 -0.00106161 0.00570619 0.00493576 0.0133929 -0.00335566 -6.47789e-05 0.000358408 -0.000235499 0.00548375 0.00422118 0.00259713 0.0106326 -0.00303528 0.0053415 -0.00384961 0.00244583 0.0074154 4.84873e-05 0.00117827 -0.00437737
internal_weight=8737.36 4032.09 4705.26 3455 3589.95 1115.32 2627.86 1778.2 527.542 1250.66 2010.8 147.93 577.096 36.6897 1579.15 967.387 904.326 806.899 550.65 444.693 364.154 80.5384 625.855 97.4266 1386.17 111.241 47.783 192.978 181.799 1200.21
internal_count=189259 57348 131911 52884 107847 24064 33829 21996 6221 15775 50886 2113 4464 386 56961 21951 20401 18911 4258 3472 2944 528 20233 1490 51061 1727 602 5900 5645 43555
is_linear=0
shrinkage=0.03


Tree=31
num_leaves=31
num_cat=0
split_feature=8 37 34 41 6 10 10 28 1 25 19 18 42 25 18 7 37 19 7 45 31 1 31 26 7 44 1 36 8 45
split_gain=22.2733 7.20614 6.96906 4.74246 4.01938 4.69801 3.99893 4.45686 3.98276 3.98311 3.76015 4.61325 3.92013 3.56467 3.86621 3.51212 3.22387 4.27664 4.11205 4.93303 3.13815 3.12036 4.20126 3.34302 3.11634 3.04239 2.96754 2.74969 2.69611 2.65642
threshold=0.18567298410671487 0.048212161707949071 0.0122624826334301 0.0030305106483721417 -0.010947067094222605 -0.013820854388949314 0.057961417100837166 -0.49465926576971769 0.070025167534647756 -0.76393279881080234 1.1760458133908387 1.7425637220324643 0.030302979857523175 -0.59514912154289978 0.45483144179188062 0.027471027344964285 0.04598100463611262 0.21029257509936275 0.020581034161094195 0.00076012683576200633 0.067718125107551125 0.026954165460543182 0.010769185620874956 0.081551540266140768 0.018959861558997763 0.00064217940624838161 0.047513828514543353 -0.0006698031998495158 -0.18143522299279785 0.013117786259907168
decision_type=2 2 2 2 2 2 2 2 2 2 2 2 2 2 2 2 2 2 2 2 2 2 2 2 2 2 2 2 2 2
left_child=1 4 10 8 24 -6 13 -8 29 -10 11 21 -13 -3 20 -11 17 -5 -18 -20 -15 22 -2 -23 -1 -19 -7 -14 -16 -4
right_child=2 6 3 16 5 26 7 -9 9 15 -12 12 27 14 28 -17 18 25 19 -21 -22 23 -24 -25 -26 -27 -28 -29 -30 -31
leaf_value=-0.0052804912878339234 0.0030840103774083956 -0.0017105173997244926 0.00042890767968174726 0.01562495333470915 -0.0046258947603444647 0 -0.0064160126137590631 0.013076471384245831 -0.0050863845465900894 -0.0032419484398124006 -0.0025159928330552085 -0.0014965405716652516 0 -3.715776063145042e-05 0.012534806816278637 0.0096943748888424896 -0.0089040326226378641 8.8366617015373257e-05 0.006071862432346831 -0.00069216632319265517 0.01041385195943487 -0.00066434266109291094 -0.0023773282760837992 0.0066840105083672691 -0.0022781449072168435 0.0060583534593214488 -0.0040788050551319299 0.014542814910421193 0.0025475311115807108 -0.0090110036968942386
leaf_weight=503.81218824768439 691.09839683678001 524.75289521738887 531.19904709793627 36.59005937166512 295.64481296855956 1363.5303216385655 8.3256257530301792 37.95805296394974 20.1737558580935 16.368813028559089 302.93369242362678 24.577484193257987 16.804813218303025 536.8328986489214 38.832590765319765 104.92910161335021 22.204475164413452 104.57312201801687 204.80015688948333 165.55232655443251 21.901641812175512 1124.4674921315163 144.81195064634085 53.26011454500258 1011.6466633779928 459.15384308528155 177.8609869396314 48.405077547766268 87.329117902554572 23.22895647585392
leaf_count=20937 9393 11958 6948 252 9231 33386 149 466 215 188 7046 410 297 11198 676 932 231 1411 1921 1608 272 18380 2341 595 36984 4909 4073 546 2005 301
internal_value=0 -0.00142989 0.0016089 0.00308726 -0.0021568 -0.00118272 0.000487537 0.00870145 0.00111854 0.00551898 0.000554703 0.00101609 0.00751857 0.000114032 0.00155771 0.00765189 0.00442454 0.00583419 0.00214711 0.00299939 0.000408023 0.000693379 0.00209371 -0.000279813 -0.00331008 0.00501416 -0.000490079 0.0112082 0.00621099 0
internal_weight=8703.56 4608.43 4095.13 1688.77 3352.49 1837.04 1255.93 46.2837 695.9 141.472 2406.36 2103.43 89.7874 1209.65 684.896 121.298 992.874 600.317 392.557 370.352 558.735 2013.64 835.91 1177.73 1515.46 563.727 1541.39 65.2099 126.162 554.428
internal_count=189259 131335 57924 18916 104611 46690 26724 615 8584 1335 39008 31962 1253 26109 14151 1120 10332 6572 3760 3529 11470 30709 11734 18975 57921 6320 37459 843 2681 7249
is_linear=0
shrinkage=0.03


Tree=32
num_leaves=31
num_cat=0
split_feature=8 31 37 39 6 0 19 41 26 42 26 0 3 33 19 3 19 25 0 6 45 45 11 35 25 32 11 18 4 31
split_gain=20.8384 7.35362 5.98056 4.46058 4.21948 4.34205 4.45427 3.74874 6.28685 5.38032 3.64015 4.02552 3.71561 3.95987 3.4784 3.25104 3.79539 3.29941 3.06639 4.31473 5.05473 4.60853 3.94097 6.87912 5.90491 5.1564 4.0585 3.91511 3.59498 3.09067
threshold=0.34814146181954747 0.04781968727296431 0.025071661579616707 -0.0094534012731523256 0.24525596292962973 0.011540315354514089 1.0569846064347181 0.0097689138375974226 0.010515364014138686 0.015306109415892897 0.013476215525096669 0.030153060664754105 13.965292135663779 0.67038208135399124 0.88157686574906002 17.487160761972735 0.38252298604339557 -0.072346437253395832 0.093640722447759964 0.36611778461559569 0.0013055598480894526 0.0047736973658133721 0.4533066860465117 0.0025683552941045923 -0.17262173611964937 0.053869681111371477 -0.2078286881657668 -0.89341519294553151 0.26439437937886018 0.095262188174634527
decision_type=2 2 2 2 2 2 2 2 2 2 2 2 2 2 2 2 2 2 2 2 2 2 2 2 2 2 2 2 2 2
left_child=1 2 -1 -3 5 6 7 9 -9 -2 12 -12 -4 -14 -5 -7 17 -17 22 20 28 27 25 24 -24 26 -6 -21 -20 -27
right_child=4 3 10 14 18 15 -8 8 -10 -11 11 -13 13 -15 -16 16 -18 -19 19 21 -22 -23 23 -25 -26 29 -28 -29 -30 -31
leaf_value=-0.0025866763971865393 0.0077274355090047372 -0.0020910583307410541 -0.0025769515244067919 0.0085305371403830797 0 -0.0015390880697646611 -0.0018477344643358302 0.0086309703668577698 0.0012952163699627079 0 -0.0029791696077114301 0.0025777513697177118 0.00069727808726612267 -0.0045043506993805108 0.0018908528717378901 0.017288868633503478 0.00079221719472869986 0 0.0025956341766704251 0 0.010973420810927264 -0.0015347569262276644 -0.0025609474166935387 -0.014601902914139481 0.014254053196308224 0.0029833266193215408 0.012532866953823052 0.019637681793104694 -0.016566389680010823 -0.010008591456707695
leaf_weight=1884.2275553341024 99.158366708084941 113.3647032934241 432.13120574131608 123.5041898554191 24.110830606892705 488.45270733255893 144.15328544564545 261.05742837302387 195.0293855946511 383.76487389486283 793.72947865491733 127.79515170026571 2468.7009875928052 133.13100131414831 203.07713510747999 21.745759377256036 232.50043374765664 19.461650092154741 11.435691080987455 8.5165153890848142 20.405733566731215 10.841587692499159 52.441980896517634 22.80784104578197 21.964486982673407 205.14672656450421 95.371137725189328 50.764581102877855 11.939310695976017 12.198880216106771
leaf_count=58303 765 2192 10315 1184 189 7067 2908 1972 1847 3927 21637 2717 60659 3172 2362 135 3831 138 90 53 134 75 349 155 122 1724 718 319 97 103
internal_value=0 -0.000907879 -0.00119387 0.00279168 0.0023791 0.00165925 0.00287604 0.00363894 0.00560722 0.00168014 -0.0005204 -0.00216642 -7.83126e-06 0.000411483 0.00458305 -3.83926e-05 0.00251164 0.0104282 0.00471216 0.00918075 0.000836921 0.0135884 0.00337995 -0.00165143 0.00260996 0.00492278 0.00986441 0.0167251 -0.00732906 0.00191054
internal_weight=8672.93 6279.66 5839.72 439.946 2393.27 1845.32 1083.16 939.01 456.087 482.923 3955.49 921.525 3033.96 2601.83 326.581 762.161 273.708 41.2074 547.945 113.903 43.7807 70.1227 434.042 97.2143 74.4065 336.828 119.482 59.2811 23.375 217.346
internal_count=189259 162541 156803 5738 26718 22590 11419 8511 3819 4692 98500 24354 74146 63831 3546 11171 4104 273 4128 768 321 447 3360 626 471 2734 907 372 187 1827
is_linear=0
shrinkage=0.03


Tree=33
num_leaves=31
num_cat=0
split_feature=6 6 44 39 1 2 26 6 6 43 26 2 7 26 31 10 3 34 3 19 7 2 31 44 32 19 45 26 31 43
split_gain=18.9784 7.63563 6.52091 6.1876 4.5897 4.06746 4.6453 3.8554 5.82292 3.84591 3.84255 3.81059 5.68355 3.35294 4.85942 3.28068 3.13562 3.0073 2.97746 2.74005 2.71701 2.7015 2.87105 2.84806 3.05366 2.52378 2.474 2.41837 3.54262 2.21527
threshold=0.056721062960899189 0.24525596292962973 -0.035632455375990794 -0.0050345700100698602 0.014480766981336672 0.0006835348189887456 -0.042559569570281501 -0.14934404945838028 -0.021576103331597925 0.49219371554706554 0.011794840679514315 -0.060474482609434048 0.041193948614796409 -0.09062767743538587 -0.0015781533185891974 0.06290865703989533 18.641272089649011 0.019289577342374579 14.702871633533144 0.25408926382524755 0.051364532723649714 0.087835197730000855 -0.056478363369238893 -0.034316585426326027 0.07373208464962315 0.87837233395829928 0.00019884424459618529 -0.013446585867875704 -0.0076046774930885776 -0.80443998388651738
decision_type=2 2 2 2 2 2 2 2 2 2 2 2 2 2 2 2 2 2 2 2 2 2 2 2 2 2 2 2 2 2
left_child=2 3 15 17 9 6 13 20 -9 10 -5 -6 -13 -4 -15 16 -1 -2 -8 26 -7 22 -3 24 -24 -10 -19 -23 -29 -25
right_child=1 21 5 4 11 7 18 8 25 -11 -12 12 -14 14 -16 -17 -18 19 -20 -21 -22 27 23 29 -26 -27 -28 28 -30 -31
leaf_value=0.0034314380712959377 -0.0025985429778043949 -0.0070576212097920709 -0.0050048896252415341 0.0066518883524922306 0.011044704016998403 0.00029513082051166062 -0.0044846814623423709 -0.0033316676625589122 0.0015710733340696798 0.016008752005377547 -0.006116602616940304 0.0016838234013525786 -0.0036699615003051712 0.0085606172913426249 -0.002261058772592479 0.015839358995150245 -0.0067537300053551533 0.018161159415275473 -0.0019980547612024322 0.00015470651275265515 0.013061978672520756 0 0.0032497589162512309 0.012070448343688613 -0.013086155421660922 -0.00095027652488393179 0 -0.00051851010266508479 0.017331917282766451 0.0041231970265244939
leaf_weight=222.62802989315242 528.9989922977984 14.433146907016633 37.518703526817262 82.818924076855183 32.164674111641943 39.553128915838897 633.97182273166254 562.7644631145522 682.60201752558351 30.289543922059238 21.364607386291027 2125.3014177409932 187.01526342518628 89.263874040916562 53.024721304886043 13.397254660725592 24.551432282663882 10.554907267913224 1706.1073602209799 226.785554273054 25.954970071092248 14.803292118012903 16.8450833382085 36.748180998489261 12.476266583427785 728.47207938414067 9.1945460774004442 8.4901984818279725 38.834569642320275 429.00561223365366
leaf_count=4697 13750 157 533 726 366 668 20010 17887 13553 215 235 27841 2615 1686 1459 122 508 87 56960 3961 223 101 165 235 152 16585 108 62 241 3351
internal_value=0 0.00157642 -0.00125175 0.000999236 0.00173541 -0.00152104 -0.00232942 -0.000504243 -0.00076223 0.00708267 0.00359853 0.00140152 0.00123089 0.00218042 0.00438432 0.00328685 0.00218697 -0.00131151 -0.00269265 0.00132762 0.00634654 0.00477329 0.00388439 0.00433076 -0.00372089 0.000249473 0.0108319 0.0107839 0.0138126 0.00493551
internal_weight=8645.93 3826.12 4819.81 3254.49 2478.95 4559.23 2519.89 2039.35 1973.84 134.473 104.184 2344.48 2312.32 179.807 142.289 260.577 247.179 775.534 2340.08 246.535 65.5081 571.636 509.508 495.075 29.3213 1411.07 19.7495 62.1281 47.3248 465.754
internal_count=189259 54368 134891 49904 31998 129564 80648 48916 48025 1176 961 30822 30456 3678 3145 5327 5205 17906 76970 4156 891 4464 4060 3903 317 30138 195 404 303 3586
is_linear=0
shrinkage=0.03


Tree=34
num_leaves=31
num_cat=0
split_feature=8 8 6 2 0 10 34 18 40 4 40 39 6 19 42 27 26 42 38 2 38 34 38 39 25 33 25 19 39 0
split_gain=18.82 7.77458 7.62094 6.2171 5.67723 4.45391 5.14778 5.75528 4.57188 4.09032 4.36308 4.02134 3.99685 3.58227 3.32978 3.16485 3.03125 4.11029 3.02239 2.95552 2.86853 3.78963 2.68419 4.37953 3.04512 2.43532 2.42089 2.36495 2.20122 2.16643
threshold=0.41302281763700494 0.033942521024741774 -0.11529272236675263 0.024096470664260353 -0.056622625289260702 -0.034418843107502463 0.041508079302664001 -0.060608662001981249 -0.0044975906417759311 1.0620411306823876 0.00056643314239536978 0.030158782572397031 0.24525596292962973 1.0474141708383362 0.093514473263734479 0.083198707723562262 0.095262188174634527 0.053321611696740996 1.2345215512660686 0.087835197730000855 -0.80411599112725163 -0.02091040827590767 0.67038208135399124 -0.0053400341714536529 -0.65465551138860734 -0.55741523465114884 -0.76393279881080234 1.0442881817039606 -0.011312392219578065 -0.01511364272364943
decision_type=2 2 2 2 2 2 2 2 2 2 2 2 2 2 2 2 2 2 2 2 2 2 2 2 2 2 2 2 2 2
left_child=1 2 3 20 11 8 15 -8 -6 12 -11 -3 13 22 -4 -7 18 -18 19 -14 28 -22 23 -2 -24 -16 27 -5 -1 -27
right_child=9 4 14 26 5 6 7 -9 -10 10 -12 -13 16 -15 25 -17 17 -19 -20 -21 21 -23 24 -25 -26 29 -28 -29 -30 -31
leaf_value=-0.015276020109490755 -0.00052595595941328486 0 -0.0029319241675563198 0.011087099225088024 0.0071722079190981751 -2.711239369821355e-05 0.0069965888261061928 -0.00027000937958635848 -0.0082706177292968322 -0.0092096228767074486 0.0033743875092989463 0.014212440215519026 0.0041694862692514979 -0.0017099765805958002 -0.0067985129270122938 -0.0050769704331722334 0 0.021391913833984363 -0.0056041645757258819 0.012588981928911632 0.0044885424165085185 -0.0014342454022061978 -0.014162341867073183 0.004714462206869394 0.00037693899776586413 0.010572575514119668 0.012074575481480294 -0.0064181698793450313 0 0.00020936259597605463
leaf_weight=13.829821687191727 171.76493768393993 30.167475255206227 2146.8439730829559 5.9626673301681903 14.653734226711093 3537.2286475803703 193.97380850836635 177.82045759633183 97.823165046982467 46.263095607049763 39.758546830154955 38.506844035349786 387.36218412034214 168.89698909316212 13.776284965686498 110.82011873181909 12.576769381761549 19.83682506531477 17.821798119693995 44.289659753441811 145.47826734557748 261.24943996407092 9.1733754668384773 625.48987481556833 116.50147663243115 30.080427089706063 54.587540164589882 13.956780599430202 17.349524622783065 51.184807638637722
leaf_count=246 2629 578 81829 52 226 69258 1704 1782 2004 549 465 347 2989 3567 284 2114 84 120 130 285 2405 5828 103 5759 1128 520 636 196 335 1107
internal_value=0 -0.000685345 -0.00192316 0.00132866 0.000120393 -1.95125e-05 0.000141303 0.00348406 -0.00578369 0.00286544 -0.00319793 0.00837608 0.00322496 0.00215819 -0.00268106 -0.000195468 0.00553336 0.0143147 0.00468357 0.00523634 -4.29887e-06 0.000640134 0.0029038 0.0035518 -0.000956034 0.00254897 0.00904789 0 -0.00816668 0.00478354
internal_weight=8615.03 6955.29 2754.3 512.414 4200.99 4132.32 4019.84 371.794 112.477 1659.74 86.0216 68.6743 1573.71 1091.83 2241.89 3648.05 481.887 32.4136 449.474 431.652 437.907 406.728 922.93 797.255 125.675 95.0415 74.507 19.9194 31.1793 81.2652
internal_count=189259 171451 93438 9698 78013 77088 74858 3486 2230 17808 1014 925 16794 13186 83740 71372 3608 204 3404 3274 8814 8233 9619 8388 1231 1911 884 248 581 1627
is_linear=0
shrinkage=0.03


Tree=35
num_leaves=31
num_cat=0
split_feature=6 5 2 6 28 39 0 7 0 36 4 37 0 7 25 6 19 40 3 1 5 11 32 36 35 34 25 2 38 4
split_gain=17.4033 6.62448 7.38642 5.92379 5.1658 4.85291 4.37994 3.85844 5.00386 4.29571 3.6486 3.63028 3.73017 3.56168 4.52882 4.25808 3.45379 4.67632 2.83149 3.06805 3.0389 2.80565 3.00895 3.05058 3.01109 2.7938 2.6136 4.88178 3.19213 4.39924
threshold=0.052555301419301211 -0.078514427232747527 -0.0016983908763292524 0.24525596292962973 0.013467565301691133 -0.0056569777513712687 0.0084073723285064319 0.041193948614796409 -0.056622625289260702 -0.016312697464520635 -0.76040038348306538 0.034210575509806308 -0.010929049173621903 0.052601222011950319 -0.44115457998509916 -0.0094691655980141381 0.44242943470044233 -0.00036650857440539741 14.765885178106503 0.047513828514543353 0.023681527874003464 -0.18516238263814067 0.039418442779342769 0.0093196347013559232 0.007046210478571114 0.01351700483297018 0.016143278171543152 0.021022851854422989 -0.43887852184492798 -0.076397776604840914
decision_type=2 2 2 2 2 2 2 2 2 2 2 2 2 2 2 2 2 2 2 2 2 2 2 2 2 2 2 2 2 2
left_child=1 4 18 5 21 -2 7 9 -9 -7 -6 -12 -13 15 -15 -4 17 -8 -3 20 -20 22 24 -24 -1 -18 28 -28 -5 -30
right_child=3 2 13 26 10 6 16 8 -10 -11 11 12 -14 14 -16 -17 25 -19 19 -21 -22 -23 23 -25 -26 -27 27 -29 29 -31
leaf_value=-0.010668980032811842 -0.0011063369022485696 -0.0052191295429293563 -0.0024218897347628456 0.0082677898188899396 -0.0038203599816488886 -0.0088936501436404514 -0.0024699542071884681 0.0077718260356224762 -0.0054026208345243657 0.0033478029858941185 -0.0010522504355716098 0.011013344772382885 0.00036966475458701035 0 0.013265870665830388 0.00022713730233455063 -0.0017200818399772378 0.0077437988590542822 -0.0022069604960411335 -0.0053208369475168764 0.0025003311488998713 -0.0058055963882237853 0.0057009073278713801 -0.0054463393717790595 0.00682922406688304 0.0015965889715673729 0.00045206857411408176 0.015820787676969348 0.0053886407530022501 -0.00080225570191624993
leaf_weight=26.604468945413828 767.9646289953962 447.96014699805528 866.2544296788983 92.960858090780675 28.272994683124125 20.338575718924403 54.271101305261254 28.276008904911578 101.04958123806864 1355.6440385822207 37.991612935438752 125.55996422003955 46.519206069409847 54.318076508119702 32.425146291032434 1414.7261869916692 628.33424591273069 107.13953974284232 938.15340684959665 256.4551813644357 132.06746835401282 71.540946240536869 101.60245200898498 21.003688575699925 6.1881805080920449 346.02046239748597 37.926577663049102 42.602617172524333 180.1149094151333 215.81665465608239
leaf_count=429 18389 16577 28212 705 378 324 503 274 1486 16482 925 1220 545 833 331 29329 10582 896 37808 9268 2980 1501 1239 275 61 3948 275 266 1401 1817
internal_value=0 -0.00125441 -0.00164001 0.00145255 0.00209566 0.000964654 0.00157914 0.00263886 -0.00211672 0.00311359 0.00515564 0.00656393 0.00839707 -0.000525857 0.00523086 -0.000768865 0.00014292 0.00415832 -0.00310401 -0.00235038 -0.00158924 -0.00103062 0.00109306 0.00341759 -0.0061065 -0.000509469 0.00428745 0.00938296 0.00330089 0.00197132
internal_weight=8586.1 4607.64 4142.36 3978.46 465.284 3409.04 2641.07 1505.31 129.326 1375.98 238.344 210.071 172.079 2367.72 86.7432 2280.98 1135.77 161.411 1774.64 1326.68 1070.22 226.94 155.399 122.606 32.7926 974.355 569.422 80.5292 488.892 395.932
internal_count=189259 131911 125338 57348 6573 52884 34495 18566 1760 16806 3068 2690 1765 58705 1164 57541 15929 1399 66633 50056 40788 3505 2004 1514 490 14530 4464 541 3923 3218
is_linear=0
shrinkage=0.03


Tree=36
num_leaves=31
num_cat=0
split_feature=8 5 2 0 8 7 2 31 28 8 34 7 32 41 39 4 6 11 7 25 6 28 42 38 45 8 37 0 5 44
split_gain=16.6831 7.63982 7.00867 6.01285 6.06142 5.0442 8.1814 5.68635 4.2988 4.80024 4.02364 4.01969 3.93246 3.91631 3.63532 3.89378 3.46771 3.34904 3.34833 4.65837 4.15032 3.34566 3.15377 3.12158 3.7124 3.58392 3.11444 2.92287 2.60108 3.21839
threshold=0.18567298410671487 -0.078514427232747527 -0.00087798324552426643 -0.050398086774886573 0.5714650238588167 0.041193948614796409 0.018384407709514303 0.04781968727296431 0.013467565301691133 -0.36425825792838107 0.041508079302664001 0.054018570033347736 0.079716842318665534 0.019743359434976522 0.025325546861937227 0.52356981953618764 0.46213727322926218 -0.18516238263814067 0.052601222011950319 -0.44115457998509916 -0.0094691655980141381 0.4919166843281691 0.015079738062860764 -0.35838059726704857 0.0024338037179355621 -0.36425825792838107 0.029036789804145983 0.031540110511550305 0.17421022644079734 -0.008244836395439244
decision_type=2 2 2 2 2 2 2 2 2 2 2 2 2 2 2 2 2 2 2 2 2 2 2 2 2 2 2 2 2 2
left_child=1 8 10 28 5 7 -7 26 17 -10 21 -8 -9 16 15 -15 22 23 20 -20 -4 -3 -6 25 -25 -1 -5 -16 29 -2
right_child=3 2 18 4 13 6 11 12 9 -11 -12 -13 -14 14 27 -17 -18 -19 19 -21 -22 -23 -24 24 -26 -27 -28 -29 -30 -31
leaf_value=-0.0016655421139308635 0 -0.002782026680939108 -0.0024136613375067579 -0.00044047261963127621 0.0080125291947590674 -0.0070565289672150809 -0.0010678875570690268 0.0074792730354486482 1.1099338722086278e-05 0.0086482545741597069 0.0019458500883482212 0.0092852929421825183 0 0.011331413184168471 -0.0027580109511648409 -0.00041136457170676239 0.010679887184093349 -0.0059500084686586914 -0.00016467349820558548 0.011909148796155258 0.00031160904604926799 -0.0065314484768557498 -0.00070275770909028804 0.0022093603676733259 -0.0092170644127918724 0.013761827294300512 0.0015685799869639997 0.006472973935342516 -0.0033082286407523876 0.015660487785732924
leaf_weight=15.828691678121684 12.149760857224463 1489.6133111612871 828.68272187700495 1226.9791326457635 38.13191379699856 176.34979967866093 84.041534814052284 195.09552582446486 109.39532087836415 137.6092662429437 126.43545471737161 46.408606461249292 102.81876704189926 141.18162683490664 51.442422518506646 24.476517049595714 29.353434212505817 68.650543365627527 64.54369093850255 40.741773452609777 1225.7564835837111 270.56915687071159 255.08862139284611 86.638614566065371 29.822674271650612 28.731560425832868 1537.9497569613159 57.647109655663371 5.8173268772661677 45.393979530781507
leaf_count=185 161 57454 27122 20747 318 2605 1144 1977 1515 1608 2175 502 1010 1092 368 239 200 1526 1037 435 25984 10403 2570 1198 407 286 24127 383 43 438
internal_value=0 -0.00125004 -0.00167786 0.00140266 0.00124036 0.000732762 -0.00287826 0.00110835 0.00229902 0.00501813 -0.00301444 0.00260064 0.00502673 0.00402421 0.00666373 0.00945937 0.00161706 -0.000542053 -0.000492173 0.00456355 -0.000776286 -0.00339224 0.000445363 0.00169265 -0.000728628 0.00806124 0.000667016 0.00192695 0.0102912 0.0123002
internal_weight=8553.35 4523.02 4046.34 4030.33 3966.96 3369.64 306.8 3062.84 476.677 247.005 1886.62 130.45 297.914 597.322 274.748 165.658 322.574 229.672 2159.72 105.285 2054.44 1760.18 293.221 161.022 116.461 44.5603 2764.93 109.09 63.3611 57.5437
internal_count=189259 131335 124610 57924 57282 52112 4251 47861 6725 3123 70032 1646 2987 5170 2082 1331 3088 3602 54578 1472 53106 67857 2888 2076 1605 471 44874 751 642 599
is_linear=0
shrinkage=0.03


Tree=37
num_leaves=31
num_cat=0
split_feature=8 5 0 8 8 38 19 28 31 10 31 41 0 31 37 0 34 10 45 7 45 8 39 4 3 1 45 0 32 44
split_gain=16.1917 7.08513 6.26804 5.57464 5.30397 3.9349 3.71946 4.1924 4.02246 5.65495 4.18781 3.53561 3.42641 4.61075 3.84797 3.30098 3.18755 4.02298 3.4727 3.14357 3.12584 3.08273 2.88115 3.02872 2.82209 2.66577 2.58244 2.41037 3.11461 3.42863
threshold=0.18567298410671487 -0.078514427232747527 -0.050398086774886573 -0.02256631097260715 0.5714650238588167 0.082126609944655385 1.0442881817039606 -0.30667149846238212 0.038427507637324956 -0.030288305993207611 0.093829741277411435 0.020145564384067598 -0.01511364272364943 0.0012995440972880061 0.035374155079421106 -0.032523099814758982 0.043271012925186127 -0.013168214213026394 0.001263964134507907 0.052601222011950319 -0.00036650857440539741 -0.16161799968330384 0.025325546861937227 0.52356981953618764 14.824418391984722 0.04713804011055233 -0.003745018504284043 -0.10489401629644098 0.091156904505705516 -0.014246681102032506
decision_type=2 2 2 2 2 2 2 2 2 2 2 2 2 2 2 2 2 2 2 2 2 2 2 2 2 2 2 2 2 2
left_child=1 5 27 15 6 12 8 20 9 -4 -10 -6 13 14 -1 -3 17 -5 25 -17 -8 -21 23 -13 -9 -18 -24 -2 29 -29
right_child=2 3 4 16 11 -7 7 24 10 -11 -12 22 -14 -15 -16 19 18 -19 -20 21 -22 -23 26 -25 -26 -27 -28 28 -30 -31
leaf_value=0 0 -0.00729669836131977 -0.0076127027048684898 -0.0038605843592884816 0.001536948455572625 -0.0013881478967933446 0.0064257412775950776 0.0033543394909669793 0.00538893730367583 0.0010588979071148494 -0.0028732795637344283 0.01046500308843246 -0.0009176462150291627 -0.0021179182174742173 0.010384006236465135 -0.002747154712802828 0.0042736542383725509 -0.00031520192523227635 0.0086208971951091395 0.0091312112968396208 -0.00031220586805736278 -0.0022676096376218952 -0.0089441143391719921 0 -0.0032197526611695902 -0.0051711902824449589 0.0038776724938062012 0 0 0.020031905560883335
leaf_weight=46.294051779434085 11.567335921339689 143.20474455086514 64.30807704012841 349.19173729186878 324.15858709253371 165.6150914831087 91.309959894046187 57.986271855421364 336.469079464674 2103.2821247745305 57.514061506837606 141.55150549393147 77.381519814021885 43.305832669138908 142.59732478298247 1613.0891707339324 51.290345396846533 1686.6657475633547 62.161558925174177 36.154081857763231 151.18951365724206 34.740982630290091 10.569024633616207 24.049288868904114 502.94208552874625 46.272941454313695 96.951653845608234 6.0444761877879492 14.158205423504112 33.758885016664863
leaf_count=967 106 6269 1132 11017 3116 2731 1541 1077 3351 30491 506 1071 1126 615 1286 64580 589 39658 666 437 2731 755 80 237 11283 639 666 94 125 317
internal_value=0 -0.00123652 0.00138068 -0.00165031 0.00121266 0.00218466 0.00073629 -0.00101935 0.00129954 0.000770893 0.00408673 0.00381825 0.00418306 0.0059929 0.0080138 -0.00287682 -0.000611741 -0.000945977 0.00336571 -0.00246271 0.00218223 0.00336872 0.00634167 0.00883742 -0.00246351 0 0.00200927 0.0103085 0.0128026 0.0166813
internal_weight=8525.78 4497.97 4027.81 4022.77 3962.28 475.194 3365 803.428 2561.57 2167.59 393.983 597.28 309.579 232.197 188.891 1827.19 2195.58 2035.86 159.725 1683.98 242.499 70.8951 273.121 165.601 560.928 97.5633 107.521 65.5289 53.9616 39.8034
internal_count=189259 131335 57924 124610 57282 6725 52112 16632 35480 31623 3857 5170 3994 2868 2253 72041 52569 50675 1894 65772 4272 1192 2054 1308 12360 1228 746 642 536 411
is_linear=0
shrinkage=0.03


Tree=38
num_leaves=31
num_cat=0
split_feature=8 42 0 8 37 8 7 0 31 18 0 19 4 40 44 31 7 26 2 38 33 25 34 34 41 31 11 0 0 4
split_gain=15.9128 6.68191 6.40528 4.89174 3.74742 4.23706 3.59713 6.51525 4.86945 4.56769 4.52741 3.80229 2.98886 4.46981 4.13373 3.67401 2.94245 2.66011 3.53951 3.9214 2.5677 2.55089 2.54727 3.15106 2.66471 2.53644 2.47809 2.43825 2.22323 3.19068
threshold=0.18567298410671487 0.090909095192572453 -0.050398086774886573 0.5714650238588167 0.035374155079421106 -0.10925712149740205 0.041193948614796409 0.093640722447759964 0.021359605872412594 4.4863478253842937 0.011540315354514089 0.96060611026508325 0.12637020549310576 -0.00010969125636906272 0.016300184557099921 0.031548397333033572 0.027471027344964285 0.033901514613956484 -0.041552923325972969 0.072838809711354827 9.8858069356687519 -0.65115400119429434 -0.0096277048722660987 0.011968070733720356 0.063793039980298782 -0.010424464808712293 -0.24230587121212119 0.0067249630627297767 -0.10489401629644098 -0.74186035903577252
decision_type=2 2 2 2 2 2 2 2 2 2 2 2 2 2 2 2 2 2 2 2 2 2 2 2 2 2 2 2 2 2
left_child=1 4 28 6 5 20 8 9 10 -8 -4 -9 22 15 -15 -14 -10 18 19 -6 -1 -3 24 -24 -5 -7 -20 -19 -2 -30
right_child=2 21 3 12 17 25 7 11 16 -11 -12 -13 13 14 -16 -17 -18 27 26 -21 -22 -23 23 -25 -26 -27 -28 -29 29 -31
leaf_value=-0.0043490857075777342 0 -0.00016132677937586164 0.0013545378078365614 0.014703074990858895 0.0075046132428566907 0.00069539141194868074 -0.0053328403739664951 0.012600696865380883 0.0013691191664543956 0.013296587392320893 -0.0014602066354720054 -0.0025690549897359684 0 -0.00030751618219341479 0.0093667306003415492 -0.013143632133178771 0.0049687013534220614 -0.0074352366347358858 -0.0027326674614565017 -0.00096363592896148034 0.0053188686564541289 0.0057238848857138263 -0.00017407652967120284 0.0059908249918956616 0 -0.0020442835146453446 5.7152721824712223e-05 6.9740147812688474e-05 -0.0029483062964376461 0.014987341887647622
leaf_weight=802.64665981195867 11.432155556045471 95.331881030462682 1326.6705422764644 41.853852611035109 103.09191751433536 385.64571733307093 239.9669505180791 31.870131593197584 532.25654334854335 6.9134451532736412 827.69943280890584 17.840612933039665 57.736783306114376 78.362205678597093 64.920956877991557 24.222072672098875 370.07572797406465 84.943118622060865 369.9257179768756 78.300961588509381 18.671958518214524 157.44728846102953 96.740167409181595 223.22233793884516 11.434871925041078 1191.2671375311911 1132.5187083580531 54.998400954529643 5.7314879130572072 50.292088233865798
leaf_count=33741 106 1701 20541 368 1607 11411 3683 287 7250 63 15409 218 567 845 493 220 4661 2626 10398 1698 533 2689 893 1698 86 34662 29067 1202 54 482
internal_value=0 -0.00122997 0.00136921 0.00119692 -0.00151967 -0.00230127 0.000736994 -0.00236098 0.00105075 -0.00443846 0.000258355 0.00687087 0.0036967 0.000782336 0.00404156 -0.00447532 0.00289773 -0.000472 -0.000117607 0.00376042 -0.00406213 0.00342791 0.00534249 0.00406056 0.0115164 -0.00135523 -0.00061663 -0.00437807 0.0102689 0.0125696
internal_weight=8494.03 4474.79 4019.24 3951.79 4222.01 2398.23 3353.29 296.591 3056.7 246.88 2154.37 49.7107 598.493 225.242 143.283 81.9589 902.332 1823.78 1683.84 181.393 821.319 252.779 373.251 319.963 53.2887 1576.91 1502.44 139.942 67.4557 56.0236
internal_count=189259 131335 57924 57282 126945 80347 52112 4251 47861 3746 35950 505 5170 2125 1338 787 11911 46598 42770 3305 34274 4390 3045 2591 454 46073 39465 3828 642 536
is_linear=0
shrinkage=0.03


Tree=39
num_leaves=31
num_cat=0
split_feature=6 44 0 6 7 0 25 31 2 39 26 8 5 2 41 32 3 1 33 31 1 6 27 7 38 3 26 38 6 39
split_gain=16.2238 6.7496 5.95874 4.95868 4.30342 6.46773 6.00802 5.01235 4.6229 4.18763 4.06881 4.01352 5.8308 4.06681 3.48564 4.08222 3.42569 3.07474 3.15868 3.14156 2.8767 2.82853 2.59092 2.58434 2.86483 2.75001 2.53319 1.7863 1.72447 2.40449
threshold=0.056721062960899189 -0.035632455375990794 -0.056622625289260702 0.46213727322926218 0.043229354475922015 0.028893609353304327 -0.19120829771998499 0.049657341358692632 -0.0053334388141941308 0.0078635587880573812 0.054067214932727169 0.031130991200790065 -0.078514427232747527 -0.019502004435587385 0.094107698832786704 0.10936426388448769 18.725265953582973 0.066844856924203319 -1.0000000180025095e-35 -0.042517542548813285 0.075184893733639277 -0.12244669099768295 0.073770332036882005 0.031338517211026172 -0.88010715012943297 17.340229397409505 0.059780083994960757 -0.22367853046958072 0.016680807455197403 0.011688028555225456
decision_type=2 2 2 2 2 2 2 2 2 2 2 2 2 2 2 2 2 2 2 2 2 2 2 2 2 2 2 2 2 2
left_child=1 16 26 4 7 22 -7 9 -9 -4 27 12 17 -14 20 -16 23 19 -19 -3 -12 -15 -6 -1 -25 -26 -2 -5 29 -13
right_child=2 11 3 10 5 6 -8 8 -10 -11 14 28 13 21 15 -17 -18 18 -20 -21 -22 -23 -24 24 25 -27 -28 -29 -30 -31
leaf_value=0 0.012549965586302548 -0.006673811505723823 -0.00014666651774891917 0.0018076022010238973 -0.002137981137365129 -0.00068565029215765722 0.012886359579195086 0.0084993280903071754 0.0016988881214482251 0.0021322790501216563 -0.0021024336572782014 -0.00018499296690962011 -0.0057363560260659738 0.0019811196430031828 -0.015796673367577483 0.0065162619626715412 -0.0064676274160589764 0.0077206121252950989 -0.00024490961675974687 0.0010844931471023528 0.01213670381920706 -0.0025723417735397376 -0.0094446536361267441 -0.0045871653846665692 0.0045287965219466238 0.014275193296536631 0 0.018653232083886934 -0.00097293632521881226 0.0042438676343687113
leaf_weight=72.021631726995111 56.838975961320102 61.061979865655303 1456.8761299084872 13.427275046706198 120.81211140844971 104.82709702383727 33.772071171551943 159.38049435243011 237.77616619877517 1396.141602287069 14.00190921500325 378.30218292120844 379.77548058424145 121.94811438536271 12.398908674716951 6.7834061533212653 21.658299608156085 92.255582160316408 69.584252976812422 145.09704056940973 26.837896671146154 1578.4733415772207 84.443165954202414 12.364149098284541 111.01234056567773 42.838864628225565 21.748295617289841 27.501375015825033 1466.917076241225 144.28230031579733
leaf_count=2191 586 989 26855 92 2166 1415 305 1467 2289 17115 105 8665 17542 2739 98 43 470 1162 1138 2270 173 62380 1240 199 1828 639 240 179 30548 2131
internal_value=0 -0.00117616 0.00146378 0.00127334 0.00107345 -0.00206222 0.00274603 0.00141706 0.00457427 0.000959832 0.0077202 -0.0014572 -0.00227232 -0.00289131 0.00182085 -0.00694975 0.00344632 0.00113807 0.00421126 -0.00117497 0.00690354 -0.00222334 -0.00543979 0.00458536 0.00659201 0.00779538 0.00944704 0.0145784 -0.000435926 0.00100956
internal_weight=8471.16 4697.59 3773.57 3694.98 3594.03 343.854 138.599 3250.17 397.157 2853.02 100.951 4437.7 2448.2 2080.2 60.0221 19.1823 259.895 367.999 161.84 206.159 40.8398 1700.42 205.255 238.237 166.215 153.851 78.5873 40.9287 1989.5 522.584
internal_count=189259 134891 54368 53542 52852 5126 1720 47726 3756 43970 690 129564 88220 82661 419 141 5327 5559 2300 3259 278 65119 3406 4857 2666 2467 826 271 41344 10796
is_linear=0
shrinkage=0.03


Tree=40
num_leaves=31
num_cat=0
split_feature=6 0 42 34 8 5 19 25 19 41 2 43 27 27 35 0 43 41 11 39 40 42 3 28 31 6 5 38 35 34
split_gain=15.2676 5.88886 5.69998 5.14218 3.80187 4.98188 3.67321 3.63601 3.73597 3.63282 4.93808 4.10274 3.53284 3.52013 4.28992 3.49777 3.40572 3.81144 3.2052 3.65051 3.18435 3.10371 2.73862 2.35377 2.67346 2.25593 2.25139 2.17361 1.95015 2.77133
threshold=0.056721062960899189 -0.056622625289260702 0.093514473263734479 0.0122624826334301 0.031130991200790065 -0.078514427232747527 1.1760458133908387 -0.64108981656430153 0.8119962660316099 0.0022675757052347555 0.070779815857414038 0.8581361949041667 0.075184893733639277 0.070024651253369624 0.0013055598480894526 -0.037322517903542747 -0.33979809862411864 -0.050114411414637544 -0.050280898876404488 0.00016529691010480979 0.0032650730390137834 0.032679738924221685 16.942234426546126 -0.10783037752037215 0.012609299608737903 -0.11529272236675263 -0.097588771577834452 -0.16217378104940747 0.002093568274317312 0.043271012925186127
decision_type=2 2 2 2 2 2 2 2 2 2 2 2 2 2 2 2 2 2 2 2 2 2 2 2 2 2 2 2 2 2
left_child=2 -2 4 6 5 18 7 12 -9 10 11 -5 -3 22 -15 -7 17 -4 19 -1 23 -12 -11 24 -18 -17 -20 -22 29 -6
right_child=1 3 16 9 28 15 -8 8 -10 13 21 -13 -14 14 -16 25 20 -19 26 -21 27 -23 -24 -25 -26 -27 -28 -29 -30 -31
leaf_value=0.0044055377067486381 0.0092591641944930053 0.0045578245282487939 0.017078891872020809 -0.00054772227167488403 -0.0013980764514375263 -0.0079689515751981584 -0.002788964822278488 0.0012963328831190697 -0.0018192087632661758 0.0028206049742642079 -0.00098444002238468596 0.01157271755734879 -0.0055259183158493366 0.0034688061486782217 -0.0050705159168970768 0.00065852727582228667 -0.0092803599008678597 -0.0010171173204144501 -0.0086841298552880111 -0.0026919081925250916 0.01294017326307954 0.015263657634598304 0.0067046828291614322 0.0027711222912548288 0.0024709552843604821 -0.0027388120933677556 0.00055546037562677548 0 0.00092306649439770859 0.0045014548673020386
leaf_weight=221.56658526696265 80.541214570403099 306.47044395562261 25.382279613986611 577.19057643506676 1260.1097414735705 110.00397103140131 301.04133965354413 900.00812005717307 554.66810216754675 417.04547563940287 10.034177892841397 21.266492206603289 27.938550877384841 135.34554805140942 79.624349923804402 177.59623879566789 40.432013822719455 10.675052581354974 41.17461512144655 82.132754840888083 25.700827498920262 27.256875070743263 336.05612615868449 65.529667850583792 20.061425772495568 1804.2842625640333 36.302344903349876 19.637715903110802 659.55056959483773 69.093074547126889
leaf_count=2901 826 5592 235 7455 28092 5021 7173 12067 9965 4479 108 193 492 1256 794 4738 797 186 855 1240 354 225 3743 1162 332 74173 827 357 12911 710
internal_value=0 0.00141782 -0.00114642 0.00122646 -0.00137855 -0.00216539 0.000228679 0.000759524 8.56619e-05 0.00250338 0.000675232 0 0.00355798 0.00366349 0.000126119 -0.00274288 0.00362058 0.0115193 0.000920693 0.0023764 0.00150899 0.0105828 0.00462616 -0.000795687 -0.00503409 -0.00241839 -0.0042199 0.00795378 -0.000382078 -0.00105321
internal_weight=8443.72 3774.49 4669.23 3693.95 4461.81 2473.06 2090.13 1789.09 1454.68 1603.82 635.748 598.457 334.409 968.071 214.97 2091.88 207.419 36.0573 381.176 303.699 171.362 37.2911 753.102 126.023 60.4934 1981.88 77.477 45.3385 1988.75 1329.2
internal_count=189259 54368 134891 53542 131468 89755 35289 28116 22032 18253 7981 7648 6084 10272 2050 83932 3423 421 5823 4141 3002 333 8222 2291 1129 78911 1682 711 41713 28802
is_linear=0
shrinkage=0.03


Tree=41
num_leaves=31
num_cat=0
split_feature=6 44 0 6 19 32 26 11 36 1 28 25 43 37 2 26 31 28 6 6 0 3 4 1 27 42 3 28 32 27
split_gain=14.6493 5.72235 5.35023 4.51945 4.50185 4.2147 4.51828 3.96152 3.94608 3.93274 3.65485 3.38974 3.1786 3.10163 2.9935 4.01123 3.19472 3.02764 2.91344 4.5325 2.99861 2.83015 3.10383 3.18096 2.72906 2.70428 2.63268 3.81693 2.3135 2.30079
threshold=0.056721062960899189 -0.035632455375990794 -0.056622625289260702 0.31670942536295615 1.1802128841261783 0.049039419405914601 -0.00088672058716286566 0.46992311171415657 -0.013423039151968691 0.075184893733639277 0.85743840086558454 -0.70495853069733239 -0.60283147048020058 0.030303089613153898 0.0006835348189887456 -0.042559569570281501 -0.030122745392178584 0.43280856050223721 -0.14934404945838028 -0.021576103331597925 0.013476744689284082 18.725265953582973 0.33779483585141717 0.052493519777246749 0.10940632052273991 0.035527627700016641 16.363870530855674 0.32365630196537604 0.019379862256192138 0.032560569595350926
decision_type=2 2 2 2 2 2 2 2 2 2 2 2 2 2 2 2 2 2 2 2 2 2 2 2 2 2 2 2 2 2
left_child=1 12 -2 4 8 6 -5 11 25 -9 -8 -7 -1 -10 15 16 24 28 26 -20 -21 22 23 -14 -3 -4 -16 -28 -17 -6
right_child=2 14 3 5 29 7 10 9 13 -11 -12 -13 21 -15 18 17 -18 -19 19 20 -22 -23 -24 -25 -26 -27 27 -29 -30 -31
leaf_value=0.010495602812222228 0.0087845384665925005 0.011041447207490254 -0.0051089329302189098 -0.0042136174229114622 0.00065598093882708272 0.0083743837851076829 0.018317624550304563 -0.0013279925442832837 0.00042826899244088418 0.011604305392608949 0 -0.0028026756871099472 0.0010305635153178331 0.002593855901522211 0.01165617867535221 -0.0041374626263984849 -0.00053676757792445727 -0.0049208738543696116 -0.0030881910491158604 0.0015922694567290338 -0.0011891852391265093 -0.0086926531206944317 -0.0039476281295857214 0.010089152297583259 -0.0019918628525258473 0.00029337605123506679 -0.0063059058040486849 0.011271152522874606 -0.0013624928662371181 -0.0033952594169809895
leaf_weight=40.17392417229712 82.400736555457115 44.540663856081665 123.79261662811041 9.2814053297042829 196.21396428626031 25.252004064619541 43.339452918618917 24.644841333851218 1031.3272238783538 57.960615955293179 14.285740144550799 116.0007184445858 105.824285981711 1541.9860137337819 27.782739973627031 350.46625231625512 117.70174223231152 382.89441501442343 528.11045373603702 675.30918112862855 705.77838308271021 16.408546887338161 42.554331245832145 55.838546667713672 13.501748165115712 208.87849089782685 25.743821835145354 12.417699621058999 1500.6474697827362 296.6087392186746
leaf_count=676 826 687 2703 65 4239 195 256 170 14373 342 99 972 2637 19720 366 13224 2831 13364 17887 14719 15419 401 860 753 160 4371 374 151 50382 6037
internal_value=0 -0.00112717 0.00138792 0.00120294 0.000881129 0.00478472 0.0112603 0.00251449 0.00133674 0.007548 0.0143691 -0.000381421 0.00311635 0.00174009 -0.00138966 -0.00210235 0.00212613 -0.0024524 -0.000501877 -0.000735743 0.000150054 0.00143688 0.00258246 0.00454823 0.00761626 -0.00167395 0.00542075 0 -0.00191376 -0.00173164
internal_weight=8417.67 4645.69 3771.97 3689.57 3398.81 290.765 66.9066 223.858 2905.98 82.6055 57.6252 141.253 260.8 2573.31 4384.89 2409.75 175.744 2234.01 1975.14 1909.2 1381.09 220.626 204.217 161.663 58.0424 332.671 65.9443 38.1615 1851.11 492.823
internal_count=189259 134891 54368 53542 51443 2099 420 1679 41167 512 355 1167 5327 34093 129564 80648 3678 76970 48916 48025 30138 4651 4250 3390 847 7074 891 525 63606 10276
is_linear=0
shrinkage=0.03


Tree=42
num_leaves=31
num_cat=0
split_feature=8 37 6 5 8 44 39 26 28 0 41 43 35 33 35 26 45 31 32 40 1 40 41 35 27 6 41 43 0 1
split_gain=13.4689 5.67983 5.43857 4.18553 3.85157 4.3361 3.97717 3.61544 4.19128 3.59403 3.3322 3.57406 3.44485 3.95409 3.20378 3.19505 3.04175 2.96684 2.96375 4.39518 3.78593 2.87809 4.38211 4.30724 3.54352 3.02479 3.00757 3.38062 3.21187 3.05802
threshold=0.41302281763700494 0.030805722640689547 -0.0094691655980141381 -0.086584283147530403 0.033942521024741774 -0.035632455375990794 -0.0092736587243499521 0.0030350043977734934 0.013467565301691133 -0.010204152737735351 0.02401662216897486 0.74305356342127216 -8.4634815780275014e-05 0.26446004678468965 0.00072453137330621639 0.0084072881971552268 0.015138458025456396 0.049657341358692632 0.041220094561955814 -0.00012636959433654321 0.018308659511637741 -0.00030168631091931 -0.0069687395916813773 0.0067695506112495857 0.093759457287941994 0.17488106123550065 -0.0021541457909393601 0.76354988379578004 0.095261796057407311 0.038490902221132266
decision_type=2 2 2 2 2 2 2 2 2 2 2 2 2 2 2 2 2 2 2 2 2 2 2 2 2 2 2 2 2 2
left_child=1 2 -1 7 5 -5 -6 8 -3 -10 21 12 13 15 18 -12 -7 -8 20 -20 -4 26 -23 24 -24 -25 27 28 -2 -28
right_child=10 3 14 4 6 16 17 -9 9 -11 11 -13 -14 -15 -16 -17 -18 -19 19 -21 -22 22 23 25 -26 -27 29 -29 -30 -31
leaf_value=-0.0035366532164671166 -0.0073306491780217248 0.00059804691596870906 0.00028857466160285621 0.0040426073443298721 -0.0017949337456695496 -0.002547538638926958 0.00077147680695510408 -0.0040830510881631971 0.010354894279537934 0 0.010728571545170016 0 0.0032609226884374471 0.016421763996288148 0.00050763016764453651 0.00023303814563771882 0.0041703798136512567 0.0045307681044155813 0.006978691851274363 -0.0016876593943678489 -0.0037328708772182808 0.0063962078142241552 0.001268454821854031 -0.00051171708078247887 0.011565466296162782 -0.014791054498691586 0.0038501027724194051 0.010399891649575646 0.0096819506169841252 -0.00263279873016915
leaf_weight=882.15342316264287 110.34710079152137 148.16310326661915 285.44516887376085 105.54093978134915 475.26885072421283 994.43132834974676 1514.647092060186 43.912824721075594 118.4715762520209 39.579044887796044 48.608314813114703 121.82227542158216 256.27397738676518 48.02838974725455 995.5620333198458 63.325923313386738 56.9294623141177 218.53700242657214 75.068714948371053 141.11287880595773 672.71649509528652 193.03579876385629 426.26233195699751 43.470903461799026 28.919647671282291 18.321230630390346 154.26282835844904 6.8104098774492732 5.1933218687772742 101.83236339502037
leaf_count=38218 1462 1988 6833 2384 12633 36343 24518 603 1085 467 499 1187 2532 397 22111 654 1693 1943 1275 2716 16641 2260 4970 505 220 224 1587 60 35 1216
internal_value=0 -0.000589471 -0.00154837 0.000191172 -0.000126939 -0.00153279 0.000597761 0.00329202 0.00449465 0.00783314 0.00244694 0.00439748 0.00570671 0.00922562 -0.000719991 0.00531122 -0.00213736 0.00127441 -0.0017839 0.00127581 -0.00250842 0.00143958 0.00256816 0.00103374 0.00210641 -0.00598497 -0.000605407 -0.00442911 -0.0059472 0.00115632
internal_weight=8394.05 6767.54 3052.06 3715.48 3365.35 1156.9 2208.45 350.127 306.214 158.051 1626.51 538.059 416.237 159.963 2169.91 111.934 1051.36 1733.18 1174.34 216.182 958.162 1088.46 710.01 516.974 455.182 61.7921 378.446 122.351 115.54 256.095
internal_count=189259 171451 87794 83657 79514 40420 39094 4143 3540 1552 17808 5269 4082 1550 49576 1153 38036 26461 27465 3991 23474 12539 8179 5919 5190 729 4360 1557 1497 2803
is_linear=0
shrinkage=0.03


Tree=43
num_leaves=31
num_cat=0
split_feature=8 31 41 36 10 33 5 6 7 26 0 5 19 45 2 6 28 28 28 41 31 0 38 18 32 35 18 18 39 43
split_gain=13.784 4.9366 4.62182 6.62996 6.05941 5.21829 4.47929 6.71931 4.13222 4.2895 4.13632 4.9571 4.78487 3.54371 3.44479 4.14929 3.37093 3.94509 3.14254 4.78472 4.19281 3.80197 2.90109 3.87486 3.08022 2.90109 3.04707 3.15132 4.18612 3.07835
threshold=0.41302281763700494 0.054067229280779817 0.0034603420574150149 0.046051385868387931 -0.039081742985405163 -0.0092568819670839613 -0.078514427232747527 -0.0094691655980141381 0.032372406560350724 0.015560747118357083 0.039470866520145469 0.074897775988766915 0.25408926382524755 -0.0053028949695460483 -0.018883447847326922 -0.12244669099768295 -0.32278382485344531 -0.94110189597685323 -0.43877896889949225 0.015544867432554586 0.0071048709799155845 0.011287560787999732 0.077597775603374344 -0.82090655545223845 0.041742728840991845 0.0024338037179355621 -0.71591132496272414 -3.4320332226919987 -0.0070717948779472246 0.74305356342127216
decision_type=2 2 2 2 2 2 2 2 2 2 2 2 2 2 2 2 2 2 2 2 2 2 2 2 2 2 2 2 2 2
left_child=1 6 -3 4 -4 -6 16 14 9 18 11 12 -11 -13 -8 -16 17 -1 -2 20 -20 -21 23 -18 -24 26 27 -10 -29 -28
right_child=8 2 3 -5 5 -7 7 -9 25 10 -12 13 -14 -15 15 -17 22 -19 19 21 -22 -23 24 -25 -26 -27 29 28 -30 -31
leaf_value=0.0059394325909213255 -0.00022847010338066483 -0.00023163591121174487 -0.012295257327494556 0.015816578855274904 -0.010499186019714696 0.0072416059190386775 -0.0054762461267182563 -0.00038229605776791742 0.0080436599530065347 0.0098406347828632734 -0.007374130199400402 -0.0066130970391208507 -0.0041223069810432623 0.005769107906107511 0.0028239325735861403 -0.0025031654592006076 -0.0002007728177764437 -0.0066651841100135705 0.0053087123186011075 0.011541443625526124 -0.0017824894756131545 0.0023813614352833534 -0.0063526891113303511 0.007692932325471807 0.0031166964031999413 0.00062814409628426287 0.0085960419865427334 0.0081918990649266863 -0.0081549497609454125 -0.00016960663371489863
leaf_weight=25.571901043877006 184.45766332466155 214.74269200023264 15.913477141410111 43.230936762876809 11.442191204056142 108.79945831792429 319.13024908490479 4218.6432885173708 29.871758595108986 19.027045723050833 67.754506129771471 17.535935633815825 196.07357366848737 153.66541868355125 138.163280505687 1217.7894469704479 71.609348696656525 67.746993857435882 136.8751141410321 108.35723097063601 147.01590018998832 83.818696483969688 43.857634956948459 168.27160902507603 77.80908789485693 133.70218851603568 259.56914361380041 14.127977895550428 41.611400078982115 33.827414625324309
leaf_count=335 2023 2911 215 315 163 1270 15082 92120 215 144 937 190 2739 1675 2916 49870 978 1331 1569 900 1880 1153 751 2026 1168 1187 2308 145 437 306
internal_value=0 -0.000598421 0.00262139 0.00611311 0.00236849 0.0049621 -0.000804939 -0.0010301 0.00247381 0.00139884 -0.000789927 0.000367696 -0.0025554 0.00417889 -0.00263771 -0.00192994 0.00202669 -0.00277965 0.00294315 0.00422399 0.00156532 0.00786006 0.00337009 0.00525801 -0.000175947 0.00471667 0.00605389 0.000629916 -0.00318441 0.00749895
internal_weight=8370.01 6742.72 394.129 179.386 136.155 120.242 6348.59 5893.73 1627.29 1114.58 454.056 386.302 215.101 171.201 1675.08 1355.95 454.867 93.3189 660.525 476.067 283.891 192.176 361.548 239.881 121.667 512.71 379.008 85.6111 55.7394 293.397
internal_count=189259 171451 4874 1963 1648 1433 166577 159988 17808 13210 5685 4748 2883 1865 67868 52786 6589 1666 7525 5502 3449 2053 4923 3004 1919 4598 3411 797 582 2614
is_linear=0
shrinkage=0.03


Tree=44
num_leaves=31
num_cat=0
split_feature=8 8 6 2 0 26 29 4 40 29 19 26 39 26 45 36 34 39 31 31 19 0 1 8 2 31 28 8 8 32
split_gain=14.3979 4.28839 5.29026 5.55561 4.81435 3.2146 3.04342 3.03993 3.76583 3.02173 2.9918 9.10456 5.5325 5.16269 3.53908 3.08069 2.84296 3.56476 2.82141 3.91418 4.60038 4.15301 3.03154 2.56377 3.25209 2.50694 2.43473 2.37418 2.29229 2.18516
threshold=0.41302281763700494 0.033942521024741774 -0.11529272236675263 0.024096470664260353 -0.056622625289260702 0.095262188174634527 -0.043460681101799056 0.68726140101692945 0.00066309459019881401 -0.026128923225214328 0.18792232959535674 0.016220258705649759 -0.0069084687659884767 0.011794840679514315 0.0075552135489054132 0.01652928599149716 -0.02091040827590767 0.030158782572397031 0.051685099707298433 0.093829741277411435 0.90031904212085123 0.081405523133949678 0.034839956995800704 0.49788318911290469 0.046962966538972119 -0.0041580007982548175 -0.44650449187102031 0.14841328928964079 0.35326739965400472 0.08141677895603934
decision_type=2 2 2 2 2 2 2 2 2 2 2 2 2 2 2 2 2 2 2 2 2 2 2 2 2 2 2 2 2 2
left_child=1 2 3 16 6 7 -3 10 23 -4 11 12 -2 14 -12 -15 17 -1 22 20 -20 -21 28 -9 -25 -13 -5 -8 -6 -24
right_child=5 4 9 26 18 -7 27 8 -10 -11 13 25 -14 15 -16 -17 -18 -19 19 21 -22 -23 29 24 -26 -27 -28 -29 -30 -31
leaf_value=0.0043870140444861785 0.013782757850569557 0.01804029517306709 0.00095292177809257249 -0.0018944478168434024 -0.00011142068661241108 0.010357216960920904 -0.0033026050962510867 1.8431749249954546e-05 0.0031109285282547934 -0.0026006504574338511 0.0051165795678467397 0 -0.0065122536556207816 -0.0013308864263025201 -0.0020026645883226613 0.0026287358177096124 -0.0020343905474932309 -0.010413566710840422 0.0086600573913316343 -0.0066788926047704226 0.00052972488867673536 0.012538297363671722 -0.0011275430881410977 -0.014558479277578393 0 0.018110126127266559 0.010773358566091684 0.0073291333609219597 0.0025681614953113438 -0.0057898193426233376
leaf_weight=148.91435101535171 11.038735225796698 14.32529244199395 226.79072190495208 10.680239591747521 1920.0325460992754 43.37447605561465 23.318436155095696 39.671318124979734 83.713629567995667 1911.8840080252849 537.90716204140335 8.7682944871485216 41.722764577716589 371.59148932434618 61.909786676988006 322.06501129548997 269.22916235867888 10.437823981046675 111.15701766870916 59.82564552873373 156.22252032812685 6.4118489213287821 1321.6472531985492 33.009346142411232 25.322128589265049 46.428147977218032 62.420785374939442 41.854496780782938 329.59556491393596 97.381047362461686
leaf_count=2417 75 111 6918 142 40738 323 397 543 970 76822 5814 69 299 4771 693 3262 6193 204 1009 672 1739 50 26992 422 277 290 742 417 4061 1827
internal_value=0 -0.000613174 -0.00155406 0.00117078 0 0.00252825 0.00708313 0.00226294 -0.00124864 -0.00220848 0.00274241 0.00756582 -0.000921245 0.00228915 0.00432169 0.000470284 -0.00010016 0.0029477 -0.000152812 0.00245543 0.00411679 -0.00364806 -0.000401184 -0.00523406 -0.00899941 0.0155795 0.00853565 0.00313338 0.000272687 -0.00148777
internal_weight=8348.65 6722.13 2640.36 501.682 4081.77 1626.52 79.4982 1583.15 181.716 2138.67 1401.43 107.958 52.7615 1293.47 599.817 693.657 428.581 159.352 4002.27 333.617 267.38 66.2375 3668.66 98.0028 58.3315 55.1964 73.101 65.1729 2249.63 1419.03
internal_count=189259 171451 93438 9698 78013 17808 925 17485 2212 83740 15273 733 374 14540 6507 8033 8814 2621 77088 3470 2748 722 73618 1242 699 359 884 814 44799 28819
is_linear=0
shrinkage=0.03


Tree=45
num_leaves=31
num_cat=0
split_feature=8 7 8 5 2 0 19 7 0 0 38 7 35 0 26 45 29 6 35 36 42 8 44 2 39 5 18 38 3 29
split_gain=14.0407 4.63976 4.12439 5.26041 5.19651 3.46336 4.26788 3.44366 3.19531 6.00843 3.97694 3.11804 3.40675 3.35909 4.18674 3.53377 4.45339 3.32003 3.18998 3.13847 3.09913 2.90623 3.86464 3.43106 2.88744 2.86774 2.79086 2.79791 2.45716 4.76292
threshold=0.41302281763700494 0.062942267757692585 0.18567298410671487 -0.078514427232747527 -0.004597620016504992 0.0090810551718038621 0.36878636842451323 0.023254198685810672 -0.067658654415710812 0.063513449760970578 0.027051903900324529 0.032372406560350724 0.0024338037179355621 0.046059763870691703 -0.0061846686447307548 -0.0063342815293408218 -0.0087627176904311339 0.24525596292962973 -0.010190283794123177 0.010501302614824015 0.12499997240525816 0.5714650238588167 -0.014930090076048057 -0.025157278876607087 -0.0082467741569370711 0.15282722556106912 -1.599326742785167 0.077597775603374344 16.145952325790688 -0.004574979437701911
decision_type=2 2 2 2 2 2 2 2 2 2 2 2 2 2 2 2 2 2 2 2 2 2 2 2 2 2 2 2 2 2
left_child=1 2 3 26 -5 28 7 -7 -3 10 -10 13 18 15 -15 16 -2 24 25 -18 -6 23 -23 -14 -17 -13 -1 -28 29 -4
right_child=11 8 5 4 20 6 -8 -9 9 -11 -12 12 21 14 -16 17 19 -19 -20 -21 -22 22 -24 -25 -26 -27 27 -29 -30 -31
leaf_value=-0.0030431038944683897 0.0083054003966212334 0.012620060585909337 0.0032640882568090519 -0.0030075665689953805 -0.00084992441342068262 -0.00015444228542592871 -0.0017953204315982339 0.011154373351034971 0.0030661881006341231 0.012821405127602985 -0.0090137538443733345 0.0030525246251622506 0.0073005933627673693 0.007451255054367052 -0.0061738477515756911 -0.0020407547904140915 -0.00014236163587963036 0.0087993772716363581 0.0065555097656892769 -0.012330836586277543 0.0096630429649921454 -0.0093051944321755325 0.0078043612040917393 -0.0073988339755632106 0.0028431923706330256 -0.015716410895945346 0.004943870817777354 -0.00047797523223905584 0.0024976148100945921 -0.0018872022825695378
leaf_weight=75.83938071038574 18.295791259035468 30.53387850522995 247.74948292504996 1516.4535190886818 2295.7655749162659 43.404690098948777 838.62395998556167 38.296544503420591 49.731620609760284 27.932688720524311 37.171234714798629 11.280362512916328 12.525440400466321 19.611494741402566 89.451589218340814 117.36623683571815 45.819432022981346 72.828319177031517 361.12988616898656 35.54689727909863 20.135798629373312 8.8109605498611909 57.093301523476839 54.749722698703408 713.29703045729548 6.7934900484979144 228.38941451627761 119.11763121979311 691.59077423531562 442.49503957107663
leaf_count=1270 168 292 3592 59400 63766 574 16117 502 801 295 661 97 101 273 1326 2120 513 547 3261 376 314 77 368 641 7887 53 2921 2043 11940 6963
internal_value=0 -0.000606772 -0.000729674 -0.00128381 -0.00163875 0.000282249 -0.00112296 0.00513799 0.00457792 0.0017519 -0.00198366 0.00249777 0.00445794 0.00155198 -0.00324157 0.00211639 -0.00299756 0.00272691 0.00589404 -0.00622015 -0.000724972 8.65014e-05 0.00459895 -0.00393126 0.00210915 -0.004579 0.00184084 0.00301986 0.00124045 0
internal_weight=8327.83 6703.23 6557.86 4255.7 3832.35 2302.16 920.325 81.7012 145.369 114.836 86.9029 1624.6 512.383 1112.22 109.063 1003.15 99.6621 903.492 379.204 81.3663 2315.9 133.179 65.9043 67.2752 830.663 18.0739 423.346 347.507 1381.84 690.245
internal_count=189259 171451 169402 129714 123480 39688 17193 1076 2049 1757 1462 17808 4598 13210 1599 11611 1057 10554 3411 889 64080 1187 445 742 10007 150 6234 4964 22495 10555
is_linear=0
shrinkage=0.03


Tree=46
num_leaves=31
num_cat=0
split_feature=8 37 8 5 36 11 31 31 7 27 35 28 29 0 10 35 37 42 43 35 32 1 2 5 1 18 27 27 44 18
split_gain=13.739 5.26533 4.31743 3.55211 3.54387 3.40232 3.71183 3.30682 3.00551 4.14597 3.08195 2.86357 3.21882 3.17996 2.85332 2.81117 2.75135 2.87259 2.74807 2.51726 3.39115 3.31936 2.68836 2.43799 2.76526 2.55275 2.26553 2.24817 2.30087 2.21027
threshold=0.41302281763700494 0.030805722640689547 -0.025509483498183837 -0.086584283147530403 -0.0029488994591972133 -0.050280898876404488 0.014598785659068437 0.054067229280779817 0.027471027344964285 0.025509821671238411 0.0024338037179355621 0.013467565301691133 0.014507564152770986 -0.010204152737735351 0.034184752297592561 -0.010190283794123177 0.025903218321250105 0.014862521561006399 0.65480671982299665 0.00072453137330621639 0.041220094561955814 0.018308659511637741 0.0060875222879479898 0.067563678174451539 0.10039574626758492 0.540562375824861 0.01153845624810826 0.025929135979289197 -0.034316585426326027 -0.050680737749511838
decision_type=2 2 2 2 2 2 2 2 2 2 2 2 2 2 2 2 2 2 2 2 2 2 2 2 2 2 2 2 2 2
left_child=1 2 -1 11 -5 7 -7 -6 9 26 15 -3 13 -13 16 -10 17 -11 -18 20 21 -4 -22 -12 29 -26 -2 -17 -29 -25
right_child=8 3 19 4 5 6 -8 -9 10 14 23 12 -14 -15 -16 27 18 -19 -20 -21 22 -23 -24 24 25 -27 -28 28 -30 -31
leaf_value=-0.0032276090398759144 -0.002812055665283903 0 0.00016914488780006326 -0.0013506140744673515 -0.0015094348447722366 0.00056226398787961418 0.0043426204426839218 0.0040242244471948522 -0.0033095859780227759 0.0061696880964802114 -0.0067567906520467009 0.0090944304010299806 -0.0053894561369068877 0 -0.0057072967788563047 -0.0011723693010913922 0.0031404971013991481 -0.0045064963474101575 -0.0043605346275736 0.00035577583019144073 0.004127006391648284 -0.0036988378279777887 -0.0025665347912239393 0.0089819098052653038 -0.011092373053355363 0.0052279160928625701 0.0047452869190652202 -0.0017082977818046166 0.0066028107655731047 0.0005636486835205566
leaf_weight=934.9979276843369 31.927044700831175 165.98825864400715 268.04404167318717 1322.8581676091999 743.32790286792442 814.84809981426224 338.09501957707107 104.80161037342623 26.564600236713886 20.615640850737691 28.767098843120039 127.56722451746464 15.306551796384154 40.665870524942875 71.128118232823908 32.442689098417759 298.26848423480988 131.23828457761556 43.926938557997346 958.89179883385077 136.83434988511726 637.96550361998379 77.42077883053571 46.015187615528703 19.29121772386134 6.8205031491816035 299.26849444489926 24.09929789043963 456.70029893703759 83.332663845270872
leaf_count=40843 320 2314 6141 39332 18217 15955 4884 1126 236 217 369 1148 208 473 1008 353 3713 1709 506 20888 2522 15991 1409 405 153 42 3300 277 4362 838
internal_value=0 -0.000600857 -0.00152998 0.000154395 -0.000141249 0.000644651 0.00171071 -0.00077091 0.00247403 0.00125216 0.00392663 0.00301286 0.00554421 0.00683902 -0.00026542 0.00506684 0.000507263 -0.00271537 0.00204227 -0.000746247 -0.00171358 -0.00252691 0.00156811 0.000381524 0.00205878 -0.00571009 0.00389654 0.00558602 0.00611118 0.00400455
internal_weight=8308.02 6687.61 3014.15 3673.46 3323.93 2001.07 1152.94 848.13 1620.41 896.373 724.034 349.528 183.54 168.233 565.177 539.807 494.049 151.854 342.195 2079.16 1120.26 906.01 214.255 184.227 155.46 26.1117 331.196 513.242 480.8 129.348
internal_count=189259 171451 87794 83657 79514 40182 20839 19343 17808 10773 7035 4143 1829 1621 7153 5228 6145 1926 4219 46951 26063 22132 3931 1807 1438 195 3620 4992 4639 1243
is_linear=0
shrinkage=0.03


Tree=47
num_leaves=31
num_cat=0
split_feature=8 42 8 5 41 43 8 43 7 32 5 28 44 40 39 5 43 4 3 1 1 38 33 35 37 4 43 45 29 45
split_gain=13.5759 5.07977 5.50294 3.30339 3.10774 3.66994 4.10599 3.56747 4.14932 5.92176 4.28875 4.40325 3.38255 4.02925 2.99239 2.76918 2.62352 3.03121 2.74673 2.53832 2.51678 2.48352 2.3131 3.7124 3.08053 2.96286 4.18121 2.47042 2.2957 2.29416
threshold=0.37327272101731573 0.090909095192572453 0.028246442555306502 -0.049030171081453626 0.012882662082371198 0.76354988379578004 0.44713375989194892 0.80685092514231382 0.025379068965657781 0.06786920788756258 0.038802742932900765 0.2047713785857628 -0.012306600533312546 -0.00069796274435349388 0.024649689810710928 -0.026336382321717141 -0.62719578001940579 -0.067320545399575757 17.761586678248275 0.096787872279177845 0.01404501681446743 -0.24379893615690837 0.28320754746276583 -0.00050712840847040943 0.060225428972555221 0.29628045233352479 -0.1906766320744335 0.01079125978862612 0.076495415568734446 -0.00036650857440539741
decision_type=2 2 2 2 2 2 2 2 2 2 2 2 2 2 2 2 2 2 2 2 2 2 2 2 2 2 2 2 2 2
left_child=1 2 3 -1 5 12 -7 22 10 19 20 -12 13 29 -15 -3 18 -18 -14 -10 -9 -8 25 27 -25 26 -6 -24 -11 -2
right_child=4 15 -4 -5 7 6 21 8 9 28 11 -13 16 14 -16 -17 17 -19 -20 -21 -22 -23 23 24 -26 -27 -28 -29 -30 -31
leaf_value=-0.0001251970881788998 0.00342088479642638 0.005877350699848973 -0.00013506837428838719 -0.0026853005973757945 0.0095321662572839042 -0.0015517571226107596 0.021882075541755315 0.014344538394247116 0.012209580509844479 -0.010125547422659269 -0.017153315060763296 0.00043475589810349131 0.00036594706553697703 0.0078057062812317106 0 0.00017095793931053905 0.00070551865205161195 -0.0035030749795977884 0.010568054265428568 -0.0026632987730342028 -0.0024367894928148349 0.0038653995576098986 0.014188718808947188 0.0058444815742442176 -0.0041275167745755082 -0.00043030615326544307 0.0023992636179441759 0 0.004757804236445372 -0.0059639248712445277
leaf_weight=647.50548739451915 31.580594443716109 148.2501086727716 3563.225527215749 1740.2626376296394 103.67307819146663 19.736334653571248 14.946511829271911 6.7354464381933239 45.092887482605875 23.943120840936903 29.751317291520536 14.846353258937595 103.07660190667957 143.693164806813 72.932247151620686 176.25389505224302 283.35015959572047 306.23566867038608 29.037926324643195 7.1562713906168929 15.987157790921627 22.524746839888394 66.705520879477262 119.1772941229865 28.428511442616582 145.49721120111644 310.42401845939457 8.1468915278092009 7.0670265927910796 51.657144143246114
leaf_count=16672 399 2254 71873 72179 1012 225 108 36 471 233 373 173 1064 2059 789 3278 3193 4055 312 61 172 219 563 1227 252 1799 3360 95 48 705
internal_value=0 -0.000687606 -0.000891573 -0.00200531 0.00214169 0.000998359 0.00810963 0.0034198 -0.000621474 0.003553 -0.00608783 -0.0112399 0.000533344 0.00319846 0.00535973 0.0029186 -0.000547104 -0.00144108 0.0031307 0.00959381 0.00314539 0.0134883 0.00423505 0.00692563 0.00365501 0.00306045 0.00434905 0.0123668 -0.00571096 -0.00207123
internal_weight=8286.9 6275.5 5950.99 2387.77 2011.4 1078.77 57.2076 932.632 150.58 83.2593 67.3203 44.5977 1021.56 299.863 216.625 324.504 721.7 589.586 132.115 52.2492 22.7226 37.4713 782.053 222.458 147.606 559.594 414.097 74.8524 31.0101 83.2377
internal_count=189259 166256 160724 88851 23003 13128 552 9875 1567 813 754 546 12576 3952 2848 5532 8624 7248 1376 532 208 327 8308 2137 1479 6171 4372 658 281 1104
is_linear=0
shrinkage=0.03


Tree=48
num_leaves=31
num_cat=0
split_feature=8 37 6 42 36 28 7 6 41 19 34 33 26 35 44 38 42 40 43 38 4 37 19 6 33 31 27 44 8 26
split_gain=13.5715 4.90603 4.07073 3.3845 3.22501 3.52078 3.17785 2.90591 2.79016 3.17432 3.27718 6.10661 3.25506 5.98692 3.17226 3.85899 3.05138 2.83213 2.63874 2.60605 3.3622 2.79696 2.60429 4.42027 2.59748 2.57412 2.52723 2.40254 2.35138 2.34252
threshold=0.37327272101731573 0.030805722640689547 -0.017664813084022343 0.093514473263734479 0.0026505880485979878 0.27056284897985089 0.027605822957601535 0.056721062960899189 0.015544867432554586 0.44242943470044233 -0.00081957170094517555 0.22812354109279911 0.027731991581140186 0.0024858389163795189 0.015563849849502093 -0.61440166254252204 0.014862521561006399 0.0074535750744168959 -0.55754844007363047 0.52383186271515314 0.29628045233352479 0.02857140192074269 0.87519391387447698 0.030454573012487222 0.28320754746276583 -0.010673843962852085 0.043778796459503409 0.014842130513923239 0.74689741591675574 0.039492214842109595
decision_type=2 2 2 2 2 2 2 2 2 2 2 2 2 2 2 2 2 2 2 2 2 2 2 2 2 2 2 2 2 2
left_child=1 2 25 4 -3 7 -7 -6 9 10 12 -12 17 -14 27 -16 -13 -2 -10 20 21 -20 26 -24 -22 -1 -5 28 -11 -17
right_child=8 3 -4 22 5 6 -8 -9 18 14 11 16 13 -15 15 29 -18 -19 19 -21 24 -23 23 -25 -26 -27 -28 -29 -30 -31
leaf_value=-0.0011472728424078329 -0.0073598843825993113 -0.0011967034547887357 -0.0009109895947093142 0 9.7825558513279048e-05 0.00091802757469584893 -0.0047459173522092528 0.0029926140572283759 0.010186384016013064 0.00018429464730826365 0.01098331958495043 0.0096935451385940646 0.016265219244222633 -0.0097818165072627306 0.0090091847296775492 -0.012591595341958849 -0.0033701026016288381 0.0078829970828181439 0.00086038367938696828 -0.0010398912079370268 -0.0021672140414863298 0.0061702521347690598 0.0040444908048473472 -0.0060785663629397899 0.0057894542477917128 -0.0049520054514959671 0.0094555600467248757 0.013860494321767393 0.0089359629954669229 0
leaf_weight=287.91472050268203 52.385200470685959 1545.5588761321269 2066.5489220288582 32.252863883040845 713.15597015013918 159.95414191531017 174.79615215351805 583.44372254330665 48.760568427853286 806.00157503224909 100.43960940279067 16.366886895149946 17.242193734273318 6.754616191610693 6.9012232348322859 39.353284834884107 60.023107996210456 7.4619659464806309 136.5118057243526 112.70733039174229 128.30052503291517 381.34781279135495 112.60852197743952 52.142608361318707 46.066874303855002 453.84240619512275 78.668730016797781 7.6146948663517824 24.048004038631916 12.917833931744097
leaf_count=11927 483 43336 52358 560 17572 3526 3657 8367 403 11039 759 106 152 53 65 478 538 55 1470 1086 1607 3832 1783 932 496 21150 1088 68 191 122
internal_value=0 -0.000688875 -0.00161923 6.04438e-05 -0.000209367 0.000708512 -0.00197753 0.00142996 0.00214086 0.00113445 0.00402278 0.00630295 -0.000532598 0.00747643 0.000244023 -0.00613679 0 -0.00453545 0.00345594 0.00295082 0.00364641 0.00484952 0.00322502 0.000579209 0 -0.00353293 0.00670154 0.000764102 0.000525759 -0.00927226
internal_weight=8272.09 6260.89 2808.31 3452.58 3176.91 1631.35 334.75 1296.6 2011.21 1157.51 260.674 176.83 83.844 23.9968 896.837 59.1723 76.39 59.8472 853.695 804.934 692.227 517.86 275.673 164.751 174.367 741.757 110.922 837.664 830.05 52.2711
internal_count=189259 166256 85435 80821 76458 33122 7183 25939 23003 14109 2146 1403 743 205 11963 665 644 538 8894 8491 7405 5302 4363 2715 2103 33077 1648 11298 11230 600
is_linear=0
shrinkage=0.03


Tree=49
num_leaves=31
num_cat=0
split_feature=8 37 8 5 26 0 43 36 11 27 2 26 35 32 33 31 27 35 37 3 35 32 40 1 37 7 40 5 31 45
split_gain=13.0718 4.69114 3.84635 2.95037 3.30533 3.68933 3.98916 3.18961 3.21732 3.643 3.36181 2.83204 3.36491 2.6483 2.54705 4.01424 2.97062 2.51867 3.3788 2.69563 2.3831 3.00906 3.25433 3.03122 2.25521 3.14347 2.56288 2.22034 2.17667 1.85683
threshold=0.41302281763700494 0.030805722640689547 -0.025509483498183837 -0.086584283147530403 0.0030350043977734934 -0.009302852628769764 0.98157856550427003 -0.0029488994591972133 -0.050280898876404488 0.086956984109088184 -0.060474482609434048 0.095262188174634527 -0.0032286348666550977 0.049837318496035003 -0.66576777202887871 -0.015089305779829964 0.0097492790057697367 0.00072453137330621639 0.029196992100207247 12.703299218621959 0.00072453137330621639 0.041220094561955814 -0.00012636959433654321 0.018308659511637741 0.042284070825834734 0.021885073863743189 0.0099428392593748308 0.01523210116980356 -0.033351671327908429 -0.0078340934961835008
decision_type=2 2 2 2 2 2 2 2 2 2 2 2 2 2 2 2 2 2 2 2 2 2 2 2 2 2 2 2 2 2
left_child=1 2 29 4 5 6 -3 -5 10 -10 -9 14 -13 -7 15 -2 27 18 -18 -19 21 23 -23 -4 26 -26 -17 -16 -6 -1
right_child=11 3 20 7 28 13 -8 8 9 -11 -12 12 -14 -15 16 24 17 19 -20 -21 -22 22 -24 -25 25 -27 -28 -29 -30 -31
leaf_value=0.0011272191767607279 -0.0049938947977432122 0.0067668370013901575 9.3493350671080357e-05 -0.0013036610673369353 -0.0098081178903721162 0.0050450590197075248 -0.0065154998601684817 0.0063403292173780899 0.0020362200735011028 -0.0052372705436945673 -0.0013146404476892071 -0.0044405861194985732 0.013351892211363131 -0.0062668496643347006 0.0033046760598401267 0.014001851366183145 0.00012102266832977219 -0.0075365090179876307 0.0044864838918223853 0.00095133869026250777 0.00033951333892947048 0.0061874600859135537 -0.0012168703987491772 -0.003610286834339007 -0.0050329579640102547 0.0069529071481222379 -0.0011843355570913617 -0.013493837369573346 0.0018261629904893068 -0.0035064573345111472
leaf_weight=72.972928387112916 20.497028305195272 222.9939784752205 268.52919602533802 1311.4952722699381 24.112728139385581 22.971989206969738 16.125401007011533 49.332939423620701 1103.5432760561816 58.854692216962576 790.63402655813843 6.8137499541044226 36.606387762352824 44.20574398431927 4.691753018647435 55.375269692391157 254.17322973534465 30.21979836281389 502.54537922982126 606.19176398217678 952.1874392661266 77.175179476849735 136.83110622316599 620.21698398888111 21.049670773558319 60.785644486546516 6.8804329149425021 15.015781491994856 19.258264906704426 841.60116513399407
leaf_count=2900 219 2417 6141 39332 364 280 181 715 19903 936 18628 56 267 662 42 510 3069 301 5364 6929 20888 1264 2667 15991 237 589 65 160 239 37943
internal_value=0 -0.000590496 -0.00147637 0.000120412 0.00272556 0.00388025 0.00563313 -0.000149128 0.000593479 0.0016214 -0.000794687 0.00241089 0.00976999 -0.00190148 0.00215914 0.00572128 0.0017043 0.00189859 0.00306998 0.000445917 -0.000733418 -0.00168429 0.00139661 -0.00246338 0.0075631 0.00341214 0.0119142 -0.00842098 -0.00436711 -0.0031
internal_weight=8253.89 6633.04 2969.51 3663.53 349.668 306.297 239.119 3313.86 2002.36 1162.4 839.967 1620.85 43.4201 67.1777 1577.43 164.588 1412.84 1393.13 756.719 636.412 2054.94 1102.75 214.006 888.746 144.091 81.8353 62.2557 19.7075 43.371 914.574
internal_count=189259 171451 87794 83657 4143 3540 2598 79514 40182 20839 19343 17808 323 942 17485 1620 15865 15663 8433 7230 46951 26063 3931 22132 1401 826 575 202 603 40843
is_linear=0
shrinkage=0.03


Tree=50
num_leaves=31
num_cat=0
split_feature=8 7 8 42 7 0 40 5 1 19 34 6 0 0 38 27 37 1 33 6 37 38 29 7 40 6 2 40 19 44
split_gain=12.7038 4.52442 3.73812 5.65844 3.23624 3.40722 3.61463 2.94103 2.84548 2.76828 2.75627 2.81774 2.65112 5.32757 3.65906 2.46315 2.39965 2.3983 2.38494 3.40887 3.91546 2.5809 3.8152 4.31825 3.7527 3.17456 3.33697 3.00109 3.97265 3.36169
threshold=0.41302281763700494 0.062942267757692585 0.028246442555306502 0.090909095192572453 0.040284150674756998 -0.061393023801499129 -0.0057703979947873784 -0.078514427232747527 0.068965469542362587 1.5181381826034761 0.058011165796649194 0.11970504220189561 0.063513449760970578 -0.067658654415710812 0.027051903900324529 0.054347850225836596 0.026200935936280107 0.1444827457654945 -0.66576777202887871 0.091712487531133605 0.034210575509806308 1.0177433727153053 0.0092976479363681488 0.043229354475922015 -0.0047955691169951197 0.46213727322926218 0.065326631761042558 -0.00030168631091931 0.44242943470044233 0.04157541184060249
decision_type=2 2 2 2 2 2 2 2 2 2 2 2 2 2 2 2 2 2 2 2 2 2 2 2 2 2 2 2 2 2
left_child=1 2 3 7 10 -6 -7 9 -9 -1 16 -12 13 17 -15 -14 -4 -3 19 -2 -21 25 24 -24 -23 27 -27 29 -29 -20
right_child=18 12 4 -5 5 6 -8 8 -10 -11 11 -13 15 14 -16 -17 -18 -19 21 20 -22 22 23 -25 -26 26 -28 28 -30 -31
leaf_value=-0.00027536831777642443 -0.0030435663536155125 0.0150536841053228 -0.0010258455373244372 0.003792610483575566 0.0052603697711249252 0.0044738166310790599 -0.0049699699233706528 -0.0021557074686684931 -0.0073221048482331732 0.0091591084454380068 0.0072606543133440383 -0.0022101859890639921 0 0.0029851563739422011 -0.0088011206502498496 0.016713910964153103 0.00058824898073927309 -0.0012555281216634494 -0.0013082233938895877 0.016587217300524839 0.004282828520122307 0.0049048287286572838 0.0079720009307798056 -0.012150898877280889 -0.014793030093830614 0.0024967998064187461 0.015929745654990744 0.0068809091932064918 0.0017345982106374881 0.006042940061994127
leaf_weight=332.01279075536877 26.10573505051434 26.47524578217417 1329.2346805371344 154.24235446285456 34.733045671135187 34.301382635720074 292.61862563248724 1858.7620461005718 103.55402039177716 25.170442934148014 87.936569266021252 31.843956429511309 7.755625979043546 49.353091707453132 34.922377028502524 20.83107665926218 2180.85185416881 5.6486167069524518 371.33502518199384 31.224381774663925 117.11724084522575 6.4052524138241997 31.50926934927702 7.459810856729745 27.40465329028666 54.660233963280916 26.757469274103642 174.79527325276285 690.83097431063652 60.492135628126562
leaf_count=5261 230 238 29298 2751 366 592 6049 78836 3788 283 763 320 106 801 661 189 41095 54 4441 269 1165 62 288 67 316 390 170 1352 8526 532
internal_value=0 -0.000584688 -0.000707693 -0.00162385 -0.00013108 -0.00282097 -0.00383625 -0.00200432 -0.00246151 0.000423906 0.000132179 0.00451471 0.00454111 0.00198798 -0.00178223 0.0122002 -1.50476e-05 0.0115949 0.00237132 0.00573537 0.00752483 0.00192816 -0.00326268 0.00249389 -0.0101372 0.00223462 0.00792486 0.00182546 0.0028418 -0.000152383
internal_weight=8236.35 6610.25 6465.26 2473.74 3991.52 361.653 326.92 2319.5 1962.32 357.183 3629.87 119.781 144.986 116.399 84.2755 28.5867 3510.09 32.1239 1626.1 174.447 148.342 1451.65 72.779 38.9691 33.8099 1378.87 81.4177 1297.45 865.626 431.827
internal_count=189259 171451 169402 90919 78483 7007 6641 88168 82624 5544 71476 1083 2049 1754 1462 295 70393 292 17808 1664 1434 16144 733 355 378 15411 560 14851 9878 4973
is_linear=0
shrinkage=0.03


Tree=51
num_leaves=31
num_cat=0
split_feature=8 7 25 3 8 0 5 18 0 35 34 7 34 36 33 40 26 40 31 36 27 34 0 1 11 42 5 40 26 40
split_gain=12.5483 4.71864 5.69637 4.88224 4.66827 4.6239 4.08801 3.82052 2.76233 2.6829 2.59452 2.484 3.12997 2.5678 2.37817 2.97322 2.96386 2.73324 2.34086 2.32901 2.32632 2.32275 2.20472 2.39966 2.18566 2.15063 2.02116 2.01298 1.97945 1.94324
threshold=0.41302281763700494 0.054018570033347736 -0.76393279881080234 17.690040739718537 0.031130991200790065 0.067624071645549122 -0.078514427232747527 -0.21161147173631698 -0.037322517903542747 0.010625625057031371 0.029248027346280576 0.043229354475922015 0.063007402337856219 0.00067054861750397035 -0.66576777202887871 0.0099428392593748308 0.095262188174634527 0.016845037838090611 -0.0051546783988598195 -0.0053669911303992892 0.0097492790057697367 -0.020531881280677223 -0.033396954785860099 0.014260312476914947 -0.10640108954715695 0.11549890921458743 0.01523210116980356 0.00066309459019881401 0.0095549790193264206 -0.0053028949695460483
decision_type=2 2 2 2 2 2 2 2 2 2 2 2 2 2 2 2 2 2 2 2 2 2 2 2 2 2 2 2 2 2
left_child=1 4 -3 7 6 9 10 21 -8 -5 24 12 28 -14 15 18 20 -17 -2 -20 26 -4 27 -24 -1 -10 -16 -22 -6 -13
right_child=14 2 3 5 11 -7 8 -9 25 -11 -12 29 13 -15 16 17 -18 -19 19 -21 22 -23 23 -25 -26 -27 -28 -29 -30 -31
leaf_value=0.0029108703670130635 0.00088891067248357655 -0.0021288464107469219 0.0088100306230708587 -0.0097326744885530177 0.0004217481144046052 0.012606886638308641 -0.0070979790269223271 0.013652332027355355 -0.0021821701391070104 0.006525080670650091 -0.010418374363609146 0.0038108546162967027 -0.0011149741511923893 0.0080109345715182138 0.0032960554204836618 -0.013075162585927867 0.0098427711586959003 0.0054642786076681818 0 0.011079304666234252 0 -0.0013033610240223027 0.0070480999304778089 0.001258948267079536 -0.0022178438861808966 0.0054431498299989884 -0.012723521543181127 0.01482113665201621 -0.0010483482575724468 -0.0045997995751065352
leaf_weight=278.86073296424001 50.9950100928545 110.97358376486227 28.92401915974915 35.095507938414812 2316.5631449604407 10.149028968065975 104.84009259101003 73.060360742732882 1898.151995036751 5.7164180744439355 11.593886180780826 21.061789304018021 32.99686068110168 73.891311200335622 4.7654066272079971 9.676768662407996 37.87540967669338 7.2114682067185631 14.482947230339049 95.34205327834934 12.299763247370722 38.786104436032474 66.336691522970796 1295.7661373969167 90.827634913381189 27.065174009650946 13.767918970435856 17.449142900295556 1266.911694993265 167.11249934695661
leaf_count=3650 513 2019 354 587 44558 97 5010 1016 78974 74 224 338 376 581 42 102 279 80 164 805 114 540 513 14905 1947 525 160 131 27084 3497
internal_value=0 -0.000582483 0.00302657 0.00614126 -0.000763203 -0.00123888 -0.0017991 0.00896964 -0.00233807 -0.00633702 0.000985988 -0.000109959 5.55659e-05 0.00500167 0.00235626 0.00568086 0.00190953 -0.00434819 0.00701431 0.0094347 0.00164127 0.00291297 0.00181095 0.00158758 0.00155796 -0.00204561 -0.00750454 0.00947505 -9.03703e-05 -0.00342885
internal_weight=8218.55 6592.58 302.705 191.731 6289.88 50.961 2411.34 140.77 2030.06 40.8119 381.282 3878.54 3690.36 106.888 1625.97 177.708 1448.26 16.8882 160.82 109.825 1410.39 67.7101 1391.85 1362.1 369.688 1925.22 18.5333 29.7489 3583.47 188.174
internal_count=189259 171451 4687 2668 166764 758 90330 1910 84509 661 5821 76434 72599 957 17808 1664 16144 182 1482 969 15865 894 15663 15418 5597 79499 202 245 71642 3835
is_linear=0
shrinkage=0.03


Tree=52
num_leaves=31
num_cat=0
split_feature=6 44 0 2 19 27 44 2 6 6 26 31 0 38 8 6 26 3 10 31 27 39 18 10 38 6 41 4 37 39
split_gain=12.4037 5.34216 4.79307 4.00037 3.4053 6.04022 3.93648 2.78118 3.77757 3.75522 3.3947 3.00661 2.80901 2.76094 2.70765 2.68846 2.54716 2.45767 2.59964 2.35972 4.07716 2.9045 2.28302 2.24475 2.58092 3.44976 2.50021 2.08797 2.0672 2.2325
threshold=0.056721062960899189 -0.035632455375990794 -0.056622625289260702 0.087835197730000855 0.91607667962857675 0.06896545361269063 0.016694788161322804 0.0006835348189887456 -0.14934404945838028 -0.021576103331597925 -0.042559569570281501 -0.030122745392178584 0.013476744689284082 -0.88010715012943297 -0.36425825792838107 0.36611778461559569 0.059780083994960757 14.702871633533144 -0.043521082732784398 0.040624561704920965 0.1444827457654945 0.054217580048012352 -2.2839621935219681 0.06290865703989533 -0.24379893615690837 0.033101144590587224 -0.056212128502663536 0.63835939802422914 0.038216554080730984 -0.00050076296709304191
decision_type=2 2 2 2 2 2 2 2 2 2 2 2 2 2 2 2 2 2 2 2 2 2 2 2 2 2 2 2 2 2
left_child=1 13 16 4 19 6 -6 10 14 -10 11 22 -11 -1 -9 -7 -2 -12 -19 21 -21 -4 -3 24 25 -15 -26 -13 29 -5
right_child=2 7 3 28 5 15 -8 8 9 12 17 27 -14 23 -16 -17 -18 18 -20 20 -22 -23 -24 -25 26 -27 -28 -29 -30 -31
leaf_value=-0.0063744177610704882 0.011215431580895854 -0.0036268440418803253 0.0015629393372479227 0.0063239148636125416 -0.00042404283560031904 -0.0063477382726246914 0.0032387329714858803 0 -0.002927744338134862 0.0014870936257555709 -0.0040530425449237075 0.00025241578138020395 -0.0012396938667148417 0.0090768762792081247 0.012240134670068258 0.0019882814831566008 0 -0.0075058952216098913 -0.0014044324369526416 0.0044439105139671203 -0.013286131374954815 -0.0031775800334376846 0.0095591327705473739 0.015074564272941064 -0.0037646333384872888 -0.0073491950026083573 0.0038980127790334907 -0.012850773148806354 0.0092667166175111979 -0.0087472805021151494
leaf_weight=18.826802755706012 61.004848511889577 8.3867851765826327 1536.6987061398104 14.853800708428027 900.53966808691621 175.18168703000993 362.54938357602805 35.113713575527072 498.94796823756769 666.60888663912192 577.4493088205345 109.05186845129356 680.4075123956427 78.05685206130147 30.134814281947911 34.394442470744252 21.735814430750906 63.902064352296293 1525.0006413324736 369.82273233495653 6.5134803839027873 117.43081645201892 51.292664209380746 12.160082336515186 64.054028691258281 7.4893684322014442 79.351931052282453 6.7627448136918238 75.439626726321876 10.882681366987525
leaf_count=368 586 146 21213 180 17522 3100 5721 571 17887 14719 20010 2692 15419 1466 320 248 240 1745 55215 3394 62 1296 701 109 1189 183 2012 139 676 130
internal_value=0 -0.00105411 0.00128992 0.00110999 0.000924779 -0.000154983 0.000612265 -0.0013152 -0.00044397 -0.000716589 -0.00201098 0.00186812 8.80535e-05 0.00304882 0.00634377 -0.00482542 0.00827634 -0.00234262 -0.00169142 0.00172111 0.00388819 0.00119975 0.00710515 0.00402106 0.00299613 0.00698108 0.000261727 -0.000764575 0.00689453 0
internal_weight=8200.05 4513 3687.05 3604.31 3503.13 1472.67 1263.09 4253.06 1911.21 1845.96 2341.85 175.494 1347.02 259.939 65.2485 209.576 82.7407 2166.35 1588.9 2030.47 376.336 1654.13 59.6794 241.112 228.952 85.5462 143.406 115.815 101.176 25.7365
internal_count=189259 134891 54368 53542 52556 26591 23243 129564 48916 48025 80648 3678 30138 5327 891 3348 826 76970 56960 25965 3456 22509 847 4959 4850 1649 3201 2831 986 310
is_linear=0
shrinkage=0.03


Tree=53
num_leaves=31
num_cat=0
split_feature=8 37 0 27 1 19 29 25 37 6 18 28 31 45 27 37 26 26 36 5 5 27 28 8 45 36 32 1 0 8
split_gain=12.4884 4.50665 3.21564 3.28495 2.69676 3.66802 3.44799 3.26424 4.25947 3.09455 3.6133 3.25245 3.29435 2.91173 2.91038 2.86807 3.68548 2.55287 2.6535 2.49332 3.55605 3.66912 2.91652 4.00063 2.89348 2.45821 2.35912 2.18663 2.18255 2.17116
threshold=0.34814146181954747 0.025071661579616707 0.063513449760970578 0.053892219538276269 0.019400345095130094 0.44242943470044233 0.0063144080512876422 -0.14938884470255626 0.020979056267473067 0.091712487531133605 0.11616897361074206 0.40655137588823115 -0.0031614076597569533 0.0068982255722212747 0.025929135979289197 0.029196992100207247 -0.013694363232324076 0.095262188174634527 -0.013423039151968691 -0.086584283147530403 0.01127604370513602 0.096811693453244044 0.013467565301691133 -0.23680350088828714 -0.0006524083417065908 0.034776647268941564 0.042877450880149846 0.016460889468412104 0.00086246050178228186 0.41931486887263153
decision_type=2 2 2 2 2 2 2 2 2 2 2 2 2 2 2 2 2 2 2 2 2 2 2 2 2 2 2 2 2 2
left_child=1 26 19 -4 6 9 7 8 -2 10 14 13 -13 -11 -6 16 -7 18 -17 22 -21 -22 24 -24 -3 -10 27 -1 29 -9
right_child=4 2 3 -5 5 15 -8 28 25 11 -12 12 -14 -15 -16 17 -18 -19 -20 20 21 -23 23 -25 -26 -27 -28 -29 -30 -31
leaf_value=-0.00047455252366748372 0.001462548253485226 0.0050478992963325009 -0.00016467130649276874 0.0090080273497508637 0.0077270593242780633 0.0077796350189617896 0 0.0016501550900358329 0.013689041980770603 0.0043864155352992019 -0.011576424448452456 0 0.013098281680343438 -0.0048806832118838068 -0.005152291235593155 -0.0026649619872854483 -0.0019841217719839487 0.0096782685006294184 0.001870912453665978 -0.0014432936894012535 0.00070167209165359604 -0.0072818569920129724 0.0014602087679801562 0.011305801598303819 -0.0032259432755515171 0 0.00058314814099582864 -0.0030928039733880033 0.0047075464872184036 -0.014172070737949048
leaf_weight=424.01282043894753 61.903602315112948 47.850032187066972 59.250711337663233 63.381765856407583 33.069104515016079 31.982098359614611 107.83871036116034 7.8796351663768318 93.477688731625676 216.63790379092097 17.873259717598557 19.95682904869318 68.452399600297213 28.221857255324721 19.967561876401305 123.29852560441941 434.76568546518683 30.393141784705222 920.46280817780644 1936.3480635695159 1623.7653333046474 48.085383652709424 137.04905476327986 52.426169880665839 123.3174468241632 13.98334853723645 259.64868509722874 1141.5755592407659 26.146822981536388 10.897714816033838
leaf_count=13781 556 666 1176 923 259 442 1041 69 791 1848 180 174 487 228 190 2038 6586 239 11145 63466 32305 799 1530 503 1826 132 6578 38988 226 87
internal_value=0 -0.000725486 -0.000163732 0.00450829 0.00189072 0.00143933 0.00446097 0.006621 0.00848416 0.00398251 -0.00130771 0.0051995 0.0101572 0.00312195 0.00233511 0.000742125 -0.00117614 0.00160505 0.00129634 -0.000321132 -0.000566157 0.000433133 0.00202249 0.0045593 -0.000665067 0.0120174 -0.00196444 -0.00240656 0 -0.00732
internal_weight=8183.92 5916.71 4091.47 122.632 2267.21 1945.08 322.128 214.289 169.365 404.179 70.9099 333.269 88.4092 244.86 53.0367 1540.9 466.748 1074.15 1043.76 3968.84 3608.2 1671.85 360.643 189.475 171.167 107.461 1825.24 1565.59 44.9242 18.7773
internal_count=189259 162541 103194 2099 26718 23816 2902 1861 1479 3366 629 2737 661 2076 449 20450 7028 13422 13183 101095 96570 33104 4525 2033 2492 923 59347 52769 382 156
is_linear=0
shrinkage=0.03


Tree=54
num_leaves=31
num_cat=0
split_feature=8 7 25 6 5 3 5 2 37 3 39 34 0 26 45 0 35 28 41 1 6 41 37 44 40 41 3 28 25 40
split_gain=11.4625 4.60169 5.3389 3.99333 4.58936 3.58743 2.66293 2.65647 2.55047 2.65218 2.51521 2.94543 3.68191 2.50384 2.33836 2.33085 2.27111 2.26791 2.11368 3.92524 2.58163 2.71492 5.34119 3.06078 2.29348 3.51362 2.89788 3.0771 2.82813 2.79049
threshold=0.41302281763700494 0.054018570033347736 -0.76393279881080234 -0.0094691655980141381 -0.078514427232747527 18.380034352538939 -0.045835763263778466 0.017211155477496656 0.037974711255434071 14.635153375339831 -0.0053400341714536529 0.01384077127832707 0.046059763870691703 0.0095549790193264206 -0.0010345272937541071 0.051635812212003869 0.0068982255722212747 -0.56814716388526054 0.02401662216897486 0.014260312476914947 0.13528709972114786 0.067911349879143088 0.091141432465686303 0.069323544398419965 -0.00030168631091931 -0.0069687395916813773 19.171480722852603 -0.1621983508494331 -0.94158684756681221 0.0099428392593748308
decision_type=2 2 2 2 2 2 2 2 2 2 2 2 2 2 2 2 2 2 2 2 2 2 2 2 2 2 2 2 2 2
left_child=1 3 14 4 8 6 17 -8 16 -10 -5 13 -13 -12 -3 -7 -1 -4 24 -20 -21 23 -23 -22 -2 29 28 -28 -27 -26
right_child=18 2 5 10 -6 15 7 -9 9 -11 11 12 -14 -15 -16 -17 -18 -19 19 20 21 22 -24 -25 25 26 27 -29 -30 -31
leaf_value=-0.005023160845673124 -0.00041202139021635515 0.0065906951661955241 0 -0.0013883220631856091 -0.0025681175759239079 -0.0076810794273314718 0 0.009498269130915938 -0.0038912441933622935 0.0039028376043867136 0.00033921910921699464 0.0011358003637313562 0.0091378329335072214 -0.0017978538880891876 -0.0040641502555850096 0.0075276028896701557 0.0057849338871973407 0.014917724410266982 0.015665709025592861 -0.0015678445861184692 0.0060444145711740583 -0.0039516634908253702 0.0085393799092972743 -0.0090452211855641586 0.0070518215188526629 0.011836276048136822 0.0030799050320125688 -0.012671093238953757 0.0010806185611681716 -0.0031407913352909304
leaf_weight=82.171199688222259 370.51066507864743 16.427487219683826 8.0111651280894858 1194.0838604443707 1587.560363213066 22.497644661925737 62.260975735262036 41.190999663434923 39.174388956278563 232.7491608094424 1485.7229216895066 828.82698253821582 52.207478926517069 722.45360849797726 94.321907839272171 7.341010862030088 15.143368203192948 52.413837522268295 20.595769001170993 77.332695401273668 311.54588120803237 85.578764187172055 41.533874934539199 6.7323172092437735 178.06599127501249 19.187486824579537 11.96343902684748 22.187596846371889 455.45719299279153 20.579476408660412
leaf_count=1835 4360 211 127 35708 67547 400 1038 463 578 3004 30094 11747 567 15433 1808 75 251 565 120 864 3104 825 296 60 2007 227 137 341 5214 253
internal_value=0 -0.000559739 0.00299308 -0.000740149 -0.0018632 0.00598188 0.00773939 0.00404717 0.00108128 0.00262167 -0.000218519 0.000225466 0.00169273 -0.000348898 -0.00200811 -0.00253492 -0.00284756 0.0128098 0.00225426 0.00380898 0.00314097 0.00403349 7.1406e-05 0.00549747 0.00142897 0.0024314 0.00101522 -0.00669844 0.00169682 0.00579737
internal_weight=8165.83 6544.56 304.465 6240.09 1956.8 193.716 163.877 103.452 369.238 271.924 4283.29 3089.21 881.034 2208.18 110.749 29.8387 97.3146 60.425 1621.27 543.319 522.724 445.391 127.113 318.278 1077.95 707.441 508.796 34.151 474.645 198.645
internal_count=189259 171451 4687 166764 73215 2668 2193 1501 5668 3582 93549 57841 12314 45527 2019 475 2086 692 17808 5269 5149 4285 1121 3164 12539 8179 5919 478 5441 2260
is_linear=0
shrinkage=0.03


Tree=55
num_leaves=31
num_cat=0
split_feature=6 42 2 2 26 19 2 40 43 25 29 31 36 32 45 37 2 3 19 28 6 5 43 41 4 32 32 6 38 25
split_gain=10.195 5.35907 4.65573 3.47562 3.31988 4.94194 5.81282 3.25725 3.96001 3.44358 3.663 3.22628 2.81877 3.49838 2.82775 2.46043 2.30947 3.45065 2.8015 2.43516 2.42193 2.40302 2.1672 2.52695 2.15499 2.58866 2.09682 1.99553 1.98517 1.84654
threshold=0.056721062960899189 0.093514473263734479 -0.060474482609434048 0.087835197730000855 0.010515364014138686 0.30976678274991143 -0.017391287942464331 0.00056643314239536978 0.51320947871355937 0.052036179893145608 0.033071693038972567 0.02597553858239247 -0.013423039151968691 0.093729333288830846 0.0068982255722212747 0.051087467436361035 0.0006835348189887456 14.765885178106503 0.92194108138059117 0.44209460274695461 -0.13111071570504615 -0.055491284691164149 -0.32280393237482746 -0.050114411414637544 -0.78104883636309175 0.033074370108038355 0.091156904505705516 -0.01694867118625509 -0.48614458516243347 -0.64759974646114948
decision_type=2 2 2 2 2 2 2 2 2 2 2 2 2 2 2 2 2 2 2 2 2 2 2 2 2 2 2 2 2 2
left_child=1 16 26 4 12 6 -6 9 -9 10 -5 -7 13 -4 -14 24 17 -1 20 21 -18 -19 23 -17 -3 -26 28 -22 -2 -24
right_child=2 15 3 7 5 11 -8 8 -10 -11 -12 -13 14 -15 -16 22 18 19 -20 -21 27 -23 29 -25 25 -27 -28 -29 -30 -31
leaf_value=-0.0037612911490609025 0 0.009957815622804532 -0.0029857256311821038 -0.0092314700625774695 -0.0078297678910197819 -0.0017415616465460656 0.0074009081956581992 0.014807670667834777 -0.0033143111226656054 0.014092755930578783 0.0071289110888597173 0.0013039542435254146 0.0025117895130615311 0.0094170654200612745 -0.001117596570301386 0.017079893326706546 0.0085080136388923731 0.0016826865795392962 -0.0015592920293072056 -0.0036011973376550506 -0.0019838898991324586 -0.0012379677975684704 -0.0010030653431311045 0 0.0035926265921445719 -0.0080663250458240139 0 0.0012020435663078473 0.013731902829636608 0.0061968943082368003
leaf_weight=620.7048626858741 9.5547784287482482 7.8342510228976598 184.81615784578025 28.480856653302908 21.049596628174186 966.02573034912348 128.72307209670544 43.768185820430517 8.6930888481438142 8.1933088973164541 13.164581129327415 446.98675640951842 1522.5178844891489 17.25269396789372 206.03073482681066 22.374489201232794 30.011428877711296 315.80387537973002 955.43436962785199 292.49524525692686 226.4376854095608 1120.5435350225307 43.155585925094783 7.4799025375396004 21.196352724917233 36.461010305210948 19.558492855168879 706.3962407768704 44.238237503916025 69.693607168272138
leaf_count=21616 104 122 4308 334 262 17176 1147 403 87 53 109 5403 21277 254 2812 181 448 7740 25939 10195 8596 42280 690 115 487 829 183 14654 456 999
internal_value=0 -0.000960471 0.00117143 0.00100282 0.000828307 -0.000182436 0.00488271 0.00636632 0.0112556 0.000115725 -0.00320683 -0.000755798 0.00166033 -0.00158007 0.00205991 0.00365025 -0.00119642 -0.00182981 -0.000402301 -0.0011102 0.000716912 -0.000571392 0.00582747 0.0128011 -0.000745098 -0.00335674 0.00846232 0.000390242 0.011293 0.0032632
internal_weight=8145.08 4476.02 3669.05 3595.7 3493.4 1562.79 149.773 102.3 52.4613 49.8387 41.6454 1413.01 1930.62 202.069 1728.55 208.195 4267.83 2349.55 1918.28 1728.84 962.845 1436.35 142.704 29.8544 65.4916 57.6574 73.3515 932.834 53.793 112.849
internal_count=189259 134891 54368 53625 52639 23988 1409 986 490 496 443 22579 28651 4562 24089 3423 131468 81831 49637 60215 23698 50020 1985 296 1438 1316 743 23250 560 1689
is_linear=0
shrinkage=0.03


Tree=56
num_leaves=31
num_cat=0
split_feature=8 42 8 18 40 0 18 10 34 6 28 4 45 31 2 19 43 3 40 26 6 0 2 1 28 26 28 19 35 35
split_gain=10.0711 3.57071 4.13485 3.30198 3.53471 2.86793 3.61001 3.52003 3.05329 2.73252 2.70032 2.52242 3.31731 6.35623 4.23011 3.81238 2.85743 2.85222 3.04308 2.70953 2.70626 2.30769 2.28959 2.90854 2.2686 3.31042 2.23623 2.23492 2.12746 3.23594
threshold=0.41302281763700494 0.090909095192572453 0.031130991200790065 0.540562375824861 0.0040312939603535294 -0.056622625289260702 0.73367748906300667 -0.03727669808309457 0.013180944634205804 -0.11529272236675263 0.4919166843281691 0.21622049090573905 -0.0063342815293408218 0.0084034152953254178 0.0052155957218958235 1.1139259540075293 -0.66593545261250753 15.211163738257527 -0.00026941850921032956 0.027731991581140186 0.087194006013186401 0.0050378270507240508 0.024096470664260353 0.068965469542362587 0.096796769568468846 0.005266795369890752 0.022782345686760411 0.81862982205623325 0.00072453137330621639 -0.010190283794123177
decision_type=2 2 2 2 2 2 2 2 2 2 2 2 2 2 2 2 2 2 2 2 2 2 2 2 2 2 2 2 2 2
left_child=1 2 9 4 24 6 -4 -7 -9 22 -5 12 13 19 15 -15 -13 18 -18 20 -2 -19 27 -24 -3 -26 -23 -1 29 -14
right_child=11 3 5 10 -6 7 -8 8 -10 -11 -12 16 28 14 -16 -17 17 21 -20 -21 -22 26 23 -25 25 -27 -28 -29 -30 -31
leaf_value=0.0037308717992564182 -0.00092183640915640373 -0.0035992529331617461 0.0010670250082137703 0.0099301704885412546 0.0066364225848564882 -0.0068043913318018056 0.017773893223075859 -0.00063459655715981565 0.0012414478744333093 -0.0021570739142175764 -0.0039270862780271748 0.0061661820007711038 -0.0021931629562597795 -0.020860624900830838 0 0.00037986590312795595 -0.012511949765145889 0.0057089952894771659 -6.3704289501947045e-05 -0.0044564529872400567 0.01492611368720349 0.0013026615762010535 0.012090213652582399 -0.00027046774360167729 0.0084787688871971779 -0.0032968356425127467 -0.0039846295649846866 -0.0017222992713255701 0.0017863706306948202 0.0054000329545161778
leaf_weight=82.798524535261095 8.9846285879611987 130.08071222435683 48.848481760360301 66.908097206614912 63.406524092890322 66.224243321456015 12.882926443591712 2570.8814591555856 1113.1765608955175 1942.7738825134002 9.1089416146278364 59.995705383829772 47.359259190037847 22.275553192943338 24.351771997287869 6.5850124284625045 29.122260178439319 59.438715301454067 47.25467577483505 10.126338105648754 22.514033718034625 193.86233466118574 27.320456694811583 26.509373841807246 38.630658793263137 33.844114392064512 105.16153420135379 275.84446318540722 471.12317646667361 511.22754967864603
leaf_count=1748 78 2359 648 1020 942 1552 121 56562 17296 80873 156 606 456 225 239 87 363 599 563 125 195 2420 353 374 565 656 1461 6226 4963 5428
internal_value=0 -0.000526983 -0.000696861 0.00241602 0.000663032 -7.74999e-05 0.00607371 -0.000194692 -5.86837e-05 -0.00168431 0.00775951 0.00211335 0.00289887 -0.00219295 -0.00892104 -0.0157878 0.000257061 -0.000550853 -0.00565596 0.00579895 0.0100767 0.000517186 0.000469745 0.00598742 -0.00117712 0.00273472 -0.000493062 -0.00034686 0.00340515 0.00468927
internal_weight=8128.62 6509.24 6167.26 341.979 265.962 3812.01 61.7314 3750.28 3684.06 2355.25 76.017 1619.38 1124.55 94.8373 53.2123 28.8606 494.835 434.84 76.3769 41.625 31.4987 358.463 412.473 53.8298 202.555 72.4748 299.024 358.643 1029.71 558.587
internal_count=189259 171451 165753 5698 4522 76179 769 75410 73858 89574 1176 17808 11796 949 551 312 6012 5406 926 398 273 4480 8701 727 3580 1221 3881 7974 10847 5884
is_linear=0
shrinkage=0.03


Tree=57
num_leaves=31
num_cat=0
split_feature=5 19 4 33 29 29 0 7 0 10 27 18 42 5 1 37 0 33 3 27 3 3 2 4 2 44 29 34 27 29
split_gain=8.56625 5.02181 4.12342 3.37566 4.96067 3.12477 4.93397 5.32674 4.90575 4.19044 3.91474 3.61374 3.66746 3.2522 3.19637 3.17201 2.96609 2.96455 2.96037 4.66803 3.83864 2.76856 2.72474 3.03218 2.68304 2.67589 2.64948 2.52767 2.31031 2.24795
threshold=0.067563678174451539 0.38252298604339557 -0.067320545399575757 0.37558681005454991 0.012568656517788426 -0.020926056984003433 -0.011174024461303136 0.036627377510383051 0.017898514539431063 -0.030288305993207611 0.056470616658528656 -1.6603171879596472 0.064838740848687432 -0.0024399516802355299 0.019696604247489449 0.032535900066101055 0.09496179512506682 0.98089609755872698 19.454252317602151 0.084977561250357547 20.676183129792243 18.380034352538939 -0.040170113110463167 -0.66568332729673141 -0.020187649541240148 -0.01293699277219147 0.0011269827565784103 -0.010173286106421051 0.026086601357773392 0.0028408076443759401
decision_type=2 2 2 2 2 2 2 2 2 2 2 2 2 2 2 2 2 2 2 2 2 2 2 2 2 2 2 2 2 2
left_child=5 3 18 -2 -5 6 10 -8 -9 22 -1 27 -13 15 26 -11 21 -6 25 20 -20 -4 23 -7 -23 29 -15 -12 -17 -3
right_child=1 2 16 4 17 9 7 8 -10 13 11 12 -14 14 -16 28 -18 -19 19 -21 -22 24 -24 -25 -26 -27 -28 -29 -30 -31
leaf_value=0.00051085141198629837 0.0089685655932127146 0.0067510983593340587 -0.00233583936467772 -0.0097057869821448144 0 -0.012836368114864209 0.0011418300991475198 -0.0099188418848779845 0 -0.0028415136137515881 -0.0098825152734649119 0.0042155255949387141 0.014524276762788061 0.0028843212410250606 -0.00053198286264440748 -0.0028970338007318248 0.0057263519383657108 0.015510368014127076 -0.00415319077945974 -0.016999748867838223 0.016762580185844641 -0.0082314528569806707 -0.007036182577475133 0.00026263447635241181 0.0033866041208756017 0.0049891413124012029 -0.00020858289408394475 0.0047603703557846707 0.00066651087803983923 -0.0037546444225210751
leaf_weight=182.87156681250781 142.15482237562537 19.533132161013782 403.32246298715472 21.76037248596549 25.432608772069216 12.468249668367205 458.0399643201381 83.96492360252887 82.786285893060267 883.5682227332145 14.064819344785066 94.533523394726217 59.843568730168045 530.44238167162985 2778.9546482102014 214.57509041018784 61.550962312147021 14.171631198376415 16.499093750491742 11.349805029109119 6.7292851032689205 14.076701390556989 147.06672435207292 137.19717185338959 160.89620941318572 401.50819005258381 433.69634929392487 16.854765985161066 621.98535092314705 61.653203131631017
leaf_count=4932 1116 231 5710 187 200 285 11095 1887 1529 36570 218 1642 730 11220 59634 7639 662 97 247 130 53 178 4483 3052 2235 4464 8870 319 18831 813
internal_value=0 0.00216712 0.00135527 0.00649584 7.14318e-05 -0.000437931 0.00110084 -0.000483341 -0.00502539 -0.000709128 0.00384008 0.00686833 0.00873019 -0.000512275 -7.50592e-06 -0.00159009 -0.000213827 0.00660186 0.0033371 -0.00431094 0.0027392 -0.00094117 -0.00416546 -0.00101434 0.00208251 0.00398506 0.00146819 -0.0015137 -0.000223661 -0.0006339
internal_weight=8113.55 1360.64 1157.12 203.519 61.3646 6752.91 992.959 624.791 166.751 5759.95 368.168 185.297 154.377 5463.22 3743.09 1720.13 639.846 39.6042 517.273 34.5782 23.2284 578.295 296.732 149.665 174.973 482.695 964.139 30.9196 836.56 81.1863
internal_count=189259 16323 14723 1600 484 172936 22352 14511 3416 150584 7841 2909 2372 142764 79724 63040 8785 297 5938 430 300 8123 7820 3337 2413 5508 20090 537 26470 1044
is_linear=0
shrinkage=0.03


Tree=58
num_leaves=31
num_cat=0
split_feature=8 7 37 25 5 7 32 27 32 4 37 39 27 31 33 3 38 42 39 4 10 32 38 3 42 44 5 39 42 11
split_gain=9.74611 5.28814 3.47067 3.13746 2.95242 2.84451 3.05331 3.90876 7.57902 2.72037 5.04428 4.89567 4.21321 2.83791 2.71173 2.60859 3.06805 2.66709 2.55629 3.66157 2.42967 2.3779 2.16087 2.12682 2.06773 2.35752 2.19562 1.93071 1.87019 2.20105
threshold=0.34814146181954747 0.062942267757692585 0.025071661579616707 -1.2566013905890734 0.016496587194607452 0.027471027344964285 0.033630077038547694 0.03308240927055052 0.031002089695943664 -0.040399846492518592 0.057581993711791978 0.0078635587880573812 0.065925082254965447 0.095262188174634527 0.28963910950022692 18.380034352538939 1.0177433727153053 0.14426590403581427 0.022347329085432126 0.022782345686760411 -0.022112347325458429 0.036862004085990663 -0.62712266245677462 15.715684275458775 0.12499997240525816 0.050986978768418199 0.01127604370513602 -0.0017972093518043772 0.01905116668097586 0.15160027238678928
decision_type=2 2 2 2 2 2 2 2 2 2 2 2 2 2 2 2 2 2 2 2 2 2 2 2 2 2 2 2 2 2
left_child=1 2 14 -3 23 6 7 8 -6 13 11 -11 -12 20 27 16 17 -5 21 -20 -7 -8 -9 -2 25 26 -4 -1 -25 -30
right_child=4 3 24 15 5 9 18 22 -10 10 12 -13 -14 -15 -16 -17 -18 -19 19 -21 -22 -23 -24 28 -26 -27 -28 -29 29 -31
leaf_value=-0.0042445363197871162 0.0087044529957320399 -0.0074983553212560651 -0.00085915489165156443 0.011700679450245589 0.0017762643094106157 0 -0.0052148108291514162 0.005479873238046524 0.013957233098757673 0 -0.0062780623390072997 0.008459553263028028 0.0020799460128238614 -0.0043558448335848038 -0.00035662583832123221 -0.00117927929036148 -0.0054916301491710158 -0.0017710508670526575 -0.00045034486513799736 -0.010479186817634944 0.0059463423997143505 0.0010986025133193705 -0.0026550104483476921 0.0092578437147809983 0.0051975575270554689 -0.0041431404381419715 0.00060378731314158552 -0.0015847276251769833 0.0021370363468263122 -0.0093503894964101514
leaf_weight=491.13283850438893 87.277424182742834 10.113455086015163 2120.7663191794418 87.344497161917388 413.06130220461637 69.707310518249869 60.168434852734208 27.709143922664225 48.739999046549201 141.34594696946442 113.79961777944118 106.89336260408163 89.271316157653928 24.614525210112333 689.46648541418836 24.350088088773191 7.1057099727913728 9.6760366912931186 88.967442551627755 54.608530951663852 347.60174226202071 299.82571294903755 199.90401907451451 15.424735306762157 55.315401033498347 139.76909120334312 1608.084938342683 610.9567114119418 43.711531233042479 15.750202389433978
leaf_count=19575 835 131 65210 1199 5180 741 881 344 564 1959 1317 1083 810 214 20850 412 117 118 929 702 3476 3813 2907 148 885 2984 32289 18771 592 223
internal_value=0 -0.000644857 -0.000791602 0.00501486 0.00167671 0.00134652 0.00035555 0.0016674 0.00326188 0.00262731 0.000888098 0.00377114 -0.00249796 0.00430652 -0.00188674 0.00646863 0.00850411 0.0100421 -0.00138019 -0.00469098 0.00493402 0 -0.00143921 0.0055777 -0.00028219 -0.000374895 -0.000220256 -0.00281095 0.00124132 -0.000929608
internal_weight=8102.46 5854.08 5715.49 138.59 2248.38 2086.22 1192.98 689.414 461.801 893.234 451.31 248.239 203.071 441.924 1791.56 128.476 104.126 97.0205 503.57 143.576 417.309 359.994 227.613 162.164 3923.94 3868.62 3728.85 1102.09 74.8865 59.4617
internal_count=189259 162541 160564 1977 26718 24920 15320 8995 5744 9600 5169 3042 2127 4431 59196 1846 1434 1317 6325 1631 4217 4694 3251 1798 101368 100483 97499 38346 963 815
is_linear=0
shrinkage=0.03


Tree=59
num_leaves=31
num_cat=0
split_feature=8 37 5 26 43 11 6 36 26 43 38 35 26 8 29 8 26 2 4 35 38 3 44 32 40 1 1 3 6 31
split_gain=10.1181 3.56945 2.77661 3.57388 3.20509 3.49733 2.65748 2.61422 3.27156 3.09403 3.08336 2.55229 2.36578 3.66182 5.73928 3.47318 4.23028 2.73099 3.34211 2.60718 2.55919 2.43888 2.3187 2.29766 3.63579 2.83124 2.18337 3.5202 2.81995 2.15779
threshold=0.41302281763700494 0.030805722640689547 -0.086584283147530403 0.0030350043977734934 1.0184663381416599 -0.01503844414292174 -0.013170668825041863 -0.0029488994591972133 0.0095549790193264206 -0.0048467906552867026 0.83147720843213346 0.00072453137330621639 0.010515364014138686 0.47075309541247651 0.0090323113142375625 0.5557194988081342 0.051672022301026986 0.087835197730000855 0.14199053992486646 -0.0046542867702245106 -0.18593729593943917 14.377495822186162 0.069323544398419965 0.041220094561955814 -0.00012636959433654321 0.018308659511637741 0.025516057915243338 17.402734720812873 0.11302152188495941 -0.010673843962852085
decision_type=2 2 2 2 2 2 2 2 2 2 2 2 2 2 2 2 2 2 2 2 2 2 2 2 2 2 2 2 2 2
left_child=1 6 3 4 5 -3 29 -4 10 -10 -9 23 13 -2 26 16 20 18 -17 -20 22 -16 -14 25 -25 -8 27 -15 -28 -1
right_child=12 2 7 -5 -6 -7 11 8 9 -11 -12 -13 15 14 21 17 -18 -19 19 -21 -22 -23 -24 24 -26 -27 28 -29 -30 -31
leaf_value=-0.00067389419795498538 0.0062059758911436405 0.0063403556903394399 -0.0012243816080893795 -0.004899122156840888 -0.00633266600500745 -0.0017281753052893639 0 0.0019631104701166315 -0.0034865455368475813 0.00076056728784133581 -0.0018032871948317742 0.00035227587002839442 0.0022399895577892388 0.0057452511692047065 -0.00086749540881219181 0.0039937068442564491 0.004124812366845516 0.011271612440018891 -0.012095633050088095 0 -0.0042847637493572477 0.011474509295351498 -0.011271429012971098 0.0059895521868777489 -0.0018439599837574846 -0.0035237758168862611 -0.0096577475566555181 -0.0068465065489820712 -6.9593097143904678e-05 -0.0040746976613273795
leaf_weight=296.41845451667905 267.06446004845202 229.62195475492626 1289.4699580050074 41.508440212346613 19.08400363009423 51.759276325814426 290.36340513592586 1146.5667032417841 295.80320226727054 295.82669972861186 223.42485222872347 980.01402902929112 118.58869221992791 104.00861297454685 12.032054094597695 269.49238628149033 113.12845620792359 30.051916800439358 13.971013713628052 102.1167654665187 226.51023827400059 60.788772772997618 7.2556182760745278 78.515431683044881 135.74713272601366 618.79860415542498 27.126686853356659 18.075471116229892 246.23926475644112 479.50863471301273
leaf_count=12629 3026 2391 39332 603 229 920 7287 23559 6259 5946 4418 23247 1634 867 100 2390 1269 224 157 1052 3080 534 83 1307 2782 17307 336 214 2842 23235
internal_value=0 -0.000530529 9.25433e-05 0.00264899 0.00385308 0.00474716 -0.00131725 -0.000170804 0.000507862 -0.00132405 0.00132273 -0.000740877 0.00211938 0.00338912 0.00167063 0.00101272 -0.000714181 0.00300356 0.0021463 -0.00188243 -0.00238773 0.00912505 0.000830751 -0.00171841 0.000960893 -0.00238446 0.000126207 0.00344886 -0.0012852 -0.00282658
internal_weight=8088.88 6472.43 3593.07 341.974 300.465 281.381 2879.37 3251.09 1961.62 591.63 1369.99 2103.44 1616.45 735.335 468.271 881.115 465.483 415.632 385.58 116.088 352.355 72.8208 125.844 1123.42 214.263 909.162 395.45 122.084 273.366 775.927
internal_count=189259 171451 83657 4143 3540 3311 87794 79514 40182 12205 27977 51930 17808 7919 4893 9889 6066 3823 3599 1209 4797 634 1717 28683 4089 24594 4259 1081 3178 35864
is_linear=0
shrinkage=0.03


Tree=60
num_leaves=31
num_cat=0
split_feature=6 42 0 0 42 31 27 3 19 43 37 18 4 39 45 3 3 6 45 10 6 44 35 19 27 1 44 18 43 3
split_gain=8.88147 4.88415 4.77591 3.40727 5.22714 3.23733 3.29521 5.68627 3.15256 2.82445 2.36175 3.03275 2.35947 2.30931 2.68211 2.23634 2.43915 2.60047 3.64248 2.67993 2.19935 3.70554 1.9896 1.79323 2.70797 2.41545 1.77478 1.5147 1.88601 1.8813
threshold=0.054651424313809878 0.093514473263734479 -0.056622625289260702 0.093640722447759964 0.045267476064713284 -0.030122745392178584 0.10940632052273991 16.785807324239205 0.48234580100212493 -0.80443998388651738 0.051087467436361035 -0.59842977565122679 -0.78104883636309175 0.030158782572397031 0.025176461593112234 11.28628830682284 18.767840931810976 -0.20718680234235573 0.0020613487965679693 -0.041257658991337674 0.10140199436304488 -0.0044204194404664308 -0.00036178422033192819 1.2157470578174749 0.047506617745531728 0.038262300587255167 -0.0022574145379774006 -0.53542877738141514 0.054665466145282345 16.882256033696326
decision_type=2 2 2 2 2 2 2 2 2 2 2 2 2 2 2 2 2 2 2 2 2 2 2 2 2 2 2 2 2 2
left_child=1 15 20 5 9 27 8 -8 -7 -5 12 -12 -3 14 -13 -1 17 18 -17 -19 26 -22 -11 25 -25 -18 -2 28 -4 -29
right_child=2 10 3 4 -6 6 7 -9 -10 22 11 13 -14 -15 -16 16 23 19 -20 -21 21 -23 -24 24 -26 -27 -28 29 -30 -31
leaf_value=-0.004090286078018506 0.0065800662272598844 0.010064092107630351 0.0062599511140793099 0.01120492068679498 0.0091489468291422113 0.0031191688790573853 0.0037281626898027788 -0.012006099610700656 0.00060135012220905359 0.002998276441149516 0 0.012473655037542377 -0.0037424365951625287 -1.2332283681035608e-05 -0.0028015419256696267 0.0098997753112654574 -0.0016465875133769871 -0.0059316204336496729 -0.0036532545701371093 -0.00073268348597198296 -0.0012751808019060636 0.013708342641727416 -0.0074585297356206922 -0.0041323138619764489 0.0057633827090890037 -0.0096281963876874554 -0.0086492289811774242 -0.00071707287834899339 -0.0050207378273157471 -0.0089610531013691649
leaf_weight=221.95504043390974 8.1255881702527422 8.2238229541107994 24.229247314855456 7.8813684890046707 102.58207127824426 547.10513265337795 29.950673118233681 41.518139572814107 2689.1483310544863 16.844858938828111 49.485505478456616 70.77177628595382 54.895430054049939 16.052273647859693 6.553038806654512 42.123201893642545 83.951872156001627 88.739584636874497 21.335468630306423 3520.6432144134305 14.178383482620118 53.351380784064531 41.881883271969855 62.074665018822998 34.036832001060247 73.883718325290829 8.7592290397733432 58.588440934196115 18.058973484672606 55.970276989974082
leaf_count=7101 116 121 446 61 925 5736 294 476 43774 187 698 868 1297 282 118 549 2873 2422 354 111570 157 426 485 2097 789 2262 138 1097 366 1174
internal_value=0 -0.000918982 0.0010761 0.000896928 0.00501994 0.000679993 0.000888706 -0.00520735 0.00104041 -0.00111493 0.00350207 0.00561293 -0.000896502 0.00866589 0.0107232 -0.00114966 -0.000970824 -0.00076102 0.00497087 -0.000876832 0.00797191 0.0102778 -0.00398848 -0.00381609 -0.000219454 -0.00574798 -0.000120608 -0.00342765 0.000786678 -0.00520209
internal_weight=8072.9 4354.73 3718.17 3633.76 169.19 3464.57 3307.72 71.4688 3236.25 66.6081 205.982 142.863 63.1193 93.3771 77.3248 4148.74 3926.79 3672.84 63.4587 3609.38 84.4146 67.5298 58.7267 253.947 96.1115 157.836 16.8848 156.847 42.2882 114.559
internal_count=189259 133401 55858 55021 1658 53363 50280 770 49510 733 3384 1966 1418 1268 986 130017 122916 114895 903 113992 837 583 672 8021 2886 5135 254 3083 812 2271
is_linear=0
shrinkage=0.03


Tree=61
num_leaves=31
num_cat=0
split_feature=6 42 0 2 40 43 27 31 36 41 18 32 1 44 2 3 6 6 45 3 0 37 18 4 36 5 5 38 40 10
split_gain=8.04461 4.63887 4.04769 3.37149 2.57726 3.43135 3.16468 2.51002 2.78677 2.7468 2.45186 2.46465 2.36181 2.14001 2.10051 2.81954 2.3764 3.27373 2.46805 2.48071 2.14197 2.09545 2.75052 2.4912 2.192 3.62111 2.05686 2.93668 1.92016 1.91889
threshold=0.054651424313809878 0.093514473263734479 -0.056622625289260702 0.087835197730000855 0.00056643314239536978 0.51320947871355937 0.06896545361269063 -0.031691761509809353 -0.013423039151968691 0.019743359434976522 0.70797063271975125 0.057613145844323067 0.014260312476914947 0.0061205485793801497 0.0006835348189887456 14.669431508589017 -0.14934404945838028 -0.026260221515979839 0.0028571965211618782 18.767840931810976 0.0081833633309019455 0.051087467436361035 -0.59842977565122679 -0.78104883636309175 -0.090187754220383928 -0.014702480994516319 -0.086584283147530403 0.072838809711354827 -0.0013285644034634672 -0.020938082436537865
decision_type=2 2 2 2 2 2 2 2 2 2 2 2 2 2 2 2 2 2 2 2 2 2 2 2 2 2 2 2 2 2
left_child=1 14 10 7 6 -6 -5 -4 9 -9 11 -2 -10 -12 15 -1 18 -18 19 -16 -19 23 -23 -3 -24 -26 27 -17 -8 -28
right_child=2 21 3 4 5 -7 28 8 12 -11 13 -13 -14 -15 16 26 17 20 -20 -21 -22 22 24 -25 25 -27 29 -29 -30 -31
leaf_value=-0.0035560241339999371 0.01035873027423626 0.01028744861984548 -0.0030757129977105296 -0.0054377331014601651 0.013707190800937493 -0.0030729269015825362 0.01574331936798011 -0.0035422299029233733 0.0047778285171577095 0.001386176483428874 0 -0.00043996807983965518 0.00096420830473874025 0.020975202126147143 0.010868527003919628 0.0041629397436455731 -0.0027405286730496584 0.0019615797002492568 -0.003132222757090933 -0.004556716564145866 -0.00061454398328433248 0 -0.0020034405776777646 -0.0037525303911196822 0.013433291012616023 0 -0.0039399236053563619 -0.0025783339839893699 0 -0.00097295575702652768
leaf_weight=570.97808680403978 23.22218107059598 8.6928565362468344 144.61847045831382 27.262393309734762 44.534751931205392 8.5708471294492465 9.6456872895360011 234.18568351771683 155.00328019913286 162.65863972343504 6.2235369617119458 42.836113224737346 2834.996326171793 13.611701117828487 44.106095251627266 142.19741304591298 456.73998093232512 416.35040325112641 16.818429884500802 5.6182120498269787 913.44075675820932 49.22053742595017 10.28793783392757 53.985059895552695 61.327864654362202 24.885125147178769 244.15077164024115 86.415582418907434 12.131087270565329 1237.2083163168281
leaf_count=20426 277 121 2855 312 407 88 72 5494 1589 3266 76 391 40823 93 569 1768 16632 9636 263 101 21694 698 129 1297 741 398 10525 1418 115 46985
internal_value=0 -0.000876603 0.00102322 0.000856178 0.00613665 0.0104513 0.000374365 0.000686501 0.00086029 -0.0014554 0.00732362 0.0033958 0.00117957 0.0158795 -0.00110357 -0.00171542 -0.000331706 -0.000560036 0.00498984 0.00832037 0.000173878 0.00340552 0.00535567 -0.000745866 0.0081842 0.00977198 -0.00107475 0.00148568 0.00842763 -0.00149375
internal_weight=8061.92 4342.42 3719.5 3633.61 102.145 53.1056 49.0392 3531.46 3386.84 396.844 85.8935 66.0583 2990 19.8352 4134.02 2280.95 1853.07 1786.53 66.5427 49.7243 1329.79 208.399 145.721 62.6779 96.5009 86.213 1709.97 228.613 21.7768 1481.36
internal_count=189259 133401 55858 55021 994 495 499 54027 51172 8760 837 668 42412 169 130017 81122 48895 47962 933 670 31330 3384 1966 1418 1268 1139 60696 3186 187 57510
is_linear=0
shrinkage=0.03


Tree=62
num_leaves=31
num_cat=0
split_feature=8 7 25 37 6 42 27 38 6 45 35 32 8 36 4 18 18 34 18 7 35 2 37 27 38 11 43 1 39 8
split_gain=8.41073 3.79342 2.97993 2.63702 2.45971 2.37431 2.7535 2.33746 2.60529 3.20186 2.32411 2.48863 2.25797 2.18318 2.15418 1.97567 3.7207 3.18723 2.87469 2.99313 3.4158 2.9317 2.79999 2.77141 2.65361 3.21068 2.93877 2.27969 1.75775 1.67173
threshold=0.41302281763700494 0.062942267757692585 -1.0546112562408496 0.030805722640689547 -0.013170668825041863 0.14426590403581427 0.048265160631636647 -0.80411599112725163 -0.13111071570504615 -0.00054823162770083992 0.00072453137330621639 0.041220094561955814 0.18567298410671487 -0.090187754220383928 -0.6023179210016697 -1.1932011141634578 -3.4320332226919987 0.014840779357837692 -1.005046955508264 0.032939101995257909 0.0024338037179355621 -0.025640992847678207 0.044996587934933614 0.025929135979289197 -0.33393654516927812 -0.213884430176565 -0.65238216272665095 0.060284753528848462 0.008103392920661449 0.06850779314676389
decision_type=2 2 2 2 2 2 2 2 2 2 2 2 2 2 2 2 2 2 2 2 2 2 2 2 2 2 2 2 2 2
left_child=1 3 28 4 -1 6 -4 -5 9 -9 11 -6 -10 -8 -12 16 22 -18 -17 24 23 -22 27 -21 25 -20 -26 -2 -3 -7
right_child=15 2 5 7 10 29 13 8 12 -11 14 -13 -14 -15 -16 18 17 -19 19 20 21 -23 -24 -25 26 -27 -28 -29 -30 -31
leaf_value=-0.0027440263804555348 0.0036739126218154087 -0.0097305117504397094 -8.0651527901466855e-05 -0.0039324184918723987 -0.0023613323949854439 0.0038511257579921568 0 0.0079803467415431005 -0.00078699452134726696 0.0006679931637730977 -0.0034944395084792121 0.0011500411932010457 0.00088926899506186518 0.011735153384756019 0.00085849855840626791 0.011484766813798048 0 -0.0094100443736494094 -0.0036236363805404901 -0.0051177291447801719 0.010082991544721222 -0.0022170473643058834 0.010556735536062204 0.0066001865593749631 0.0053590748854971488 0.0051496192420532752 -0.0004555802067464911 -0.012996199005750605 0.0032239398059148764 -0.0119288094553422
leaf_weight=763.70638295868412 12.670721351169052 15.386095562018456 25.433703939430416 128.5881634526886 897.06006251554936 5.1442654971033317 11.495581171475349 75.444433081895113 1869.5458600074053 200.05048115877435 109.64936696458608 211.58819035254419 1164.8354605678469 75.831817642785609 863.79717895109206 26.663459674455225 66.437018621712923 49.963871371001005 37.152994873002172 12.901558745652435 15.926097217947243 98.969158850610256 30.24517447501421 283.20708845928311 83.079258259385824 221.22535699885339 667.64835141692311 6.447149818763136 9.424583185464142 6.4423810672014952
leaf_count=35744 141 253 424 3019 24574 68 157 1115 54562 3447 2548 4050 19679 931 20664 261 909 549 408 122 112 942 225 2530 880 2551 8107 71 131 85
internal_value=0 -0.000485866 0.00414007 -0.000603638 -0.00127862 0.00610826 0.00753658 -3.52368e-05 0.000112821 0.002884 -0.000721459 -0.00166209 -0.000133237 0.00996422 0.00032217 0.00193394 -0.00102093 -0.00405732 0.0022955 0.00206223 0.00423337 0 0.00530186 0.0059135 0.00113184 0.00372934 0.000179401 -0.00223273 -0.0040879 -0.00406515
internal_weight=8045.96 6433.42 149.158 6284.27 2845.8 124.348 112.761 3438.46 3309.88 275.495 2082.09 1108.65 3034.38 87.3274 973.447 1612.54 165.764 116.401 1446.77 1420.11 411.004 114.895 49.363 296.109 1009.11 258.378 750.728 19.1179 24.8107 11.5866
internal_count=189259 171451 2049 169402 87580 1665 1512 81822 78803 4562 51836 28624 74241 1088 23212 17808 1895 1458 15913 15652 3706 1054 437 2652 11946 2959 8987 212 384 153
is_linear=0
shrinkage=0.03


Tree=63
num_leaves=31
num_cat=0
split_feature=6 0 42 41 34 7 39 37 3 0 33 10 43 35 36 6 33 3 26 37 39 7 1 19 28 27 37 43 41 42
split_gain=7.49372 4.64643 4.1393 2.9683 3.81282 4.65725 4.12237 3.93522 4.10722 3.91354 3.57127 6.45243 3.37233 3.21483 2.39518 2.73737 2.41477 2.04574 1.96085 2.75743 2.6666 1.90573 2.46128 2.43856 2.35871 3.2173 1.83883 1.97134 3.06957 2.10747
threshold=0.056721062960899189 -0.056622625289260702 0.093514473263734479 0.022189674251609007 0.058011165796649194 0.040736180205795398 0.008103392920661449 0.019662922853292342 19.536250485302773 0.028893609353304327 0.25209001211626886 -0.0058102317730204687 0.70520920272048049 0.0024858389163795189 0.093899603737148576 0.26243853703836711 -0.0092568819670839613 11.28628830682284 -0.050315177547991634 0.083126307147029996 0.032058533818942865 0.050206402539545149 0.040462392933637258 0.40785172920793594 -0.37703488833980797 0.04713189938892489 0.051087467436361035 -0.33979809862411864 -0.050114411414637544 0.10000031595523999
decision_type=2 2 2 2 2 2 2 2 2 2 2 2 2 2 2 2 2 2 2 2 2 2 2 2 2 2 2 2 2 2
left_child=2 18 17 4 5 6 -3 -6 -9 -7 14 13 -13 -12 15 -5 -16 -1 -2 20 -20 22 -19 -24 -23 -26 -4 28 -28 -29
right_child=1 3 26 10 7 9 -8 8 -10 -11 11 12 -14 -15 16 -17 -18 21 19 -21 -22 24 23 -25 25 -27 27 29 -30 -31
leaf_value=-0.0038753518110189416 0.016989430379782035 -0.00099937060069259643 -0.00068369761513321491 0.00035278399948761839 -0.0080246133270529679 -0.008053425761543203 0.0016795540885741823 0.0068567092374104367 -0.0069683670352277873 3.68366150938774e-05 0.0019581904918647411 0.0095916390423464882 0.00016652462137616011 -0.0087840123750577235 0 0.0049578744638731163 -0.016849497436447095 -0.00053495221736438842 0.0003163845957681616 -0.0029441818574627854 0.015013192899411772 -0.0037109112755495479 0.0033032794839374258 -0.0026449845053456689 -0.0024867001543696166 0.0074539058233639077 0.016461115247635046 0.0097345333161803528 -0.0015946322831326951 0.00015881651137673048
leaf_weight=219.42503698915243 14.818607632070778 1048.4561715899035 62.749529999215156 595.20129291759804 15.662581793963907 111.67021098639816 1000.6957147782668 174.50933727063239 15.509703468531368 86.363856485113502 76.59918665420264 171.12484547682106 50.764540118165314 30.065753336064517 21.037368762306873 145.37375050317496 8.0568506969138962 2774.1965676550753 26.607228401117027 22.426011434756219 22.245791108347476 35.901027688756585 57.651864044368267 977.89785109693184 34.705183511599898 85.651938337367028 22.423515509814028 24.395519227720797 7.0139759024605146 94.196444735862315
leaf_count=7151 108 20254 1438 9579 147 2321 12893 1570 162 1207 1042 1900 613 403 204 1147 100 90837 357 202 159 724 1528 28957 824 1447 169 346 108 1362
internal_value=0 0.0010066 -0.000833001 0.000824277 0.00022874 -0.00011984 0.000295172 0.00409203 0.00542472 -0.00446343 0.00212014 0.004738 0.00761874 -0.0010588 0.000940544 0.00132418 -0.00670685 -0.00104621 0.00773902 0.00443502 0.00833837 -0.000877444 -0.00101698 -0.00227072 0.00226467 0.00436334 0.00318775 0.00499361 0.011681 0.0026855
internal_weight=8033.4 3637.19 4396.21 3551.09 2452.87 2247.19 2049.15 205.682 190.019 198.034 1098.22 328.554 221.889 106.665 769.669 740.575 29.0942 4185.43 86.0976 71.279 48.853 3966 3809.75 1035.55 156.258 120.357 210.779 148.029 29.4375 118.592
internal_count=189259 54368 134891 53542 38554 36675 33147 1879 1732 3528 14988 3958 2513 1445 11030 10726 304 131468 826 718 516 124317 121322 30485 2995 2271 3423 1985 277 1708
is_linear=0
shrinkage=0.03


Tree=64
num_leaves=31
num_cat=0
split_feature=8 7 25 28 19 8 5 19 27 0 33 37 27 18 18 7 45 32 28 32 10 0 27 19 25 32 25 27 18 5
split_gain=8.1623 3.49987 5.32056 3.6624 3.18764 2.59754 3.62925 2.55002 2.64797 2.52159 2.36914 2.92477 2.39626 2.46458 3.00227 2.97722 4.21427 2.79223 2.56526 2.22364 2.1104 2.0642 2.02684 1.86736 2.58156 2.39132 2.30954 1.98058 1.84487 2.11181
threshold=0.41302281763700494 0.054018570033347736 -0.64426949640528941 0.47105326744505766 1.0729119536745642 0.019710799879951894 -0.070281864518649748 1.5181381826034761 0.093759457287941994 -0.067658654415710812 -0.66576777202887871 0.04256700289224763 0.0097492790057697367 -1.599326742785167 -3.6189543917347771 0.032939101995257909 0.0055982554158711456 0.020850233818784467 -0.0092568819670839613 0.060938283488816386 0.017489597451445144 -0.030912090509909708 0.050698039609735783 1.0538961013276713 -0.6615844931521363 0.10032167111396935 -0.62445183702136142 0.06896545361269063 -0.51225044505902362 -0.058545032625917919
decision_type=2 2 2 2 2 2 2 2 2 2 2 2 2 2 2 2 2 2 2 2 2 2 2 2 2 2 2 2 2 2
left_child=1 5 4 28 -3 6 7 -1 -9 -6 11 -2 -12 14 22 18 -17 -16 -15 -11 -13 -8 -14 24 27 -25 -26 -7 29 -4
right_child=10 2 3 -5 9 23 21 8 -10 19 12 20 13 15 17 16 -18 -19 -20 -21 -22 -23 -24 25 26 -27 -28 -29 -30 -31
leaf_value=0.00025321472500773807 0.0097484870194413896 0.0037061894323996442 0.0088064520303683218 -0.0024244690230771819 0.0040437159483306621 0.0032306835971643911 -0.0055849965784973074 0.013080068443408322 -0.0043720982478698813 -0.00077645404007722527 -0.0077361291050862735 -0.0019230767687321683 -0.0032649786006661067 0.0025134762208492301 0.0065321794352653775 0.0056160702186538788 -0.0028366810295304416 -0.0081970023819108867 -0.00059960350127574529 -0.012493258088940553 0.0060400504118550023 -0.0016999808772370421 0.0086086279541943526 -0.00095007523189782775 -0.0046176298582829237 -0.010854918698562954 7.8779984846582391e-05 -0.0035786730165155603 0.010554906778214797 -0.0020382940365371131
leaf_weight=391.46422863192856 71.889508416876197 49.748291530646384 21.628139533102512 30.524183778092265 13.722927220165728 354.9633094035089 138.45231988327578 23.653421116992835 4.9052409864962092 32.705680379644036 19.088340612128377 57.557919909246266 14.890416429378091 497.14567271620035 7.6570569965988389 320.96208967454731 55.137040987610817 66.512268398888409 427.08147121500224 36.470953990705311 47.768762213177979 1715.7097562691197 24.323755702935159 1108.4910542550497 93.075799382291734 18.194501952268183 2220.0720065049827 34.826877080835402 93.031592894345522 30.168113552033901
leaf_count=7545 627 785 209 418 157 6993 6831 292 70 778 213 592 170 5705 95 2921 502 844 5517 682 445 72706 177 26117 1984 361 43221 644 1227 431
internal_value=0 -0.000479788 0.00259629 0.00599607 -0.00173462 -0.000641916 -0.00144546 0.00101612 0.00898373 -0.00536605 0.0019063 0.00520249 0.00146107 0.00163323 -0.00241598 0.00201719 0.0042772 -0.00598095 0.00104716 -0.00778391 0.00152658 -0.00202046 0.0035621 -0.000155651 0.000263231 -0.00118379 -0.000106804 0.00250867 0.00799271 0.00233847
internal_weight=8021.82 6411.81 308 175.352 132.648 6103.81 2274.18 420.023 28.5587 82.8996 1610.01 177.216 1432.8 1413.71 113.383 1300.33 376.099 74.1693 924.227 69.1766 105.327 1854.16 39.2142 3829.62 2702.94 1126.69 2313.15 389.79 144.828 51.7963
internal_count=189259 171451 4687 2285 2402 166764 87444 7907 362 1617 17808 1664 16144 15931 1286 14645 3423 939 11222 1460 1037 79537 347 79320 52842 26478 45205 7637 1867 640
is_linear=0
shrinkage=0.03


Tree=65
num_leaves=31
num_cat=0
split_feature=8 7 45 19 6 5 5 5 27 26 42 45 38 45 26 19 19 45 27 26 18 33 45 41 38 33 19 33 28 34
split_gain=7.8099 3.35528 3.33944 4.23941 2.91414 3.61083 2.90423 5.34438 3.00982 2.60202 3.88086 2.58713 3.49084 2.8103 2.56188 5.26084 4.83765 3.4436 3.5051 3.22488 3.09352 2.68469 2.553 2.49636 2.42651 3.25859 2.66453 2.39974 2.259 1.9164
threshold=0.41302281763700494 0.054018570033347736 -0.0015839758694152983 0.83878685721084068 -0.0094691655980141381 -0.078514427232747527 -0.016027121437756805 0.047309401136632075 0.083198707723562262 0.095262188174634527 0.053321611696740996 -0.00054823162770083992 -0.058221226469784775 0.00019884424459618529 0.0088496912661702749 0.21029257509936275 0.27446056681029329 0.0057404587453840292 0.027676625167890521 0.020933784624384191 -0.050680737749511838 -0.067306948913424577 0.00056643314239536978 0.082006585372892127 -0.43145623096567126 -0.82689249566170619 0.58824059360821157 0.32367110436991725 0.4919166843281691 0.01351700483297018
decision_type=2 2 2 2 2 2 2 2 2 2 2 2 2 2 2 2 2 2 2 2 2 2 2 2 2 2 2 2 2 2
left_child=1 4 28 6 5 11 8 -8 -4 14 -11 12 -1 -13 16 19 20 21 -19 27 -2 -18 -5 -21 26 -26 -17 -16 -3 -6
right_child=9 2 3 22 29 -7 7 -9 -10 10 -12 13 -14 -15 15 24 17 18 -20 23 -22 -23 -24 -25 25 -27 -28 -29 -30 -31
leaf_value=0.0098554635899553728 -0.01008008766967799 0.011014117409957048 0.0010162589349473853 -0.0063261958439881118 -0.00059469502677483605 -0.0022287047225278836 -0.0097417616893309116 0.0098209091211660868 0.017506942084036071 0 0.016260623397573604 -0.0075949063747484773 -0.00041599057388233616 0.00076224115261644659 -0.0090217093555021322 -0.0025800548015309606 0.0072735445499576461 0.0040285839124736423 -0.0070252256294418133 0.013456096355144635 0.00084128344017659446 0.0026311792602652642 0.00091623978604292195 -0.00052270962989992595 0.0061602377714903775 -0.0016974623167111916 0.0056576652138806754 0.0074504016821212958 -0.0024453603066568403 0.00081244068043140783
leaf_weight=54.738371646031737 32.647726146504283 51.111736855469644 22.835543836466968 64.983662194572389 2958.292568017263 1556.4708106308244 20.098959336988628 20.173640761524439 23.358376113697886 20.834168650209904 22.640131019055843 37.665398924611509 48.130062486976385 216.50407920824364 12.722569257020952 42.38076976314187 239.59710262343287 46.744392294436693 44.382086699828506 50.389681164175272 48.352114336565137 277.14028521627188 99.760751960333437 8.9907736442983133 45.421240554191172 600.87907809391618 106.82460292521864 8.5095068607479316 7.7924946118146172 1217.9864697619341
leaf_count=664 261 607 298 1373 73075 67547 327 186 223 173 150 661 843 3500 109 411 2590 514 535 342 360 3132 1544 64 443 7365 1299 60 129 20474
internal_value=0 -0.00046992 0.00253073 0.000822495 -0.000629597 -0.00159948 0.00609487 0 0.0108364 0.00186543 0.00887196 0.00105361 0.00497502 -0.000483082 0.00162405 0.000500898 0.00299537 0.00393723 -0.00112834 0.00757809 -0.00354196 0.00489029 -0.00186601 0.0109974 -0.000221646 -0.00105612 0.00311546 -0.00111454 0.00871208 -0.000176657
internal_weight=8008.36 6399.9 310.115 251.211 6089.79 1913.51 86.4665 40.2726 46.1939 1608.46 43.4743 357.038 102.868 254.169 1564.98 876.118 688.864 607.864 91.1265 80.6125 80.9998 516.737 164.744 59.3805 795.506 646.3 149.205 21.2321 58.9042 4176.28
internal_count=189259 171451 4687 3951 166764 73215 1034 513 521 17808 323 5668 1507 4161 17485 10093 7392 6771 1049 575 621 5722 2917 406 9518 7808 1710 169 736 93549
is_linear=0
shrinkage=0.03


Tree=66
num_leaves=31
num_cat=0
split_feature=6 0 42 0 7 42 0 11 43 2 5 41 18 10 40 39 31 37 31 25 5 7 7 6 37 28 29 18 3 44
split_gain=7.21109 4.83993 4.09839 2.7855 4.65631 4.52809 3.63222 3.78855 3.48374 3.26574 3.48161 2.68949 2.67738 2.45087 2.1684 2.76724 2.7503 2.36801 2.08628 3.1899 2.84753 2.08041 3.28076 2.68745 2.07758 2.05105 1.92624 1.85852 2.53052 2.34938
threshold=0.054651424313809878 -0.056622625289260702 0.093514473263734479 0.093640722447759964 0.043229354475922015 0.046296270156157907 0.026529259883025961 0.47278785634950027 -0.80443998388651738 0.010324459984013967 0.11959978184168919 -0.022768261146374005 -0.59842977565122679 -0.0024122501366677694 -0.00096911227674736629 0.0367844420871195 -0.029441270371133959 0.049429635964313913 -0.013168317535253356 -1.1775348906874752 -0.0020733635733408136 0.048208220069328546 0.035811406597866566 -0.12244669099768295 0.035984826799191481 0.022782345686760411 -0.007927142765299976 0.70797063271975125 18.31411299988547 0.0061205485793801497
decision_type=2 2 2 2 2 2 2 2 2 2 2 2 2 2 2 2 2 2 2 2 2 2 2 2 2 2 2 2 2 2
left_child=2 27 18 4 9 8 13 -8 -5 10 -3 -11 25 -6 16 17 -14 -16 19 -1 24 22 -21 -23 -20 -4 -27 28 -2 -29
right_child=1 3 12 5 6 -7 7 -9 -10 11 -12 -13 14 -15 15 -17 -18 -19 20 21 -22 23 -24 -25 -26 26 -28 29 -30 -31
leaf_value=-0.008208071180720743 0.0078852806606079778 0.0014073357016195797 -0.0057994213502088427 0.012115956345799058 -0.0022970265589630284 0.0083684355557343843 0.0052735935126504378 -0.0060624403153015129 -0.0044032872453838145 0.0041954437561232665 0.0078525938910734231 -0.00076321547630507332 -0.011812428679233333 -0.0096195810072787821 0.00048777328769809841 -0.0036401684827296853 0.0038940514381971222 0.012634471955317046 -0.00361289928495578 0.00064140013141773355 -0.00066024603820457781 0.0099956481468817891 -0.004099826223393983 0 -0.00097361971123671493 0.009975267664365765 -0.0027562365819927231 0 -0.0034088346778304735 0.020782668136600339
leaf_weight=35.853872203268111 46.690560637973249 1886.9434676701203 38.958579902537167 8.6595954466611129 130.96640888601542 102.56857152096927 73.805782920215279 33.668794269673526 58.21725853998214 102.52559296414256 76.574063986539841 1067.8209505900741 8.5260989349335414 72.161997424438596 25.645569250918925 10.349958757869897 33.772088986821473 62.725981753319502 732.36243066238239 889.19682028377429 1708.2999380948022 39.126953825354576 148.82159311696887 45.629770450294018 487.69033914152533 15.987489977851512 13.087479217443613 6.268512410111728 19.387114008888602 13.906655713915823
leaf_count=981 456 28885 705 64 2300 911 1055 359 683 1706 651 17204 141 1203 575 181 620 716 32170 29397 45937 481 4048 1037 15966 188 258 76 212 93
internal_value=0 0.000970044 -0.000835653 0.00078736 0.000589097 0.00451325 -0.00286253 0.00134397 -0.00115287 0.000944766 0.00169324 -0.000287299 0.00317924 -0.00521113 0.00551952 0.0078552 0 0.00964566 -0.00105198 1.80523e-07 -0.0014778 0.000324126 -2.5986e-05 0.00470879 -0.00259067 -0.00130669 0.00380052 0.00783304 0.00414283 0.0155043
internal_weight=7996.2 3700.17 4296.03 3613.91 3444.47 169.445 310.603 107.475 66.8769 3133.86 1963.52 1170.35 209.053 203.128 141.02 98.7215 42.2982 88.3716 4086.98 1158.63 2928.35 1122.78 1038.02 84.7567 1220.05 68.0335 29.075 86.2528 66.0777 20.1752
internal_count=189259 55858 133401 55021 53363 1658 4917 1414 747 48446 29536 18910 3384 3503 2233 1472 761 1291 130017 35944 94073 34963 33445 1518 48136 1151 446 837 668 169
is_linear=0
shrinkage=0.03


Tree=67
num_leaves=31
num_cat=0
split_feature=6 42 2 32 41 1 33 18 39 39 35 2 7 34 3 42 26 18 31 44 40 40 36 31 38 5 35 5 31 4
split_gain=7.37185 4.10525 4.07391 3.71054 3.03313 4.34765 3.32571 3.16967 3.10414 4.2816 4.35208 2.99403 2.87386 2.47121 2.82628 2.76082 2.23912 2.14998 2.39182 2.1126 2.0783 2.96211 2.06446 2.04753 2.77551 2.67418 2.17786 2.11685 2.15216 2.02954
threshold=0.054651424313809878 0.093514473263734479 -0.052631393220110817 0.091156904505705516 0.022189674251609007 0.014480766981336672 0.25209001211626886 -1.0397427300614086 0.0078635587880573812 0.024649689810710928 0.010625625057031371 -0.0077194584543212917 0.041193948614796409 0.050850632092017949 16.269121138154443 0.015079738062860764 0.0075337835467283861 -0.59842977565122679 -0.025725089824668711 -0.01447573826572717 -0.00096911227674736629 0.00064987591438746468 0.021342340549067269 -0.013168317535253356 1.0619132476141691 -0.0024399516802355299 0.007271652639629699 -0.082214144284042875 0.0018843911051916562 0.25200838717909685
decision_type=2 2 2 2 2 2 2 2 2 2 2 2 2 2 2 2 2 2 2 2 2 2 2 2 2 2 2 2 2 2
left_child=1 23 3 19 8 16 11 -8 13 12 -11 -7 -10 15 -15 -4 22 29 20 -2 -19 -22 -6 24 26 27 -1 28 -25 -3
right_child=2 17 4 -5 5 6 7 -9 9 10 -12 -13 -14 14 -16 -17 -18 18 -20 -21 21 -23 -24 25 -26 -27 -28 -29 -30 -31
leaf_value=-0.00012009388515315436 0 0.0019846775612472052 0.0030297204919263994 -0.0018508518095337321 0.018011353733465307 0.003453427891002646 -0.0024635648212956692 0.0054537177847818006 0.0034436564454339569 0.00011136835628415846 -0.0098609878860868288 -0.00067550784586713241 -0.0045449892242496815 0.0083889431592115565 -0.00044277334081231309 -0.0018081204358382297 0 -0.010517926508913946 0.0076272361721069666 0.012415178760646677 0.01198741901269294 -0.0034536050504571621 0 0.0049841484936121085 -0.0059346226321763743 -0.0007018083516597734 0.003837741591591799 -0.0030010763642882446 -0.0027707312391472712 -0.0083895363269688109
leaf_weight=961.42485557962209 13.893613776192067 48.627214819192886 109.8110334193334 25.392526616342366 25.181489418260757 216.32983001833782 45.704578645527363 273.32501981686801 622.01741921622306 559.02797995693982 36.97290054615587 527.10697445925325 35.951130501925945 48.15627799462527 68.234938882291317 1013.2488470082171 14.09023774974048 9.0255411155521852 101.21986866742373 60.234045640565455 13.752346178516744 19.409152379259467 5.8960240446031085 59.90623283572495 61.837078020907938 1717.0682528810576 136.91153357224539 1082.4012970319018 54.931965759955347 18.719065156765282
leaf_count=30619 193 815 1676 258 211 3410 632 3260 7903 6964 455 7480 521 454 770 20834 148 158 1644 640 146 285 49 869 1731 46439 3594 45817 948 336
internal_value=0 -0.000846575 0.000980147 0.0068597 0.000800051 0.00210561 0.00165616 0.00420638 0.000205033 0.00126455 -0.000534241 0.000500916 0.00293092 -0.000843563 0.00315919 -0.00129716 0.0108611 0.00315443 0.00520958 0.0101511 -0.000148917 0.0028954 0.0148287 -0.00106449 0 -0.00148819 0.00036123 -0.00258345 0.00106349 -0.000864719
internal_weight=7985.81 4285.23 3700.57 99.5202 3601.05 1107.63 1062.47 319.03 2493.42 1253.97 596.001 743.437 657.969 1239.45 116.391 1123.06 45.1678 210.753 143.407 74.1277 42.187 33.1615 31.0775 4074.48 1160.17 2914.31 1098.34 1197.24 114.838 67.3463
internal_count=189259 133401 55858 1091 54767 15190 14782 3892 39577 15843 7419 10890 8424 23734 1224 22510 408 3384 2233 833 589 431 260 130017 35944 94073 34213 47634 1817 1151
is_linear=0
shrinkage=0.03


Tree=68
num_leaves=31
num_cat=0
split_feature=6 32 0 3 36 0 7 45 0 2 1 7 25 6 5 6 3 19 11 2 26 3 18 45 43 33 3 5 34 1
split_gain=7.25084 5.09519 4.66384 3.55978 3.42825 3.18577 3.43955 3.4738 3.34578 3.16678 3.16156 2.94721 4.57081 2.99004 3.53545 2.93433 2.5412 3.58314 4.62975 3.38737 3.06246 2.48698 3.71374 2.34557 3.31367 2.54311 2.32076 2.28406 2.18909 2.12355
threshold=0.13251050186348715 0.023554587324950565 -0.050398086774886573 18.21763574756746 -0.0084348783816613759 0.093640722447759964 0.043812454260599036 0.00052093207626079292 0.026529259883025961 0.033289864417634235 0.025937449894559834 0.054018570033347736 -0.82958949284611083 -0.0094691655980141381 -0.078514427232747527 0.36611778461559569 15.117424305162045 0.61230500174359781 0.15160027238678928 0.011730199619582988 0.0020642117348558396 17.62069612419366 -0.10664434621307882 -0.00054823162770083992 0.74305356342127216 -0.24373144159549828 18.31411299988547 -0.016448729029895689 -0.015946672395768195 0.10939513564474955
decision_type=2 2 2 2 2 2 2 2 2 2 2 2 2 2 2 2 2 2 2 2 2 2 2 2 2 2 2 2 2 2
left_child=11 3 26 4 -2 6 7 -4 -8 -7 -6 13 -13 14 23 -11 20 18 -18 -19 -15 22 28 24 -1 -25 29 -24 -14 -3
right_child=1 2 5 -5 10 9 8 -9 -10 15 -12 12 21 16 -16 -17 17 19 -20 -21 -22 -23 27 25 -26 -27 -28 -29 -30 -31
leaf_value=0.0066514076058502986 -0.0021161076142654682 0.017665647241482226 0.002975694628846671 -0.0012726188934594576 0.020867091721610984 -0.0061445538408141341 -0.0064989472991584781 -0.00056834929018047904 0.0012604065087350694 0.0018099621598579195 0.0066374220964686009 -0.0026702826557297907 0.0075236927121096952 0.00010356519712791603 -0.0021782932954067837 0.011775455124906669 -5.0365568023495044e-05 0.00059236168362007886 0.0053639263538372266 -0.0017542195770319407 -0.0028209138329649175 -1.0602922756030905e-06 0.018052602899923671 0.0033601325525973876 -0.0088001472075482819 -0.0027341620396404871 0 0.0026542620901247702 -0.0027973965236718135 0.0022462652025106874
leaf_weight=95.32189566642046 12.005226443521677 25.23666575551033 459.25422507245094 24.574279680848122 26.55760889314115 13.166098635643719 112.5237155361101 509.94115138798952 75.060261121951044 67.051854369230568 58.119186447001994 78.840609200298786 29.35366169642657 658.39073028741404 1545.4527648119256 55.030004817992449 280.19465606752783 1771.8505451492965 262.47272101137787 796.25979220401496 592.22719484288245 38.776456138119102 33.729143702425063 91.150942070875317 8.3304305206984264 161.32038265280426 19.09973484184593 20.284383040852845 30.717900782823563 20.081456813961267
leaf_count=1388 210 217 5811 430 223 131 1716 6851 863 684 769 1572 352 13267 67547 375 5746 41593 3923 17233 12036 615 357 1303 119 2858 178 300 442 150
internal_value=0 0.00189308 0.00132435 0.00771322 0.0102425 0.000887884 0.000340805 0.00108686 -0.00328621 0.00517419 0.0123495 -0.000431847 0.00283436 -0.000559633 -0.00155202 0.00682467 -0.0001188 0.000332916 0.00253866 -0.000125547 -0.00126314 0.00585815 0.00801799 0.00107527 0.00478565 -0.000394867 0.00895181 0.0134931 0.00197551 0.0123313
internal_weight=7972.38 1477.7 1356.45 121.256 96.682 1292.03 1156.78 969.195 187.584 135.248 84.6768 6494.67 231.702 6262.97 1901.58 122.082 4361.4 3110.78 542.667 2568.11 1250.62 152.862 114.085 356.124 103.652 252.471 64.4179 54.0135 60.0716 45.3181
internal_count=189259 18608 16976 1632 1202 16431 15241 12662 2579 1190 992 170651 3638 167013 73215 1059 93798 68495 9669 58826 25303 2066 1451 5668 1507 4161 545 657 794 367
is_linear=0
shrinkage=0.03


Tree=69
num_leaves=31
num_cat=0
split_feature=8 29 10 29 39 10 2 31 19 39 29 1 3 19 8 44 37 8 19 32 37 1 1 42 10 2 42 43 37 45
split_gain=7.52683 2.74203 2.91782 2.97211 3.62858 2.71336 3.57848 3.30995 5.81951 3.79552 2.69316 3.9643 2.6588 2.60313 2.43652 3.87127 2.9865 2.23429 2.14536 2.10878 1.97224 2.61425 1.91314 1.81292 2.98618 2.54585 3.55483 3.48235 3.45983 2.18369
threshold=0.41302281763700494 -0.020926056984003433 -0.066115986783960135 -0.056285928147604893 -0.0048902877450805616 -0.030288305993207611 -0.052631393220110817 0.051685099707298433 0.85198246926704824 -0.0069084687659884767 -0.043460681101799056 0.071207412972603093 18.563121031132827 1.1326977182384306 0.14841328928964079 -0.0047279610369708449 0.083126307147029996 0.35326739965400472 0.68394127374934632 0.10450771453039513 0.024642598609592389 0.018308659511637741 0.028933099521590053 0.03216372291764847 0.03014601858964536 0.033289864417634235 0.026890770578176695 0.10179578413247105 0.01980921462220454 0.0099428392593748308
decision_type=2 2 2 2 2 2 2 2 2 2 2 2 2 2 2 2 2 2 2 2 2 2 2 2 2 2 2 2 2 2
left_child=1 2 12 4 18 6 14 20 9 -9 11 -5 -1 -10 15 -3 -16 -12 -4 -6 21 -7 -22 24 -2 -26 28 -28 -27 -25
right_child=23 5 3 10 19 7 -8 8 13 -11 17 -13 -14 -15 16 -17 -18 -19 -20 -21 22 -23 -24 29 25 26 27 -29 -30 -31
leaf_value=0.011279055685542851 0.0016045810966337855 0.0037898300578335922 0.010549256878279463 0.0013519951034792691 -0.011170760581787606 5.4494126939814668e-05 -0.0058776937724624966 0 -0.0043025077633182243 0.013853837353338911 0 0.014442153654295728 -0.0032519771068770732 0.0032059941595171115 0.011179017988110603 -0.0094242472361682119 -0.0038904837663531399 0.006355964617836227 -0.0016878420985832374 0.00031152309442675365 0.00057208464537084709 -0.0024214067050097577 -0.00090816064969160312 0.0031113486987226365 -0.009687977525197157 -0.0069173408689968676 -0.014956475412256342 0.0031228277105201253 0.00726614698195149 -0.0020321471827362239
leaf_weight=38.426256799604744 528.51105976942927 33.985145630780607 12.820016250945626 77.383298667613417 49.214781541377306 552.77276489045471 195.17607960570604 21.806668349076062 74.591023876331747 50.320530878379941 676.23461766261607 27.922779939137399 8.9518055683001858 80.486024046316743 28.832934893667698 33.024041332770139 11.39854661002755 48.998695422895253 34.041298657190055 12.548821453005074 1326.5870814379305 1097.3185660759918 1867.0235939198174 871.4828294403851 35.55345640797168 15.186302429065107 19.370698796585206 9.5787723949179036 49.864220180548728 70.542950599454343
leaf_count=374 6183 700 192 1662 925 17377 6056 336 1079 426 17399 390 116 1142 305 836 109 673 544 186 36375 35955 48294 9113 463 222 258 133 640 796
internal_value=0 -0.000462972 0.000974419 0.000552597 -0.00394333 -0.000733115 -0.00348958 -0.000559541 0.00291513 0.00966299 0.0011966 0.00559224 0.0079124 -0.000239718 0.000657692 -0.00250803 0.00628811 0.000483332 0.00177574 -0.00853988 -0.000731553 -0.00157621 -0.000283973 0.00183588 0.000562877 -0.00336549 -0.000302594 -0.00851185 0.0032693 0.00268581
internal_weight=7959.96 6359.87 986.542 939.164 108.625 5373.32 302.417 5070.91 227.204 72.1272 830.539 105.306 47.3781 155.077 107.241 67.0092 40.2315 725.233 46.8613 61.7636 4843.7 1650.09 3193.61 1600.09 658.065 129.553 94 28.9495 65.0505 942.026
internal_count=189259 171451 22461 21971 1847 148990 8006 140984 2983 762 20124 2052 490 2221 1950 1536 414 18072 736 1111 138001 53332 84669 17808 7899 1716 1253 391 862 9909
is_linear=0
shrinkage=0.03


Tree=70
num_leaves=31
num_cat=0
split_feature=8 7 19 45 31 35 41 45 6 5 45 43 41 33 27 38 39 39 45 29 7 45 39 38 11 39 44 41 45 32
split_gain=7.56693 3.48084 2.99239 3.53648 2.96335 3.36483 2.9395 2.55356 2.30414 3.70369 2.76191 2.58591 2.1588 2.10751 1.99339 1.7774 3.78704 2.21225 3.20385 4.60747 2.9946 5.26273 2.86363 2.792 2.86903 2.75401 4.73461 3.099 2.51013 2.23071
threshold=0.41302281763700494 0.054018570033347736 0.83878685721084068 -0.0015839758694152983 -0.1048846476832669 -0.0026085876233636119 -0.033267108981867272 0.016775203761329346 -0.0094691655980141381 -0.086584283147530403 -0.00061030796463612156 0.68787078921722344 0.0044611413804614662 -0.24373144159549828 0.08146359102814367 1.5278711571071588 0.023472973894729559 0.0078635587880573812 -0.0068295557342086905 0.0037542754827721396 0.031009241692865518 0.0066024442781312453 -0.0070717948779472246 -0.6522647964366336 -0.20139561930606706 0.021821739282937114 -0.01447573826572717 -0.01853227801483141 0.006091837739122077 0.055877092760207379
decision_type=2 2 2 2 2 2 2 2 2 2 2 2 2 2 2 2 2 2 2 2 2 2 2 2 2 2 2 2 2 2
left_child=1 8 4 14 -3 -6 -5 -8 9 10 11 -1 -7 -12 -4 17 -17 20 19 -19 23 22 -22 24 -2 26 -20 -27 -25 -23
right_child=15 2 3 6 5 12 7 -9 -10 -11 13 -13 -14 -15 -16 16 -18 18 25 -21 21 29 -24 28 -26 27 -28 -29 -30 -31
leaf_value=0.007716419678536382 -0.0068126927437786467 -0.0064563347108076118 0.011374488261224072 0.0036226760306183382 -0.0041797794952381402 0.0042409778619452079 -0.006027724255518647 0.0075964172931449131 -0.00022350721527354575 -0.0020751507235613025 0.0033532429939946186 -0.0066174261238196837 0.015518241769840697 -0.0026494917348985 -0.00042178880339195017 0.0048676651891516832 -0.010596557596476975 0.0054798462797452426 0.01492359324194336 -0.010663864534239979 0.0085479784942083699 0 0.00038162059394432173 -0.0024592804366432379 0.0063896153530893273 -0.0050222720712964552 0.0040396545140909583 0.0028747125654336922 0.0036146647752404721 -0.014654144899178654
leaf_weight=78.334229808300734 11.57376110460609 7.9854212794452897 30.2040258878842 53.773650306276977 11.07585395965725 46.301828099880368 101.45606149081141 7.8550452580675474 4143.1140988287516 1599.1225307532586 79.279188320972025 6.9502634387463322 39.364409713074565 131.84936174098402 12.487617465667425 19.399130322039127 25.803170388564467 21.85360567830503 42.585568207316101 30.709553895518184 113.19273540563881 13.507203230634333 70.062189558520913 370.35273674409837 80.208355798386037 42.913728107698262 259.25403445679694 422.38555792346597 65.183924645185471 12.358087843284009
leaf_count=1011 138 87 391 803 129 576 2020 94 93549 68886 1040 97 436 2181 151 176 225 198 441 313 1237 169 723 5209 875 450 2621 4043 866 124
internal_value=0 -0.000465052 0.00258929 0.000293838 0.00660724 0.00824471 -0.00161298 -0.00449681 -0.00062908 -0.00149684 0.0015062 0.00591422 0.0103239 -0.000231217 0.00761248 0.00183959 -0.0035385 0.00202586 0.00310654 -0.00353782 0.000769695 0.00377616 0.00567823 -0.000390498 0.00414887 0.00362061 0.00589116 0.00203695 -0.00145143 -0.00746479
internal_weight=7950.5 6349.15 310.504 205.776 104.728 96.7421 163.085 109.311 6038.65 1895.54 296.413 85.2845 85.6662 211.129 42.6916 1601.34 45.2023 1556.14 819.702 52.5632 736.439 209.12 183.255 527.319 91.7821 767.139 301.84 465.299 435.537 25.8653
internal_count=189259 171451 4687 3459 1228 1141 2917 2114 166764 73215 4329 1108 1012 3221 542 17808 401 17407 8066 511 9341 2253 1960 7088 1013 7555 3062 4493 6075 293
is_linear=0
shrinkage=0.03


Tree=71
num_leaves=31
num_cat=0
split_feature=5 19 18 29 11 6 19 10 36 6 33 29 41 1 11 31 10 3 27 31 37 29 29 32 33 41 32 38 3 31
split_gain=6.45713 3.57027 3.30446 2.97933 4.49087 2.97345 2.93219 2.81342 3.92406 3.26136 2.80267 3.3151 2.72529 2.61174 2.43287 3.48257 2.87628 2.29881 2.24721 2.23906 2.31183 3.56198 3.03633 2.13434 2.11354 2.14741 2.0919 1.94798 2.26339 4.15198
threshold=0.067563678174451539 0.38252298604339557 0.55658986602156157 -0.021713176905225871 -0.45555311676909566 -0.0051218956167246579 0.60067021419213085 -0.056408632709372943 0.051651992046122371 0.097923245409265905 0.12650839896134339 0.012568656517788426 -0.042400036572409573 0.017985599140073985 0.35946278089887646 0.012897971700174074 0.014843721223717901 13.673392692259041 0.05028039802122989 0.01718432492728347 0.035182263454430186 0.043272644600804135 -0.013593668143349232 0.089011896268688218 -0.11210986571762403 0.0015194074594341547 0.0192307536956049 -0.61440166254252204 18.280081334402556 0.0060933505574932408
decision_type=2 2 2 2 2 2 2 2 2 2 2 2 2 2 2 2 2 2 2 2 2 2 2 2 2 2 2 2 2 2
left_child=3 10 19 7 12 26 -4 9 14 24 27 18 -5 -7 16 -16 -9 -15 -12 -3 21 -21 -22 -8 25 -1 -6 -2 -29 -30
right_child=1 2 6 4 5 13 23 8 -10 -11 11 -13 -14 17 15 -17 -18 -19 -20 20 22 -23 -24 -25 -26 -27 -28 28 29 -31
leaf_value=0 -0.0013302671372339833 6.1455709144766726e-05 0.0052759969679369439 0.0043220771238477026 -0.0037373448828333694 0.0015181500089708469 -0.0053272733449876673 0.0011115316753081562 -0.0064427701275324989 0.017306596229772937 0.00074405276964341512 0.0054589126956670177 -0.0066667240766210391 -0.0029426538681118957 0.0010340618621607967 0.011595497335382525 -0.0057589134845831419 -0.00014620553907493137 -0.012864450100488497 0.0024798313445255488 -0.00076407416085402932 -0.0074519936080453507 0.0056649399080290347 0.0028735340818834862 -0.0033250153181884211 0.015881467279093599 -0.00098754458769913667 0.01196851681123196 -0.012882764582623385 0.009576980037603218
leaf_weight=11.29794181790203 9.5690643023699504 368.78692624345422 31.943806392140687 16.334115833044052 322.81583646638319 774.62736258050427 144.38272895943373 618.35998604539782 58.293042953126132 15.737082542851565 14.930758364498617 55.160222849808633 155.99049589131027 291.24484040774405 90.158194609452039 42.430850010365248 54.408576257526875 2794.078596340958 14.866161104291676 140.65445940196514 71.683701329864562 36.641819442622364 320.4018184794113 26.812320981174707 24.005160563159734 9.5014875419437868 1320.5508236503229 82.848098982125521 7.2845903784036663 13.512795930728315
leaf_count=112 85 5466 316 265 15006 15306 2195 15270 1220 126 137 435 4303 6189 1800 616 1389 59820 135 1867 820 445 3338 276 329 88 51097 656 66 86
internal_value=0 0.00189509 0.00120314 -0.000385765 -0.000646523 -0.000488642 -0.00215949 0.00117818 0.000680776 0.00722289 0.00560481 0.000974594 -0.00536345 -2.51997e-05 0.00126998 0.00493051 0.000473252 -0.000424223 -0.00605622 0.00197064 0.00314368 0.00011456 0.00441917 -0.00382751 0.00169687 0.00817671 -0.0015556 0.00863741 0.00985267 0
internal_weight=7939.31 1339.48 1141.31 6599.83 5675.64 5503.32 203.139 924.192 863.651 60.5417 198.172 84.9571 172.325 3859.95 805.358 132.589 672.769 3085.32 29.7969 938.169 569.382 177.296 392.086 171.195 44.8046 20.7994 1643.37 113.215 103.645 20.7974
internal_count=189259 16323 14723 172936 151986 147418 2787 20950 20295 655 1600 707 4568 81315 19075 2416 16659 66009 272 11936 6470 2312 4158 2471 529 200 66103 893 808 152
is_linear=0
shrinkage=0.03


Tree=72
num_leaves=31
num_cat=0
split_feature=5 19 18 4 11 32 44 44 41 32 26 10 37 41 1 19 38 38 42 1 1 32 25 43 26 45 44 3 11 42
split_gain=5.89992 3.05919 2.73746 2.67424 3.02734 3.1929 2.9785 2.91578 3.10849 2.62741 2.53779 3.76172 3.45403 3.8235 2.79571 2.55959 2.54546 2.62076 2.81168 2.4871 2.17551 2.31577 2.17457 2.76373 2.36702 2.36213 2.81375 2.10806 2.72067 2.06191
threshold=0.067563678174451539 0.38252298604339557 0.55658986602156157 -0.29103573791762821 -0.3089061467283542 0.093729333288830846 -0.010925347417345358 -0.025491188376426267 0.024478066085314325 0.084942082157970125 0.010515364014138686 -0.025005103452469337 0.025903218321250105 0.032260874380308162 0.019400345095130094 0.40785172920793594 0.94642665656173552 -0.62712266245677462 0.04975606220524486 0.06170615878228753 0.096787872279177845 0.018766333927644104 0.033625458378663042 -0.43891373533371153 -0.0082015224443166834 -0.0036341425461108036 -0.037147814967950117 15.14111471698096 0.48082753700731229 0.067735109381269268
decision_type=2 2 2 2 2 2 2 2 2 2 2 2 2 2 2 2 2 2 2 2 2 2 2 2 2 2 2 2 2 2
left_child=10 22 3 4 5 -3 -6 -5 -9 -4 12 -12 13 14 -1 27 17 -14 -19 -11 21 -18 25 -24 -25 -2 -27 -13 -29 -28
right_child=1 2 9 7 6 -7 -8 8 -10 19 11 15 16 -15 -16 -17 20 18 -20 -21 -22 -23 23 24 -26 26 29 28 -30 -31
leaf_value=5.1288264084133733e-05 -0.0054615873622717607 0.013144128385375126 -0.0037720504954324163 0.0072370535985797659 -0.0046526763879384874 -0.0017752848763190365 0.0041146622096748841 -0.0015157318784321731 0.0027704655785359892 -0.0043827011505359987 -0.0054888071117388361 -0.0012119057165527868 -0.0020437995174179277 0.0045475694760337615 -0.002472813072533212 -0.0012465925596359525 0.0040656061411817289 0.0017444074430250599 -0.00037237943642686366 0.0088358988185121626 0.0066828472334545018 -0.0042301589969363212 -8.4597986853520332e-05 0 0.015326319873486451 -0.0094144904871694985 0.0083541227363260109 0.0073891748128543646 -0.0097024056898762992 0
leaf_weight=623.15284032234922 19.780072893947363 51.037356061860919 158.26644178200513 53.030454586260021 36.439493012614548 11.014406803995369 166.90000912919641 376.38744054269046 247.01661966089159 13.161595487967132 175.1544886957854 54.200680922716856 248.74388564564288 94.041504637803882 974.48895094217733 1428.527886683587 27.516503483057022 1877.8204112071544 774.25283036846668 29.314293658360839 16.008826184086502 211.62475618068129 13.960158907808362 6.8305309973657122 42.818133786320686 6.1509083025157443 77.052398350089788 80.568515529856086 3.5416810885071746 31.156589399091899
leaf_count=18377 159 513 2362 687 483 108 1829 5426 2890 155 5332 964 5803 2184 31051 38429 604 47333 16529 270 233 4678 102 57 309 64 648 1379 40 261
internal_value=0 0.00181058 0.00116811 0.00186173 0.00441079 0.0101136 0.00232556 0.000792581 0.000143415 -0.0019065 -0.000369362 -0.00134986 -9.81126e-06 -0.00110774 -0.00147249 -0.000852101 0.000570037 0.000831307 0.0011156 0.00407788 -0.00224393 -0.00308902 0.00525442 0.00981899 0.0129056 0.00259924 0.00441519 0.00291437 0.0058288 0.00584739
internal_weight=7929.96 1340.32 1142.57 941.826 265.391 62.0518 203.34 676.435 623.404 200.742 6589.64 1741.99 4847.65 1691.68 1597.64 1566.84 3155.97 2900.82 2652.07 42.4759 255.15 239.141 197.749 63.6088 49.6487 134.14 114.36 138.311 84.1102 108.209
internal_count=189259 16323 14723 11936 2933 621 2312 9003 8316 2787 172936 46144 126792 51612 49428 40812 75180 69665 63862 425 5515 5282 1600 468 366 1132 973 2383 1419 909
is_linear=0
shrinkage=0.03


Tree=73
num_leaves=31
num_cat=0
split_feature=8 7 26 2 25 3 3 2 26 42 26 19 45 27 35 26 26 44 19 45 39 39 33 40 19 18 4 2 34 1
split_gain=6.11444 4.21889 3.44362 3.2631 2.59907 2.97952 2.52976 2.19288 2.05556 3.24805 1.98982 3.3697 3.22407 3.05906 3.06244 3.0124 2.43773 4.73578 3.18224 2.33733 2.79544 2.43508 2.29819 2.23293 1.97501 3.39605 3.09542 2.70152 3.45176 2.05029
threshold=0.41302281763700494 0.062942267757692585 -0.0088495942709400817 0.021523188349500236 -1.104574412476117 18.453862308689256 16.514643921966194 -0.040170113110463167 0.095262188174634527 0.053321611696740996 0.0088496912661702749 0.21029257509936275 0.0057404587453840292 0.027676625167890521 0.0023422465051926608 0.020933784624384191 0.0044742415045659024 0.0067465261200807735 0.32516538383628041 -0.005997017480660804 0.0026641384312627251 0.001125751967815338 0.32367110436991725 -0.0041588612697717629 0.48234580100212493 0.68205850047563199 0.94665289055772128 0.0039880655143540384 -0.0014719487655835701 0.038262300587255167
decision_type=2 2 2 2 2 2 2 2 2 2 2 2 2 2 2 2 2 2 2 2 2 2 2 2 2 2 2 2 2 2
left_child=1 24 4 6 -3 -6 -4 -7 10 -10 12 15 16 -14 -15 22 18 -18 -2 20 -13 -21 -12 -17 25 27 -26 -1 -29 -28
right_child=8 2 3 -5 5 7 -8 -9 9 -11 11 19 13 14 -16 23 17 -19 -20 21 -22 -23 -24 -25 26 -27 29 28 -30 -31
leaf_value=-0.0014711811713977456 -0.0030804694841560149 -0.0023693125932968979 0.0012474622197197443 0.0071073862287857259 0.012998291213614096 0.0082282245797647945 -0.011404658047029677 -0.010500626435348074 0 0.014737300198977238 -0.0099696349639990973 0.00066466685144157388 0.0024179376382745497 0 -0.014672470631628227 -0.0019748167771655666 0.00061307371370303895 0.013155660073148447 0.0034977780162148476 -0.0020108591931513476 -0.010318534901839416 0.0016251777483819027 0.0060727709108674187 0.011618208395778059 -0.00056007650694496122 0.0062055678051939249 0 -0.00097932639127068142 0.0061550518244510247 -0.0055308869700197352
leaf_weight=368.05005007935688 70.472256187349558 11.130140599794684 19.542992437258363 25.097823382355273 60.564377697184682 4.7970296610146761 23.12895856751129 7.013577305711804 21.155793366953731 22.388526190072298 12.155446328222753 30.572870008647442 54.328064531087875 27.175013367086649 20.973264980129898 7.4131184555590144 57.415121240541339 58.563890705816448 395.03054838255048 244.812559902668 37.596103463321924 473.99899205565453 8.5183948408812267 52.202485667541623 5199.8486749273725 90.506408368702978 102.7105537452735 107.59813025128096 117.0621190071106 190.92736574402079
leaf_count=9904 586 139 324 277 686 45 444 134 173 150 109 400 567 296 283 49 693 523 4444 3695 429 4994 60 357 145729 1927 2841 2356 1966 4679
internal_value=0 -0.000418613 0.00442939 -0.000223552 0.00834381 0.0104257 -0.00545782 -0.000924293 0.00165715 0.00789421 0.00143799 0.000437219 0.00265107 -0.00199804 -0.00730398 0.00611022 0.0035316 0.00747642 0.00241599 -0.000138595 -0.00527389 0.000340034 -0.0022957 0.00944163 -0.000545686 0.000951554 -0.000738048 5.38792e-05 0.00266058 -0.00372703
internal_weight=7922.75 6327.98 151.275 67.7698 83.5051 72.375 42.672 11.8106 1594.77 43.5443 1551.23 867.27 683.958 102.476 48.1483 80.2894 581.482 115.979 465.503 786.981 68.169 718.812 20.6738 59.6156 6176.7 683.217 5493.49 592.71 224.66 293.638
internal_count=189259 171451 2049 1045 1004 865 768 179 17808 323 17485 10093 7392 1146 579 575 6246 1216 5030 9518 829 8689 169 406 169402 16153 153249 14226 4322 7520
is_linear=0
shrinkage=0.03


Tree=74
num_leaves=31
num_cat=0
split_feature=6 0 44 0 42 7 18 0 31 39 4 38 19 31 5 19 26 43 45 6 38 31 6 39 33 28 38 38 44 18
split_gain=5.58791 4.04107 3.79155 2.3423 3.16509 3.08941 3.87522 2.63657 3.61376 2.38938 2.3239 2.17745 2.16632 1.87423 2.85725 2.00255 2.03508 1.85984 1.84794 3.60607 1.73782 2.42797 1.69014 1.65471 1.64968 1.58065 1.5661 1.56608 1.53691 1.47419
threshold=0.052555301419301211 -0.056622625289260702 -0.038919136438992606 0.093640722447759964 0.037705952608549004 0.043229354475922015 4.4863478253842937 -0.0049459493698439218 0.049657341358692632 0.0078635587880573812 -0.43126697291218002 -0.94107067800452693 1.5953168403988063 -0.013168317535253356 -0.0024399516802355299 1.013940938324956 -0.025752471944304803 -0.49483128059329745 0.0028041559956284326 -0.090295962953115635 0.85725333154435124 0.018618236847979096 -0.13111071570504615 0.017085844693490653 0.3169444818468064 -0.1621983508494331 -0.15274265943997009 -0.27000321231733609 -0.0054931792798343874 3.6829045548668646
decision_type=2 2 2 2 2 2 2 2 2 2 2 2 2 2 2 2 2 2 2 2 2 2 2 2 2 2 2 2 2 2
left_child=2 20 11 5 17 7 10 8 -3 -9 -7 -1 13 15 -15 29 -17 -5 19 26 21 -2 -20 -16 -23 -19 -13 -14 -29 -4
right_child=1 3 12 4 -6 6 -8 9 -10 -11 -12 18 27 14 23 16 -18 25 22 -21 -22 24 -24 -25 -26 -27 -28 28 -30 -31
leaf_value=-0.006614250358291965 0.015315932872736544 0.0012991299018692449 0.0013601776167196055 0.0058861967478170164 0.0067600241077290062 -0.0078840775840084559 0.01283099788047941 -0.00063155752522135354 0.0067892421664987705 0.0012643793002980275 -0.0014162944433635158 0.015067511047723319 0.0082789809970899002 -0.0026638841359041565 -0.0011190127437977445 0.0016501885945783537 -0.0026545641719410299 0.00060211193214195608 -0.0085923218399642544 0.00083051743236287588 -0.0019605335220588731 0.0073244974095457421 0.0024679955639368449 0.0013648333207115883 -0.0024310320605584099 -0.0098568594398717423 0.0037856480505721012 -0.0042118001117166584 0.0039598388414690345 -0.0065156104799947955
leaf_weight=12.407150409184394 28.129318211227655 670.3058003121987 614.49085742700845 12.632902344688771 117.86640590336174 67.563464608974755 8.9187186015769822 1235.0990500999615 131.01050096470863 1134.4964068960398 229.50250050984323 34.374807429499924 31.183205398730934 1138.8014553226531 1341.8602645853534 122.63966564601287 359.72842874238268 14.602925356477497 13.007473768666385 82.131759853102267 9.5239472929388267 30.220082620158792 30.86994116101414 279.92398892343044 18.488561375066638 22.094050067476928 34.246077764779329 30.21114310529083 43.535277482122183 16.135587965138257
leaf_count=256 305 11976 19079 118 1080 1158 92 22824 1311 13734 3737 430 742 45995 38874 2871 12163 160 197 2104 82 279 674 5604 183 309 545 784 1060 533
internal_value=0 0.000843689 -0.000752065 0.000677363 0.00411804 0.000497617 -0.00233333 0.000783485 0.00227047 0.000264282 -0.00309277 0.00312625 -0.00096509 -0.00108748 -0.00150609 -2.02677e-05 -0.00149285 -0.00168357 0.00404757 0.00561285 0.00711237 0.00865459 -0.000740611 -0.000668976 0.00318139 -0.00540229 0.0104841 0.00312427 0.000176384 0.0010618
internal_weight=7916 3730.45 4185.55 3644.09 167.196 3476.9 305.985 3170.91 801.316 2369.6 297.066 207.037 3978.51 3873.58 2760.59 1112.99 482.368 49.3299 194.63 150.753 86.3619 76.838 43.8774 1621.78 48.7086 36.697 68.6209 104.93 73.7464 630.626
internal_count=189259 57348 131911 56499 1667 54832 4987 49845 13287 36558 4895 4206 127705 125119 90473 34646 15034 587 3950 3079 849 767 871 44478 462 469 975 2586 1844 19612
is_linear=0
shrinkage=0.03


Tree=75
num_leaves=31
num_cat=0
split_feature=8 7 26 18 5 40 4 1 32 38 37 31 43 37 37 33 37 38 1 7 37 45 0 35 41 39 19 42 0 8
split_gain=5.76204 3.98847 2.67134 2.2328 2.08584 2.21843 2.17772 3.13953 3.69655 4.52114 3.71114 3.28307 2.4507 2.12225 3.59565 2.0237 1.98841 2.61809 2.01406 2.68552 1.95572 1.92962 1.89937 1.8808 1.93475 1.83537 1.80087 2.80556 1.96162 1.72823
threshold=0.37861418174568545 0.062942267757692585 -0.0088495942709400817 -0.0051760214686557881 0.016496587194607452 -0.0012245311612419662 0.98096740230274293 0.075184893733639277 0.05245896677469792 0.28973228582660765 0.054313110236150458 -0.0051546783988598195 -0.82723504883069487 0.023952156006458943 0.045315335478205473 -0.74204756240261716 0.025071661579616707 -0.80411599112725163 0.018308659511637741 0.017966009003421487 0.035374155079421106 0.011391508711943438 0.056677760828800341 0.0043593383191820661 -0.0043575861762518266 0.017085844693490653 0.39564580249290465 0.0176111886531038 0.095261796057407311 0.4885150004267067
decision_type=2 2 2 2 2 2 2 2 2 2 2 2 2 2 2 2 2 2 2 2 2 2 2 2 2 2 2 2 2 2
left_child=1 16 23 22 5 -2 7 8 10 -10 -6 -9 -13 -8 20 -7 18 -18 -1 21 -15 -20 -4 24 -3 -16 27 -19 -28 -17
right_child=4 2 3 -5 6 15 13 11 9 -11 -12 12 -14 14 25 29 17 26 19 -21 -22 -23 -24 -25 -26 -27 28 -29 -30 -31
leaf_value=1.4306911060439099e-05 -0.00016962149678822068 -0.00079741906555094028 -4.333624609406126e-05 -0.0068169531808088676 0.00095503582521736256 -0.0017692034133518005 -0.00879021140688078 -0.0019316250235935238 0.00059217149504577266 -0.0060814309212319151 0.0059575325895264699 0.015574342198771379 0.0044982478067210141 0 0.00020200738439582201 0.012125085059234524 -0.0038875218584714707 -0.0054137388616659829 -0.0043986776583508549 -0.00090808513000841711 0.011926568241695358 0.0020122268716608271 0.011480996457848796 0.015792984627783242 0.008398513513763757 -0.011246580617376541 -0.00027408219816981425 0.0036157165620793758 0.0095957796688399162 0
leaf_weight=572.13770284317434 32.814333347603679 29.480878707021475 28.12604876421392 23.856240460649133 844.08688737824559 9.1155829168856126 30.959115170873702 51.59623356256634 262.72830693703145 129.40730752982199 160.34983428195119 19.698886012658477 209.80583334155381 24.975170841440558 14.349807380698619 54.202213017269969 161.66761365765706 28.944044427014887 449.06568326428533 761.32112620351836 17.894987195730209 36.995440736878663 13.039986761286853 18.165978926233947 35.723936235532165 21.80636621452868 3615.2423471636139 223.34576476318762 13.079374984838067 10.235159393399952
leaf_count=18460 343 399 499 414 10891 86 482 565 2812 1429 1818 151 2021 345 173 607 4172 702 15591 25398 208 1109 113 160 431 238 94736 4649 166 91
internal_value=0 -0.000454827 0.00429846 0 0.00144067 0.0055056 0.00116739 0.00144932 0.000832735 -0.00158346 0.00180892 0.00433971 0.00588866 -0.00274823 0 0.00826904 -0.000583832 -0.000203794 -0.00140882 -0.00208297 0.00559123 -0.00383411 0.00380543 0.0076992 0.00405278 -0.00650136 -3.78033e-05 0.00237813 -0.00021709 0.0101463
internal_weight=7904.22 6010.19 148.393 65.0223 1894.03 106.367 1787.66 1677.67 1396.57 392.136 1004.44 281.101 229.505 109.985 79.0263 73.553 5861.8 4042.28 1819.52 1247.38 42.8702 486.061 41.166 83.3708 65.2048 36.1562 3880.61 252.29 3628.32 64.4374
internal_count=189259 166999 2016 1026 22260 1127 21133 19687 16950 4241 12709 2737 2172 1446 964 784 164983 104425 60558 42098 553 16700 612 990 830 411 100253 5351 94902 698
is_linear=0
shrinkage=0.03


Tree=76
num_leaves=31
num_cat=0
split_feature=5 19 33 29 36 18 32 6 5 6 26 11 34 6 0 34 38 39 37 39 40 33 33 5 35 5 0 32 37 18
split_gain=5.37255 2.65139 2.5877 3.90333 2.6331 2.46456 2.52291 2.5462 2.31976 4.03459 2.64389 2.64375 3.22267 2.36596 3.21419 2.96395 3.27929 2.25451 2.38182 2.25192 2.26559 2.66697 2.21446 2.11194 3.60653 2.52213 2.10999 2.08328 2.07486 2.80112
threshold=0.067563678174451539 0.38252298604339557 0.39135247737393725 0.012568656517788426 0.0036552146959787282 0.55658986602156157 0.084942082157970125 0.18101545571566682 -0.070281864518649748 -0.0087086576549520994 0.010515364014138686 -0.45555311676909566 0.033067603125098745 -0.067667640927822834 -0.015417517456194286 0.013180944634205804 0.12650839896134339 -0.0050345700100698602 0.020113478885974586 0.0061188147242854261 0.00038540234197022635 -0.63903973923383262 0.98089609755872698 0.081481501249764735 0.0052444656118078173 0.21707014555115703 0.011026983234775441 0.015533996538523507 0.037974711255434071 -1.5388242453599925
decision_type=2 2 2 2 2 2 2 2 2 2 2 2 2 2 2 2 2 2 2 2 2 2 2 2 2 2 2 2 2 2
left_child=8 2 23 4 -4 -3 -7 -8 13 27 17 -12 -13 19 15 16 -15 18 -11 28 -21 -22 -5 -2 25 -25 -19 -10 -1 -30
right_child=1 5 3 22 -6 6 7 -9 9 10 11 12 -14 14 -16 -17 -18 26 -20 20 21 -23 -24 24 -26 -27 -28 -29 29 -31
leaf_value=-0.0021618411054285056 0 0.0017810931004880797 0.001384951670157225 0 -0.016334985556657227 -0.0036778178653238684 -0.0047487424299660899 0.0088345278424031837 -0.004975819560804561 -0.0038068121199047694 -0.0073282227531490341 -0.0012796550556738945 0.00448035575846555 0.014442479835984044 -0.002797401467650749 -0.0031656938720274787 0 0.0015323285719106145 0 0.0012085049758270455 0.0029190496426221659 -0.012032933980643782 0.012890086908341 0.012928567514696614 -0.0031504529099660758 0 -0.00038799514180174485 -0.0014079280235227403 -0.0029831839253371762 0.0045958533282287328
leaf_weight=86.235177837312222 27.115946083329618 943.62258363887668 7.0042894855141666 22.960601696744561 12.802160270512102 154.73594052810222 12.375915316864846 29.311022229492664 172.33556105662137 189.26921839686111 56.313682917505503 1211.1051771016791 87.512399080209434 49.866929991170764 23.655992735177279 10.616588829085229 17.521284026559442 1561.867589853704 662.1121995835565 31.64916780218482 8.6063070781528932 33.336697774939239 13.672920349985359 81.75638363789767 13.739787148311732 17.578739564865828 732.01267113443464 1379.5859811045229 47.088656350038946 199.69892259314656
leaf_count=2130 261 11936 67 192 116 2362 178 247 8348 5728 1420 28379 1193 813 522 193 394 28510 18748 577 108 672 97 631 97 139 12684 58950 791 2776
internal_value=0 0.00172986 0.00495061 0 -0.00984311 0.00112896 -0.0018214 0.00408268 -0.000353506 -0.000521081 -5.87006e-05 -0.00116993 -0.000852786 0.00156901 0.00557366 0.00848931 0.0108317 0.000411575 -0.000885621 0.000439356 -0.00403723 -0.00834172 0.00516246 0.00707645 0.00881328 0.0108273 0.000906963 -0.00183811 0.00156244 0.00300005
internal_weight=7897.07 1336.68 196.631 56.44 19.8064 1140.05 196.423 41.6869 6560.39 6052.11 4500.19 1354.93 1298.62 508.276 101.661 78.0048 67.3882 3145.26 851.381 406.615 73.5922 41.943 36.6335 140.191 113.075 99.3351 2293.88 1551.92 333.023 246.788
internal_count=189259 16323 1600 472 183 14723 2787 425 172936 163960 96662 30992 29572 8976 1922 1400 1207 65670 24476 7054 1357 780 289 1128 867 770 41194 67298 5697 3567
is_linear=0
shrinkage=0.03


Tree=77
num_leaves=31
num_cat=0
split_feature=8 7 26 25 10 19 8 7 19 26 27 35 36 44 19 33 29 28 28 35 45 35 37 4 18 45 31 43 37 38
split_gain=5.63628 3.5606 2.25033 2.22085 2.10175 1.92186 3.46791 3.36429 4.10726 3.81234 3.36638 3.31272 3.31065 3.72497 3.24534 3.03083 3.28275 3.00867 3.21235 2.67562 2.27935 2.22493 2.14098 4.24148 2.09785 1.93572 4.63141 2.88411 1.91071 2.40308
threshold=0.37861418174568545 0.062942267757692585 -0.0088495942709400817 -1.104574412476117 0.0021330264130909179 0.80534168932279748 0.74689741591675574 0.032372406560350724 0.73870296193899943 0.0034681961145711913 0.026655248364624028 -0.0033596310370074905 0.059820263767932404 0.00016529691010480979 0.59413992024089524 -0.36448697207121578 0.0014599435412759991 -0.69461820777117989 -0.09037314499201797 -0.0050965524669645884 -0.00026941850921032956 0.00025322232040186156 0.093723139993191221 -0.32814616138789438 -3.6189543917347771 -0.00016666488625341602 0.027724563125470079 -0.72528643955887773 0.025071661579616707 -0.80411599112725163
decision_type=2 2 2 2 2 2 2 2 2 2 2 2 2 2 2 2 2 2 2 2 2 2 2 2 2 2 2 2 2 2
left_child=1 28 3 -3 -4 7 11 8 10 25 14 15 13 -11 -2 16 -7 -10 -19 -12 -17 -14 24 -24 -13 26 -9 -27 -1 -30
right_child=5 2 4 -5 -6 6 -8 9 17 12 19 22 21 -15 -16 20 -18 18 -20 -21 -22 -23 23 -25 -26 27 -28 -29 29 -31
leaf_value=-0.0013856781104730311 0.0051587614956457358 -0.002617427243463821 -0.0053744422172743679 0.0090566364604185209 0.0047095366850793642 0.011149435487010115 0.0080997537525105395 -0.0051791059158470144 -0.0060398208234680095 0.015129313355295734 0.0042684032678889112 0.0084862228777765614 0.0073349267086715688 0.0045509775796053987 -0.0022161701799789787 -0.0011055682095855858 -0.0044822955143066371 0.013542490521759452 0.0023434835013728841 -0.0028767817239902754 -0.010955292055223257 -0.0038291311872554949 0.0062560388474551783 -0.012840877930705617 0.00073671863738145776 0.0092962062934743277 0.014688035492388962 -0.0067355389570469644 -0.0037681210498896065 -4.3123061365882076e-05
leaf_weight=1807.3702959679067 163.87601529248059 11.154885846190153 31.297828611917794 73.19426286034286 33.013528059236705 16.521721572615206 44.596055801957846 14.133827503770592 10.047630788758395 62.338154435157776 48.278229640796781 29.377542008645833 21.886399497278035 86.452817419543862 68.647822570055723 46.728726904839277 20.164278046227992 45.733043231070042 61.854828700423241 301.06944860331714 53.785072285681963 33.379255967214704 10.515589481219648 22.923348370939493 660.71301049925387 6.6196546778082839 16.442175479605794 47.082004194147885 158.32931632874534 3877.5043101981282
leaf_count=60558 1433 139 606 851 420 189 336 151 117 573 418 326 172 746 775 624 273 448 689 3417 811 287 88 261 9441 50 135 500 4172 100253
internal_value=0 -0.000450968 0.00403382 0.00711694 0 0.00142474 0.000382681 0.0023428 0.00114652 0.00507372 4.24164e-05 -2.69732e-05 0.00724794 0.00952579 0.00285434 -0.0042478 0.00233079 0.00613884 0.00776038 -0.00175839 -0.00692987 0.000336022 0.000755885 -0.00602239 0.00116845 0 0.00522395 -0.0036248 -0.000573549 -0.000201164
internal_weight=7885.03 5991.86 148.661 84.3491 64.3114 1893.17 905.325 987.841 699.507 288.334 581.872 860.729 204.057 148.791 232.524 137.2 36.686 117.636 107.588 349.348 100.514 55.2657 723.529 33.4389 690.091 84.2777 30.576 53.7017 5843.2 4035.83
internal_count=189259 166999 2016 990 1026 22260 12349 9911 7297 2614 6043 12013 1778 1319 2208 1897 462 1254 1137 3835 1435 459 10116 349 9767 836 286 550 164983 104425
is_linear=0
shrinkage=0.03


Tree=78
num_leaves=31
num_cat=0
split_feature=8 7 3 40 28 2 18 18 32 33 42 27 45 39 29 8 6 19 43 44 11 11 34 18 45 8 45 32 2 18
split_gain=4.90245 3.15923 4.11008 3.59092 2.56662 2.51302 2.55642 4.63322 4.32873 3.14772 2.48146 2.42154 2.33815 3.58909 2.79909 2.16448 4.10734 2.82579 2.09072 2.88237 4.04981 2.33108 2.1821 4.02909 2.60132 2.15796 2.01531 4.26309 1.98476 1.91477
threshold=0.37861418174568545 0.054018570033347736 16.251035024341686 0.00013460314251771371 -0.5573674822668585 -0.052631393220110817 -1.599326742785167 -3.4320332226919987 0.021434709123701334 -1.0000000180025095e-35 0.067735109381269268 0.049869912307855375 -0.0086815185221300138 -0.0054982100398907573 0.003945122553569329 -0.35637531043539533 -0.12655726068433579 0.83878685721084068 0.57163550342866121 0.016300184557099921 0.3940285204991088 0.33124706618682531 0.039739237026981789 -0.13528865522792302 0.00016576340297010423 0.16991255149978921 0.0057404587453840292 0.078124958284508758 0.048959893483489954 0.13746629208068153
decision_type=2 2 2 2 2 2 2 2 2 2 2 2 2 2 2 2 2 2 2 2 2 2 2 2 2 2 2 2 2 2
left_child=1 18 3 29 -5 10 7 -7 -9 -10 -2 -6 13 -8 -15 -4 -17 -18 19 -1 21 -21 -20 25 -25 -24 -14 -28 -22 -3
right_child=5 2 15 4 11 6 12 8 9 -11 -12 -13 26 14 -16 16 17 -19 22 20 28 -23 23 24 -26 -27 27 -29 -30 -31
leaf_value=-0.0006546228605497339 0.014807408382314275 -0.0053237131764761365 -0.0090632961250105126 0 0 0.003829847011277161 0.00593188248892834 0.0063038834997177799 -0.0018895959086121313 -0.014838446699521682 -0.00036856385228481968 0.015389900107969963 0.0022895304483099136 0 -0.010515304794090675 0.010575967576384808 0.0042367147192058372 -0.0046321407157414798 -0.0025487972152116382 0.0010393648207871833 0.0035138824557321203 -0.0054301317046522284 0 -0.012330221868519928 0.0023572481228242492 0.01599409262201559 0.00080481417858497238 -0.010516838893284466 0.014465540991509974 0.0058915981367681685
leaf_weight=4213.7005773372948 19.3158701825887 25.365242989733815 17.913351921830326 15.191371421329675 15.531415810808538 55.773922622203827 26.064537005499005 13.528804080560802 39.107523712329566 40.68485090509057 9.6803815364837629 51.41494877776131 1328.6564724268392 40.293219033628702 43.813618388026953 26.507729543372989 42.967452361248434 85.45578389428556 698.16183448862284 574.95691236713901 70.311707647982985 49.100156608968973 8.0286168372258562 11.897290819324551 20.643305107951164 17.717391768470407 244.69668650534004 28.724044112488627 22.572231318801641 19.853268500417471
leaf_count=125111 147 422 260 228 244 545 335 156 511 603 80 559 15759 413 486 300 566 1724 19501 14437 1278 1027 153 165 252 143 2945 280 343 286
internal_value=0 -0.000420631 0.00253545 0.00652819 0.0100907 0.00132986 0.0011605 -0.00247691 -0.00655438 -0.00933147 0.00954942 0.0124671 0.00150099 -0.00253671 -0.00568338 -0.00033864 0.000734349 -0.00139241 -0.000584033 -0.000350341 0.00138862 0.000443546 -0.00205557 0.00311297 -0.00314059 0.011218 0.00180435 -0.000444331 0.00708476 0
internal_weight=7877.63 5987.29 300.201 127.356 82.1377 1890.34 1861.34 149.095 93.3212 79.7924 28.9963 66.9464 1712.25 110.171 84.1068 172.844 154.931 128.423 5687.09 4930.64 716.941 624.057 756.448 58.2866 32.5406 25.746 1602.08 273.421 92.8839 45.2185
internal_count=189259 166999 4589 1739 1031 22260 22033 1815 1270 1114 227 803 20218 1234 899 2850 2590 2290 162410 142196 17085 15464 20214 713 417 296 18984 3225 1621 708
is_linear=0
shrinkage=0.03


Tree=79
num_leaves=31
num_cat=0
split_feature=8 7 2 25 42 42 3 37 19 8 27 39 7 33 7 39 28 45 40 35 11 1 37 31 34 35 18 8 19 1
split_gain=4.9875 3.37363 2.40761 2.1227 2.10593 2.07607 2.38626 2.03599 2.02924 3.24989 3.34269 2.90801 5.93608 4.963 3.37723 3.57086 2.80676 2.43187 2.39795 2.3562 1.82094 4.11186 2.34475 2.21776 2.43745 1.79752 1.73759 1.64667 1.64449 1.63538
threshold=0.37861418174568545 0.062942267757692585 -0.052631393220110817 -1.0402708463754033 0.064838740848687432 0.14426590403581427 18.60166071368857 0.025071661579616707 0.80534168932279748 0.74689741591675574 0.065925082254965447 0.024649689810710928 0.021273795487595715 -0.24373144159549828 0.032372406560350724 -0.0054982100398907573 -0.13481759691538106 0.00063083413477041329 0.0078250759818564494 -0.0033596310370074905 -0.35660173160173153 0.055384711668395835 0.044673483772180764 0.093829741277411435 0.058011165796649194 0.00022465348747046344 2.26397742276809 0.06850779314676389 1.0321708735861275 0.018308659511637741
decision_type=2 2 2 2 2 2 2 2 2 2 2 2 2 2 2 2 2 2 2 2 2 2 2 2 2 2 2 2 2 2
left_child=1 7 4 -3 -2 6 25 26 11 10 19 14 18 -14 15 -4 -12 -16 -13 -10 21 -9 -23 24 -22 -5 29 -7 -11 -1
right_child=2 3 8 5 -6 27 -8 20 9 28 16 12 13 -15 17 -17 -18 -19 -20 -21 23 22 -24 -25 -26 -27 -28 -29 -30 -31
leaf_value=8.3726029583047496e-05 0.01441768000068097 -0.0031077858862673517 -0.0019117555590164464 0.0020924095932766673 0 0.0037623526217767417 -0.0023506424694995946 -0.0036432096538562609 -0.0032405104773135349 0 0.002784413618880576 -0.011520826842947536 0.0070124229511314175 -0.0020061304794124304 0.010772130460366831 0.0033813337685019394 -0.0062402649392555905 0.0023826679104540457 0.0038034810739539793 0.0013917930939481766 5.6345885583416912e-05 -0.0027069964031601616 0.0032334155488910211 -0.0077282767894860643 0.0054926149353497202 0.011717142235314209 -0.0070049887716530984 -0.011907278532115088 0.011320784274454047 -0.0018291916776067801
leaf_weight=560.97065082704648 18.554904008284215 23.585582335945219 146.7764434190467 38.928558442741632 10.495856184512375 5.2887725001201016 14.741258120164273 373.99686224851757 111.85686548333615 15.390818104147909 32.265154200606048 46.212931777350605 87.81824716180563 123.11359234340489 78.021120716817677 411.12699982244521 125.79343661200255 73.515799606218934 5.3702523410320273 574.35883069038391 3305.8608747115359 80.88102070055902 172.64980825036764 27.04760617762804 71.32757630571723 61.240972239524126 45.580551806371659 6.2296154266223311 28.845598377287388 1193.2284151054919
leaf_count=18047 139 408 2104 537 88 68 250 11308 1633 119 329 472 766 1129 747 3820 1561 713 46 8381 86860 2097 2924 413 823 670 2043 83 213 40468
internal_value=0 -0.000424552 0.00134156 0.00392108 0.00938794 0.00552893 0.00685232 -0.000544745 0.00117501 0.000101114 -0.000299965 0.00212046 -0.000473633 0.00168511 0.00311894 0.00193089 -0.00418515 0.00709987 -0.00920012 0.000575322 -0.000161196 -0.00164235 0.00120657 0.000105044 0.000187982 0.00853927 -0.0013845 -0.00393526 0.00761831 -0.00120191
internal_weight=7871.07 5981.56 1889.52 150.015 29.0508 126.429 114.911 5831.54 1860.47 888.511 844.274 971.955 262.515 210.932 709.44 557.903 158.059 151.537 51.5832 686.216 4031.76 627.528 253.531 3404.24 3377.19 100.17 1799.78 11.5184 44.2364 1754.2
internal_count=189259 166999 22260 2016 227 1608 1457 164983 22033 12236 11904 9797 2413 1895 7384 5924 1890 1460 518 10014 104425 16329 5021 88096 87683 1207 60558 151 332 58515
is_linear=0
shrinkage=0.03


Tree=80
num_leaves=31
num_cat=0
split_feature=5 8 27 3 35 8 8 29 34 43 5 39 4 27 3 27 3 32 41 38 27 40 31 18 40 8 33 35 8 45
split_gain=4.85363 4.66988 3.77721 2.81524 3.31741 2.70376 2.62576 4.69893 3.3 3.28434 2.70106 2.70393 2.60581 3.46843 3.47876 4.80322 4.60119 3.22487 3.1064 3.13686 3.56577 3.5124 2.84985 2.70256 2.57808 2.49487 2.46754 3.52492 2.49276 2.42211
threshold=0.067563678174451539 0.5714650238588167 0.034440032063080252 17.987954671903882 -0.0053028949695460483 0.47075309541247651 0.34814146181954747 0.0074088237456971509 -0.0059650428345167624 -0.027092862609746856 -0.070281864518649748 0.0087967339282616543 -0.067320545399575757 0.028747428473102982 19.454252317602151 0.084977561250357547 20.676183129792243 0.11583215456745914 -0.022768261146374005 0.2221979671037291 0.044095070220667901 -0.0031629281506603984 0.093829741277411435 -0.5724758727591629 -0.0012245311612419662 -0.16475127672225312 0.24555532239251934 0.0074535750744168959 0.41302281763700494 0.010345142085719622
decision_type=2 2 2 2 2 2 2 2 2 2 2 2 2 2 2 2 2 2 2 2 2 2 2 2 2 2 2 2 2 2
left_child=1 5 3 4 -3 6 10 9 -9 -8 25 -12 13 23 26 16 -16 18 24 21 -21 -20 -19 -2 -14 -1 28 -28 -15 -6
right_child=12 2 -4 -5 29 -7 7 8 -10 -11 11 -13 17 14 15 -17 -18 22 19 20 -22 -23 -24 -25 -26 -27 27 -29 -30 -31
leaf_value=0.00037972691587031388 0.0038755142013781729 -0.001992636364840815 -0.0018190858934192681 -0.0047769841551373385 0.014273270687042915 -0.0033336102062019634 0.0053907382196611026 0.0027596679395680735 -0.00416825109273987 0.00041854171541977076 -0.0012729872250949643 0.00022228476103846199 -0.0040861639383292878 0.0014132770484523826 -0.0052511955300286999 -0.017814034467036347 0.017482820080587106 0.014878882157647084 -0.0054715968844111446 0 -0.0074575176010654555 0.0019868350987831129 -0.0017852284263568737 -0.012493478942622604 0.0080502852143957884 0.0057673402363839854 0.0030824280343947929 -0.0081029718016958231 0.0077903112601792387 -0.00040221576881027362
leaf_weight=411.54278552718461 8.442022794857623 11.681185202673076 39.663591438904405 7.1591084329411379 64.75399973243475 278.30457184463739 254.42463654093444 83.574931831099093 179.95039096474648 249.84062936063856 3271.0717982384376 1581.3165899701416 13.439364401623605 93.114051688462496 16.787006600759927 10.86545672174543 7.0911187361925831 20.033503802493218 61.609642017632723 111.64516102522612 105.69075875822455 348.42911968193948 8.5198997221887094 17.456737517379224 63.762760768644512 95.156473491340876 198.72065348085016 23.060181004926562 219.57528359815478 6.965407380834221
leaf_count=7418 79 112 449 101 537 3517 3457 1310 2616 3373 112615 35801 193 1422 251 138 55 180 802 1519 1330 4797 70 233 807 1558 2110 265 2072 72
internal_value=0 -0.000336294 0.00516357 0.00847095 0.0101534 -0.000456731 -0.000318549 0.00130523 -0.00184892 0.00301444 -0.000557779 -0.000779798 0.00164974 0.00312381 0.00366259 -0.00467116 0.00231937 0.000399465 0 -0.000745904 -0.00364059 0.000741483 0.0094874 -0.00642317 0.00545258 0.0014966 0.00429821 0.0016341 0.00603789 0.0125236
internal_weight=7863.65 6535.41 130.223 90.5597 83.4006 6405.18 6126.88 767.791 263.525 504.265 5359.09 4852.39 1328.24 595.113 569.214 34.7436 23.8781 733.13 704.577 627.375 217.336 410.039 28.5534 25.8988 77.2021 506.699 534.47 221.781 312.689 71.7194
internal_count=189259 172936 1271 822 721 171665 168148 10756 3926 6830 157392 148416 16323 6625 6313 444 306 9698 9448 8448 2849 5599 250 312 1000 8976 5869 2375 3494 609
is_linear=0
shrinkage=0.03


Tree=81
num_leaves=31
num_cat=0
split_feature=5 8 37 41 19 26 42 5 11 40 19 8 33 34 2 4 4 33 3 27 34 28 29 2 8 29 2 40 11 19
split_gain=4.9085 3.47664 2.89161 3.0062 2.78305 2.71926 2.34576 2.65334 2.38953 2.6159 2.25108 3.92624 3.03724 3.60212 2.52292 2.49928 3.76034 3.74636 2.62632 2.43535 2.29905 2.24994 3.08082 2.23944 2.22861 2.76507 2.54726 2.25205 2.21314 3.56933
threshold=0.067563678174451539 0.5714650238588167 0.033820097680583625 0.013730822380159272 1.0474141708383362 0.0143030095057735 0.090909095192572453 -0.026336382321717141 0.15358974358974362 0.00064987591438746468 0.38252298604339557 0.69147688562213871 -0.049310612755629528 -0.012720194169742462 0.025785205760912516 -0.067320545399575757 0.0090180467913043589 1.0000000180025095e-35 18.280081334402556 0.10940632052273991 -0.00033698079714162107 0.072773196233605134 -0.007927142765299976 -0.060474482609434048 0.031130991200790065 0.0045197238949348578 0.011447018343806235 0.001652118329190571 -0.3089061467283542 1.3580793861061748
decision_type=2 2 2 2 2 2 2 2 2 2 2 2 2 2 2 2 2 2 2 2 2 2 2 2 2 2 2 2 2 2
left_child=1 6 4 -4 5 -3 24 21 23 -10 11 12 13 -2 -13 28 -17 20 -19 -14 -18 -8 -23 -9 -1 26 -26 -27 29 -12
right_child=10 2 3 -5 -6 -7 7 8 9 -11 15 14 19 -15 -16 16 17 18 -20 -21 -22 22 -24 -25 25 27 -28 -29 -30 -31
leaf_value=-0.0013244327211810625 0 0.012727753157646689 -0.0085342746031395467 0.0055588529356942647 -0.0044343314191006592 0 0.0014466604314467264 0.0078523407587188163 0.0087720950141983393 -0.0022030419377421051 0.0086482791711195474 -0.010589231208678898 0.0044080424492343347 0.015201571041127787 0.0027236789429173269 -0.0067692733551002479 0.00094888340353217922 0.00072238777641197671 0.0068749470281952007 -0.0088687154663659503 -0.0043900130562155981 0.013827246578200796 0 -0.0051485680735866863 0.0011206365773011545 -0.00027647171631006468 -0.0010211729665830038 -0.002830008136017637 0.0015512541742935728 -0.0074990594425273661
leaf_weight=2268.4594889343716 19.642549434676766 55.500558590516448 22.628093123435974 20.301616981625557 9.3895532172173244 23.653425966389477 97.151775348931551 7.4715801142156115 35.284001800231636 28.424229764379561 89.544909175485373 17.342655446380377 76.725586266256869 50.88394963927567 20.934809193015099 64.18300031684339 124.1230546827428 192.02770474459976 99.334243224002421 8.7653442928567511 144.3826596243307 38.192895726300776 20.451715928502381 90.508965360932052 1696.2123964852653 934.00121870543808 690.27878944668919 486.47113089589402 413.83919883985072 8.272823063656686
leaf_count=89250 173 446 262 178 142 243 1512 77 575 491 915 140 679 378 154 887 2065 2613 1285 76 1935 398 345 1967 33437 19404 14257 9952 4901 122
internal_value=0 -0.000338897 0.00437968 -0.00135903 0.00740668 0.00934781 -0.000443973 0.00202979 -0.000504312 0.00363479 0.00165752 0.00465096 0.00678725 0.0113165 -0.00314144 0.00110096 -0.000130299 0.000630862 0.00300181 0.00230044 -0.00184007 0.00478021 0.00928377 -0.00353274 -0.000579742 -0.000126978 0.000487746 -0.00117889 0.00264749 0.00669259
internal_weight=7854.38 6524.38 131.473 42.9297 88.5435 79.154 6392.91 317.485 161.689 63.7082 1330 194.295 156.017 70.5265 38.2775 1135.71 624.051 559.868 291.362 85.4909 268.506 155.796 58.6446 97.9805 6075.42 3806.96 2386.49 1420.47 511.657 97.8177
internal_count=189259 172936 1271 440 831 689 171665 5365 3110 1066 16323 1600 1306 551 294 14723 8785 7898 3898 755 4000 2255 743 2044 166300 77050 47694 29356 5938 1037
is_linear=0
shrinkage=0.03


Tree=82
num_leaves=31
num_cat=0
split_feature=5 25 39 37 29 11 26 10 34 37 44 38 42 38 0 0 18 18 18 42 26 5 18 4 44 40 35 4 11 40
split_gain=4.73347 2.61807 2.65775 2.43933 2.33029 2.15149 2.09402 3.22948 3.18637 2.60675 3.08997 2.51952 2.5583 3.07289 2.86595 2.48142 2.2049 2.37545 2.19603 2.03363 3.86264 2.21893 2.03172 1.95883 2.80015 3.35517 3.08209 2.86745 3.20619 1.9553
threshold=0.067563678174451539 0.033625458378663042 0.027597071760903685 0.037974711255434071 -0.013382450856766653 0.46992311171415657 0.0093272249342156426 -0.029495770130545603 0.033067603125098745 0.025903218321250105 0.045541312786092664 0.94642665656173552 0.050169975948519026 -0.62712266245677462 -0.013188445086921659 0.011287560787999732 -0.47925162667615212 0.540562375824861 0.13191856467345131 0.058125597522501515 0.015560747118357083 0.016085943101170622 1.3513677285181525 -0.15271477053989188 -0.0058000018262528213 -0.004018921083295106 3.3777321479174416e-05 -0.21880681666144761 -0.26396691635455677 -0.004018921083295106
decision_type=2 2 2 2 2 2 2 2 2 2 2 2 2 2 2 2 2 2 2 2 2 2 2 2 2 2 2 2 2 2
left_child=6 23 3 -3 -5 -4 9 -8 18 10 22 12 13 -11 -14 -12 -13 -18 -9 20 -10 -21 -1 24 27 -26 -27 28 -2 -25
right_child=1 2 5 4 -6 -7 7 8 19 11 15 16 14 -15 -16 -17 17 -19 -20 21 -22 -23 -24 29 25 26 -28 -29 -30 -31
leaf_value=-0.00090046246747490361 0.0046723740302574701 0.00079436204779252239 -0.0040167116595204956 0 0.016194110487577972 0.0081212013947231654 -0.0058899106839361438 -0.0019767826157131058 -0.002926717481694127 -0.0028864146538987796 0.014186996666166527 0.0020163878836864427 0.0017288018250896189 0.0016989496589515148 -0.0018776673058849703 -0.0039990762795722341 -0.0056915648845719258 0.0024935056148738359 0.00029763651205021792 0.0070237232116702698 0.010302886102716499 -0.010124711167846096 -0.0063285268383609398 -0.0038689209577887598 0.01096921927403097 0.0063977373847921839 1.2637913415776688e-06 0.0081239349196988025 -0.0064882949178822228 0.00077554866375759656
leaf_weight=1527.5760636255145 25.258035243488848 26.771308525465429 32.039109395816922 5.7457041013985863 36.508938901126385 15.298308948054908 119.99849109956995 1050.2242050538771 21.899746338836849 132.55856493813917 16.27704380359501 64.258949768263847 297.22081585461274 1849.0732270763256 550.39308459265158 4.0440336223691693 148.96839836286381 31.48307472281158 564.31103361351416 4.8728043027222183 57.851375890430063 12.206817626021801 62.446780744940042 87.306704370304942 51.478997172787786 112.10300423298031 183.75669990573078 18.501984061673284 75.55896407365799 660.20261116093025
leaf_count=47072 297 314 303 53 295 101 3872 28480 348 3510 313 1436 6063 46361 12001 105 3224 720 15638 95 819 194 2685 1133 447 1161 2042 220 1007 8950
internal_value=0 0.00162714 0.00589751 0.0094517 0.0136375 0 -0.000333262 -0.00119191 -0.000828814 0 -0.000972658 0.000515391 0.000777125 0.00137062 -0.00057513 0.00930804 -0.00234551 -0.00407304 -0.00116484 0.00426151 0.0063577 -0.00339092 -0.00115162 0.00117076 0.00268962 0.00405565 0.00259069 -0.00104879 -0.00332001 0.00017112
internal_weight=7846.19 1330.53 116.363 69.026 42.2546 47.3374 6515.66 1831.36 1711.37 4684.3 1610.34 3073.96 2829.25 1981.63 847.614 20.3211 244.71 180.451 1614.54 96.8307 79.7511 17.0796 1590.02 1214.17 466.658 347.339 295.86 119.319 100.817 747.509
internal_count=189259 16323 1066 662 348 404 172936 49446 45574 123490 50175 73315 67935 49871 18064 418 5380 3944 44118 1456 1167 289 49757 15257 5174 3650 3203 1524 1304 10083
is_linear=0
shrinkage=0.03


Tree=83
num_leaves=31
num_cat=0
split_feature=6 0 42 6 34 5 0 37 42 43 8 42 11 39 43 41 37 42 29 33 38 0 35 44 31 25 5 38 44 5
split_gain=4.55173 3.5364 3.02265 3.00598 3.64811 2.80577 2.55529 3.58634 3.29714 2.90832 2.76444 4.66094 2.41535 2.67925 2.20298 2.86996 3.1105 2.24477 2.22055 2.18692 2.15049 2.14088 1.82895 1.81172 1.80281 2.62153 2.43027 1.88712 1.77386 1.68413
threshold=0.052555301419301211 -0.050398086774886573 0.093514473263734479 0.10140199436304488 0.043271012925186127 0.035482759740047672 0.093640722447759964 0.064161996999941726 0.046296270156157907 -0.80443998388651738 0.51871108800206422 0.05238442117516575 -0.45555311676909566 0.0078635587880573812 -0.33979809862411864 -0.050114411414637544 0.059523323386829245 0.10000031595523999 0.00031748756862471581 -0.080972347655166907 0.74228086927746972 -0.021161389982491962 -0.00014517986847908376 -0.0022574145379774006 -0.013430767794654042 -1.1775348906874752 -0.0020733635733408136 1.0619132476141691 0.043346335286330091 -0.082214144284042875
decision_type=2 2 2 2 2 2 2 2 2 2 2 2 2 2 2 2 2 2 2 2 2 2 2 2 2 2 2 2 2 2
left_child=2 3 24 23 20 -6 7 12 9 -8 21 -12 19 -14 15 16 -4 18 -16 -3 -5 -9 -11 -2 25 -1 29 -27 -7 -26
right_child=1 6 14 4 5 28 8 10 -10 22 11 -13 13 -15 17 -17 -18 -19 -20 -21 -22 -23 -24 -25 26 27 -28 -29 -30 -31
leaf_value=-0.0075591784050047994 0.0043082611461338193 0.0022586328749778918 -0.00031554838417433619 0.016676757059138007 -0.0099025268271014204 0.011176334749006256 0.011267075277009595 0.0013174526225231656 0.0073878129119140292 0.0023640981785638549 0.0065211650764641612 -0.0030446758117997261 0.00012801824376573094 0.0020201375301972854 0.011500037293148378 -0.0015688175797196825 0.019049165627041759 -0.00067502327044677182 -0.0013317788926434308 -0.0089375089251070589 0 -0.0041035848829957889 -0.0076163745002132974 -0.0093091879264999549 0.00095222318453016706 0.00073555483651011749 -0.00049987047432382959 -0.0046524458675213055 -0.00077895077657000019 -0.0026856983178889684
leaf_weight=33.297579781152308 10.680180499330165 16.581390880048275 6.3353044334799078 37.544030141085386 8.6311706854030472 17.552146404981617 8.6313579808920604 69.151551350951195 103.76603300124407 18.09280123654753 79.958524375222623 90.853701435960829 1547.1885748319328 1241.2109462153167 26.150825763121247 10.114914135076104 19.180147655308247 130.95842848531902 12.18236121162772 37.35028550028801 4.6937818815931669 334.42565305624157 37.139105257578194 11.987850425764917 112.56789388880134 1037.6050679720938 1632.5765223051421 56.032014272641391 12.680171769112347 1076.4389396193437
leaf_count=958 179 338 93 395 91 126 64 1200 914 218 750 762 29638 15620 439 181 141 2249 259 658 50 5566 471 206 1827 32571 45081 1641 102 46471
internal_value=0 0.000766479 -0.000680711 0.00612713 0.00879235 0.000987047 0.000594607 0.000404322 0.00417528 -0.000766272 -0.00173111 0.00132064 0.000848677 0.000983112 0.0027958 0.00918826 0.0139941 0.00105328 0.00704662 -0.0050866 0.0144744 -0.00309653 -0.00392406 -0.00218985 -0.000872033 0.000117893 -0.00127753 0.000412279 0.00591157 -0.00231361
internal_weight=7841.56 3688.12 4153.44 103.769 81.1013 38.8635 3584.35 3416.72 167.629 63.8633 574.389 170.812 2842.33 2788.4 204.922 35.6304 25.5155 169.292 38.3332 53.9317 42.2378 403.577 55.2319 22.668 3948.52 1126.93 2821.58 1093.64 30.2323 1189.01
internal_count=189259 57348 131911 1149 764 319 56199 54532 1667 753 8278 1512 46254 45258 3362 415 234 2947 698 996 445 6766 689 385 128549 35170 93379 34212 228 48298
is_linear=0
shrinkage=0.03


Tree=84
num_leaves=31
num_cat=0
split_feature=5 44 36 6 0 37 26 27 19 25 39 6 19 2 6 40 31 26 19 29 11 4 41 3 45 27 29 3 28 33
split_gain=4.58808 2.26412 3.17178 2.43038 3.04032 4.39562 3.0902 3.27241 2.52928 2.17117 2.3216 3.99382 2.87163 2.14617 3.30307 2.74887 2.59292 4.12921 3.05205 2.13747 2.08077 1.9541 3.1312 2.42185 2.76636 2.41992 2.06669 1.96006 3.98713 3.09624
threshold=0.067563678174451539 -0.041106980823096724 0.03946265487724937 0.048614121054546329 -0.019305640276820284 0.064161996999941726 -0.013186981294190232 0.022443206483051915 1.1104186558972413 0.033625458378663042 0.027597071760903685 0.13528709972114786 1.1401495050945338 -0.0060729264888642965 -0.14934404945838028 0.00063784373976362191 -1.0000000180025095e-35 -0.01929988633172617 1.2782818808537078 0.0012870798901456657 0.46992311171415657 -0.16215995261076974 -0.020329437865506762 19.454252317602151 0.0014503830025475466 0.028747428473102982 0.034197518785702284 17.444780854242136 -0.062956762282251319 0.83145002659126199
decision_type=2 2 2 2 2 2 2 2 2 2 2 2 2 2 2 2 2 2 2 2 2 2 2 2 2 2 2 2 2 2
left_child=1 2 19 13 6 8 -5 -8 -6 21 11 -11 -13 16 15 -15 17 -3 -18 -1 -12 22 26 25 -25 -24 -2 29 -29 -23
right_child=9 3 -4 4 5 -7 7 -9 -10 10 20 12 -14 14 -16 -17 18 -19 -20 -21 -22 27 23 24 -26 -27 -28 28 -30 -31
leaf_value=0.0058722880419363388 0.00088617971169981514 0.0027637980558965548 -0.005933435288378682 0.0078485358602528622 0.00083243712819234964 -0.0043474102201560109 0.010398731747481361 -0.00018298475353757432 -0.0018697980203550913 -0.0028471661065192447 -0.0039865817637956625 0.014828483043951117 -0.0019054348494515492 0.010205173362978244 -0.00057857137691069401 0 -0.0040338958261176994 -0.0019878896431479325 0.0014132530143825494 -6.1721776400887335e-05 0.008001789509188369 -0.0023589885602674707 -0.00527641940498586 -0.012636241965733432 0.0043748213809531337 0.0046835360659473121 -0.010868164526423014 0.0048595803458059547 -0.0011201299920511559 0.0056000869101481771
leaf_weight=143.46699130907655 20.14396261330694 222.60837495420128 28.114765053149313 83.253877653740346 1608.3452721098438 196.30913463421166 24.382252830080688 205.56442863354459 377.63042619079351 14.691391116008161 31.951803851872683 48.41356516815722 6.2110501565039149 42.675868121907115 2208.8762768837623 44.084152179770172 578.06552418647334 569.53887140424922 98.402810303494334 70.801749142352492 15.075791833922265 331.69737374316901 16.448501504957676 12.745599126443269 9.579213301651178 378.92499383818358 18.756507129408419 185.66946337651461 195.92124783201143 44.139139951206744
leaf_count=2703 242 5900 472 1287 25755 3690 457 4208 8718 202 303 378 82 665 66782 733 23498 23202 3291 1575 101 4744 202 187 101 4077 254 2185 2786 479
internal_value=0 -0.000328712 0.00246855 -0.000443698 0.000272773 -0.000113203 0.00301593 0.00100877 0.000300138 0.00160178 0.00550459 0.00880854 0.0124224 -0.000926368 -0.000335893 0.00521052 -0.00182473 -0.000605981 -0.00319295 0.00381797 0 0.00118211 0.00272659 0.00353562 -0.00477428 0.00413353 -0.00469033 0.000199932 0.00173702 -0.00128423
internal_weight=7832.49 6502.12 242.384 6259.74 2495.49 2182.28 313.201 229.947 1985.98 1330.37 116.344 69.316 54.6246 3764.25 2295.64 86.76 1468.62 792.147 676.468 214.269 47.0276 1214.03 456.599 417.698 22.3248 395.373 38.9005 757.427 381.591 375.837
internal_count=189259 172936 4750 168186 44115 38163 5952 4665 34473 16323 1066 662 460 124071 68180 1398 55891 29102 26789 4278 404 15257 5063 4567 288 4279 496 10194 4971 5223
is_linear=0
shrinkage=0.03


Tree=85
num_leaves=31
num_cat=0
split_feature=5 8 10 10 38 29 0 34 11 11 27 28 41 42 10 45 3 28 37 19 41 2 42 4 19 8 31 35 45 41
split_gain=4.48593 3.25304 2.58343 2.55354 2.47863 2.43952 3.34 3.75291 3.91478 3.0298 2.65824 3.1262 2.19945 2.18003 3.10311 3.45057 3.1808 3.15709 2.98551 4.88174 3.39242 2.75743 4.10698 3.36082 3.08307 2.74094 2.73444 2.62068 2.43044 2.21901
threshold=0.067563678174451539 0.5714650238588167 -0.0072431414116644445 -0.023967982846982636 0.88493936288823971 -0.021713176905225871 -0.011174024461303136 -0.041203100679241322 0.32548911037283135 -0.45555311676909566 0.047506617745531728 -0.42426621208728749 -0.037145895491804325 0.032679738924221685 0.03014601858964536 0.0028571965211618782 17.218993475570812 -0.39728925763355422 0.043732561217861392 1.1253465813329264 0.0090654316497956692 0.029137997041834587 0.064050957052536869 0.46118255176112127 0.74276963603423896 0.49788318911290469 0.028315897618708636 0.0051221853908051907 -0.0057703979947873784 -0.0037541174801177979
decision_type=2 2 2 2 2 2 2 2 2 2 2 2 2 2 2 2 2 2 2 2 2 2 2 2 2 2 2 2 2 2
left_child=1 5 3 -3 -4 6 10 -8 -9 12 -1 -12 -7 14 15 18 28 -18 20 -20 -2 22 23 -15 27 -25 -26 -24 -16 -17
right_child=13 2 4 -5 -6 9 7 8 -10 -11 11 -13 -14 21 16 29 17 -19 19 -21 -22 -23 24 25 26 -27 -28 -29 -30 -31
leaf_value=-0.00022641497477928496 0.00047896141220338956 0.0088700535592927798 0.0078631907339977748 -0.0084087769216654399 -0.0053932150784393035 0.0034581127760044202 -0.0085983872037015737 -0.0013139892471350871 0.0043181820894998436 -0.00054013196792406643 -0.0013621975894560589 0.0067712803179943871 -0.0060359800282441898 0.0040155973371230544 0.0035173763557376555 -0.001292431461697541 0.009062864217317463 -0.0028019816221982485 0.007681312864555181 -0.0077313892970734318 -0.0098564088333803097 0.0043562913710751879 0.0042469482013421491 0.00088408744183781642 -0.010769848523179519 -0.0139637337619308 -0.00093057234320771773 -0.0085918176102466239 -0.0099326524758397254 0.010265747603087421
leaf_weight=114.30339656956494 61.739878570660949 5.0509704612195518 97.296410798095167 20.552055776119232 8.1771649569272977 18.22910544462502 41.324387193191797 374.19444366823882 150.97418288048357 5283.9697205405682 45.143409159965813 189.64700883207843 141.76035204622895 302.81365488097072 8.355213647708295 13.05923014320433 22.397644188255072 70.351333967410028 67.149456486105919 18.696982275694609 40.771336931735277 381.2494293032214 70.766235642135143 19.709920153021812 47.525792055297643 12.910221487283705 66.088071525096893 11.801042952574788 63.886800702661276 51.558959791436791
leaf_count=3379 895 44 913 240 74 337 862 9779 2853 146204 836 3189 4226 3597 105 200 238 1044 705 312 578 4401 656 311 699 148 697 113 982 642
internal_value=0 -0.000325606 0.00424467 -0.00312743 0.00636631 -0.000427778 0.000988114 -0.000390289 0.000274002 -0.000672102 0.00328357 0.00508654 -0.00470038 0.00158329 -0.000144193 0.00185714 -0.00335362 7.33315e-05 -9.40394e-05 0.0037535 -0.00361986 0.0024034 0.000919438 0.00296036 -0.0024079 -0.00526973 -0.00557985 0.00168355 -0.0078617 0.00757388
internal_weight=7821.45 6490.62 131.077 25.603 105.474 6359.55 915.587 566.493 525.169 5443.96 349.094 234.79 159.989 1330.83 417.967 252.976 164.991 92.749 188.358 85.8464 102.511 912.864 531.615 335.434 196.181 32.6201 113.614 82.5673 72.242 64.6182
internal_count=189259 172936 1271 284 987 171665 20898 13494 12632 150767 7404 4025 4563 16323 5701 3332 2369 1282 2490 1017 1473 10622 6221 4056 2165 459 1396 769 1087 842
is_linear=0
shrinkage=0.03


Tree=86
num_leaves=31
num_cat=0
split_feature=6 0 44 6 44 2 40 7 2 33 43 29 38 0 42 33 5 2 6 28 5 11 6 40 1 3 19 43 39 3
split_gain=4.26576 3.27426 2.87237 2.60569 2.57772 2.54843 3.43787 2.93405 3.12386 2.85675 2.72545 2.64401 2.50767 2.41194 3.06903 2.45597 2.31408 2.11335 2.87597 2.53031 2.68615 2.21081 2.16661 2.11994 2.00407 1.96382 1.8763 1.86544 1.81601 1.77891
threshold=0.052555301419301211 -0.050398086774886573 -0.035632455375990794 0.10140199436304488 -0.0048855251256288345 0.087835197730000855 0.00056643314239536978 0.04267673908158414 0.018384407709514303 -0.085944313165455796 0.51320947871355937 0.033071693038972567 -0.90990157855169229 -0.0049459493698439218 0.082984656539391036 -0.31734463242902317 0.15282722556106912 -0.0022124005835336374 -0.14934404945838028 0.44209460274695461 -0.047969615703948247 -0.48473193473193471 -0.021576103331597925 0.00063784373976362191 0.065926916332455829 14.118511692118352 0.73870296193899943 -0.33979809862411864 0.0090300722580090084 18.416480891833263
decision_type=2 2 2 2 2 2 2 2 2 2 2 2 2 2 2 2 2 2 2 2 2 2 2 2 2 2 2 2 2 2
left_child=2 3 12 -2 -5 7 11 13 24 -10 -8 -7 -1 14 -3 -15 -6 19 23 20 21 -4 28 29 -9 -22 -24 -14 -20 -19
right_child=1 5 17 4 16 6 10 8 9 -11 -12 -13 27 15 -16 -17 -18 18 22 -21 25 -23 26 -25 -26 -27 -28 -29 -30 -31
leaf_value=-0.0074127416224717803 -0.0018876642250247435 0.0026648446842627012 -0.0078828894788659579 -0.00019539040804951745 0.012949521184160082 -0.0053860306409072405 0.01296229527830331 -0.0019193452144995074 -0.0034110418851626446 0.0046208158600103012 -0.0019663034724374784 0.0079924877000969521 0.0075601574731987324 0.0018296240456694081 -0.0051142776944121697 -0.00034349379809354579 -0.0016294167923132604 0.012071596330642585 -0.0027967410424712584 -0.0041366091915532172 -0.0047180948599954897 0.0016416461371131525 0.0017033204664019975 0 -0.0085580068972689084 -0.0012177237861804211 -0.00057776549844125728 0.0013351395684839027 0.0011465646663816301 -0.0010017049946925045
leaf_weight=15.131168631371109 22.023827007040381 733.75023890146986 17.600599301513284 17.813741353340447 57.066227943636477 32.313865129835904 44.661779895424843 133.7765983408317 63.317496184259653 85.525520378723741 8.3939969670027477 15.327698526903985 64.856764204334468 632.98956970125437 41.637666275724769 1710.9640588350594 6.2351579926908007 34.583697964437306 479.96972184581682 304.18396104080603 181.1827468262054 363.48788368562236 479.48959881067276 40.304796406067908 70.951190126128495 905.56679511629045 960.00436684908345 166.90880442922935 118.97728291060776 6.0685215191915622
leaf_count=339 385 12344 376 222 493 373 409 2612 849 1023 87 130 1137 9467 670 27167 49 480 18739 11757 7663 10585 10774 632 1068 36888 24623 3768 4054 96
internal_value=0 0.000743058 -0.000660281 0.00591786 0.00837209 0.000577264 0.00519303 0.00042753 -0.00212255 0.00100926 0.0101178 -0.000161559 0.00241537 0.000729112 0.00217858 0.000233235 0.0110601 -0.000865968 -0.000209341 -0.00163163 -0.00107987 0.00102766 -0.000448504 0.0051394 -0.00451228 -0.00184772 0.000164552 0.00332671 -0.00196075 0.00956692
internal_weight=7815.07 3676.75 4138.32 103.139 81.1151 3573.61 100.697 3472.91 353.571 148.843 53.0558 47.6416 246.897 3119.34 775.388 2343.95 63.3014 3891.42 2119.4 1772.02 1467.84 381.088 2038.44 80.957 204.728 1086.75 1439.49 231.766 598.947 40.6522
internal_count=189259 57348 131911 1149 764 56199 999 55200 5552 1872 496 503 5244 49648 13014 36634 542 126667 59398 67269 55512 10961 58190 1208 3680 44551 35397 4905 22793 576
is_linear=0
shrinkage=0.03


Tree=87
num_leaves=31
num_cat=0
split_feature=6 0 42 2 40 29 0 2 31 19 45 11 39 31 38 5 42 43 18 37 40 39 26 45 28 4 5 3 40 28
split_gain=4.34673 3.16053 3.03995 2.20344 2.53618 2.17469 1.92566 4.70192 3.94583 3.20904 2.73302 3.16778 2.49422 1.79051 2.46118 2.24177 1.77634 2.28684 1.75395 1.96474 1.96395 3.2294 1.7147 2.12876 1.68247 1.61499 2.13093 1.8537 1.56628 1.56484
threshold=0.054651424313809878 -0.056622625289260702 0.093514473263734479 0.087835197730000855 0.00036926412333443859 0.033071693038972567 -0.0025654536694125932 -0.0071551423702023243 -0.0025665512837370129 0.44242943470044233 0.00044201731839035705 0.13667496886674971 0.024649689810710928 -0.013430767794654042 1.0619132476141691 -0.0020733635733408136 0.031474834083872298 0.52410206716397412 -0.59842977565122679 0.049429635964313913 -0.00096911227674736629 0.030158782572397031 0.059780083994960757 -0.00012636959433654321 0.022782345686760411 -0.027078273702899832 0.031127582950662317 15.564765628583222 0.002113402966065491 -0.50330136086601029
decision_type=2 2 2 2 2 2 2 2 2 2 2 2 2 2 2 2 2 2 2 2 2 2 2 2 2 2 2 2 2 2
left_child=2 22 13 6 5 29 10 8 -8 -9 12 -12 -3 14 -1 -15 -6 -18 24 -20 -21 -22 23 -2 -4 27 -27 -17 -24 -5
right_child=1 3 18 4 16 -7 7 9 -10 -11 11 -13 -14 15 -16 25 17 -19 19 20 21 -23 28 -25 -26 26 -28 -29 -30 -31
leaf_value=0.00049322806614263311 0 0.0044756608867012578 -0.0050787507741632022 0.0030604830463159885 0 0.0072047097613387031 0.0018161297216030543 0.0029327299485760374 -0.0090316835186875985 -0.0001491125411158483 -0.00063395851404031813 0.0076793764211571759 -0.0001257355381841909 -0.002251991456578545 -0.0056317057092982719 -0.0010475757241993472 0.014272118873174599 0 -0.00032489046942537773 0 0.011915314177186808 -0.0025470433137009521 -0.0055750498591838026 0.012115123859361449 0.0038061138249450874 -0.00041762668277013664 -0.0037767465552839079 0.001795437921370641 0.0081339267294832547 -0.0092070938381514176
leaf_weight=1080.1930583901703 19.266352092847228 353.92941650608554 37.288284735754132 6.8964269068092134 11.799890940077601 14.97443596459925 36.855131978169084 352.87371280509979 85.864567876793444 1932.9624969894066 487.77508009877056 39.986301318742335 132.44947529025376 1184.2028799736872 57.180128000676632 379.20383822219446 36.65771817881614 8.7831496056169254 39.544205814599991 28.94170050881803 62.16763908509165 11.541740449145435 15.601798722520472 43.304383361712098 27.778705580160022 618.71234865766019 244.6179964193143 426.60486895777285 6.6280861338600507 21.156762016005814
leaf_count=33708 209 6237 705 63 142 127 650 3570 1383 31683 8265 521 1718 48494 1702 10152 312 85 911 450 681 191 180 388 446 17875 5728 12358 60 265
internal_value=0 0.00076309 -0.000655932 0.000611077 0.0049179 -1.05967e-05 0.000469166 0 -0.00559542 0.000318911 0.00156233 5.75827e-06 0.00317304 -0.000846855 0.000135742 -0.00124858 0.00880787 0.0112881 0.00281221 0.00466685 0.00679427 0.00925164 0.00635862 0.00875056 -0.000856497 -0.000514166 -0.00142022 0.00042234 0 -0.00527692
internal_weight=7805.74 3607.77 4197.98 3522.96 100.268 43.0276 3422.7 2408.56 122.72 2285.84 1014.14 527.761 486.379 3990.72 1137.37 2853.34 57.2408 45.4409 207.262 142.195 102.651 73.7094 84.8006 62.5707 65.067 1669.14 863.33 805.809 22.2299 28.0532
internal_count=189259 55858 133401 55021 994 455 54027 37286 2033 35253 16741 8786 7955 130017 35410 94607 539 397 3384 2233 1322 872 837 597 1151 46113 23603 22510 240 328
is_linear=0
shrinkage=0.03


Tree=88
num_leaves=31
num_cat=0
split_feature=5 26 37 41 34 10 7 42 42 1 43 2 32 19 41 26 41 1 2 2 7 10 19 18 32 27 31 44 26 18
split_gain=4.21722 1.96554 2.91041 3.16876 2.69549 2.95976 2.4148 4.33633 2.96143 2.64162 2.39845 2.26253 2.21948 2.13168 2.06306 2.07107 2.05418 2.01558 2.2717 1.99608 1.88077 3.65565 2.99363 3.82841 3.57387 3.35892 3.03803 3.42343 2.83644 2.77935
threshold=0.067563678174451539 0.010515364014138686 0.025903218321250105 0.032260874380308162 0.033067603125098745 -0.025005103452469337 0.035811406597866566 0.090909095192572453 0.01152077737632563 0.014891451920800132 -0.45390021264884689 -0.048388429163066203 0.033074370108038355 0.29203893737620251 0.02401662216897486 0.0126184519376414 -0.0055712489367329403 0.019841260154951849 0.0006835348189887456 -0.0027650226159682003 0.030691179397873355 0.034184752297592561 0.80534168932279748 0.55658986602156157 0.10450771453039513 0.089059359455003706 0.054067229280779817 0.030173305789528541 0.0022714280278014346 -0.79842938567997335
decision_type=2 2 2 2 2 2 2 2 2 2 2 2 2 2 2 2 2 2 2 2 2 2 2 2 2 2 2 2 2 2
left_child=1 2 3 17 5 -3 8 11 12 -10 -9 -8 -4 19 15 -6 -17 18 -1 -7 21 -2 25 -24 -25 26 29 -28 -27 -22
right_child=20 4 6 -5 14 13 7 10 9 -11 -12 -13 -14 -15 -16 16 -18 -19 -20 -21 22 -23 23 24 -26 28 27 -29 -30 -31
leaf_value=-0.0016935140906147205 0.0017040626645553696 -0.0058132135720949151 -0.0089165025326504652 0.0041243755761930529 -0.0053088248019971208 -0.0019816826996375703 0.0021254671373074768 0.01103769492211543 0.0047656450921454646 0.00087197315297723858 0.0011829818593167532 -0.0031927044035795463 0.00090907646537343573 -0.0013949064874829867 -0.0051606594624840725 0.00078525915539739456 0.010496867606481329 -0.0022666087287386638 0.0018710496499274275 0.0071728842657854631 0 -0.0036680762691130692 0.0021675296916634341 -0.0072512584621792229 0.0088938735967938002 -0.0092705144769259125 0.0055076557416224303 -0.0070122983962156984 0.0025784375090028796 0.010685572475263612
leaf_weight=347.64687861735001 397.16554270032793 131.73096384387463 41.805394807830453 93.552732016891241 9.298792409244923 26.353899740148336 74.770601795986295 24.229700226336718 169.68374131014571 2202.7331291344017 145.09069486428052 453.10333425877616 26.664615699090064 1363.8967827726156 15.789792086929081 44.775601511355489 46.755428661126643 914.75948296161368 290.21195809589699 47.362341274507344 29.769906236790121 153.46644955407828 370.63612778671086 73.162866010330617 8.7268780553713423 18.876410407945514 52.717376669868827 23.872280988842249 70.327104988507926 129.83101120498031
leaf_count=12125 5101 4729 1118 2184 148 584 1153 249 3978 54941 2217 10952 572 38283 256 794 670 30239 7064 680 335 2272 4609 1183 84 176 447 211 625 1280
internal_value=0 -0.000316389 0 -0.00102541 -0.0011956 -0.0015377 0.000530102 -0.00100094 0.000980834 0.00117252 0.00304143 -0.00237024 -0.00488029 -0.00110634 0.00303535 0.00478548 0.00634362 -0.00136721 -2.31096e-05 0.00360098 0.00153626 0.000133269 0.00248382 0.000807623 -0.00477265 0.00467662 0.0065187 0.00104702 0 0.00885063
internal_weight=7798.77 6470.22 4784.25 1646.17 1685.96 1569.34 3138.08 697.194 2440.89 2372.42 169.32 527.874 68.47 1437.61 116.62 100.83 91.531 1552.62 637.859 73.7162 1328.55 550.632 777.92 452.526 81.8897 325.394 236.191 76.5897 89.2035 159.601
internal_count=189259 172936 126792 51612 46144 44276 75180 14571 60609 58919 2466 12105 1690 39547 1868 1612 1464 49428 19189 1264 16323 7373 8950 5876 1267 3074 2273 658 801 1615
is_linear=0
shrinkage=0.03


Tree=89
num_leaves=31
num_cat=0
split_feature=8 7 26 11 42 1 35 19 32 39 19 43 8 26 44 39 31 35 0 0 32 27 8 19 19 35 0 7 31 35
split_gain=4.46381 3.55965 2.14086 1.8934 1.63776 2.248 2.45992 2.14276 2.13166 2.00792 1.90391 2.11508 2.39077 1.61586 2.43579 2.00164 1.59221 3.55378 2.17848 2.09235 1.90714 1.63972 1.55231 1.53839 1.49487 1.4552 1.45016 1.65728 1.39342 1.27201
threshold=0.37861418174568545 0.062942267757692585 -0.0086207203259846838 -0.0064113102087785525 0.035946058425935921 0.040462392933637258 0.00032585824961531865 0.48234580100212493 0.025782736030590597 0.006744492490701688 0.36878636842451323 0.5352286148269948 0.29766617661837863 0.095262188174634527 0.0090323113142375625 0.035479522809682924 0.095262188174634527 0.00053727833841989592 -0.033396954785860099 -0.024237682858319825 0.11583215456745914 0.056470616658528656 -0.34098841952829739 0.88466547071499602 1.5181381826034761 0.0012865845777143205 0.095261796057407311 0.037508615330832905 -0.009950319264866234 -0.00074950985114693395
decision_type=2 2 2 2 2 2 2 2 2 2 2 2 2 2 2 2 2 2 2 2 2 2 2 2 2 2 2 2 2 2
left_child=1 4 22 29 5 8 24 -8 28 -10 11 12 -6 16 15 23 18 -18 21 25 -21 -2 -3 -15 -7 -20 27 -12 -1 -4
right_child=13 2 3 -5 10 6 7 -9 9 -11 26 -13 -14 14 -16 -17 17 -19 19 20 -22 -23 -24 -25 -26 -27 -28 -29 -30 -31
leaf_value=0.00084581242373500426 -0.00017522383315283807 -0.001157863980877405 0.0016584752816221975 0.0041609187608203247 0.0023981730711550597 -0.0048541859818940812 0.005040056513651415 -0.0015736449823962508 -0.00060963646306500148 0.0017619359327367458 0.00025337455171286301 -0.00189334421794616 0.01332859935642171 0.010989348537655303 0.013164328532097459 -0.0099008821588605096 0.0028076394737956574 -0.014426939064316815 -0.01085453229578952 0.0010527151506945342 0.0082189785212202077 0.011354602514913811 0.0085634751783988539 -0.002876950525815668 0.002782102700040884 0 0.0080790543291584613 -0.001575940850528154 -0.0017941449251303607 -0.0092148845759213935
leaf_weight=194.91742227831855 9.1517495000734908 10.427816568873821 7.1494245082139996 35.445819519460201 88.534084858838469 312.58927587792277 42.970433722250164 409.43863188987598 784.09030185779557 527.18491853354499 1619.5492510912009 41.077523101586848 23.294422818347812 10.853382325731223 20.683368162252009 7.0942703848704687 17.142523562535647 13.832726122811435 17.054720074869696 1689.5387359997258 30.717599067837 27.920061418786645 74.99277175962925 5.3796015698462716 16.591105542145669 13.172655700705944 13.927249546162782 601.35275955405086 1105.1630542678759 19.909901034086943
leaf_count=6753 107 133 120 468 1956 8931 958 11510 26090 11614 45066 858 294 81 144 62 141 142 229 20630 264 245 860 65 372 150 183 13671 36727 435
internal_value=0 -0.000402597 0.00409383 0 -0.000526283 -0.000950003 -0.00236715 -0.000831653 -0.000510666 0.00032411 6.40075e-05 0.00325634 0.00540481 0.00127914 0.00678867 0 0.00111111 -0.00499039 0.00124719 0.00106202 0.00122152 0.00811266 0.00704655 0.00538581 -0.00434367 -0.00604864 -0.000147798 -0.000230898 -0.00137363 -0.00559564
internal_weight=7791.15 5928.61 147.926 62.5051 5780.68 3392.95 781.589 452.409 2611.36 1311.28 2387.74 152.906 111.829 1862.54 44.0106 23.3273 1818.53 30.9752 1787.56 1750.48 1720.26 37.0718 85.4206 16.233 329.18 30.2274 2234.83 2220.9 1300.08 27.0593
internal_count=189259 166999 2016 1023 164983 102955 21771 12468 81184 37704 62028 3108 2250 22260 352 208 21908 283 21625 21273 20894 352 993 146 9303 379 58920 58737 43480 555
is_linear=0
shrinkage=0.03


Tree=90
num_leaves=31
num_cat=0
split_feature=6 0 42 31 45 25 27 7 37 6 32 7 44 40 45 38 1 2 19 19 28 5 35 7 43 41 37 42 29 42
split_gain=4.01769 3.07513 2.79036 2.21942 2.81334 2.96219 2.8021 2.77294 2.73738 5.71864 2.82115 2.46495 1.88682 3.99025 1.75381 1.72727 2.52381 1.65111 2.51805 2.4588 1.97806 2.01816 1.80219 2.11036 1.63596 2.81116 2.40321 1.88844 2.17917 1.46691
threshold=0.054651424313809878 -0.056622625289260702 0.093514473263734479 0.049657341358692632 0.0044827816734608816 -1.0142045911981799 0.061703844769646375 0.062942267757692585 0.064161996999941726 0.36611778461559569 0.079716842318665534 0.033325112682712633 -0.010164455100305968 3.3777321479174416e-05 0.0003416579670079598 0.85725333154435124 0.1444827457654945 0.0006835348189887456 1.5641394446426153 0.92194108138059117 0.43280856050223721 -0.042793032835365112 0.00091635407976054038 0.036325252200688045 -0.33979809862411864 -0.050114411414637544 0.059523323386829245 0.10000031595523999 0.00031748756862471581 0.12499997240525816
decision_type=2 2 2 2 2 2 2 2 2 2 2 2 2 2 2 2 2 2 2 2 2 2 2 2 2 2 2 2 2 2
left_child=2 15 17 8 5 -5 -7 11 9 10 -3 -6 13 -10 -14 16 -2 18 20 22 21 -1 -19 -24 25 26 -4 28 -26 -29
right_child=1 3 24 4 7 6 -8 -9 12 -11 -12 -13 14 -15 -16 -17 -18 19 -20 -21 -22 -23 23 -25 27 -27 -28 29 -30 -31
leaf_value=0.00057041668909852208 0.010320355504324608 0.00064692302160962087 0 -0.0058850698176194632 0.00065072081974490534 0.0064379842656318636 0.001206581317496371 0.011091847562703767 -0.012213351600717024 0.012468781815246169 -0.0057859584142084435 -0.0091342730946798786 0.0016863648328678798 -0.00047500021510493316 -0.0024525803568438737 -0.0029109651506791603 -0.0018126510288160862 -0.00022978118060597489 0.0038889188055493992 -0.0012493050320675349 -0.0035832113563291842 -0.0017112272042571377 0.0016466195488782105 0.0096067660195971096 0.010768264481107353 -0.0022690928784486497 0.017234306992652122 -0.0030599366677295315 -0.001821723583904062 0.0031324487145340725
leaf_weight=448.14146948419511 62.202420858666301 2439.8606238495559 6.5654110871255424 22.167788673192263 35.379944709129632 212.13784323446453 193.97265198547393 6.2150612901896229 39.906669945456088 31.602115545421839 57.230217190459371 40.568693373352289 153.10218919813633 77.053441761992872 204.13495207671076 8.9496524278074485 13.190995905548332 477.0919674015604 71.416967553086579 883.26661289297044 369.79028627788648 1312.7922483822331 384.98002980649471 30.635806154925376 27.819012467749417 10.342770877294241 19.883491123095155 81.228545052930713 12.105948439799247 50.077802997082472
leaf_count=14046 618 41205 94 257 377 2193 1938 44 726 237 956 481 2232 1352 3023 81 138 13041 1916 25594 14044 51116 9583 677 444 183 141 1520 260 742
internal_value=0 0.000734662 -0.000631511 0.000584589 0.00241066 0.00341149 0.00405732 -0.00235838 0.000260721 0.000662258 0.000476232 -0.00444678 -0.00180247 -0.00506261 -0.000597129 0.00626766 0.00784366 -0.000815526 -0.00136481 -0.000115666 -0.00156365 -0.00111361 0.000973277 0.00241192 0.0026832 0.00815158 0.0128934 0.00114007 0.0065051 -0.000449909
internal_weight=7783.81 3597.68 4186.14 3513.33 510.442 428.278 406.11 82.1637 3002.89 2528.69 2497.09 75.9486 474.197 116.96 357.237 84.3431 75.3934 3978.12 2202.14 1775.97 2130.72 1760.93 892.708 415.616 208.023 36.7917 26.4489 171.231 39.925 131.306
internal_count=189259 55858 133401 55021 5290 4388 4131 902 49731 42398 42161 858 7333 2078 5255 837 756 130017 81122 48895 79206 65162 23301 10260 3384 418 235 2966 704 2262
is_linear=0
shrinkage=0.03


Tree=91
num_leaves=31
num_cat=0
split_feature=8 42 5 19 2 25 3 8 33 8 5 2 33 2 3 6 4 41 19 28 19 18 43 29 28 19 44 19 31 31
split_gain=3.99087 2.20625 2.18841 1.81799 3.38138 3.43037 2.82673 2.07647 1.99341 1.7874 2.12052 2.11677 2.30873 1.95805 1.7672 4.46645 4.02115 3.91952 2.44038 3.33533 2.36905 2.36688 2.31496 2.70083 2.08509 2.00804 3.68163 1.92326 1.70787 3.16775
threshold=0.37327272101731573 0.093514473263734479 0.01523210116980356 0.66846877055691201 -0.052631393220110817 -0.15911361235019941 15.117424305162045 0.18898920660503191 0.036397850791008331 0.031130991200790065 -0.049030171081453626 -0.05600002286288825 0.4710717265734044 -0.022717544709931006 15.621155179913625 0.11089250899553994 0.57117767293291533 -0.024651761394492207 0.80861874037491654 -0.37074309416298584 1.0569846064347181 -3.8132279760722541 -0.40395354491229968 -1.0000000180025095e-35 -0.18592450940191615 0.75432986216182851 0.0051066462845055002 0.60067021419213085 0.054067229280779817 0.093829741277411435
decision_type=2 2 2 2 2 2 2 2 2 2 2 2 2 2 2 2 2 2 2 2 2 2 2 2 2 2 2 2 2 2
left_child=1 9 -2 4 -3 -6 -7 -5 -9 10 -1 12 -11 -12 15 22 17 -17 25 20 -20 -21 -4 -24 -18 27 -27 -16 -13 -30
right_child=2 3 14 7 5 6 -8 8 -10 11 13 28 -14 -15 18 16 24 -19 19 21 -22 -23 23 -25 -26 26 -28 -29 29 -31
leaf_value=0.00028530429698663857 0.0054940927443673472 -0.0076028850553752185 0.000758088198904748 0.0019461140938925958 0.013634607404133588 0.0097710649267892698 -0.0073738055681074515 -0.010504115437826625 0.0014092412749968899 0.0089808616900126249 -0.0046587222363148762 -0.00037916854789874264 -0.0029105931979103074 -0.0013274792866935859 0.0032886734139436062 -0.010794365940259495 -0.012063454385654563 0.0036788193285153155 0.00015236634434836422 0.0078981785035951123 0.0078731405507229592 -0.0013330252703292692 -0.00045782431059263593 -0.0095641027950044855 0.00039348685297067556 0.013209579152058845 0.00030129386205681488 -0.00048096830514330892 0.0041426128596637824 -0.0044164411640436789
leaf_weight=618.18356571160257 98.628500369377434 7.9183508958667508 50.401032166555524 192.94907072093338 39.42771337646991 9.9862682297825831 15.474461286328731 21.723989452235401 14.836274182423947 41.261198136024177 186.2502627465874 3004.3580666230991 13.923232172615824 1479.8213636972941 363.30647117923945 12.204603837803004 22.160463697277009 278.86888032965362 82.479640920646489 20.641889030113816 72.195973223075271 511.11487710569054 56.37896054238081 80.814329711720347 13.407855051569639 40.754357973113656 44.425123414024711 161.1505062142387 178.40062533598393 41.925222871825099
leaf_count=16785 1077 84 539 3241 557 125 253 431 246 608 9680 68034 182 63426 3495 175 290 2943 980 207 986 7729 592 1010 184 444 432 1920 2057 547
internal_value=0 -0.000387799 0.00118966 0.0020678 0.00607909 0.00860245 0 0.000564897 -0.00535987 -0.000528343 -0.00117254 -6.94552e-05 0.00548959 -0.00173066 0.000924138 -0.000517405 0.00153233 0.00279859 0.00151894 0.000239552 0.00407767 -0.000848559 -0.00418932 -0.00618059 -0.00715844 0.00289702 0.00719994 0.00208011 -0.000182228 0.00231893
internal_weight=7775.37 5866.44 1908.93 302.316 72.8068 64.8884 25.4607 229.509 36.5603 5564.12 2284.26 3279.87 55.1844 1666.07 1810.3 514.236 326.642 291.073 1296.07 686.432 154.676 531.757 187.594 137.193 35.5683 609.636 85.1795 524.457 3224.68 220.326
internal_count=189259 166256 23003 4937 1019 935 378 3918 677 161319 89891 71428 790 73106 21926 5733 3592 3118 16193 9902 1966 7936 2141 1602 474 6291 876 5415 70638 2604
is_linear=0
shrinkage=0.03


Tree=92
num_leaves=31
num_cat=0
split_feature=8 7 44 36 0 4 29 45 3 36 26 28 33 7 32 33 33 18 33 44 27 8 38 3 27 42 5 18 6 10
split_gain=3.99372 3.22201 1.66358 2.85645 2.52335 2.39989 3.39363 3.88051 2.57484 3.62532 2.7447 2.52573 2.20097 2.14956 4.46168 2.63804 2.08379 3.10941 1.7769 1.65393 2.09864 1.63128 1.77817 2.34955 2.21593 2.11412 1.6249 3.00758 2.64807 2.38532
threshold=0.37327272101731573 0.062942267757692585 -0.02338334491330098 0.020912924900241596 0.0015222523150170803 0.26439437937886018 -0.02209973658409407 0.0066024442781312453 18.248350570631604 0.059820263767932404 -0.016336440659627666 -0.7085479850447588 -0.04038495729045976 0.022057273973638252 0.033436344082676171 -0.28561410243550428 0.4710717265734044 0.12143913443639674 0.045577609626501044 -0.034316585426326027 0.052490445392737527 -0.34098841952829739 1.2345215512660686 18.280081334402556 0.091200003542063549 0.14426590403581427 -0.086584283147530403 -1.4288091485566783 -0.016229048510533802 -0.08571838357084953
decision_type=2 2 2 2 2 2 2 2 2 2 2 2 2 2 2 2 2 2 2 2 2 2 2 2 2 2 2 2 2 2
left_child=1 26 3 4 -2 6 7 11 16 10 -10 -4 19 14 -8 -15 -7 -18 -6 -5 -21 -3 23 25 -25 -23 27 29 -28 -1
right_child=2 21 5 12 18 8 13 -9 9 -11 -12 -13 -14 15 -16 -17 17 -19 -20 20 -22 22 -24 24 -26 -27 28 -29 -30 -31
leaf_value=0.0077125246180648858 -0.0008168844415693639 -0.003470778932611383 -0.0027766607760153321 -0.0026773844878159943 0.0026326192048266753 -0.0032984630768929215 0.0016479023571456159 -0.007278241653285094 -0.0072836477458793798 -0.0086423453633315515 0.0062132868404441745 0.011146618993948613 -0.0068619533140910714 0.0053118465039343624 -0.0041544911727896443 0.0010029614761328269 0.0068311205830876073 -0.0050334383840696098 0.015247198161405406 0 0.015460180419252987 0.0094460404659429294 -0.0057082291166058183 0.003548234813624992 -0.012346486194012978 -0.002003174507654454 -0.0017255861828303647 0.0029781799702020316 -0.00022018937171900069 -0.0063563545803606483
leaf_weight=6.9758052453398696 15.643113504163919 15.602618698962031 7.8885725066065779 11.286140041425826 26.078400972299278 292.89869897533208 348.62209622189403 8.8928553685545904 9.2044670805335027 15.762126952409742 108.12226368207484 73.679759142920375 23.722418556921184 184.4648121483624 173.88255360163748 482.80266800988466 45.477467283606529 25.748320566490293 33.290640070103109 9.2278083991259354 11.285526014864443 92.180903002619743 6.2018838217481962 16.372910278849307 6.6575107099488369 10.386276852339504 1465.0365858087316 264.12377927079797 3917.6540099042468 56.985065740533173
leaf_count=93 246 220 90 139 371 4014 4077 139 123 173 1448 765 312 1961 2117 5592 513 305 388 131 99 1192 97 269 109 122 63079 3656 96386 1033
internal_value=0 -0.000388344 0.00119025 0.00445782 0.00810851 0.000921622 0.00161475 0.00712447 -0.000801637 0.00260678 0.00465475 0.00937093 -0.000241132 0.00114266 -0.000247261 0.00226942 -0.00214713 0.00209966 0.0108071 0.00414403 0.00886213 0.00389503 0.00508129 0.00604192 -0.00135899 0.00796854 -0.000507462 0.00150071 -0.000636711 -0.00393898
internal_weight=7766.16 5858.18 1907.98 130.534 75.0122 1777.45 1280.23 90.4612 497.213 133.089 117.327 81.5683 55.5219 1189.77 522.505 667.267 364.124 71.2258 59.369 31.7995 20.5133 147.402 131.799 125.598 23.0304 102.567 5710.78 328.085 5382.69 63.9609
internal_count=189259 166256 23003 1686 1005 21317 14741 994 6576 1744 1571 855 681 13747 6194 7553 4832 818 759 369 230 2009 1789 1692 378 1314 164247 4782 159465 1126
is_linear=0
shrinkage=0.03


Tree=93
num_leaves=31
num_cat=0
split_feature=8 42 1 43 34 43 45 38 44 36 37 44 5 37 33 27 4 33 39 38 42 5 10 5 34 8 1 6 42 44
split_gain=4.29116 2.11904 1.87682 6.47395 2.1569 1.98854 2.45528 3.40914 2.7004 3.03768 2.39473 2.66668 2.26117 1.99673 1.91905 1.86187 1.84355 1.62302 1.56028 2.73774 3.1119 2.94556 2.94054 2.37612 2.379 2.34913 2.27983 2.15038 1.88625 1.84342
threshold=0.37327272101731573 0.093514473263734479 0.01404501681446743 0.44225212141593234 -0.013589085648150709 -0.65238216272665095 -0.0086815185221300138 0.068291097490361011 -0.027972483389443446 0.010761972027861043 0.035374155079421106 0.011401697947870651 0.056444803993223942 0.023394865049479983 0.88485756596516307 0.032921778936824207 0.4325970560820665 -0.90985674369223613 0.0087967339282616543 0.44213079673449768 0.023809501564781618 0.0048953945667771235 -0.0022623589416561423 -0.046912520133223549 0.031083187536187586 -0.065846209201136 0.035029743008853413 -0.010947067094222605 0.024088367282534193 0.0076389206977169411
decision_type=2 2 2 2 2 2 2 2 2 2 2 2 2 2 2 2 2 2 2 2 2 2 2 2 2 2 2 2 2 2
left_child=1 18 3 4 -2 10 7 13 9 -8 11 12 -4 -7 15 -12 -10 -9 23 20 -20 -21 -22 24 25 -1 27 -25 -23 -28
right_child=2 -3 5 -5 -6 6 8 17 16 -11 14 -13 -14 -15 -16 -17 -18 -19 19 21 22 28 -24 26 -26 -27 29 -29 -30 -31
leaf_value=0.00063602338182886268 0.011094353561385859 0.0019993688174595346 0.0012464816418147914 0.016233462982636761 -0.0017639265873107468 -0.0061816710815684834 0.012276994215770718 0.00091738681084643488 0.0011372258483659525 0 0 0.010554128889161634 -0.0083894122486454694 0.0049003157490763631 -0.0043361565878065169 0.0099609138303353995 -0.0014824438422855273 -0.012703264388527083 -0.0015223690993863906 -0.0047972783060109617 0 0.0026052666217452527 0.0034544640556202202 -0.0020594264688691484 -0.0083449359346286431 0.0077563870943847812 -0.0032821782650557158 0 -0.0015815199183560518 -0.00054460380370069796
leaf_weight=496.48272450175136 8.9275208320468646 302.98927315976471 51.664148827083409 28.003943506628275 67.940225746482611 17.33175881113857 34.25097129214555 4.2043195087462655 1145.7150705344975 40.526229733601213 23.237537400797009 13.31381820142269 27.778916915878654 34.836800933815539 6.5238105189055196 78.529776429757476 293.27794873807579 32.51649156305939 316.01942707365379 167.75930286571383 431.96989016933367 142.80777938337997 488.5963835362345 645.17350036883727 18.354955772869289 42.493707658257335 688.09418837865815 1465.8984988643788 273.21279423311353 370.98181525943801
leaf_count=13730 66 4937 606 199 623 218 430 40 13959 501 273 112 364 377 58 740 4011 426 7265 5203 10406 2528 9243 31377 493 1284 22807 41842 4841 10300
internal_value=0 -0.000403036 0.00123335 0.00511163 0 0.000977763 0.000596719 -0.00405768 0.000902239 0.00631572 0.00378148 0 -0.00206488 0.000475179 0.00671054 0.00786958 0.000579257 -0.0105017 -0.000541325 0.000164522 0.000977789 -0.00150089 0.00187206 -0.000893832 0.000875709 0.00131869 -0.00121527 -0.000623337 -5.91905e-05 -0.0023585
internal_weight=7759.41 5850.83 1908.58 104.872 76.8677 1803.71 1602.66 88.8894 1513.77 74.7772 201.048 92.7569 79.4431 52.1686 108.291 101.767 1438.99 36.7208 5547.84 1820.37 1236.59 583.78 920.566 3727.48 557.331 538.976 3170.15 2111.07 416.021 1059.08
internal_count=189259 166256 23003 888 689 22115 19962 1061 18901 931 2153 1082 970 595 1071 1013 17970 466 161319 39486 26914 12572 19649 121833 15507 15014 106326 73219 7369 33107
is_linear=0
shrinkage=0.03


Tree=94
num_leaves=31
num_cat=0
split_feature=8 31 0 11 5 6 44 28 31 44 32 29 26 26 42 26 29 8 33 29 38 41 36 3 25 25 5 42 11 33
split_gain=3.8825 2.24407 3.42284 3.2983 2.8813 2.55425 2.15616 1.90789 1.82953 1.88643 2.14356 1.76243 1.61004 1.60695 2.3888 2.02532 2.83383 3.86104 2.79067 2.44857 2.4125 2.84032 3.1714 2.31361 2.05376 1.95429 2.9179 2.24456 1.60537 1.49514
threshold=0.41302281763700494 0.051685099707298433 0.081405523133949678 0.46992311171415657 0.044738009198864843 0.11739397708375678 -0.038919136438992606 -0.94110189597685323 -0.1048846476832669 0.01257029845222186 0.10450771453039513 0.0012870798901456657 -0.10489175182238149 0.095262188174634527 0.053321611696740996 0.0088496912661702749 0.008563502644333006 0.47075309541247651 0.3987587008903129 0.0026641384312627251 -0.19521214877703749 0.082006585372892127 0.016194678103618809 14.702871633533144 -0.77921821892991838 -0.4894644508633948 0.074897775988766915 0.056337976639014346 -0.48473193473193471 0.67038208135399124
decision_type=2 2 2 2 2 2 2 2 2 2 2 2 2 2 2 2 2 2 2 2 2 2 2 2 2 2 2 2 2 2
left_child=1 6 3 4 7 -6 11 -3 12 28 -11 29 -8 15 -15 16 17 19 -19 -2 21 22 -17 -18 -25 27 -27 -22 -10 -1
right_child=13 2 -4 -5 5 -7 8 -9 9 10 -12 -13 -14 14 -16 20 23 18 -20 -21 25 -23 -24 24 -26 26 -28 -29 -30 -31
leaf_value=0.0049083771741520758 0.0058458781663243932 0.0065496250458204073 0.012882478065258534 -0.011839187415581239 0.0065408965101025592 0 0.0018803595083125202 -0.0027384717059674699 -0.0070727527533954084 0.00015342331450075302 0.0070193920479054966 -0.0010295317280046648 -0.01035339864670402 0 0.012853382668765423 0.001248631185682523 -0.00055198626749173977 0.0010176178140035442 -0.0050800460793325279 -0.0026092788206908612 -0.0013346707659768306 -0.0062232245758780218 0.0089863054209359805 -0.00206428545203178 0.011199796945765898 -0.0029754048782712917 0.0026302046373581126 -0.0089974964302093549 -0.00081581587642631976 -0.0036955254577929922
leaf_weight=153.12821338651702 191.25282310508192 17.129822451621294 19.289942225441337 11.637792563997207 127.14843727834523 76.068335548974574 6.6476069428026667 132.24648066889495 33.708021409343928 1318.5711675244384 37.760883868671954 84.845486501697451 26.764513463713229 19.824394715949893 21.697725914418697 205.86830899771303 19.457788718864322 277.04839725233614 82.768984628841281 28.265128586441278 167.94446791242808 24.758629897609353 63.640318267047405 6.4024996655061832 66.048241447657347 132.05714031308889 204.68068092688918 44.448714468628168 4136.4013568102382 12.818293626420198
leaf_count=2965 2217 267 165 132 1329 878 69 2635 1003 32125 640 1975 548 173 150 2617 174 3107 887 319 2362 244 607 74 614 1750 2016 497 126476 244
internal_value=0 -0.00033674 0.00185531 0.00102351 0.00169156 0.00401406 -0.000488051 -0.00130139 -0.000615675 -0.000563898 0.000391691 0.0021807 -0.00721046 0.00133715 0.0069711 0.00114053 0.00236646 0.00149164 -0.000353199 0.00458971 0.000121274 0.00232209 0.00331545 0.00720976 0.00958271 -0.00101427 0.000332719 -0.00324637 -0.000881987 0.00397964
internal_weight=7750.33 6194.17 383.521 364.231 352.593 203.217 5810.65 149.376 5559.85 5526.44 1356.33 250.792 33.4121 1556.16 41.5221 1514.64 671.244 579.335 359.817 219.518 843.398 294.267 269.509 91.9085 72.4507 549.131 336.738 212.393 4170.11 165.947
internal_count=189259 171451 5406 5241 5109 2207 166045 2902 160861 160244 32765 5184 617 17808 323 17485 7392 6530 3994 2536 10093 3468 3224 862 688 6625 3766 2859 127479 3209
is_linear=0
shrinkage=0.03


Tree=95
num_leaves=31
num_cat=0
split_feature=5 8 10 39 10 41 4 7 44 27 3 26 4 10 25 27 1 44 10 35 1 36 34 29 0 7 0 27 28 1
split_gain=3.76084 2.78234 2.58179 2.64473 2.58183 2.27779 2.52841 2.2183 3.09691 2.8886 2.737 3.44587 2.70489 3.15871 2.94479 2.4777 2.43167 2.41373 2.40357 2.36769 2.13937 2.00273 1.966 1.86219 2.98944 3.15419 3.41019 2.81303 3.30287 2.40406
threshold=0.067563678174451539 0.5714650238588167 -0.0072431414116644445 0.024072012545514377 -0.023967982846982636 0.0010750046009806379 0.4325970560820665 0.030691179397873355 -0.010547079773590663 0.086956984109088184 19.536250485302773 0.00067054861750397035 -0.14867297309486813 0.0078640701354428539 -0.17262173611964937 0.065000023674761417 0.070025167534647756 -0.016197091639830231 0.034184752297592561 0.0082243625512144741 0.063354175625865913 -0.0015743662321141855 0.026771405453847364 -0.021713176905225871 -0.011174024461303136 0.036627377510383051 0.017551335340761989 0.047506617745531728 -0.35830396001271841 0.028933099521590053
decision_type=2 2 2 2 2 2 2 2 2 2 2 2 2 2 2 2 2 2 2 2 2 2 2 2 2 2 2 2 2 2
left_child=1 23 4 5 -3 -4 -7 8 -2 12 11 21 17 15 -15 -14 -13 20 22 -19 -9 -11 -10 24 27 -26 -27 -1 -29 -25
right_child=7 2 3 -5 -6 6 -8 9 18 10 -12 16 13 14 -16 -17 -18 19 -20 -21 -22 -23 -24 29 25 26 -28 28 -30 -31
leaf_value=-0.0006208417399859703 -0.0048777103576486975 0.0083927467548881394 0 -0.0042786557140687886 -0.0090347239748773973 0.013085583734432558 0 -0.0063668402694158893 0.00038271982059633666 0.0049461321749592778 -0.010239274484283389 -0.0018369303534319279 -0.0072404799832476848 0.0015657947201222842 0.0088416294762683634 0.0027598704697285184 0.0058613058063556782 0.0092476210933806671 -0.0024272941017250385 -0.00026010956746042746 0.0074445092313441957 -0.0096886233516993072 0.0052570887173979111 9.1272373047982966e-06 0.00086051655263441747 -0.008528899718809612 0 -0.0012271242051116492 0.0067858393512748869 -0.0012469035595635424
leaf_weight=112.73792048357427 92.019458248279989 5.0872486401349333 24.347229997627437 12.526423731818793 19.432403350248933 55.882934815250337 12.858689974993466 20.220952074974779 208.09721800964326 4.5206260960549107 18.479309285990894 50.000370447523892 48.105087424628437 239.47968970425427 65.600080188363791 29.414820059202611 88.786238439381123 142.77729958388954 120.49106536712497 20.539297821931541 11.33439769502729 32.401802264153957 126.74244294222444 2709.1752106742933 407.95568378083408 73.687532486859709 79.422079131007195 51.868481609039009 181.62516946392134 2678.4202652382664
leaf_count=3379 1483 44 271 118 240 457 141 285 2927 46 232 575 735 3152 605 339 825 1464 1753 242 108 342 1210 77027 10198 1800 1496 971 3054 73740
internal_value=0 -0.000299805 0.00393997 0.00604354 -0.00359355 0.00788568 0.0105126 0.001456 0 0.00248687 -0.000537254 0.00057217 0.00355119 0.00192853 0.00334438 -0.00314501 0.0029118 0.00645898 0.00101999 0.00790145 -0.000245551 -0.00680499 0.00236623 -0.000395274 0.000845131 -0.000463757 -0.00409761 0.00302799 0.00489163 -0.000610317
internal_weight=7744.04 6425.03 130.135 105.615 24.5197 93.0889 68.7416 1319.01 547.35 771.66 194.188 175.709 577.472 382.6 305.08 77.5199 138.787 194.872 455.331 163.317 31.5553 36.9224 334.84 6294.89 907.297 561.065 153.11 346.232 233.494 5387.6
internal_count=189259 172936 1271 987 284 869 598 16323 7373 8950 2020 1788 6930 4831 3757 1074 1400 2099 5890 1706 393 388 4137 171665 20898 13494 3296 7404 4025 150767
is_linear=0
shrinkage=0.03


Tree=96
num_leaves=31
num_cat=0
split_feature=8 7 26 44 39 0 4 18 18 34 34 3 34 29 41 8 38 37 18 34 11 41 19 43 19 42 29 39 35 35
split_gain=3.63644 2.3296 1.85624 1.69731 2.72121 3.19804 1.97588 2.04502 3.97386 3.89752 2.51985 2.60753 2.39519 2.084 1.72971 1.72265 1.65534 1.67638 1.68813 1.69537 1.59344 1.58707 1.88859 1.54224 1.44076 2.79458 1.50034 1.42647 1.39076 1.87872
threshold=0.37861418174568545 0.062942267757692585 -0.0086207203259846838 -0.02338334491330098 0.015928027590042068 0.010775698085903505 1.0620411306823876 -1.599326742785167 -3.4320332226919987 0.014840779357837692 0.012568400745551512 16.981084630718101 0.0016241356956743201 -0.0053450265458753277 -0.012121534951744549 0.49788318911290469 -0.80411599112725163 0.025071661579616707 1.3513677285181525 0.011968070733720356 0.16349192415730338 -0.0090559056353528341 0.87837233395829928 -0.85434320415383336 0.39564580249290465 0.014862521561006399 0.085084424232766728 -0.002717093621425071 0.0043593383191820661 0.0014016321288821668
decision_type=2 2 2 2 2 2 2 2 2 2 2 2 2 2 2 2 2 2 2 2 2 2 2 2 2 2 2 2 2 2
left_child=1 16 28 4 5 -2 7 8 13 -10 12 -12 -9 -5 -6 -8 27 18 19 -18 -4 -17 -23 -7 25 -19 -26 -1 29 -3
right_child=3 2 20 6 14 23 15 10 9 -11 11 -13 -14 -15 -16 21 17 24 -20 -21 -22 22 -24 -25 26 -27 -28 -29 -30 -31
leaf_value=-0.0043897912669588939 0 0.0054445044979905544 -0.005069543886852104 -0.0045714804539471847 -0.0037485092703522221 0 0.00023882387731114912 0.0014356946859973899 -0.00023991295409538378 -0.013890836698146582 0.00088913282246879028 0.004728452752921445 -0.0019903553998583757 0.0073697729468874922 0.0074278937804507696 0.002557392065572167 -0.0014454058099630357 -0.007564090657402444 -0.0056559110856470056 0.00096398991298067538 0.0037622797951794747 -0.013905359767159004 0 0.013610366993688901 -8.7474630243325176e-05 0.003189244818475938 -0.0078756516264700122 -0.00039948691787689927 0.012850813354909585 -0.0056387188368427904
leaf_weight=172.17986096860841 25.336306598968804 55.699769985862076 31.093928419984877 11.836200245656071 40.497998271137476 4.6086595598608247 45.571017088368535 559.257732398808 49.029191279783845 31.46967560146004 353.91457943990827 329.35525933094323 263.85808371473104 37.367671557702124 11.713355826213954 5.5429777093231669 1170.8011334124021 17.797016613185406 69.236849243752658 319.13951348979026 31.091986928135157 24.053749620914459 13.01737329829484 45.656870901584625 3553.7482898151502 234.12646141275764 17.544693109113723 183.87726281955838 18.813285326585174 10.992020516656337
leaf_count=5601 366 687 646 121 499 50 644 7421 702 428 3644 3390 3423 353 137 60 42900 437 3177 8344 377 299 170 553 94502 4914 400 4708 161 145
internal_value=0 -0.000364901 0.00326892 0.00115756 0.00448632 0.00796815 0.000881202 0.00113388 -0.00233316 -0.00642765 0.00145898 0.00280429 0.000295827 0.00378707 -0.000286737 -0.00329411 -0.000466412 -0.000327724 -0.00115519 -0.000907757 -0.000255881 -0.0073306 -0.00965038 0.0120283 2.96216e-06 0.00218039 -0.000145082 -0.00244625 0.00603641 0.00293347
internal_weight=7738.23 5886.14 147.691 1852.09 127.813 75.6018 1724.27 1636.09 129.703 80.4989 1506.39 683.27 823.116 49.2039 52.2114 88.1851 5738.45 5382.39 1559.18 1489.94 62.1859 42.6141 37.0711 50.2655 3823.22 251.923 3571.29 356.057 85.5051 66.6918
internal_count=189259 166999 2016 22260 1605 969 20655 19482 1604 1130 17878 7034 10844 474 636 1173 164983 154674 54421 51244 1023 529 469 603 100253 5351 94902 10309 993 832
is_linear=0
shrinkage=0.03


Tree=97
num_leaves=31
num_cat=0
split_feature=8 7 38 43 44 11 34 32 5 38 37 5 0 11 3 32 43 7 32 31 33 41 4 6 39 39 36 3 18 25
split_gain=3.94561 2.18327 1.63682 1.69945 2.71408 5.79426 2.56634 2.73805 1.874 1.57928 2.3731 2.36021 2.86185 2.33967 2.18977 1.90292 3.74027 3.21985 4.23437 3.57617 2.1021 1.83867 2.44598 2.07006 1.50392 1.49018 1.47345 1.43904 1.75324 1.39239
threshold=0.37861418174568545 0.062942267757692585 -0.80411599112725163 0.57163550342866121 0.020238018716732208 0.43710443037974689 0.041508079302664001 0.10032167111396935 -0.086584283147530403 0.85725333154435124 0.10449746619769119 0.01523210116980356 -0.0069720117868949409 -0.39864245092643547 17.9345905285935 0.054330084070908093 -0.55754844007363047 0.017224714198082167 0.022435911837413971 0.012320490796872054 0.43281707501718453 0.094974676033590319 -0.30665501278164248 0.26243853703836711 -0.0089269289112062517 -0.025513401706518512 -0.022812769730726091 15.545107081727986 0.76359254941971733 -1.2566013905890734
decision_type=2 2 2 2 2 2 2 2 2 2 2 2 2 2 2 2 2 2 2 2 2 2 2 2 2 2 2 2 2 2
left_child=1 2 26 4 8 -6 25 -8 -4 10 11 12 -2 -11 27 17 -17 18 -15 -19 -18 23 -23 -13 -14 -5 -1 -12 -29 -3
right_child=9 29 3 6 5 -7 7 -9 -10 13 14 21 24 15 -16 16 20 19 -20 -21 -22 22 -24 -25 -26 -27 -28 28 -30 -31
leaf_value=-0.0075655034243348913 -0.0025088809321279345 -0.005365488755858897 0.0021311124817759079 0.0016656715741558683 0.00074958910095290592 0.011216366241675553 0.0071925854542974387 -0.0084631001381652426 -0.0005580720613920548 0.00864865505732796 0 0.00055250312634066588 0 0.0013488598483384208 -0.00050729249824380505 0.0041821253274059852 -0.014665644120955059 -0.0016504539712062659 -0.017302614203859777 0.011416061723249632 0 0.0031806031884684537 -0.010776155197674398 0.0034188488158300107 0.011035308629554921 -0.0027975209930828373 -0.0015505389914245188 0.016819562158882181 0 0.0040346758832384326
leaf_weight=42.701639004517347 19.471205839887261 8.7987599982880038 239.36252735275775 64.080085061024874 481.7947208294645 49.18646374810487 46.242223612964153 6.484344088472425 3918.8940019491129 12.249931575730441 9.4853275027126056 1228.3164514349774 13.025503567419944 18.10539423674345 15.042989941313861 13.472695864737032 31.441791775636375 37.419695487245917 14.101731720380483 26.084037418477237 9.452638626098631 11.813807228580115 22.169331492856145 286.2844965737313 52.963913025334477 573.72275576042011 310.0319846868515 23.89484955184162 6.1933352444320908 139.7113395947963
leaf_count=1332 242 131 3531 1715 11426 717 533 87 120507 104 84 16289 195 181 141 117 362 481 189 270 90 98 245 2440 484 16158 8977 195 53 1885
internal_value=0 -0.000380302 -0.000479005 -0.000341507 -0.000129175 0.00187072 -0.00172898 0.00418128 -0.000393695 0.00120608 0.00148726 0.00124644 0.00602481 -0.00149672 0.00748004 -0.00277043 -0.00699266 0 -0.00723904 0.00372017 -0.0113824 0.00094489 -0.00536906 0.0011235 0.00896476 -0.00229296 -0.00245813 0.0109056 0.0137111 0.0031257
internal_weight=7732 5881.01 5732.5 5379.77 4689.24 530.981 690.529 52.7266 4158.26 1850.99 1688.66 1634.04 85.4606 162.328 54.6165 150.078 54.3671 95.7109 32.2071 63.5037 40.8944 1548.58 33.9831 1514.6 65.9894 637.803 352.734 39.5735 30.0882 148.51
internal_count=189259 166999 164983 154674 136181 12143 18493 620 124038 22260 20466 19993 921 1794 473 1690 569 1121 370 751 452 19072 343 18729 679 17873 10309 332 248 2016
is_linear=0
shrinkage=0.03


Tree=98
num_leaves=31
num_cat=0
split_feature=0 6 41 44 4 25 6 2 6 1 44 25 42 5 4 36 0 2 25 41 6 32 44 1 37 26 18 7 42 6
split_gain=3.43929 4.55298 3.18085 3.28883 2.71387 2.68181 2.48033 4.21162 3.85738 4.45244 3.10351 2.89189 5.43296 3.84795 2.52705 2.49751 2.73908 2.27285 2.2175 2.51626 2.00514 1.93863 1.89676 1.95607 3.30106 2.77555 1.94204 1.71318 2.35354 2.19438
threshold=0.031540110511550305 -0.12244669099768295 0.026538267516694341 -0.02338334491330098 -0.87981736078455153 -0.12262780247788259 0.038354548163058839 0.010594919749150731 0.10895705500415577 0.036036002126436012 0.020238018716732208 -0.25733202592048982 0.045936361614439238 -0.025240576432103975 -0.29103573791762821 -0.033336442262354361 -0.017926218144503386 0.0052155957218958235 -0.28102272561156555 0.094974676033590319 0.041108446908521563 0.072439007826493138 -0.035632455375990794 0.038743440107780226 0.037288110122245748 0.033901514613956484 2.26397742276809 0.021531855237423989 0.047785635564868825 0.36611778461559569
decision_type=2 2 2 2 2 2 2 2 2 2 2 2 2 2 2 2 2 2 2 2 2 2 2 2 2 2 2 2 2 2
left_child=6 -2 3 5 -4 21 22 11 20 10 -10 15 17 -14 -11 -8 -17 -13 19 -6 -9 -3 -1 26 -25 -26 -24 28 -5 -29
right_child=1 2 4 27 18 -7 7 8 9 14 -12 12 13 -15 -16 16 -18 -19 -20 -21 -22 -23 23 24 25 -27 -28 29 -30 -31
leaf_value=0.0019242592945726581 0.010594594793952772 0.0039184997873756358 -0.0093104021354168676 0.0031400566507732461 0.0035888480769874481 0.01190423946727235 -0.0043720318320964752 0.00421948326995301 0.0014574690385792247 0.0040445444124654045 0.01164015832162547 6.3573388721218513e-05 0.0068584662582264156 -0.0057945290122992515 -0.0039285548978362913 0.0041890141609162938 0.0011472493900397786 0.005685201144886136 0.0084592487459830383 -0.0070078375427482398 -0.0039194336008912499 -0.0042558158921964413 -0.00035111494080337815 -0.0043829021311712147 7.7673657876195536e-05 -0.0073812396778992128 -0.0050279769787699045 -0.0021698392180448918 -0.011007401178113196 0.0052485955438171562
leaf_weight=198.32198486337438 43.608171774074435 91.578834149986506 7.4508339148014775 136.58713246881962 157.01893593557179 27.779594705440104 54.442607504315674 21.579491121694446 96.196889836341143 38.900510190986097 39.200912799686193 382.87202659249306 17.807554285041988 205.05993387103081 148.51419322751462 342.63466795766726 1420.5102920397185 75.907977093011141 87.368821409530938 16.755219245329499 422.75704713538289 28.326442869380116 2187.6567481150851 369.85650745686144 461.25345339439809 43.92689368641004 79.573068618308753 484.15800457820296 5.8406889885663977 31.946856370195746
leaf_count=4445 540 1738 78 2924 2396 307 1401 447 1454 468 465 5909 305 2954 2325 6443 24261 1060 931 202 8337 400 77973 14325 11809 1560 3556 9850 142 254
internal_value=0 0.00153465 0.00109192 0.00010431 0.00389063 0.00410538 -0.000260747 0.00032026 -0.00160325 0.00081286 0.00492883 0.00092469 -0.000707986 -0.00452357 -0.00205562 0.00155371 0.0017655 0.00110966 0.00454784 0.00223189 -0.00341484 0.00165416 -0.000837445 -0.00102406 -0.00223614 -0.000578081 -0.000539165 -0.000771946 0.00200277 -0.00160711
internal_weight=7725.39 1118.42 1074.81 806.218 268.594 147.685 6606.97 3266.38 767.149 322.813 135.398 2499.24 681.647 222.867 187.415 1817.59 1763.14 458.78 261.143 173.774 444.337 119.905 3340.59 3142.27 875.037 505.18 2267.23 658.533 142.428 516.105
internal_count=189259 19762 19222 15615 3607 2445 169497 55829 13496 4712 1919 42333 10228 3259 2793 32105 30704 6969 3529 2598 8784 2138 113668 109223 27694 13369 81529 13170 3066 10104
is_linear=0
shrinkage=0.03


Tree=99
num_leaves=31
num_cat=0
split_feature=8 42 19 1 32 39 3 4 25 3 4 36 42 1 43 34 7 32 7 32 0 34 27 10 40 40 1 26 19 34
split_gain=4.05006 1.86872 2.11011 1.97981 2.11828 2.12558 3.6073 2.04872 2.12348 1.85701 1.77514 2.16325 2.03308 1.64657 4.21753 1.98916 1.94317 2.0252 3.65249 3.02622 3.65474 2.83762 2.40619 2.14112 1.951 2.20291 2.54166 1.89298 2.74081 1.88862
threshold=0.37861418174568545 0.035946058425935921 0.36878636842451323 0.040197492630209504 0.025782736030590597 0.006744492490701688 16.593087163262666 0.70437148462245347 -0.26139725632020788 17.465611656975991 0.050161026523289472 0.047771079247620606 0.054766756697864634 0.01404501681446743 0.45136162980532385 -0.013589085648150709 0.025604073115064341 0.033630077038547694 0.017224714198082167 0.030825047053894508 0.0073260896681622131 0.043271012925186127 0.03308240927055052 -0.020550183422298193 0.0095208493907367447 0.0059111873666295766 0.025798994974960032 -0.0051558885805523509 -0.17420703541510321 0.011687810791049013
decision_type=2 2 2 2 2 2 2 2 2 2 2 2 2 2 2 2 2 2 2 2 2 2 2 2 2 2 2 2 2 2
left_child=1 3 10 4 -1 9 -7 -5 -9 -6 11 -3 -12 14 15 -2 17 19 21 20 -15 -19 -21 -20 25 26 -18 -26 -29 -27
right_child=13 2 -4 7 5 6 -8 8 -10 -11 12 -13 -14 16 -16 -17 24 18 23 22 -22 -23 -24 -25 27 29 -28 28 -30 -31
leaf_value=-0.0012999072952488916 0.011087411242474362 0.0074400137688597013 -2.0651076790940037e-06 -0.0013207579122589547 0.00015108530423714453 0 0.00505108649709958 -0.0072134425248583083 9.9375951394090032e-05 -0.0033786128963132346 0.00446433678979378 -0.0043007112925535496 -0.0049408725248217588 0.0033208403597959658 0.014158904943725157 -0.0011686195242285771 0.0084976423823373663 -0.0096874930529018133 -0.0087780878629689502 0.011198928533264626 -0.002002293207699552 0.0058191552716830366 0 0.00062953137909194719 0.0052926304525140119 0 0.0013932705414828729 0.0091122194223060074 -0.0081323068002311007 0.012899884143100268
leaf_weight=1282.0421746522188 8.9781216029077751 90.705108484253287 2328.8039454095997 628.54034302476794 616.73569592228159 327.72808333393186 195.89907550811768 117.58607214130461 39.079337987117469 161.76831527845934 36.506870165001601 9.801420998759566 36.066720839589834 195.39509829040617 26.661689981818199 64.96987971290946 46.316061316989362 65.171372402459383 18.697296439670026 39.322302884422243 268.34644666966051 6.5557315703481427 25.554166107438505 252.25127525441349 12.62420993670821 19.734354921616614 719.26822088845074 4.0296480394899836 46.968637436628342 28.235866110771894
leaf_count=43366 63 1754 60473 17880 20358 7298 4262 3439 987 5634 769 139 640 2202 189 595 521 879 260 453 4016 53 362 3309 140 240 8141 24 576 237
internal_value=0 -0.000385715 0.000225765 -0.000848313 -0.000430982 0.000403286 0.00188537 -0.0021724 -0.00525707 -0.000560955 0.00337368 0.00586116 0 0.00122247 0.00493807 0.00054736 0.000978091 0 -0.00180803 0.00113394 0.000188079 -0.00759236 0.00696845 -5.82326e-05 0.00197078 0.00238914 0.00191435 -0.00272602 -0.00554204 0.00850425
internal_weight=7720.34 5871.26 2501.88 3369.38 2584.17 1302.13 523.627 785.206 156.665 778.504 173.08 100.507 72.5736 1849.08 100.61 73.948 1748.47 871.294 342.676 528.618 463.742 71.7271 64.8765 270.949 877.177 813.555 765.584 63.6225 50.9983 47.9702
internal_count=189259 166999 63775 103224 80918 37552 11560 22306 4426 25992 3302 1893 1409 22260 847 658 21413 11534 4501 7033 6218 932 815 3569 9879 9139 8662 740 600 477
is_linear=0
shrinkage=0.03


Tree=100
num_leaves=31
num_cat=0
split_feature=8 0 25 10 2 8 31 38 3 36 2 8 5 10 31 31 44 41 27 26 26 8 29 19 40 40 36 38 19 19
split_gain=3.99427 2.06484 3.10817 2.30359 2.71912 2.35135 2.18421 2.95725 2.18315 2.02891 1.91072 2.877 2.61695 2.45656 2.8418 2.23285 2.03488 1.77456 1.7141 1.58896 2.21157 2.73769 3.5111 2.51944 2.54419 2.30652 2.29149 2.19313 4.37722 2.58478
threshold=0.41302281763700494 0.063513449760970578 -0.22296655919763905 0.04788398690425081 0.051290006245096921 0.059788210138996767 0.014889276962770065 -0.036148581074785462 15.040663129081175 -0.024196983765353574 -0.060474482609434048 0.14841328928964079 -0.13026382641423798 -0.031144161987503 0.0034661907894495735 0.093829741277411435 -0.0044204194404664308 0.010244835537192482 0.06684167323915309 0.095262188174634527 0.0088496912661702749 0.47075309541247651 0.0083374573144068282 0.21029257509936275 -0.0047955691169951197 -0.0050965524669645884 0.047771079247620606 -0.43145623096567126 0.58824059360821157 0.80861874037491654
decision_type=2 2 2 2 2 2 2 2 2 2 2 2 2 2 2 2 2 2 2 2 2 2 2 2 2 2 2 2 2 2
left_child=1 3 6 10 5 -5 7 -3 -7 -9 11 12 -1 14 -12 -15 -13 -8 -19 20 21 25 26 24 -22 -2 -23 28 -25 -29
right_child=19 2 -4 4 -6 8 17 9 -10 -11 13 16 -14 15 -16 -17 -18 18 -20 -21 23 22 -24 27 -26 -27 -28 29 -30 -31
leaf_value=0.0063027400148127372 -0.0021059962691485573 -0.0077978658184108306 0.0095672182878111366 0 0.00098124418712002329 0 0.0089423195367993435 0.010805574156072025 -0.015705761217324459 -0.00098392244854518074 -0.00017129498781556755 -0.00029156597961863348 -0.0029254841714248178 -0.00024339764770365296 -0.0062922839852405784 -0.0069244670862924004 0.012350492673814859 -0.0098232370863094425 0.0065152792902157157 0.0070360156950469649 -0.0058713229675200563 -0.0014948819941970389 0.0070707557976562802 -0.0049336396005861295 0.007455070752221976 0.0059819052472191445 0.0045601002101898344 0.00074107479549233844 0.0060285459918439045 -0.0030649211650547689
leaf_weight=36.856963875703514 28.339580152183771 41.606447968631983 40.921381138265133 16.987649701535702 31.831230591982603 7.2331986157223573 32.906806410290301 12.839146437123416 31.31902798358351 34.336527056992054 157.00933135999367 9.7784975999966246 75.915362137835473 5423.832201206591 132.6189464670606 40.820315004326403 32.479883019812405 7.7071824688464385 4.1722044227644801 40.458012806251645 9.2880609817802888 289.52408225089312 63.825244690291584 39.355374928563833 66.119150375947356 221.94268675055355 63.779546400532126 292.63388747908175 106.07965332176536 322.84856801386923
leaf_count=436 311 893 498 412 586 104 459 218 635 670 4231 134 1831 155428 3758 674 308 131 45 323 73 3329 570 411 502 2529 653 3187 1299 4621
internal_value=0 -0.000341644 0.00280727 -0.000440531 -0.00516694 -0.00897617 0.000249234 -0.00223254 -0.0126724 0.0023777 -0.000361268 0.00284747 0 -0.000455323 -0.0031351 -0.000305074 0.009069 0.0055017 -0.00207746 0.00136203 0.00116668 0.00244991 0.000852842 9.84909e-05 0.0051775 0.00492528 -0.000269707 -0.000396186 0.00279732 -0.0012156
internal_weight=7715.37 6171.17 174.49 5996.68 87.3711 55.5399 133.568 88.7821 38.5522 47.1757 5909.31 155.031 112.772 5754.28 289.628 5464.65 42.2584 44.7862 11.8794 1544.19 1503.74 667.411 417.129 836.325 75.4072 250.282 353.304 760.917 145.435 615.482
internal_count=189259 171451 2914 168537 1737 1151 2416 1781 739 888 166800 2709 2267 164091 7989 156102 442 635 176 17808 17485 7392 4552 10093 575 2840 3982 9518 1710 7808
is_linear=0
shrinkage=0.03


Tree=101
num_leaves=31
num_cat=0
split_feature=8 31 5 39 19 41 2 3 44 39 4 44 11 26 38 40 5 41 5 4 41 44 3 25 6 6 5 45 37 38
split_gain=4.02302 2.15968 2.7406 2.12844 2.96805 3.25754 1.91833 2.2174 1.76068 1.83417 1.79022 1.77817 2.11161 2.49641 1.74932 1.7476 2.94775 2.61722 3.39423 3.0941 2.50138 2.47657 2.40517 2.49762 2.40441 1.92517 2.95049 2.43163 1.84716 1.78942
threshold=0.40096575844821764 0.051685099707298433 0.044738009198864843 -0.0074028230988861651 0.88157686574906002 0.0032609417265585085 -0.026092649863906726 17.139354951657086 -0.038919136438992606 0.00048503090610786502 0.31684433915280513 0.01257029845222186 0.3940285204991088 0.059780083994960757 -0.30168612648652088 -0.00030168631091931 0.01523210116980356 -0.0021541457909393601 0.11275944808242057 0.68726140101692945 -0.010905256226163762 0.01226513261317449 13.328313564885308 -0.49544120870717229 0.11970504220189561 0.12215306750059719 0.04250070566200926 0.00025388997146196446 0.079686159694977957 -0.19521214877703749
decision_type=2 2 2 2 2 2 2 2 2 2 2 2 2 2 2 2 2 2 2 2 2 2 2 2 2 2 2 2 2 2
left_child=1 8 6 -4 -5 -6 -3 14 9 -1 -11 -10 -13 -14 -8 17 -17 18 24 22 -18 -21 23 -19 -2 26 -22 -27 -24 -26
right_child=15 2 3 4 5 -7 7 -9 11 10 -12 12 13 -15 -16 16 20 19 -20 21 25 -23 28 -25 29 27 -28 -29 -30 -31
leaf_value=0.0040907292726826399 0 0.0030532036347436899 -0.0010296146246286384 0.01040126041948165 -0.0028809400211004619 0.0070576759654107585 0.0066302638920670504 -0.0094347066027470894 -0.00093604710017470281 0.0011059449970146275 -0.0071660202799766776 -0.00014664864099846832 0.0041741465754212325 -0.0096839860759977258 -0.003313495863716133 0.0094980534907230327 0.0051785011825760318 0.005381145633964992 0.0038003685412058698 0 0.0016006735466126531 -0.011779252054423518 0.0036236694929926497 -0.0095985289893894613 -0.00056723290046987573 0.0039687547722723603 -0.0050755260528072468 0.00019183488043382718 -0.0026940328541494945 -0.013471413923202804
leaf_weight=144.12909245304763 36.650609107688069 52.023446294013411 47.95306627266109 65.985551541671157 52.836915585212409 51.911833251826465 17.946812966372818 33.02514785155654 4100.895576396957 83.250234976876527 25.741468040272593 1160.9254484386183 176.06761982105672 6.6564418748021117 46.518371587619185 42.319230224937201 152.17306023463607 8.3339181002229434 31.664348832331598 28.516025522723794 122.3646590821445 22.848554721102118 319.20158913731575 25.10119453817606 19.393668086268008 270.42636828310788 101.25013657193631 388.32774658501148 38.535271419212222 39.850784842856228
leaf_count=2990 469 958 713 532 611 500 326 764 126894 1688 483 29461 3051 112 884 407 1789 79 314 400 1327 295 3558 255 282 3078 1398 4626 358 657
internal_value=0 -0.000357177 0.0018372 0.00397366 0.00553893 0.00186827 -0.00112103 -0.0036815 -0.000505732 0.00188808 -0.000813165 -0.000624157 0.000305447 0.00326502 0 0.00131261 0.00202106 0 -0.00373336 0.00106529 0.00164214 -0.00538602 0.00204542 -0.00486991 -0.00658338 0.000972704 -0.0013359 0.00180572 0.00283267 -0.0100871
internal_weight=7712.82 6065.87 368.201 218.687 170.734 104.749 149.514 97.4903 5697.67 253.121 108.992 5444.55 1343.65 182.724 64.4652 1646.96 1076.86 570.096 127.559 442.537 1034.54 51.3646 391.172 33.4351 95.8951 882.369 223.615 658.754 357.737 59.2445
internal_count=189259 169967 5288 2356 1643 1111 2932 1974 164679 5161 2171 159518 32624 3163 1210 19292 12625 6667 1722 4945 12218 695 4250 334 1408 10429 2725 7704 3916 939
is_linear=0
shrinkage=0.03


Tree=102
num_leaves=31
num_cat=0
split_feature=8 7 26 35 41 29 2 42 36 43 4 43 38 1 32 35 3 5 0 31 18 32 44 39 28 28 35 3 29 31
split_gain=3.92959 1.918 1.79548 1.85864 2.11313 2.07347 1.5729 1.5416 1.89185 1.64574 1.89985 1.76996 2.26338 2.07788 1.63126 1.45479 1.40462 1.30926 1.70699 1.65343 2.97405 2.5985 4.0783 2.38586 1.95012 2.63509 3.05544 2.83146 2.28284 2.2386
threshold=0.37861418174568545 0.062942267757692585 -0.0086207203259846838 0.0043593383191820661 -0.0043575861762518266 -0.026726674646252276 0.021523188349500236 0.12499997240525816 0.024455845727953462 0.57163550342866121 1.0177433727153053 0.45136162980532385 -0.69461820777117989 0.062528602330960734 0.10032167111396935 0.0013413028482102787 16.514643921966194 0.016496587194607452 -0.0069720117868949409 0.02306098450129172 1.7425637220324643 0.053869681111371477 0.033097747180348906 -0.032059646555284697 -0.78151546038633135 -0.17579980520668312 -0.0032286348666550977 16.056102473999722 0.0095366964950118864 0.081623139302688358
decision_type=2 2 2 2 2 2 2 2 2 2 2 2 2 2 2 2 2 2 2 2 2 2 2 2 2 2 2 2 2 2
left_child=1 7 3 4 5 -3 16 9 -9 11 14 12 -1 -13 -11 -6 -4 18 -2 20 21 22 -19 -23 28 27 -27 -26 -21 -30
right_child=17 2 6 -5 15 -7 -8 8 -10 10 -12 13 -14 -15 -16 -17 -18 19 -20 24 -22 23 -24 -25 25 26 -28 -29 29 -31
leaf_value=-0.0027733697824468741 -0.00157450984622492 -0.0084502006541365641 0.00031102658983872983 0.013088646523514307 0.0091828074634709572 0.0051516067228649081 0.0044034961364928108 0.0068464245120771839 -0.0043254094279861939 -0.0010434470651438327 -0.0078271138765591153 0.00077635143723634792 -0.00026399650679898181 0.0086024565697823529 -0.0087278486719706925 -0.0029011979269099957 -0.0092254390363507074 -0.0003055110170065881 0.0063733107019344091 -0.0065797924751241155 0.0073886517400299188 0.0065599590801867164 0.0055608223057149516 -0.004993182042214407 9.8466394409760418e-06 -0.0053558767695282387 0.002134109391986311 0.007250647805943056 0.010687877510283095 -0.0047122130088544066
leaf_weight=350.00425413018093 23.4831851311028 19.373174046166245 18.011584841646254 19.396964175626636 33.323920810595155 10.171290433965622 23.645472679287195 47.921711763367057 11.080787522718309 673.99512211047113 42.37661800859496 218.111138981767 4311.9496531095356 33.487366058863699 22.480594238266349 4.7216825699433675 20.204135117121041 746.81317918282002 85.497859822586179 42.084530609659851 44.555059153586626 11.661879789084194 118.14660807326436 138.41895471978933 79.533546748571098 51.570988172665238 314.48258927557617 166.71779808029532 13.876606773585083 8.3122121617197973
leaf_count=10581 284 271 320 161 372 129 267 732 208 18692 1134 6290 126217 647 482 60 436 10216 843 474 494 122 1260 1702 864 585 3460 1767 112 77
internal_value=0 -0.000380256 0.00289907 0.0056012 0.00228564 -0.00283118 -0.000586615 -0.000473429 0.0041056 -0.000530116 -0.00185408 -0.000323249 -0.00046159 0.00208224 -0.00139469 0.00682338 -0.00452062 0.00120547 0.00440357 0.000975419 0.000201427 -0.000119315 0.000488654 -0.00371945 0.00213319 0.00268056 0.000940089 0.00507817 -0.00246539 0.00400977
internal_weight=7705.41 5860.26 148.848 86.987 67.5901 29.5445 61.8612 5711.41 59.0025 5652.4 738.852 4913.55 4661.95 251.599 696.476 38.0456 38.2157 1845.15 108.981 1736.17 1059.6 1015.04 864.96 150.081 676.578 612.305 366.054 246.251 64.2733 22.1888
internal_count=189259 166999 2016 993 832 400 1023 164983 940 164043 20308 143735 136798 6937 19174 432 756 22260 1127 21133 13794 13300 11476 1824 7339 6676 4045 2631 663 189
is_linear=0
shrinkage=0.03


Tree=103
num_leaves=31
num_cat=0
split_feature=8 42 19 36 34 43 8 2 42 37 43 38 43 38 28 36 37 28 28 45 36 2 28 27 3 19 19 38 1 39
split_gain=3.73604 2.02254 2.70409 2.04782 2.67393 2.00796 2.362 1.96252 1.88042 1.72588 1.67383 2.34126 4.10691 4.42346 2.9211 3.06108 2.51223 2.04214 3.24412 2.02297 1.99199 2.0066 1.94875 3.54107 3.16122 1.92309 1.77237 2.04012 1.64628 2.31981
threshold=0.40096575844821764 0.037037001801421623 0.36878636842451323 0.051651992046122371 -0.02209343110764413 0.57163550342866121 0.3105768674242001 0.0080911722805063428 0.029953964340492484 0.064935083716025147 -0.65238216272665095 -0.41772241730699816 -0.29639676334906356 -0.59043646248944526 -0.38379081682665811 -0.0041545961384322708 0.02720698231733007 0.21044970985451353 -0.30667149846238212 0.00069701423029914047 -0.013423039151968691 -0.0062676628784378028 -0.5573674822668585 0.021870000789548996 15.117424305162045 0.16067486849552234 0.91607667962857675 -0.41772241730699816 0.040197492630209504 -0.0024088330065592935
decision_type=2 2 2 2 2 2 2 2 2 2 2 2 2 2 2 2 2 2 2 2 2 2 2 2 2 2 2 2 2 2
left_child=1 3 5 8 -5 6 9 -7 28 -3 20 12 13 -12 25 -16 17 18 -13 -19 -2 -22 24 -24 -18 -14 27 -23 29 -1
right_child=10 2 -4 4 -6 7 -8 -9 -10 -11 11 16 14 -15 15 -17 22 19 -20 -21 21 26 23 -25 -26 -27 -28 -29 -30 -31
leaf_value=-0.0013555881270430122 -0.0045486824888938664 0.0052865693682724278 1.1729460664350093e-05 -0.0047027360539095651 0.005474761299770362 -0.0059936688286342417 0.012247843105602018 0.0055362861246452096 -0.0022034184894279105 -0.0022807443039432741 -0.012197081249326816 0.00024082953217518569 -0.00139767169578852 0.004160194911689132 -0.0023940168856778376 0.0052288668408259076 -0.010721109943984024 0.004580755315468559 -0.0076924827168457239 -0.0034107511877230303 -0.00070619412901665776 0 0.0081569115767088259 0.00092482088530842631 7.2353773245820757e-05 0.012362081934911399 0.00036355887210489702 0.010844647863892939 -0.0020088506305659436 0.00065899346154379155
leaf_weight=853.86474438430741 15.03343998454511 71.674868864938617 2284.796806324739 23.438262736890465 90.400153416208923 28.458387698046863 33.355527034029365 15.554436919279395 818.56240265304223 31.875326234847307 24.96963985171169 71.617597365751863 5.2641798090189686 22.196849428117275 61.716938671655953 135.44821858871728 25.797571944072843 58.307344346307218 97.090522279962897 44.143683136440814 34.162296380847692 20.540179284289479 64.172702576033771 701.54677641764283 92.757352258078754 52.698382130824029 40.076736879535019 76.47667561750859 540.16090637259185 1264.4797877580859
leaf_count=32144 187 1573 58372 590 1588 625 366 228 24370 493 321 885 37 246 841 1414 289 761 1362 646 361 186 727 8309 1026 512 485 697 15711 33907
internal_value=0 -0.000344429 0.000308061 -0.000800614 0.00301717 0.00378807 0.00557424 -0.00115772 -0.000938376 0.00268303 0.00126609 0.000889603 0.00322555 -0.00426323 0.00478069 0.00269415 0.000241336 -0.00222516 -0.00424205 0.000859727 0.00395503 0.00497958 0.00103967 0.00161883 -0.00237231 0.0106242 0.00658254 0.00871374 -0.000534196 -0.000140198
internal_weight=7700.64 6056.62 2465.72 3590.91 113.838 180.919 136.906 44.0128 3477.07 103.55 1644.02 1457.73 302.294 47.1665 255.128 197.165 1155.43 271.159 168.708 102.451 186.289 171.256 884.274 765.719 118.555 57.9626 137.094 97.0169 2658.51 2118.34
internal_count=189259 169967 61657 108310 2178 3285 2432 853 106132 2066 19292 17376 3371 567 2804 2255 14005 3654 2247 1407 1916 1729 10351 9036 1315 549 1368 883 81762 66051
is_linear=0
shrinkage=0.03


Tree=104
num_leaves=31
num_cat=0
split_feature=8 2 7 25 40 2 7 4 34 39 42 35 11 1 33 4 42 11 36 11 44 40 33 5 3 1 36 6 27 41
split_gain=3.60471 2.67711 2.62425 4.21472 2.27399 2.02096 2.74577 3.18887 2.32347 4.89274 2.2011 2.35572 2.78895 2.14059 1.9554 1.81853 1.7848 1.67948 2.15707 1.60956 1.9775 1.664 1.60105 1.55234 1.53352 2.0579 1.45326 1.3862 3.22628 1.37093
threshold=0.18567298410671487 -0.052631393220110817 0.050206402539545149 -0.77402921027672744 -0.0083289946440419007 0.065326631761042558 0.04267673908158414 -0.53864002617462592 0.058011165796649194 0.045500055423354537 0.056923105775487044 0.00045911844544759727 0.4533066860465117 0.015113337419079774 -0.88005380062052996 0.72287153570739282 0.077956976016730503 -0.36984754376058721 -0.052929283189990774 0.4768336314847943 0.023477136750211368 -0.00076566397573942424 0.077604325936176735 0.047309401136632075 11.28628830682284 0.0084259286818240166 -0.0037527291884882279 -0.021576103331597925 0.089059359455003706 -0.037145895491804325
decision_type=2 2 2 2 2 2 2 2 2 2 2 2 2 2 2 2 2 2 2 2 2 2 2 2 2 2 2 2 2 2
left_child=2 16 17 23 -5 6 8 14 13 -10 19 12 -12 -3 -8 -6 26 18 -1 21 -21 -7 -9 29 25 -19 -2 28 -26 -4
right_child=1 5 3 4 15 10 7 22 9 -11 11 -13 -14 -15 -16 -17 -18 24 -20 20 -22 -23 -24 -25 27 -27 -28 -29 -30 -31
leaf_value=0.0050055520558092252 0 0.0029484701239143691 0 -0.0041990659119237285 0.0066746276661270657 0.0028446373110156348 0.0023402815487903175 -0.0032220033501653028 0.0010264595542542592 0.013357612235083725 -0.00050558239933001575 0.0005837707702647701 0.014517344756332616 0.00013739761311307625 -0.011828962518132253 -0.0017475591656057169 -6.2968640535099554e-05 0.00037925249746732683 -0.003115528234204253 0 0.011238820428388425 -0.0086738973013550137 0.0019996245671833521 0.0034787558788197722 -0.0015817098659762759 -0.0057782486875006117 0.011317006231356942 7.4232983959524634e-05 0.0051821989630750978 -0.0072432399489650006
leaf_weight=24.470504300668836 7.4886045949533573 266.90519865695387 29.584878001362085 16.604657453484833 164.12818843033165 10.487506815232335 4.9935819124802938 109.45833838637918 137.70941310562193 34.533474158495665 9.5443558171391469 40.560965369455516 37.93073458969593 2685.0621648915112 39.283446416258812 18.385465820319951 18.623426388017833 69.385600429959595 428.25905324704945 67.25343260075897 14.685502076521514 23.334390233270824 87.501775898039341 20.260151902213693 1167.5805972861126 109.25088737020269 41.184171998873353 1896.1369953383692 60.50121456105262 53.591399312019348
leaf_count=500 114 3753 457 262 2481 149 64 1742 1321 250 123 401 315 45984 618 279 194 1957 15646 802 125 408 1171 418 47552 4291 390 54696 1466 1330
internal_value=0 0.000685437 -0.000614314 0.00202352 0.00459185 0.000559633 0.00037135 -0.00265701 0.000618645 0.0039751 0.00344186 0.00690575 0.011165 0.000406265 -0.00954683 0.00564226 0.00644267 -0.000837207 -0.00256115 0.000382289 0.00285118 -0.0044231 -0.000761617 -0.00262768 -0.000588319 -0.00327799 0.0092648 -0.00041995 -0.0012045 -0.00456824
internal_weight=7694.68 3636.54 4058.14 302.555 199.118 3569.24 3365.45 241.237 3124.21 172.243 203.797 88.0361 47.4751 2951.97 44.277 182.514 67.2962 3755.58 452.73 115.761 81.9389 33.8219 196.96 103.436 3302.86 178.636 48.6728 3124.22 1228.08 83.1763
internal_count=189259 57924 131335 5227 3022 57226 54903 3595 51308 1571 2323 839 438 49737 682 2760 698 126108 16146 1484 927 557 2913 2205 109962 6248 504 103714 49018 1787
is_linear=0
shrinkage=0.03


Tree=105
num_leaves=31
num_cat=0
split_feature=8 2 32 44 32 19 26 8 32 34 3 18 32 43 3 28 28 37 26 29 4 44 11 29 18 18 27 42 19 3
split_gain=3.41385 2.12146 2.70992 2.16081 2.06255 2.19686 1.86981 1.8364 2.32109 2.41066 4.91165 2.49194 2.2955 2.501 2.12944 3.61018 3.58739 4.08238 3.12451 2.10763 1.88815 1.80777 1.77808 3.71132 2.32487 2.05515 1.59271 1.5474 2.33077 1.53431
threshold=0.18567298410671487 -0.052631393220110817 0.091156904505705516 -0.014246681102032506 0.022727250697089859 1.5953168403988063 0.036533708324284382 0.5714650238588167 0.083145067123491942 0.013180944634205804 17.060033563746838 1.8576261089047914 0.091156904505705516 0.045536011165520314 16.823930229873202 0.045536011165520314 0.43280856050223721 0.093723139993191221 0.081551540266140768 0.005105837627157034 -0.85380486479292184 0.04157541184060249 -0.34240094618568889 -0.034399475021281212 -0.59842977565122679 1.1148179848857482 0.084977561250357547 0.12499997240525816 1.3121087704958885 14.635153375339831
decision_type=2 2 2 2 2 2 2 2 2 2 2 2 2 2 2 2 2 2 2 2 2 2 2 2 2 2 2 2 2 2
left_child=4 2 3 -2 -1 22 -5 8 9 11 -11 -3 20 -14 16 19 17 -9 -17 -16 -10 -8 23 25 -25 -6 -7 -24 -29 -18
right_child=1 7 -4 6 5 26 21 14 12 10 -12 -13 13 -15 15 18 29 -19 -20 -21 -22 -23 27 24 -26 -27 -28 28 -30 -31
leaf_value=-0.0017399615564133218 -0.0013124412675274109 -0.00036248385274565033 -0.0026522952035737996 0.018044138944861145 0.00037616224843674338 0.0053475647764629399 0.0083635520623740033 0 0.0035048054237527024 -9.1010993696021156e-06 0.0042853139499151038 0.0051943762784280303 0.0031318494371855121 -0.0046942481485108016 -0.00052184072403828753 -0.0062004017062405638 0.0011541959035515331 0.012678889422455281 0.0037500956857077681 0.0063097759665583343 -0.0087932632307740361 -0.0059304740800266188 -0.00011403276036153816 6.6471782407868767e-05 -0.0045805463351917897 0.010998097728954968 -0.0033718795621492498 0.0086772149335148634 -0.0058414083660204598 0.013327116488902072
leaf_weight=1054.3160130842589 8.3760315785184485 1797.4833078677766 17.522199334576726 19.814320816658437 81.664518340490758 96.968810475897044 16.126202819868926 173.93319346383214 6.8471720824018112 575.50368458591402 389.57979066763073 70.405972447246313 75.491465172730386 61.618822094984353 58.066925948485732 92.68625196069479 20.086284132674336 22.000265715643764 32.164262670092285 87.252255504950881 62.484914099797606 6.0873959837481371 2317.5956315244548 123.06364414608106 302.10975416470319 18.105436316225678 15.09283708129078 35.636413364671171 6.7363905776292077 42.079440407454967
leaf_count=40126 120 34726 174 178 1347 2156 161 1798 84 7983 5402 1278 926 783 617 1022 171 145 278 776 891 65 71943 4067 10509 270 273 533 111 346
internal_value=0 0.000666903 0.00577843 0.00922559 -0.000598561 -0.0001848 0.01188 0.000553236 0.000256667 0.000491171 0.00170667 -0.000123704 -0.00275502 -0.000215594 0.00218489 0.000192084 0.00411357 0.00182095 -0.00336021 0.00345385 -0.00702107 0.00297412 -0.000357208 -0.00192757 -0.00318062 0.00302296 0.00382306 0 0.00536286 0.0102193
internal_weight=7686.9 3635.61 67.9262 50.404 4051.29 2996.97 42.0279 3567.68 3039.42 2832.97 965.083 1867.89 206.442 137.11 528.269 270.17 258.099 195.933 124.851 145.319 69.3321 22.2136 2884.91 524.943 425.173 99.77 112.062 2359.97 42.3728 62.1657
internal_count=189259 57924 698 524 131335 91209 404 57226 52073 49389 13385 36004 2684 1709 5153 2693 2460 1943 1300 1393 975 226 88780 16193 14576 1617 2429 72587 644 517
is_linear=0
shrinkage=0.03


Tree=106
num_leaves=31
num_cat=0
split_feature=8 7 19 43 40 38 38 19 2 28 2 31 1 18 43 44 18 41 39 11 41 34 38 4 42 28 4 18 31 42
split_gain=3.28167 2.3572 2.46156 2.40647 2.98814 2.42338 3.65892 2.09544 1.85062 1.855 1.79056 2.21677 2.16574 1.9305 3.52339 2.89494 2.51454 2.37982 2.35582 1.73693 2.21584 2.29787 1.75558 1.72007 1.71181 1.69827 3.05639 1.76065 1.68849 1.68402
threshold=0.18567298410671487 0.050206402539545149 1.7975198167693789 -0.32817748194726798 0.0032650730390137834 -0.60268458980834072 0.36049203224984977 1.0829066207216347 -0.052631393220110817 -0.72510820016854705 0.065326631761042558 -0.029441270371133959 0.053896455184652199 -0.73518231941431011 0.32383191411948437 0.039794089895833239 0.14289697205679039 -0.019960730520038886 0.0069523581349192681 -0.36984754376058721 -0.015683307257671735 -0.035687308315369662 -0.085976720692843664 -0.48595387083113012 0.067735109381269268 0.91546341742559545 -0.53864002617462592 -1.2831762729004785 0.038427507637324956 0.12499997240525816
decision_type=2 2 2 2 2 2 2 2 2 2 2 2 2 2 2 2 2 2 2 2 2 2 2 2 2 2 2 2 2 2
left_child=1 2 19 5 7 -3 -7 -5 9 -2 11 12 -10 15 18 17 -16 -12 -15 20 22 -22 -1 -4 -11 27 -27 -13 -9 -21
right_child=8 3 23 4 -6 6 -8 28 10 24 13 25 -14 14 16 -17 -18 -19 -20 29 21 -23 -24 -25 -26 26 -28 -29 -30 -31
leaf_value=0.0044759578690419131 -0.0047802630037202219 -0.0031765222283592818 -0.0042705069374096433 0.00094486298996200504 0.0060503048694234129 0.011573391357054579 -0.0015079941428461279 -0.0078700282995534301 -1.7228301321291948e-05 0.010696927688353201 0.0029925118945341757 -0.0012734233588161973 -0.0089284118959260285 0.0019275846159770168 0.0038705022957791816 0.0086265112032770479 -0.0088135818379300943 -0.011992683878882361 0.011170546110092905 -0.00070958823847327393 0.0039500182962177496 -0.0047378781134140083 -0.0024359311209707088 0.009153700166593148 0 0.0018011550683749331 -0.005035634163063742 0.00097704256184143992 0.001471427705039798 0.0061607474176645464
leaf_weight=55.492444618605077 7.0127661228179923 15.195336073637007 4.5849482091143718 85.26320162601769 51.129235777072608 58.44278400670737 20.703220061026514 58.219698100350797 71.187366872094572 39.474080772139132 8.1886407509446162 338.69773496873677 39.128904712386429 56.868184436112642 22.593518906272948 9.2907792776823026 21.116873525083065 21.088170694187284 64.357334595173597 3240.3798036030494 22.600299945566803 295.90500468714163 64.122009131591767 31.599288063123822 21.528483850881457 95.791921642608941 124.66080826055259 2693.8403610680252 15.292247449979184 26.645851422101259
leaf_count=1725 65 244 122 1383 744 868 414 1313 1429 409 92 6099 769 748 234 77 242 322 608 108856 562 11559 2155 695 224 1461 2161 42984 261 434
internal_value=0 -0.000587457 -0.000800271 0.00190315 0 0.00575125 0.00790873 -0.00196853 0.000653751 0.00543055 0.000546789 0.000368884 -0.00368824 0.00326379 0.00471138 -0.00206852 -0.00191709 -0.00710101 0.00732035 -0.000887341 -0.00267252 -0.00397715 0.000580873 0.00641232 0.0073321 0.000521127 -0.00195776 0.000714134 -0.00557472 -0.000635057
internal_weight=7680.4 4045.58 3741.33 304.246 209.904 94.3413 79.146 158.775 3634.83 68.0153 3566.81 3363.31 110.316 203.504 164.936 38.5676 43.7104 29.2768 121.226 3705.15 438.12 318.505 119.614 36.1842 61.0026 3252.99 220.453 3032.54 73.5119 3267.03
internal_count=189259 131335 126108 5227 3701 1526 1282 2957 57924 698 57226 54903 2198 2323 1832 491 476 414 1356 125291 16001 12121 3880 817 633 52705 3622 49083 1574 109290
is_linear=0
shrinkage=0.03


Tree=107
num_leaves=31
num_cat=0
split_feature=0 6 31 5 1 35 19 0 42 8 4 34 19 8 2 7 2 5 19 40 44 5 1 31 34 0 38 1 32 27
split_gain=3.39608 3.74009 3.16387 2.75834 4.16419 3.84747 3.8284 3.47517 3.14306 2.70841 3.30453 4.37517 3.26132 2.56335 2.84209 2.6423 2.55282 3.04212 2.87472 2.54804 2.79681 2.26263 3.27924 2.35249 2.41848 2.97605 2.36068 2.10726 2.12247 2.07495
threshold=0.031540110511550305 -0.12244669099768295 0.013170916531044916 0.10681556301023899 0.083196772676174716 -0.00058507185872873184 0.89401414012925595 0.039470866520145469 0.031638957452428312 0.51871108800206422 0.30966150946478616 -0.0061227097618446512 0.25408926382524755 0.033942521024741774 -0.060474482609434048 0.040284150674756998 0.010594919749150731 0.12804900045015546 0.49128478209664117 0.00014879944258881854 0.014507128259681886 -0.046912520133223549 0.060975626553349163 -0.1048846476832669 -0.023417499022283215 -0.090936978130260596 -0.10339107324196915 0.1444827457654945 0.096741664102363831 0.043186171744226051
decision_type=2 2 2 2 2 2 2 2 2 2 2 2 2 2 2 2 2 2 2 2 2 2 2 2 2 2 2 2 2 2
left_child=13 -2 9 6 7 -6 -4 -5 -8 -3 11 -11 -12 21 27 16 17 -16 -18 29 -21 23 -23 26 25 -25 -1 28 -15 -17
right_child=1 2 3 4 5 -7 8 -9 -10 10 12 -13 -14 14 15 19 18 -19 -20 20 -22 22 -24 24 -26 -27 -28 -29 -30 -31
leaf_value=0 0.0097363745724739909 -0.0012337459406772538 0.0095804066976724039 0.0060649944614765998 0.01348059095020984 0.00063075842879924582 -0.0048878880327120604 -0.005272098386234424 0.0049504721361633306 0.014418655499846609 -0.015553376151220396 -0.00061898613413682141 0.0016245056691363675 0.010921837367567033 0.00059460897266273914 -0.0049343457304881003 0.0025426043560940127 0.0085271226179362229 -0.001825237771852615 -0.0075063768213767014 -0.00021786309397183419 -0.0013647843994971831 -0.0078291423078603647 0.013942156392208411 -0.00043584809615292527 0.0019061017523387322 -0.016222594960673874 -0.0018601263028595147 -0.00072880504272519818 0.003033019947347817
leaf_weight=12.724668038077654 43.826468392275274 504.08270301111042 102.08528964500874 24.551535806618631 29.23285766504705 69.849030692130327 39.206742028705776 105.71116341650486 75.048493951093405 36.128698101267219 6.6501094959676257 23.238325308077037 55.325284648686647 48.544918176718056 2874.0638351226225 35.05326269660145 154.41336451005191 39.93135931622237 781.02042911946774 116.27519677579403 92.741920508444309 1512.28589381231 72.124008992686868 17.564812774769962 476.53842025669292 188.82462185295299 10.127457370981572 17.45921384729445 12.034753949381409 97.450236344709992
leaf_count=178 540 11614 1516 248 242 672 927 1177 1417 349 66 277 717 565 55397 776 2030 333 15633 2487 1490 66995 2946 219 14022 4171 207 193 138 1717
internal_value=0 0.00152689 0.00111942 0.00304062 0.000572834 0.00517564 0.00544916 -0.00276832 0.00125949 -0.00021531 0.00365943 0.00847548 -0.000794318 -0.000260507 0.000167943 5.17567e-05 0.000284271 0.000728008 -0.00106265 -0.00244873 -0.00449325 -0.00107085 -0.00170163 0.000304989 0.000689279 0.0033779 -0.00816433 0.00566743 0.00827076 0.000604326
internal_weight=7674.12 1114.94 1071.11 445.685 229.345 99.0819 216.341 130.263 114.255 625.425 121.342 59.367 61.9754 6559.18 4268.99 4190.95 3849.43 2914 935.434 341.521 209.017 2290.19 1584.41 705.78 682.928 206.389 22.8521 78.0389 60.5797 132.503
internal_count=189259 19762 19222 6199 2339 914 3860 1425 2344 13023 1409 626 783 169497 80759 79863 73393 55730 17663 6470 3977 88738 69941 18797 18412 4390 385 896 703 2493
is_linear=0
shrinkage=0.03


Tree=108
num_leaves=31
num_cat=0
split_feature=8 42 19 38 6 41 3 5 33 27 4 43 19 7 31 5 29 34 18 3 31 25 42 19 35 19 7 7 38 27
split_gain=3.27631 1.74215 2.25698 2.0289 1.83392 1.87619 1.71308 1.47634 3.73441 2.27663 1.59003 1.76308 1.47105 1.61931 1.46878 2.47995 1.45323 1.4358 3.89273 1.83839 1.37448 2.20357 1.63145 1.36543 3.14149 2.42527 2.22413 2.86362 2.9241 2.73833
threshold=0.37861418174568545 0.037037001801421623 0.36878636842451323 -0.13962775047395401 0.11970504220189561 -0.0077973029707116967 18.641272089649011 0.062992190842380294 0.018064727293440445 0.070024651253369624 0.33779483585141717 0.5352286148269948 1.5953168403988063 0.024843628396977801 -0.036158650668685899 -0.056974463787185396 -0.0013108862398248297 0.058011165796649194 -0.51225044505902362 18.641272089649011 -1.0000000180025095e-35 -0.73563322670674791 0.029953964340492484 0.80534168932279748 -0.0032286348666550977 0.79851970177327225 0.032372406560350724 0.036627377510383051 -0.11656876267030912 0.026655248364624028
decision_type=2 2 2 2 2 2 2 2 2 2 2 2 2 2 2 2 2 2 2 2 2 2 2 2 2 2 2 2 2 2
left_child=1 3 6 4 12 -6 14 10 -9 -10 16 -12 -1 -14 -3 -16 -4 20 -19 -20 22 -22 -5 25 -25 26 29 -28 -29 -2
right_child=23 2 7 17 5 -7 -8 8 9 -11 11 -13 13 -15 15 -17 -18 18 19 -21 21 -23 -24 24 -26 -27 27 28 -30 -31
leaf_value=-0.0017081970262617363 0.0030232364996117759 -0.0018673228386489596 0.00095263631561142694 0.0010883982440867206 0.0014440150186895656 -0.012504009723497281 -0.0056594115726901848 -0.0019054598513851542 0.0075742124746685756 0 -0.00070930647711043898 -0.0054586501056190775 -0.0017685980650513791 0.010046423100944106 0.015450481976722809 0.0034338392785171197 -0.00089281237133785054 -0.0059154795281081566 0.011989754660722675 -0.002284982863942396 0.0016372398490355829 -0.0017360721357193756 -0.0016727645832527933 -0.0037516436370730053 0.0010332882858319942 0.012058076998033478 0.0088602262130487528 -0.0023550372661769277 0.0047353960629136346 -0.00087950225178539938
leaf_weight=1184.4054836533032 257.26241590734571 19.382593757938594 895.59940555784851 794.51137191662565 6.1399837695062187 22.615989279933274 9.8280196436680836 105.16027726233006 102.95784547738731 42.662949303165078 318.98645931109786 94.465278967283666 11.640571638941767 15.640194052830337 16.866444230079651 123.54885331867263 656.03023815527558 15.654919904656706 33.329850327689201 4.348520283587276 202.14722434384748 912.65845093270764 243.18396119074896 142.00149109214544 744.27954499516636 16.715105157345533 73.586900841444731 80.395919314585626 118.75719356164336 401.74808277562261
leaf_count=39136 2568 321 23411 25376 133 507 179 1896 1417 610 8254 2525 341 360 216 2446 19255 197 379 66 6100 26304 7570 1991 10358 159 696 804 1087 4597
internal_value=0 -0.000347956 0.000265641 -0.000781146 -0.00175282 -0.00886434 0.00354939 0 0.00215098 0.00524554 -0.000271554 -0.00191839 -0.00152365 0.00458259 0.00445232 0.00556519 0.000152745 -0.000218432 0.00438893 0.00956466 -0.000356402 -0.00109302 0.00040763 0.00110392 0.000216233 0.00189647 0.00161876 0.00389294 0.00173854 0.000610149
internal_weight=7666.51 5831.76 2385.49 3446.28 1240.44 28.756 169.626 2215.86 250.781 145.621 1965.08 413.452 1211.69 27.2808 159.798 140.415 1551.63 2205.83 53.3333 37.6784 2152.5 1114.81 1037.7 1834.75 886.281 948.466 931.751 272.74 199.153 659.01
internal_count=189259 166999 60530 106469 40477 640 3162 57368 3923 2027 53445 10779 39837 701 2983 2662 42666 65992 642 445 65350 32404 32946 22260 12349 9911 9752 2587 1891 7165
is_linear=0
shrinkage=0.03


Tree=109
num_leaves=31
num_cat=0
split_feature=6 37 1 19 36 43 42 35 35 39 19 7 11 10 42 7 45 44 25 32 10 44 45 26 31 38 2 1 11 10
split_gain=3.23866 2.15524 2.42943 2.02606 1.6674 2.57868 1.93508 3.2482 1.65526 4.16705 3.22517 2.74179 2.38138 2.48308 2.30416 2.56561 2.40931 2.08895 1.88793 1.80963 1.76655 1.64441 2.41522 2.07313 2.0206 1.72705 1.64132 1.6372 2.24325 2.15126
threshold=0.052555301419301211 0.048611171305965803 0.04713804011055233 1.6327219910938184 -0.013423039151968691 1.0184663381416599 0.034946296980876319 -0.0021848392732829293 0.007271652639629699 0.035479522809682924 0.29203893737620251 0.0133978452427696 0.095546926635822885 0.076437074701884308 0.015518675837779846 0.02232296600784674 0.0099428392593748308 -0.037147814967950117 -0.37162785903589296 0.034612161304158721 -0.0025682395030913303 -0.035632455375990794 0.0024858389163795189 0.044495713131395338 0.027724563125470079 -0.90990157855169229 0.0006835348189887456 0.062528602330960734 -0.016363474228642757 -0.030288305993207611
decision_type=2 2 2 2 2 2 2 2 2 2 2 2 2 2 2 2 2 2 2 2 2 2 2 2 2 2 2 2 2 2
left_child=1 2 26 -4 5 6 7 -2 14 10 -10 -12 18 -14 16 19 20 -17 -11 -16 -6 22 24 27 25 -3 -1 29 -29 -23
right_child=4 21 3 -5 8 -7 -8 -9 9 12 11 -13 13 -15 15 17 -18 -19 -20 -21 -22 23 -24 -25 -26 -27 -28 28 -30 -31
leaf_value=-0.001281778615720419 0.004226925195974343 -0.0045053613286124995 -0.0034033959817368229 0.0054815219732263472 0.0071026459399920472 0.0064827550126266512 -0.00011635527091096866 -0.0065386182032677528 0.010549880969577772 0.0059968845134563027 -0.010715417608845852 0.00039024330923816461 -0.017197746800472469 0.00011491009805693014 0.000489703430356217 -0.002997304888842351 0.014006999476094207 0.0018155299797000541 -0.0068094407554249838 -0.0023682450577982542 0.00046891822370625147 -0.0068460871008981282 -0.0024533376229302906 -0.0061573477932751744 -0.0020693660702791068 0.0087701345694061617 0.00020115298932783595 0.0054990868862258898 -0.00067248225389693632 0.00017359381067088555
leaf_weight=1433.977707196027 24.322147689759731 3.6313672373071304 453.42425766121596 17.446756977587938 54.590823579579592 31.833590988069773 283.75077309273183 120.56435744278133 21.209921933710575 12.478393231518568 16.646541142836213 222.4541602646932 23.4711491400376 5.502103339880704 624.84093867987394 76.44945072568953 17.464676030911505 1640.1614795494825 18.461663726717234 280.91181171592325 122.70480135083199 36.891317181289196 34.443425078876317 39.64299901528284 16.062847317196429 84.921264215372503 1201.1784174912609 113.6900717006065 80.075978945475072 547.49830877222121
leaf_count=58010 502 51 15205 356 756 566 5885 3144 183 157 217 3535 298 43 10022 1244 200 24448 214 4214 1720 1093 535 1213 264 1246 34732 2014 1780 15412
internal_value=0 -0.000580127 -0.000967199 -0.00295701 0.000655012 -0.000992306 -0.00168499 -0.00445053 0.000907532 -0.00107635 0.000502514 -0.000463699 -0.00790867 -0.0134939 0.00114518 0.000892163 0.00429414 0.00157568 -0.00069407 -0.000371862 0.00281485 0.000643641 0.00360533 8.47244e-05 0.00589467 0.00769336 -0.000595353 0.000478313 0.00284493 -0.000272963
internal_weight=7660.7 4062.88 3106.03 470.871 3597.82 460.471 428.637 144.887 3137.35 320.224 260.311 239.101 59.9133 28.9733 2817.12 2622.36 194.76 1716.61 30.9401 905.753 177.296 956.858 139.059 817.799 104.615 88.5526 2635.16 778.156 193.766 584.39
internal_count=189259 131911 108303 15561 57348 10097 9531 3646 47251 4647 3935 3752 712 341 42604 39928 2676 25692 371 14236 2476 23608 2096 21512 1561 1297 92742 20299 3794 16505
is_linear=0
shrinkage=0.03


Tree=110
num_leaves=31
num_cat=0
split_feature=8 7 26 37 7 42 5 19 25 10 42 6 2 8 41 42 8 3 31 33 19 8 19 27 0 34 33 1 7 32
split_gain=3.14988 1.87744 1.70163 1.46843 1.8477 1.76637 2.30949 1.921 1.7603 2.13906 1.67252 1.63042 1.46253 1.57988 1.43812 1.38706 1.58569 1.3106 1.25353 1.45676 1.22344 2.51221 2.45723 2.07362 4.31073 2.63615 2.55011 2.0239 1.62226 2.98806
threshold=0.37861418174568545 0.062942267757692585 -0.0088495942709400817 0.024793376216520138 0.035811406597866566 0.084768549810206026 0.051023556661734533 1.0200944204389095 -0.69235999681429938 0.04788398690425081 0.044303833921980798 0.054651424313809878 0.014444467756483292 0.26598046488145605 -0.0019518687124553361 0.10906199148262481 -0.22528970037180404 18.188253879043685 -0.013168317535253356 0.3169444818468064 0.80534168932279748 0.74689741591675574 0.79851970177327225 0.061703844769646375 0.063513449760970578 -0.013589085648150709 -0.28561410243550428 0.079754701166319372 0.032372406560350724 0.057031023932775017
decision_type=2 2 2 2 2 2 2 2 2 2 2 2 2 2 2 2 2 2 2 2 2 2 2 2 2 2 2 2 2 2
left_child=1 3 15 10 8 6 -6 -7 11 -10 18 -5 13 -12 -4 16 -3 -18 -1 -20 22 23 28 27 26 -26 -25 -22 -2 -30
right_child=20 2 14 4 5 7 -8 -9 9 -11 12 -13 -14 -15 -16 -17 17 -19 19 -21 21 -23 -24 24 25 -27 -28 -29 29 -31
leaf_value=0.00021063941975391263 0.00067646046741085344 0 0.0029781108693851016 0.00046465997165906351 -0.0030554822547697075 0.003641800812076212 0.0008433583296224475 -0.0018236961626480277 -2.5308373834943693e-05 -0.0062898433987632228 0.0010585130876638188 0.0034913247118802363 -0.0030657065358951864 0.0093015412757273784 -0.0054511863433303843 0 0.012273851979985373 0 -0.0027249785835740835 -0.00049076640360798038 9.4469201278591186e-05 0.0069721018704390044 0.011918224316039925 -0.0072521686928941368 0 -0.015871351323279582 0.0015969193684248074 0.0060468563442983118 0.0073916274632313851 0.0007633808044348741
leaf_weight=275.80632183235139 656.69163497909904 12.507079826667903 33.978075236082077 540.09073939919472 518.44423877401277 114.08242027135566 167.89727243036032 100.75158209819347 2245.5984249226749 45.42297946754843 127.20365132996812 243.55625370517373 41.570119448006153 24.055917848832905 27.395144941285253 24.253104454837739 39.29352041054517 9.3815379384905082 776.45690293097869 454.41969518875703 602.85201265010983 42.375104019418359 17.268112771213055 32.958933030255139 10.113213531672953 26.065760714001954 118.08942416124046 52.5115378620103 104.80937414150685 168.24802109319717
leaf_count=10271 7165 150 524 18321 14208 1936 2901 1912 60740 944 4671 4784 1115 437 502 262 432 146 28472 14271 9030 336 159 444 104 293 1461 681 1007 1580
internal_value=0 -0.000341476 0.00292662 -0.000433797 -0.00010947 -0.0013052 -0.00205913 0.000958977 0.000232805 -0.000176005 -0.00117238 0.00145955 0.00135184 0.00281713 -0.000459688 0.00558185 0.00783819 0.0101164 -0.00151869 -0.00192974 0.00108321 0.000239232 0.00183498 -0.000103111 -0.00287463 -0.0115074 -0.000312215 0.000659012 0.00155286 0.0035026
internal_weight=7654.15 5822.16 146.808 5675.36 3975.84 901.176 686.342 214.834 3074.67 2291.02 1699.51 783.647 192.83 151.26 61.3732 85.4352 61.1821 48.6751 1506.68 1230.88 1831.98 884.966 947.017 842.591 187.227 36.179 151.048 655.364 929.749 273.057
internal_count=189259 166999 2016 164983 105746 20957 17109 3848 84789 61684 59237 23105 6223 5108 1026 990 728 578 53014 42743 22260 12349 9911 12013 2302 397 1905 9711 9752 2587
is_linear=0
shrinkage=0.03


Tree=111
num_leaves=31
num_cat=0
split_feature=0 0 2 35 25 10 8 0 2 35 7 25 19 42 43 33 39 1 31 44 4 7 38 29 25 38 31 5 1 39
split_gain=3.17745 3.23344 3.40787 2.9526 2.55228 2.54084 2.50246 3.75444 2.69065 4.19281 3.30178 3.83741 2.94378 2.54634 2.3838 2.33565 2.64623 2.34894 2.32844 2.30848 2.26552 2.1947 1.9186 1.73245 1.96917 2.28462 1.86819 1.68486 4.17685 3.45436
threshold=0.031540110511550305 0.038399156180143973 0.065326631761042558 -0.00016666488625341602 -0.87067499674815996 0.09486297316169498 0.12164021140643215 -0.050398086774886573 0.019666883077462605 0.00034138470587004511 0.045088195222175609 -0.33559427650418788 0.29203893737620251 0.043103447252133227 0.88572216532022729 0.15210593151130339 0.0095350267664499559 0.091194076900415186 0.049657341358692632 -0.0048855251256288345 -0.76040038348306538 0.041672541921630508 -0.67934764932247294 0.0074088237456971509 -0.079445984740995582 0.35262335653714599 -0.0035676167419591656 -0.072663647699430498 0.067906981268855679 0.027597071760903685
decision_type=2 2 2 2 2 2 2 2 2 2 2 2 2 2 2 2 2 2 2 2 2 2 2 2 2 2 2 2 2 2
left_child=6 23 14 21 -5 -6 27 19 10 13 18 -12 -11 -10 15 17 -17 -3 -9 -8 -21 -4 -23 -2 25 26 -25 -1 -29 -30
right_child=1 2 3 4 5 -7 7 8 9 12 11 -13 -14 -15 -16 16 -18 -19 -20 20 -22 22 -24 24 -26 -27 -28 28 29 -31
leaf_value=0.00078845012803260199 0.0020282408534670173 -0.0019906998005304213 0.0018505060279077872 -0.0070025518446133091 0.0045226005018337402 -0.0044490114013523282 -0.0012556085030911474 0.00034413721789968343 -0.0085664052891397582 0.01102571267768656 0 -0.010297205457817636 -0.00064298740889519096 0 0.0056979508204122575 -0.0013175629333403653 0.0056308298144296777 -0.011257863695024682 0.0032123728864751778 -0.0033252450230914932 0.010698022775626623 -0.00015717282561457174 0.014297069259268113 0.0022488432212925133 -0.0019512037231067837 0 0.014398167236613328 -0.0008916060292505837 -0.0094733085686861049 0.0019030601255120606
leaf_weight=445.70765002304688 171.75429206294939 305.74808997195214 46.247051067650318 25.19452572055161 118.16531207039952 29.470975535921752 20.045263910666108 2595.2137281587347 103.48543899226934 16.573636846616864 79.157489414326847 49.400659559294581 171.44872355554253 48.248730549588799 40.557935942430049 128.10740524157882 70.205569791607559 24.682805429212749 283.41141175478697 6.2874471815302959 61.285194521769881 5.1190668027847996 39.071844733320177 25.274236917495728 11.401110729202626 22.171469098888338 49.400779593735933 2543.3910232009366 87.849197973497212 24.958899180870503
leaf_count=7851 3815 6223 653 413 1579 293 294 47842 2107 163 1556 898 3177 788 624 2637 843 418 3057 67 585 54 375 560 157 371 747 97152 3376 584
internal_value=0 0.00147834 0.000490079 0.00330105 0.000743555 0.00244808 -0.000252565 0.000298651 0.000124432 -0.00237336 0.000420068 -0.00416293 0.000489116 -0.00601428 -0.000775014 -0.00137646 0.00107269 -0.00292988 0.00064201 0.0062638 0.00884062 0.00757917 0.012167 0.00425145 0.00726877 0.00869124 0.0110619 -0.000872049 -0.00116291 -0.00672768
internal_weight=7649.04 1112.57 832.571 263.269 172.831 147.636 6536.46 3434.56 3346.94 339.757 3007.18 128.558 188.022 151.734 569.302 528.744 198.313 330.431 2878.63 87.6179 67.5726 90.438 44.1909 280.002 108.248 96.8465 74.675 3101.91 2656.2 112.808
internal_count=189259 19762 14112 3367 2285 1872 169497 60534 59588 6235 53353 2454 3340 2895 10745 10121 3480 6641 50899 946 652 1082 429 5650 1835 1678 1307 108963 101112 3960
is_linear=0
shrinkage=0.03


Tree=112
num_leaves=31
num_cat=0
split_feature=0 6 8 0 31 5 1 43 19 42 6 3 2 19 7 25 31 43 42 33 34 39 8 1 41 34 5 1 11 39
split_gain=3.05023 3.42867 2.52788 3.10638 2.45354 2.92159 3.61637 3.42435 3.17566 2.95474 2.28336 2.79247 2.25404 3.89838 2.62157 2.83354 2.80342 2.36505 2.25247 2.14619 1.85905 1.83451 1.7864 1.73436 1.61204 1.87667 1.57736 2.88053 2.21614 2.29498
threshold=0.031540110511550305 -0.12244669099768295 0.12164021140643215 -0.050398086774886573 0.013170916531044916 0.10681556301023899 0.083196772676174716 -0.090396846830842023 0.89401414012925595 0.031638957452428312 0.1519222419267017 16.63050583863243 0.019666883077462605 0.48234580100212493 0.04267673908158414 -0.40311314618431832 0.049657341358692632 -0.13481759691538106 0.056923105775487044 0.3169444818468064 0.043271012925186127 0.016690735495480002 0.5557194988081342 0.054875503787310369 -0.003956630783353004 -0.0075868254053100331 -0.046912520133223549 0.047513828514543353 -0.30982519590114521 0.011129553429772109
decision_type=2 2 2 2 2 2 2 2 2 2 2 2 2 2 2 2 2 2 2 2 2 2 2 2 2 2 2 2 2 2
left_child=2 -2 26 19 10 8 7 -7 22 -10 24 -12 14 17 16 -16 -5 -14 -8 -4 -21 -15 -6 -13 -3 -26 -1 28 -28 -30
right_child=1 4 3 12 5 6 18 -9 9 -11 11 23 13 21 15 -17 -18 -19 -20 20 -22 -23 -24 -25 25 -27 27 -29 29 -31
leaf_value=0.00031545106991140285 0.0092492184515434728 -0.0035526553531662355 0.0086919307651225197 0.00031905991383634954 0.010255216350536124 -0.0083792680818151923 0 0.00092907490729755751 -0.0047632771779024981 0.0048021920431182401 0.0071156651853300605 0.005810891209399387 0.0096983030034140539 -0.0054105652131319426 9.8778505291494053e-05 -0.0073189161488694992 0.0035256697240594998 -0.00064403436529837362 0.0089809555705941523 0.0065787302934140028 -0.0067902845031357264 0 0 -0.0020618094341786552 0.002797448917220037 -0.0023085729444205566 -0.0034071146669239845 -0.0041007382405624602 -0.0010280657606714569 0.0015030641114576308
leaf_weight=728.00933976937085 44.536566438153386 176.97996324347332 60.849979929625988 2570.1229933332652 92.656720090657473 54.253132503479719 52.652134967036545 74.876120853237808 38.168973780237138 76.749771949835122 68.687752896919847 27.876036325469613 29.655193720012903 186.01667669834569 92.478913391008973 74.514872807078063 271.00102411489934 34.122587595134974 46.37900772318244 10.999391618184747 16.33119248598814 85.693998257629573 12.095382574945686 101.04749703686684 120.22179911006242 128.16581424325705 262.93434941442683 281.2592444755137 1417.9085931386799 405.02867993526161
leaf_count=19264 540 4530 656 47317 1360 613 521 812 927 1417 853 393 325 4233 1816 1335 2885 425 393 133 157 1252 156 1327 2988 2932 12474 10223 55652 11350
internal_value=0 0.00144623 -0.000248055 0.00030604 0.00105233 0.00273614 0.000201541 -0.00292469 0.00517209 0.00130882 -0.000122467 0.00245162 0.000146037 -0.00215382 0.00041564 -0.00315322 0.00064112 0.00408417 0.00451094 0.00571765 -0.000296598 -0.00377381 0.00888426 0 -0.0014026 5.08257e-05 -0.000871597 -0.00124922 -0.00084148 -0.000446703
internal_weight=7642.27 1115.35 6526.93 3431.79 1070.81 447.831 228.16 129.129 219.671 114.919 622.979 197.611 3343.61 335.488 3008.12 166.994 2841.12 63.7778 99.0311 88.1806 27.3306 271.711 104.752 128.924 425.368 248.388 3095.14 2367.13 2085.87 1822.94
internal_count=189259 19762 169497 60534 19222 6199 2339 1425 3860 2344 13023 2573 59588 6235 53353 3151 50202 750 914 946 290 5485 1516 1720 10450 5920 108963 89699 79476 67002
is_linear=0
shrinkage=0.03


Tree=113
num_leaves=31
num_cat=0
split_feature=6 37 1 19 5 38 33 36 44 43 41 35 35 26 27 33 37 44 27 43 43 35 32 18 2 5 19 31 6 18
split_gain=2.99678 2.0999 1.98105 2.0252 1.93926 2.09045 2.17977 1.90874 1.83045 2.05609 2.4103 2.33905 1.82416 1.90467 3.18714 1.83961 2.57571 2.30842 1.80619 1.74647 1.81103 1.66265 2.08292 1.74099 1.63854 1.76498 2.0727 1.65984 1.52836 1.49117
threshold=0.052555301419301211 0.048611171305965803 0.04713804011055233 1.6327219910938184 -0.025240576432103975 0.9150475423504566 0.216310952699617 -0.013423039151968691 -0.035632455375990794 -0.22869572628813281 -0.050114411414637544 0.0016093701321612177 0.007271652639629699 0.093774892142133845 0.041237177106552232 1.0618441555429581 0.030303089613153898 0.0043350214833888009 0.035009728856250442 1.0184663381416599 1.5297989576464694 0.00016576340297010423 0.093729333288830846 0.11616897361074206 0.0006835348189887456 0.025684509741865539 0.88157686574906002 -0.009950319264866234 -0.026260221515979839 1.0219992588888702
decision_type=2 2 2 2 2 2 2 2 2 2 2 2 2 2 2 2 2 2 2 2 2 2 2 2 2 2 2 2 2 2
left_child=1 2 24 -4 5 6 -2 19 9 11 29 18 15 14 -14 16 -9 -17 -3 21 -21 22 -6 -23 27 28 -27 -1 -26 -11
right_child=4 8 3 -5 7 -7 -8 12 -10 10 -12 -13 13 -15 -16 17 -18 -19 -20 20 -22 23 -24 -25 25 26 -28 -29 -30 -31
leaf_value=0.00023106039825628949 0.0093658931223397253 -1.980326169188139e-06 -0.0032165236518194719 0.005624886816856061 -0.00070902315909459376 -0.0077876723658129188 -0.00068340103450411748 -0.00045348836653725106 5.8836562467496004e-05 -0.0051490666631301679 0.0071223594843836703 0 0.00042107170410980916 0.0079904962151188755 -0.0056711031299403088 0.00051657513512281975 0.0015054514731434303 0.0077907662112932652 0.014813314606334617 0.010042824426651491 -0.0022190829198429239 -0.0056259937450255735 0.0097937548053734225 -0.00021317822947498831 -0.0010261665488380308 0.00088642636017560305 -0.0042798397952263255 -0.0019523045822011286 0.001592872612869851 0.0050407426073881363
leaf_weight=418.34182060370222 58.089036325924098 4.4168786592781535 446.44643153622746 17.772993880324066 137.89752013236284 4.1691718893125644 19.524290333501995 905.24718311056495 814.02398150926456 48.488340875133872 29.175369100645185 18.267468257807195 181.82326670084149 12.575357110239564 119.22701474931091 96.321805013343692 1689.8210972705856 76.299551066942513 29.682892239652574 18.643994119949642 11.389388821087776 138.58154008816928 13.99405190721154 105.10727865900844 266.21182755939662 112.53244879376143 146.4075825791806 1010.2607646840625 673.53934296360239 9.9485438745468837
leaf_count=16815 1190 86 15205 356 3094 78 417 16046 21512 731 555 229 2746 119 1710 1236 23664 799 356 325 197 3143 170 2414 10686 2472 3875 41195 17699 139
internal_value=0 -0.000559498 -0.000942858 -0.00275776 0.000630617 0.00510147 0.00658641 0.000510698 0.000649964 0.00376004 0.000468037 0.00822391 0.000777305 -0.00133512 -0.00194686 0.00102947 0.000811011 0.0040295 0.0123722 -0.0013364 0.00488343 -0.00193858 0.000348683 -0.00346321 -0.000606155 0.00019 -0.00194672 -0.00129344 0.000817695 -0.00268083
internal_weight=7634.23 4045.52 3091.51 464.219 3588.71 81.7825 77.6133 3506.93 954.003 139.979 87.6123 52.3672 3081.32 313.626 301.05 2767.69 2595.07 172.621 34.0998 425.614 30.0334 395.58 151.892 243.689 2627.29 1198.69 258.94 1428.6 939.751 58.4369
internal_count=189259 131911 108303 15561 57348 1685 1607 55663 23608 2096 1425 671 46320 4575 4456 41745 39710 2035 442 9343 522 8821 3264 5557 92742 34732 6347 58010 28385 870
is_linear=0
shrinkage=0.03


Tree=114
num_leaves=31
num_cat=0
split_feature=8 0 34 10 36 0 2 19 45 42 28 5 40 31 10 10 32 36 41 5 40 39 0 34 42 38 5 42 0 10
split_gain=3.35844 1.74218 2.73255 3.13819 2.45191 2.33803 2.58688 4.72381 2.52473 2.0438 1.97181 1.9749 1.96514 1.86482 1.832 1.709 1.60258 1.99405 1.57622 1.73825 1.99485 1.83093 1.54184 1.46578 1.41937 1.37915 1.20591 2.27712 2.3257 2.01403
threshold=0.37327272101731573 0.030153060664754105 0.014157929164458488 0.033063388803141462 -0.033336442262354361 0.010515364014138686 0.0058609671230160981 0.56103748055018976 -0.0038661869138149258 0.042251384770475207 0.40655137588823115 -0.055491284691164149 0.018130773998777053 0.0052521230205616392 -0.020187384963607464 0.09486297316169498 0.05245896677469792 0.033867768116389536 0.023547338091846625 0.032884033816627863 0.0036573767287535852 0.010307717764059024 0.038399156180143973 0.01880585222604025 0.11549890921458743 -0.48614458516243347 0.016496587194607452 0.035527627700016641 0.0017053189226796726 0.010830972349209605
decision_type=2 2 2 2 2 2 2 2 2 2 2 2 2 2 2 2 2 2 2 2 2 2 2 2 2 2 2 2 2 2
left_child=1 5 3 22 25 6 10 8 -8 16 11 -1 -6 -11 -12 -15 -4 -18 19 21 -21 -7 -3 -9 -20 -5 27 28 -2 -29
right_child=26 2 9 4 12 18 7 23 -10 13 14 -13 -14 15 -16 -17 17 -19 24 20 -22 -23 -24 -25 -26 -27 -28 29 -30 -31
leaf_value=0.0017048687926307516 -0.0032628217910501268 0.0044092737642222428 0.0037569892905655201 -0.0045872852309566652 -0.0045745605946657707 -0.0022833305695267709 -0.00071892248894541322 0.0012455114853058746 0.011041572206830698 -0.0034397997123013723 -0.0047275057174416216 -0.00046860889537318745 0.0072657086970422712 0.0098883152448770439 -0.00094090512217509092 -0.0028892035366917912 -0.0087145353375103971 0.0055321664613787796 0 -0.0058196946425353177 8.7874558839446594e-05 0.0011837627233844592 -0.00022027134073840008 -0.003997196676571258 0.011232955338990729 0.0065894207947089795 0.00087757338516794364 0.012338514859351678 0.006553823835379116 -0.0020078476581523474
leaf_weight=435.58765757968649 45.941425504162908 134.86004627589136 51.300217992626131 6.3010003017261615 195.80776293668896 522.13548001786694 14.907107532955704 307.09087716648355 61.822656604927033 6.5606661783531299 162.79521131142974 2492.6608560057357 7.1910682888701549 77.419784655794501 477.11613415321335 4.5166492946445933 22.778622280340645 6.2555552553385487 161.2885674694553 196.14367576967925 55.71452812012285 169.12097659753636 98.124897382222116 50.498164196498692 5.9308182448148719 32.336814545560628 1755.6154263578355 33.135239232331514 31.650590834207833 5.4752005366608492
leaf_count=10395 479 3590 981 150 4409 16774 300 8187 1223 174 5088 79729 134 1044 15825 38 387 68 3984 4431 1151 3607 2928 992 73 594 21780 360 317 67
internal_value=0 -0.000359046 0.00109115 -2.47647e-05 -0.00245642 -0.000548305 -0.000201066 0.00195847 0.00848547 0.0043113 -0.000474695 -0.000132714 -0.00384632 0.00735564 -0.00197993 0.00871323 0.000371587 -0.00440176 -0.0017666 -0.00224948 -0.00441979 -0.00138958 0.00236975 0.000377495 0.000768874 0.0037625 0.00110216 0.0040716 0.000532603 0.00961925
internal_weight=7628.08 5756.27 643.453 474.622 241.637 5112.81 4002.48 434.319 76.7298 168.831 3568.16 2928.25 202.999 88.4971 639.911 81.9364 80.3344 29.0342 1110.33 943.115 251.858 691.256 232.985 357.589 167.219 38.6378 1871.82 116.202 77.592 38.6104
internal_count=189259 166256 14497 11805 5287 151759 121739 10702 1523 2692 111037 90124 4543 1256 20913 1082 1436 455 30020 25963 5582 20381 6518 9179 4057 744 23003 1223 796 427
is_linear=0
shrinkage=0.03


Tree=115
num_leaves=31
num_cat=0
split_feature=0 0 42 31 8 5 37 1 0 42 1 8 39 19 7 28 26 43 44 38 34 19 4 26 38 39 35 38 26 37
split_gain=3.08752 3.09612 2.9488 3.35425 2.43298 2.36068 2.31028 2.54478 2.41506 2.30176 2.95621 3.28955 2.75474 2.60152 2.30696 2.16425 1.97576 2.06086 2.09366 2.03139 1.93853 2.36751 1.87537 1.98596 1.85132 1.77998 1.8819 1.8587 1.70181 2.23913
threshold=0.031540110511550305 0.038399156180143973 0.063197025883574329 -0.029441270371133959 0.039690894316677695 -0.02693106231457398 0.06586826199125502 0.076632372482039537 0.081405523133949678 0.074980912571912264 0.031201233543374802 0.26984714159359763 0.076717130513915363 0.5318513864966169 0.040736180205795398 0.091716831256420064 0.0012995671090307063 -0.053736426161801625 -0.014701564708903743 -0.062964427918823049 -0.030249760879242176 1.3047254989222972 -0.35228866722538571 0.018622517941108026 -0.022570741089714016 0.018805003628874748 -0.0018531970997900246 0.76289964070251959 0.043066556261064093 0.096746504988662246
decision_type=2 2 2 2 2 2 2 2 2 2 2 2 2 2 2 2 2 2 2 2 2 2 2 2 2 2 2 2 2 2
left_child=4 22 16 20 28 -6 7 -5 -8 12 11 -11 14 -12 -7 -14 25 18 -18 -19 21 -4 -2 -24 -25 26 -3 -27 29 -1
right_child=1 2 3 6 5 9 8 -9 -10 10 13 -13 15 -15 -16 -17 17 19 -20 -21 -22 -23 23 24 -26 27 -28 -29 -30 -31
leaf_value=-0.0010874890285121894 0.011419783281814568 0.0050987496534747019 0.0053976267080629104 0.0020026420044619527 0.0045379783081231535 0.00030855261740729263 -0.0035861397303302758 0.01208304137966554 0.0057537279920814701 -0.0037190860917658045 0.0006499043429940073 0.0081075399690427839 0.0013263647100731414 -0.0060643138728117838 -0.003257866387911347 0.012706132866630597 0.00031557388265638823 0.0037947258110562804 -0.0063684927560010273 -0.0027010430793514232 -0.011080492318384323 -0.011268941788074039 0.0011513104095833124 0.011580818974401101 0.0010347603049825978 0.0076293810128226945 -0.0020040594644368422 -0.0021124677274269041 -0.0060434168263716692 0.0033926583025479726
leaf_weight=2183.2802141262218 27.145810225047171 38.319077431224287 23.681608545593921 52.240936583839357 104.02336270036176 3524.3768248348497 43.315032987855375 57.076038007624447 43.878586201928556 32.329025590792298 62.239361844025552 39.461628878489137 51.37506637442857 166.74894922506064 165.43383821193129 23.006744412705302 49.402612678706646 74.722309240140021 125.99633591063321 88.561138668097556 14.335650182329116 5.2203800985589615 188.20539413625374 36.911779446527362 35.860085786320269 56.968368731439114 138.07381866546348 16.153914135880768 56.445015265606344 97.55058138538152
leaf_count=85928 393 721 287 799 2414 67779 569 624 382 711 763 488 690 2987 3347 208 827 1337 2266 1612 284 81 4032 601 624 761 3328 234 2259 1923
internal_value=0 0.00145417 0.000471855 0.00326074 -0.000250369 0.00017799 0.00497577 0.00782649 0.000845716 5.36081e-05 -0.00244031 0.00249568 0.000263818 -0.00413628 0.000136339 0.00580273 -0.00063222 -0.00214521 -0.004363 0.000117728 -0.00361976 0.000284342 0.00411837 0.00304572 0.00717037 0.00130538 -0.000197667 0.00509577 -0.00102599 -0.000875748
internal_weight=7622.34 1116.07 827.946 239.748 6506.27 4168.99 196.511 109.317 87.1936 4064.97 300.779 71.7907 3764.19 228.988 3689.81 74.3818 588.198 338.682 175.399 163.283 43.2376 28.902 288.123 260.977 72.7719 249.515 176.393 73.1223 2337.28 2280.83
internal_count=189259 19762 14112 3026 169497 79387 2374 1423 951 76973 4949 1199 72024 3750 71126 898 11086 6042 3093 2949 652 368 5650 5257 1225 5044 4049 995 90110 87851
is_linear=0
shrinkage=0.03


Tree=116
num_leaves=31
num_cat=0
split_feature=8 7 25 40 28 28 45 5 25 42 40 4 7 26 35 18 38 2 11 25 31 5 7 34 42 29 11 3 1 27
split_gain=2.97381 2.20645 2.74094 2.09046 2.07219 2.06542 1.82689 1.86993 1.43052 2.84973 3.84029 3.14021 2.6061 2.55867 2.2501 2.08505 1.7089 1.61475 3.11249 2.66417 2.83297 2.59481 2.519 1.93289 1.60429 1.53462 1.45892 1.41744 2.05375 1.36506
threshold=0.18567298410671487 0.050206402539545149 -0.77402921027672744 -0.0083289946440419007 -0.56814716388526054 0.45107291762432405 -0.00061030796463612156 0.047309401136632075 -0.69235999681429938 0.037037001801421623 0.0044827816734608816 0.63835939802422914 0.037508615330832905 0.09496246057785411 0.00074381855514928791 -1.4288091485566783 -0.0048383761202588351 0.028452400059893836 0.44968354430379748 -0.17763545878852574 -0.0071859346743411217 0.10174945392012293 0.024843628396977801 0.013180944634205804 0.079519597149249069 -0.010177011043551489 0.42462121212121218 11.28628830682284 0.0084259286818240166 0.049474341436568946
decision_type=2 2 2 2 2 2 2 2 2 2 2 2 2 2 2 2 2 2 2 2 2 2 2 2 2 2 2 2 2 2
left_child=1 27 6 -4 -5 -6 -3 -8 9 11 13 -2 25 14 -11 29 -13 18 23 22 -21 -20 -19 -17 -14 -12 -15 28 -1 -10
right_child=8 2 3 4 5 -7 7 -9 15 10 12 16 24 26 -16 17 -18 19 21 20 -22 -23 -24 -25 -26 -27 -28 -29 -30 -31
leaf_value=0.00044382728049660483 0.00093188028521170349 0.0049661793375467451 -0.0045806683588273441 -0.001585676514419347 0.0080019881827757527 0 -0.0064799022624865265 0.0029607057171671886 -0.00047637418723745791 0.0077049862810956776 0 0 0.0092288519845994486 0.0010026258735757248 0.0019525036986950987 -0.00026732211076666446 -0.013000028369154979 0.0040272703123423311 -0.0014641576480105762 -0.0014081792391883953 0.0073693563943933345 -0.013721036298803032 -0.0011937981282758819 0.0015946241176739073 -0.0062964490384271087 -0.014746026625294869 -0.013530201197749928 -0.00061986422058124676 -0.0056278422903817942 -0.0057730928301821189
leaf_weight=68.429758403450251 323.45800686767325 19.277552717365324 16.178778487257659 27.771732109598815 123.36540744639933 32.096805348061025 64.419967140071094 17.625930934213102 139.79839746467769 175.40251110587269 5.2949946569278845 16.166830656118691 10.436786700971423 5.9113319031894189 124.46474889479578 1300.2379338508472 19.135783796198666 119.09185311477631 65.172830899246037 35.489232202991843 123.58130766265094 19.838836024515331 237.05591971799731 791.32367534004152 3.2280422095209351 15.465944128111005 5.5555822979658842 3521.3897237312049 119.68217505468056 71.247504414059222
leaf_count=1962 6153 320 262 461 1786 513 1507 378 2654 2646 94 384 190 75 1987 23396 377 2153 866 436 1384 199 3390 10066 50 284 59 119289 4857 1081
internal_value=0 -0.000561854 0.0018611 0.00391994 0.00493162 0.00629596 -0.00190249 -0.00405356 0.000624517 0.00184131 0.00376433 0 -0.00483245 0.00487111 0.00548691 0.000316224 -0.00794021 0.000552023 0.00017756 0.00205939 0.00524497 -0.00526108 0.000500586 0.000424942 0.00324977 -0.010915 -0.0061869 -0.000768605 -0.00330949 -0.00249559
internal_weight=7617.6 4010.24 300.736 199.413 183.234 155.462 101.323 82.0459 3607.36 704.521 345.76 358.761 34.4258 311.334 299.867 2902.84 35.3026 2691.79 2176.57 515.218 159.071 85.0117 356.148 2091.56 13.6648 20.7609 11.4669 3709.5 188.112 211.046
internal_count=189259 131335 5227 3022 2760 2299 2205 1885 57924 12299 5385 6914 618 4767 4633 45625 761 41890 34527 7363 1820 1065 5543 33462 240 378 134 126108 6819 3735
is_linear=0
shrinkage=0.03


Tree=117
num_leaves=31
num_cat=0
split_feature=8 0 6 34 0 2 19 44 6 37 19 40 45 44 19 26 33 3 42 7 32 41 40 6 32 3 38 34 45 33
split_gain=2.93718 2.0688 3.12818 3.60459 2.10749 2.65096 3.32867 2.46832 2.32441 2.30495 1.98527 1.71131 2.26798 3.20725 2.60673 3.80472 3.01689 4.0542 2.54363 2.35294 2.32446 1.86758 2.94228 2.2066 3.92513 3.32526 2.85514 2.85491 2.71753 2.13963
threshold=0.41302281763700494 0.030862114575511287 -0.12244669099768295 0.01351700483297018 0.0090810551718038621 0.0058609671230160981 0.56103748055018976 0.095242867933740663 0.048614121054546329 0.043446531178812496 1.5953168403988063 -0.00030168631091931 -0.0046542867702245106 0.00016529691010480979 0.55391747067975705 0.02831929987677979 -0.67933820281244273 17.987954671903882 0.046296270156157907 0.029206283587195469 0.07514451703117242 -0.0071813467747739185 0.0099428392593748308 0.12456666765193637 0.025089622029352891 17.962293209722677 -0.62712266245677462 -0.0080841237224571847 0.00025388997146196446 -0.29637722059865451
decision_type=2 2 2 2 2 2 2 2 2 2 2 2 2 2 2 2 2 2 2 2 2 2 2 2 2 2 2 2 2 2
left_child=1 4 -3 -4 5 8 -7 -6 10 -10 -1 12 13 19 16 20 -14 -18 -17 -2 -16 22 29 26 25 -25 -23 -28 -26 -13
right_child=11 2 3 -5 7 6 -8 -9 9 -11 -12 21 14 -15 15 18 17 -19 -20 -21 -22 23 -24 24 28 -27 27 -29 -30 -31
leaf_value=-0.0010918129034568588 -0.0027469377282360462 0.0084732620771278237 -0.00077558834132223481 0.0040902002131849788 -0.0016522325898259188 0.0080364415895344491 0.00073352022764272226 0.012681529010670245 0.0016980083180727639 -0.00095367953732236447 0.0037353656265618844 0.011638203058564219 0.0063605364074918553 -0.0096656261430807036 0.0052244104838143433 -0.0068681712583754662 -0.0076519063223660965 0.0054685091349500163 0.0023037745251978945 0.012584258202355801 -0.0038689774429749232 0.0064425852904396574 -0.0050467108261101241 0.011531974230304044 0.0036951575798501116 -0.0015362670176275622 0.0043391775644988917 -0.0047437301019912243 -0.00060927098934378753 0.0033738979138541736
leaf_weight=2393.4292205311358 19.448235768824819 45.549281261861324 455.38084837561473 187.00646229553968 1341.6486369348131 68.061985021457076 303.66127713629976 5.5032051447778931 750.54571641702205 464.6547228503041 71.84001639764756 43.711321041919291 19.803802506998181 44.673446603119373 208.45900941640139 53.779525857418776 91.934430619701743 20.494679529219866 40.631090343929827 8.0946290623396617 21.175087025389075 28.832103244028986 18.341416738927364 59.746028478257358 213.21715937368572 17.354853824712336 31.625099622644484 147.41322976630181 308.606768745929 128.17809541337192
leaf_count=87223 243 554 11523 2893 35737 1259 7478 68 14566 8378 1772 461 172 457 2603 803 961 170 421 68 247 293 246 689 2376 252 385 1807 3637 1517
internal_value=0 -0.000295161 0.00123618 0.00061521 -0.000496785 -0.000146165 0.00223922 -0.00152481 -0.000397938 0.000659746 -0.000931725 0.0011749 -0.000153149 -0.00495357 0.000587049 0.00208283 -0.00280217 -0.00487371 -0.00270176 0.00207813 0.00419345 0.00190605 0.00460196 0.001209 0.00214858 0.00831059 -0.0013441 -0.00290203 0.00111095 0.00591466
internal_weight=7612.8 6087.28 687.937 642.387 5399.34 4052.19 371.723 1347.15 3680.47 1215.2 2465.27 1525.52 528.494 72.2163 456.278 324.045 132.233 112.429 94.4106 27.5429 229.634 997.026 190.231 806.795 598.925 77.1009 207.87 179.038 521.824 171.889
internal_count=189259 171451 14970 14416 156481 120676 8737 35805 111939 22944 88995 17808 6145 768 5377 4074 1303 1131 1224 311 2850 11663 2224 9439 6954 941 2485 2192 6013 1978
is_linear=0
shrinkage=0.03


Tree=118
num_leaves=31
num_cat=0
split_feature=8 31 32 6 1 19 19 28 11 44 29 11 10 40 19 26 25 28 4 33 4 6 25 32 26 18 42 6 45 19
split_gain=3.20569 1.86928 1.967 2.39848 2.40611 2.2737 2.56025 3.18045 2.24828 1.96345 1.77113 3.0755 3.04073 1.56662 2.17368 4.17709 5.95956 3.65423 3.33023 2.4257 2.33244 2.16087 2.12593 3.31472 2.08289 2.42901 2.48047 2.50899 2.33072 2.19532
threshold=0.41302281763700494 -0.1048846476832669 0.030662662413936091 0.19478734296127523 0.028933099521590053 0.36878636842451323 1.4813653802222644 -0.15274265943997009 -0.48473193473193471 0.023477136750211368 -0.043460681101799056 -0.10123747342848467 -0.0038195725300546484 -0.00030168631091931 0.51629476023086573 0.025975557939574106 -0.11701246187677965 -0.049318218916097216 0.53474156523976746 -0.78137765501670831 -0.9407578851029913 0.12215306750059719 -0.56552534838935786 0.068915451323893831 0.0088496912661702749 0.89638070971723882 0.017109317379079985 0.067695056671043044 0.0074535750744168959 0.35452451043563643
decision_type=2 2 2 2 2 2 2 2 2 2 2 2 2 2 2 2 2 2 2 2 2 2 2 2 2 2 2 2 2 2
left_child=1 -1 3 4 -3 10 8 -8 -7 -6 11 -4 -12 14 15 16 19 22 20 -2 -19 -18 -16 -24 25 26 27 -15 -28 -26
right_child=13 2 5 -5 9 6 7 -9 -10 -11 12 -13 -14 24 17 -17 21 18 -20 -21 -22 -23 23 -25 29 -27 28 -29 -30 -31
leaf_value=-0.0065600893323076613 9.4694365202114845e-05 -0.00020457754790820939 0.016284387767602007 0.010721640121244104 -0.0025443925128082532 -0.005968606391485159 0.0066974983857411401 -0.00017316916293319518 -0.00010356824362575802 0.00137525078629609 -0.0019856193755926348 -0.00050277117305354963 0.0050460581870541378 0.0076256402550364359 0 0.0032619958527668157 0.0068952961538400167 0.0099635376107317687 -0.01228494559764615 -0.016160919055855448 -0.0013488187844714517 -0.0048114459952148031 0.008929812902396847 -0.0018555280299234133 0.0048110547503916173 -0.0029536323509375406 0.0060260545007721046 -0.0062740576590038424 -0.0012939884214449523 -8.7395405418617175e-05
leaf_weight=38.150652743410319 5.600000448524951 1650.3874400369823 17.282839167397473 10.610918706282972 923.0375890629366 55.499143384862691 106.48561707185581 114.6347734387964 2830.1439286349341 117.62054896168411 92.662259388715029 11.23835443984717 113.20369424019009 10.836583781987427 68.645842782221735 49.331462224945426 21.965361388400197 13.075718192383645 18.612740924581885 41.818066240288317 163.40697812382132 23.872920908033848 94.81775707565248 26.776715651154518 91.640167718753219 38.200562600046396 304.51499064546078 32.934217991307378 35.549272304400802 484.19768970366567
leaf_count=706 47 53538 210 124 30725 1101 2060 2384 73537 2924 2068 171 1903 98 850 441 187 123 318 456 2126 227 1084 286 745 425 3353 367 457 6218
internal_value=0 -0.000308668 -0.000258849 -0.000862296 -0.000938898 0.000220693 0 0.00307782 -0.000236877 -0.00206823 0.00303793 0.00968636 0.00176673 0.00122716 -4.03388e-05 -0.00319387 -0.00690648 0.00107569 -0.00168486 -0.0138429 -9.39616e-05 0.000334662 0.00403099 0.00633828 0.00192451 0.00353097 0.00428317 -0.00178872 0.00516624 0.00067521
internal_weight=7606.75 6080.96 6042.81 2701.66 2691.05 3341.15 3106.76 221.12 2885.64 1040.66 234.387 28.5212 205.866 1525.8 527.924 142.588 93.2563 385.336 195.095 47.4181 176.483 45.8383 190.24 121.594 997.873 422.036 383.835 43.7708 340.064 575.838
internal_count=189259 171451 170745 87311 87187 83434 79082 4444 74638 33649 4352 381 3971 17808 6145 1358 917 4787 2567 503 2249 414 2220 1370 11663 4700 4275 465 3810 6963
is_linear=0
shrinkage=0.03


Tree=119
num_leaves=31
num_cat=0
split_feature=6 0 2 28 45 19 40 43 40 37 37 42 1 34 19 41 44 36 6 6 26 0 11 34 43 19 32 38 18 10
split_gain=2.71169 2.19292 4.51846 2.2685 2.65039 2.15482 3.77757 3.26428 2.76934 2.50262 3.58893 2.07499 1.93873 1.782 1.74732 1.69613 2.82162 2.33459 2.78177 2.19459 2.01434 1.61666 1.88515 1.73479 1.47676 2.22787 1.75482 1.75467 1.45657 1.36569
threshold=0.052555301419301211 -0.0025654536694125932 -0.0071551423702023243 0.16722790069015583 0.013117786259907168 0.48234580100212493 -0.00036650857440539741 -0.60283147048020058 -0.0074894625125593141 0.02888084250796261 0.061634600129497549 0.090909095192572453 0.067906981268855679 -0.016756827627521863 0.80196747531052848 0.0054644931501991014 0.039794089895833239 -0.0053669911303992892 0.11970504220189561 0.28514216008795229 0.05669537476482641 -0.053071467874260682 -0.38757022471910108 0.041508079302664001 0.59639852292451956 0.12243946567640088 0.019684935174236206 1.0619132476141691 -4.9997464538378962 0.039733341439201306
decision_type=2 2 2 2 2 2 2 2 2 2 2 2 2 2 2 2 2 2 2 2 2 2 2 2 2 2 2 2 2 2
left_child=11 3 13 4 21 6 8 -8 -4 12 -11 24 -7 -3 -6 17 20 -5 -19 -18 -17 23 -23 -2 26 -26 -1 -28 -15 -13
right_child=1 2 5 15 14 9 7 -9 -10 10 -12 29 -14 28 -16 16 19 18 -20 -21 -22 22 -24 -25 25 -27 27 -29 -30 -31
leaf_value=-0.0017537613664067636 0.011980896326307618 0.0014707489843789568 0.0048277375858067567 0.0034656475892751362 -0.010784922835610737 -0.0021079708529775972 0.011704245200069919 0.0026750417755131324 -0.0040046762222697143 0.0016696180756530527 -0.0018972336138616251 0.0011444673644972403 0.003195636282380791 0.0046820536837299098 0.00042647826664678846 0.0013715052435089045 0 -0.00044597833946237138 -0.010051590187706521 -0.013900140830344543 0.0097789412966094065 -2.6040921354042012e-05 0.0035242963919139918 0 0.0072413930779141149 -0.0028492982437935276 6.7020441621159366e-05 -0.0034671239901033109 -0.007933691472627331 0.008628064617186541
leaf_weight=752.48972731549293 33.434226308949292 18.827856306917965 37.836428435519338 35.135903473943472 15.822631720453499 585.74027476646006 43.700909296050668 230.38021624460816 106.55247882101685 969.71562788635492 332.32748431991786 194.06364791281521 60.715523755177855 2.6805148385465136 18.981240981258452 124.78419115953147 37.118434948846698 74.517270811833441 45.917223719879985 10.26892185769975 32.964190688449889 163.45440685376525 478.42262594681233 21.375936297699809 14.420351109933106 417.01501544332132 2496.6763162766583 127.60977913904935 96.830698160454631 23.174764298833907
leaf_count=27677 370 360 348 871 211 11024 428 2473 1223 15725 4939 3486 1012 31 333 2206 638 1537 718 113 473 2720 7707 201 325 13812 82649 3689 1687 273
internal_value=0 0.000600548 9.43643e-05 0.00171936 0.00267674 0.00039709 0.00233719 0.0044061 -0.00140525 -9.1357e-06 0.000732504 -0.000533803 -0.0015431 -0.00548803 -0.00463128 -0.000150185 0.00153825 -0.00254197 -0.0046021 -0.00431417 0.00355917 0.00311498 0.00258061 0.00813241 -0.000703445 -0.00236419 -0.000479206 -9.96891e-05 -0.00709907 0.00225396
internal_weight=7602.95 3577.51 2485.31 1092.2 731.491 2366.97 418.47 274.081 144.389 1948.5 1302.04 4025.45 646.456 118.339 34.8039 360.706 205.136 155.57 120.434 47.3874 157.748 696.687 641.877 54.8102 3808.21 431.435 3376.78 2624.29 99.5112 217.238
internal_count=189259 57348 39250 18098 11542 37172 4472 2901 1571 32700 20664 131911 12036 2078 544 6556 3430 3126 2255 751 2679 10998 10427 571 128152 14137 114015 86338 1718 3759
is_linear=0
shrinkage=0.03


Tree=120
num_leaves=31
num_cat=0
split_feature=5 1 18 1 2 40 44 35 2 44 11 4 42 39 19 27 42 40 11 26 41 37 3 10 19 3 10 38 39 3
split_gain=2.73078 2.15949 2.79942 2.64182 2.45195 2.16874 2.46468 4.00305 2.34817 4.90721 3.61974 2.07084 2.40822 2.06107 1.90526 1.87048 3.55717 1.6482 1.5775 3.0766 2.015 2.30831 2.11334 2.01437 2.0076 2.8659 3.01291 2.37743 2.34837 1.93605
threshold=0.067563678174451539 0.04713804011055233 -0.019990195787631032 0.048652978143480914 0.029914546460490458 0.0015864213735166006 -0.014701564708903743 0.0090456825759031335 0.070779815857414038 0.021275513040783581 0.4533066860465117 -0.65210710495366075 0.040880509203904944 -0.01817030911587417 1.1476263168928915 0.08146359102814367 0.038419029682055475 -0.00010969125636906272 -0.45555311676909566 -0.048169582492270789 -0.037145895491804325 0.068873964148504385 14.635153375339831 -0.056408632709372943 1.0538961013276713 13.673392692259041 0.014508262738320555 0.98094749046703467 0.0085624228560562173 18.60166071368857
decision_type=2 2 2 2 2 2 2 2 2 2 2 2 2 2 2 2 2 2 2 2 2 2 2 2 2 2 2 2 2 2
left_child=18 2 13 14 11 8 -7 -8 10 -10 -5 17 -13 -2 -3 -15 -17 -4 19 23 -21 22 -22 29 25 26 -20 28 -27 -1
right_child=1 3 4 5 -6 6 7 -9 9 -11 -12 12 -14 15 -16 16 -18 -19 24 20 21 -23 -24 -25 -26 27 -28 -29 -30 -31
leaf_value=0.010652712365856945 -0.0032551814579430001 -0.013145431040951337 0.012212697891050239 0.00022939417466447321 0.0083381064468444673 0.007837216072036109 0.0027658590843790622 -0.0083525791519981352 -0.0014159396874099937 0.010496223103522811 -0.0057962912830723939 -0.0055020234072959825 0.0012046475563086152 0.0066836323988546447 0.00066626031070486202 0.0083715595004107708 -0.012504048580602396 0 -0.00070748531407898298 0.0026787081178152104 0.003999632989861614 -0.012252205122862906 -0.0050307190040002761 -0.0046115241598165234 -0.00096925897769357602 0.00016990325921626919 -0.0066167498637873081 -0.002683373660334552 0.0018806752354629179 -0.0028848335553189296
leaf_weight=28.439159731380641 17.144859669730067 17.152889579534534 12.575208514928816 265.81187656801194 25.560039532370865 62.423794944770634 187.97521179355681 28.679895918816328 73.113914660178125 44.094112364575267 123.89172529336065 89.83610020391643 83.49971076566726 211.08764320518821 7.9527200404554597 8.6523121381178516 9.8132153283804637 19.607308570295572 566.67354998365045 22.708991591352969 21.705600681249052 35.581779425963759 107.46388554340228 11.392521701753138 1895.1138679967262 2246.8095611482859 88.970570730511099 185.0078221145086 1093.1251808563247 6.5207686387002459
leaf_count=272 245 244 117 3594 361 771 2262 385 921 384 1524 1373 1075 2478 119 98 132 240 16356 417 674 698 3498 211 56647 66540 2074 4282 21178 89
internal_value=0 0.00125558 0.00285135 0.000267114 0.000319101 0.000632839 0.00274868 0.00100349 -0.000488899 0.00306607 -0.0016594 -0.000710057 -0.00215985 0.00505062 -0.00838978 0.00585503 -0.00174443 0.00553215 -0.000257273 -0.00265717 -0.00442665 -0.00563282 -0.00319716 0.00364905 -0.000157875 0.000203487 -0.00159879 0.000549002 0.000740764 0.0073319
internal_weight=7598.39 1288.87 477.776 811.096 231.078 785.991 279.079 216.655 506.912 117.208 389.704 205.518 173.336 246.698 25.1056 229.553 18.4655 32.1825 6309.51 233.813 187.46 164.751 129.169 46.3525 6075.7 4180.59 655.644 3524.94 3339.93 34.9599
internal_count=189259 16323 6119 10204 3166 9841 3418 2647 6423 1305 5118 2805 2448 2953 363 2708 230 357 172936 5859 5287 4870 4172 572 167077 110430 18430 92000 87718 361
is_linear=0
shrinkage=0.03


Tree=121
num_leaves=31
num_cat=0
split_feature=8 42 19 42 31 37 5 43 8 18 8 31 10 43 4 2 38 34 31 32 33 31 27 28 34 38 34 30 3 18
split_gain=3.07378 2.01707 2.1006 1.86128 1.84176 2.15425 1.69516 1.66761 2.32876 1.59087 1.54217 1.52005 1.47482 1.43366 3.02803 2.06709 2.0793 1.73758 1.63431 1.35843 1.34795 4.06271 2.80209 2.52936 2.58618 2.81934 2.7539 2.45882 1.89091 1.79643
threshold=0.40096575844821764 0.036156192854354736 0.36878636842451323 0.029953964340492484 -0.00067086110266980086 0.025903218321250105 -0.0020733635733408136 0.67093038050001141 0.3105768674242001 -1.0397427300614086 0.23703656249706465 -0.036158650668685899 0.008563502644333006 0.11668453978612005 0.33779483585141717 0.051290006245096921 0.42344854674970561 0.041508079302664001 -0.0063959801738465959 0.03799144180687853 -0.66576777202887871 -0.015089305779829964 0.011173219606844141 -0.09037314499201797 0.0122624826334301 0.17805789030845534 0.00081336465162769594 -0.007152800053472819 17.179472763996859 0.35097567487164244
decision_type=2 2 2 2 2 2 2 2 2 2 2 2 2 2 2 2 2 2 2 2 2 2 2 2 2 2 2 2 2 2
left_child=1 3 7 4 5 -1 -6 8 11 -10 -9 -3 -8 15 17 16 -4 -15 -16 -17 21 -2 -22 24 26 -26 -24 -23 -29 -30
right_child=20 2 13 -5 6 -7 12 10 9 -11 -12 -13 -14 14 18 19 -18 -19 -20 -21 22 27 23 -25 25 -27 -28 28 29 -31
leaf_value=-0.00091901575931005008 -0.0067722649336540534 -0.0047496217541582236 -0.00037098579454096915 -0.002126918799387081 -0.0029794699966423032 0.0015689714872818823 0.0001732704946483062 0.0019488500668060698 -0.00028709431388032174 0.013290868150587521 -0.0087235926668238432 0.0037229618227947732 -0.002151855293821156 0.0011214270657252635 -0.0047270314304834965 -0.0019090779215788368 -0.0037964675359118526 0.0054135010898124693 0 0.0061472320050278339 -0.0077203992219153214 -0.0043570042437025749 0.0024233442316916828 -0.00012016503573164038 0.0059870394196940378 0.00046700962632510745 -0.0035999519996430473 0.0089776054203716607 -0.0022772534985135485 0.0097322841801488688
leaf_weight=558.82475267210975 22.335236843675375 16.155827167909592 905.49762148736045 741.33934041718021 344.4635142958723 679.47702020872384 764.30502595053986 26.02495028777048 4.2890737839043132 31.953291602432728 13.017940988764165 98.108804794959724 343.41113855224103 816.77624467294663 106.9869298543781 17.163626461289823 196.62280473532155 97.159944924060255 152.40842824149877 57.722686377353966 28.050847517326474 13.627240343019364 177.67654832545668 752.93184205237776 235.4118122626096 147.90709439571947 103.59696344938129 98.749267931096256 33.341617135331035 10.170531134121118
leaf_count=20849 247 270 24660 22465 14987 19574 19907 556 62 327 192 1991 7876 22327 2759 375 4824 1308 3771 887 325 143 2281 9606 2405 1536 1352 897 401 99
internal_value=0 -0.000314845 0.000317324 -0.000791223 -0.000408791 0.000422875 -0.00113757 0.00331609 0.0047706 0.0111166 -0.00151485 0.00212459 -0.000527028 5.62172e-05 0.000808251 -0.000668336 -0.00102359 0.00163733 -0.00197514 0.00392131 0.00115529 0.003632 0.00081779 0.00103438 0.00237832 0.00396778 7.59564e-05 0.0054733 0.00673462 0.000625211
internal_weight=7595.51 5971.71 2539.89 3431.82 2690.48 1238.3 1452.18 189.55 150.507 36.2424 39.0429 114.265 1107.72 2350.34 1173.33 1177.01 1102.12 913.936 259.395 74.8863 1623.8 178.224 1445.58 1417.52 664.592 383.319 281.274 155.889 142.261 43.5121
internal_count=189259 169967 64309 105658 83193 40423 42770 3398 2650 389 748 2261 27783 60911 30165 30746 29484 23635 6530 1262 19292 1787 17505 17180 7574 3941 3633 1540 1397 500
is_linear=0
shrinkage=0.03


Tree=122
num_leaves=31
num_cat=0
split_feature=8 7 30 25 28 37 35 0 40 40 26 6 8 28 30 27 1 35 3 30 30 0 0 29 38 19 7 11 34 31
split_gain=3.05742 2.13546 2.54958 1.7406 2.47729 1.69119 1.62919 1.62223 2.73287 1.86113 1.82177 2.02754 1.90633 3.88485 3.73933 2.29924 2.79622 2.2312 1.87051 1.67631 2.16596 1.57313 1.46695 1.32456 1.2986 1.33745 2.54587 1.69387 1.25681 1.17218
threshold=0.42639444488408546 0.062942267757692585 -0.0015839758694152983 -1.0402708463754033 0.4919166843281691 0.086943302895974739 0.00022465348747046344 -0.01758286180471539 0.00098527547756692923 0.010345142085719622 0.095262188174634527 0.26243853703836711 0.47075309541247651 -0.16664174400212237 -0.0015006518357430743 0.012195481393501384 0.014683696835856077 0.0049725081368819117 15.465813599835679 0.00029019666071459203 -0.00026941850921032956 0.095261796057407311 -0.030912090509909708 0.068963447433663908 -0.80411599112725163 0.36878636842451323 0.025045292845023433 -0.46899038461538456 0.076540878000722803 0.010010114958374125
decision_type=2 2 2 2 2 2 2 2 2 2 2 2 2 2 2 2 2 2 2 2 2 2 2 2 2 2 2 2 2 2
left_child=1 21 5 -4 6 -3 -5 8 19 23 12 -12 13 18 -15 17 -17 -14 -9 20 -2 24 -21 -10 -1 26 -26 -27 -6 -23
right_child=7 2 3 4 28 -7 -8 10 9 -11 11 -13 15 14 -16 16 -18 -19 -20 22 -22 29 -24 -25 25 27 -28 -29 -30 -31
leaf_value=-0.0021437821910948096 -0.00029742434773141432 0.014422966964004092 -0.0065673841162989252 0 -0.010381485897675104 0 0.0078556713481845192 0.00015680825687181855 0.01555959606144159 -0.00080494804884046443 -0.0021089834872676668 0.011254610654591768 -0.012236310427777165 -0.0073793125321628128 0.0022507566129439122 0.0070590581683641507 -2.9255763648077767e-05 0.0032679521684017133 0.0088257915193494553 0.0012480165899200388 0.014640052239370947 0 -0.010606968103094182 0 -0.00043438037592291942 -0.0037077705144496651 0.0043835417232006473 -0.00033263583303042574 0.0025111548349538186 0.012742616906535994
leaf_weight=368.48861902859062 16.032849223352972 20.542753991670907 17.45638477569446 32.480624769814312 12.821158521808686 11.643356710672377 51.902219232171774 38.695853007957339 27.192926846444607 5.3955291938036671 8.2031789664179069 26.011525817215443 20.757791848853234 42.67148794606328 146.89475919585675 47.604322955012321 889.31480118259788 5.9186450522392979 92.545949201099575 9.8929820973426121 7.7582082273438564 12.432056155987086 12.943300954066215 5.9677178114652625 243.46225533774123 134.86346703674644 150.21337807085365 5117.1692746840417 3.4329127222299567 9.154908796772359
leaf_count=10594 166 203 363 481 229 137 608 447 265 67 87 191 226 583 1982 364 10447 61 1067 95 65 213 163 48 5832 3439 2925 147787 39 85
internal_value=0 -0.000287037 0.00316676 0.000700688 0.00249657 0.0100974 0.00478351 0.0012614 0.00523762 0.0106428 0.000963056 0.00742521 0.000739522 0.00272512 0 3.6831e-05 0.000334607 -0.00787648 0.00658955 0 0.00522819 -0.000380546 -0.00509182 0.013153 -0.000417102 -0.000297298 0.00136065 -0.000428454 -0.00629685 0.00683876
internal_weight=7589.87 6186.06 150.279 118.093 100.637 32.1861 84.3828 1403.8 85.1835 38.5562 1318.62 34.2147 1284.4 320.808 189.566 963.596 936.919 26.6764 131.242 46.6273 23.7911 6035.78 22.8363 33.1606 6014.2 5645.71 393.676 5252.03 16.2541 21.587
internal_count=189259 172935 2060 1720 1357 340 1089 16324 869 380 15455 278 15177 4079 2565 11098 10811 287 1514 489 231 170875 258 313 170577 159983 8757 151226 268 298
is_linear=0
shrinkage=0.03


Tree=123
num_leaves=31
num_cat=0
split_feature=5 8 30 3 1 10 28 1 31 30 1 31 4 18 30 2 11 31 4 8 39 27 25 6 44 4 37 29 18 38
split_gain=3.01261 2.83561 2.0998 2.54981 2.4645 2.43387 1.98315 1.93353 2.41699 2.96265 2.6246 2.38245 2.26136 2.14729 2.98679 2.68089 1.97885 2.87236 2.54531 1.87558 1.79935 1.63047 1.62552 2.01101 1.61769 1.95976 1.58228 1.89634 2.27139 1.93276
threshold=0.067563678174451539 0.5714650238588167 -0.0012245311612419662 17.9345905285935 0.039949139542131994 -0.0024122501366677694 -0.22866892273325143 0.04713804011055233 -0.0078032812434097988 0.0022635691721005417 0.048652978143480914 -0.020370425333173448 -0.27502999462307093 -0.095776899979582622 -0.011998888491094881 0.029914546460490458 -0.29768592830390578 -0.00067086110266980086 -0.27502999462307093 0.23360174667389852 -0.01817030911587417 0.073770332036882005 -0.71367308649087546 0.12709924075286608 -0.011495298573490039 -0.65210710495366075 0.025903218321250105 0.012263878459375059 0.70797063271975125 -0.62712266245677462
decision_type=2 2 2 2 2 2 2 2 2 2 2 2 2 2 2 2 2 2 2 2 2 2 2 2 2 2 2 2 2 2
left_child=1 26 6 4 5 -4 -3 13 9 11 -10 12 -9 14 -2 24 18 -18 -12 -11 -16 -22 -17 -24 -15 -26 -1 29 -29 -28
right_child=7 2 3 -5 -6 -7 -8 8 10 19 16 -13 -14 15 20 22 17 -19 -20 -21 21 -23 23 -25 25 -27 27 28 -30 -31
leaf_value=-0.0010359083570872926 -0.0073162200607120812 0.0056784719568592195 0.0005138473249440517 -0.0054715188537773473 -0.00089261650918992367 0.014458991899218551 -0.0067798327229287875 -0.0073979158678899549 -0.0078469215573088204 0.0012019299180032192 0.0098891451968144539 -0.0050374386099904392 0.0069859608384991063 -0.0060350524839896851 -0.0022778370698520374 -0.0021250935814284195 0.0077294040012503918 4.1238927544315281e-05 0 -0.012756157257857833 0.007594466466697803 0 0 0.016339046527700844 0.0069928282884965083 -0.00055502872411622558 -0.0022138165280380013 -0.0020468961030954357 0.0021769156010536372 0.00051398451476682085
leaf_weight=2095.2466249954887 10.535306656733153 13.416321737691758 21.100982397794724 7.7319537792354813 14.460424634627996 44.319731572642922 22.260568475350738 6.1702650282531968 22.229380973614752 5.5119580104947081 49.206164198927581 44.042293382808566 42.611201051622629 32.884257843717933 14.871091541834174 4.1268803859129575 43.677028493024409 516.16878750827163 48.851115972734988 30.404759306460619 176.95551086775959 22.997382045723498 7.7901237802580026 16.655148494057357 31.926159476861358 161.34592961426824 245.4724078825675 671.54105102084577 127.17932754848152 3033.820322372485
leaf_count=67718 125 131 226 129 191 372 222 87 316 85 466 662 592 550 216 70 639 6388 533 436 2021 285 136 182 334 2200 6301 17579 3432 76635
internal_value=0 -0.000270739 0.00412539 0.00658105 0.00835468 0.0107429 -0.00123524 0.00131849 0.000374739 -0.00326056 0.00112542 0 0.00409013 0.00282647 0.00495429 0.000769339 0.00153073 0.000757263 0.00540465 -0.00999577 0.00584525 0.0066366 0.0087144 0.0116133 -0.000271427 0.000685379 -0.00036666 -1.46116e-05 -0.00132766 0.0002976
internal_weight=7585.51 6296.55 123.29 87.6131 79.8811 65.4207 35.6769 1288.96 808.873 128.74 680.132 92.8238 48.7815 480.088 225.359 254.728 657.903 559.846 98.0573 35.9167 214.824 199.953 28.5722 24.4453 226.156 193.272 6173.26 4078.01 798.72 3279.29
internal_count=189259 172936 1271 918 789 598 353 16323 10204 1862 8342 1341 679 6119 2647 3472 8026 7027 999 521 2522 2306 388 318 3084 2534 171665 103947 21011 82936
is_linear=0
shrinkage=0.03


Tree=124
num_leaves=31
num_cat=0
split_feature=8 7 30 45 4 45 34 25 28 34 3 37 0 27 3 34 4 38 30 26 45 4 26 45 31 30 38 6 45 11
split_gain=3.13841 2.0175 2.12009 1.62318 3.72569 2.84437 2.34552 1.5595 2.15634 1.51039 1.5659 1.41723 1.41039 1.40137 2.80617 1.85315 1.37993 1.33795 1.3224 1.28107 2.4852 2.07747 1.95601 2.16179 2.05729 1.67369 1.23202 1.30893 2.10516 1.71462
threshold=0.42639444488408546 0.062942267757692585 -0.0015839758694152983 -0.0086815185221300138 -0.37698512021171199 -0.01012863582762732 -0.0061227097618446512 -1.0402708463754033 0.4919166843281691 -0.011700927721081994 17.884820383239759 0.086943302895974739 0.095261796057407311 0.01153845624810826 15.602813779506254 0.0054982474488142379 -0.32277679430041845 0.47109118561783886 0.00080751642110836127 -0.023736273845739998 0.00071230840514671591 -0.45374671708286568 0.0071141562277722099 0.0052444656118078173 0.02306098450129172 -0.00069796274435349388 -0.80411599112725163 -0.26052954403003725 0.002113402966065491 -0.45555311676909566
decision_type=2 2 2 2 2 2 2 2 2 2 2 2 2 2 2 2 2 2 2 2 2 2 2 2 2 2 2 2 2 2
left_child=1 12 11 4 6 9 -2 16 18 -6 -11 -3 26 14 -5 -16 -4 -8 -9 20 25 -22 23 -21 -24 -15 -1 28 -28 -29
right_child=3 2 7 13 5 -7 17 8 -10 10 -12 -13 -14 19 15 -17 -18 -19 -20 22 21 -23 24 -25 -26 -27 27 29 -30 -31
leaf_value=-0.002107147955183747 8.5062906529256819e-05 0.013333598939947521 0.0017438103093541418 -0.012911082626408553 -0.0039949450538026574 -0.0093191623842597687 -0.021835026637341458 0 -0.0057497572443164563 0.010483462441231729 -0.00040428706733608026 0 0.0064064169550316873 -0.0060512228383470734 0.010302455573521824 -0.005256230443908206 -0.011065883144401614 0 0.0075934578258445512 0.0044431879543795263 0.0025340099902749903 -0.013397201408821733 -0.00024107484935222685 -0.00077293110027332591 0.0027926311107485924 0.0075506161534811172 0.010350573141600117 -0.0030935930881855855 -0.0033776650016013408 -0.00023493155441484546
leaf_weight=365.49807672761381 5.3749720342457321 20.691527743823826 5.5815008105710175 12.91780971363187 6.8216318096965542 11.642937839031218 10.122913142666219 36.317980458028615 15.997097088024018 29.101871795020998 10.030839323997496 11.571523210499434 21.901169784367085 5.6938354391604689 9.2534530404955131 6.3518020268529645 11.66508528543636 4.349761886522173 48.480182110331953 374.82109716441482 4.6689526587724712 18.252754170447588 476.76385205890983 74.911157538183033 323.59255285281688 18.928460948169231 20.836356102488939 193.39517035195604 9.0602362565696222 5417.2848475319333
leaf_count=10594 51 203 100 150 94 145 126 529 268 304 113 137 298 66 97 70 263 49 560 4174 43 234 6160 869 3390 189 269 5217 172 154325
internal_value=0 -0.000291129 0.00306436 0.00127796 -0.00269266 0.000944193 -0.0125203 0.000777493 0.00247295 0.00479257 0.00728324 0.00939928 -0.00038224 0.00154162 -0.00430034 0.00277492 -0.00611158 -0.0175622 0.00459201 0.00170907 -0.00268455 -0.00920505 0.0019101 0.00350943 0.000957957 0.002902 -0.000417294 -0.000300711 0.00544266 -0.000341476
internal_weight=7581.88 6178.28 150.305 1403.6 77.4449 57.5973 19.8476 118.042 100.795 45.9543 39.1327 32.2631 6027.98 1326.16 28.5231 15.6053 17.2466 14.4727 84.7982 1297.63 47.544 22.9217 1250.09 449.732 800.356 24.6223 6006.07 5640.58 29.8966 5610.68
internal_count=189259 172935 2060 16324 882 656 226 1720 1357 511 417 340 170875 15442 317 167 363 175 1089 15125 532 277 14593 5043 9550 255 170577 159983 441 159542
is_linear=0
shrinkage=0.03


Tree=125
num_leaves=31
num_cat=0
split_feature=5 8 7 27 19 19 37 10 32 5 26 26 3 4 28 1 34 38 2 6 41 28 37 6 38 29 37 42 37 41
split_gain=3.1285 2.44781 1.74892 2.98302 2.59819 3.14029 2.94269 2.38455 2.21741 2.17686 2.68901 2.16788 3.16382 2.0791 3.64418 1.97008 1.86093 2.79394 2.75744 1.83471 1.82016 2.20666 2.13164 1.786 1.87404 1.74832 1.74826 1.64121 1.62143 2.22986
threshold=0.067563678174451539 0.5714650238588167 0.0305328086742182 0.089059359455003706 0.80196747531052848 1.2906370745180904 0.053370794982354058 0.034184752297592561 0.041220094561955814 0.21707014555115703 0.021782517666722668 0.00067054861750397035 19.454252317602151 0.3306394929551893 0.40655137588823115 0.070025167534647756 0.026771405453847364 -0.54805205643164523 0.0060875222879479898 0.10501897549267981 0.0090654316497956692 -0.4313335929572783 0.046341987656509702 0.13528709972114786 0.22816038648778039 0.043272644600804135 0.037735948862093242 0.051925057216668048 0.031662246617943514 0.013448781708976112
decision_type=2 2 2 2 2 2 2 2 2 2 2 2 2 2 2 2 2 2 2 2 2 2 2 2 2 2 2 2 2 2
left_child=1 -1 7 4 9 6 -6 16 -7 10 -4 -5 15 14 19 -13 17 18 -2 -9 22 -22 -18 24 -15 -11 -19 -25 -3 -30
right_child=2 28 3 11 5 8 -8 13 -10 25 -12 12 -14 23 -16 -17 20 26 -20 -21 21 -23 -24 27 -26 -27 -28 -29 29 -31
leaf_value=-0.00036607083955948099 -0.0036787261635645597 0.0063431526193768774 0.0025726951870555488 -0.0070923107493749129 0.0028832847845186803 -0.00083888834487948693 -0.0032908883285624984 0 0.0086222609624235381 0.007543549384535931 0.010144564447687146 -0.0021763890070672261 -0.010979487794489274 0 0.00074382821775333618 0.0052574745056073562 -0.0035398115848426642 -0.0048513443054801703 0.012852647912515636 -0.015898275937284181 -0.0006055382653535605 0.009367422092114221 0.0069236221621511891 0.0064007552271822575 -0.012087694193694211 -0.0061639821828821193 0.00043175702098518793 -0.0043349866248637656 -0.0064258902620160374 0.0054849733351917517
leaf_weight=6163.8072930332273 7.6103560235351351 77.422376576811075 96.121132597327232 37.068296376615763 136.08705486636609 22.643622019328177 131.29116872232407 5.5428882809355846 71.1952139204368 6.6216810084879425 107.00090781133622 41.870101545006037 12.854687879793344 25.155967830680311 22.583358651958406 77.8400570275262 45.275328507646918 86.070469594560564 20.746935197152197 27.931314411573112 19.954258350655437 61.985412703827024 21.879463974386454 39.060466133989394 13.291134879924355 20.170472810044885 123.00810437742621 10.614026198163627 23.687795734032989 22.344712605699897
leaf_count=171665 112 759 1011 404 2007 389 1716 86 825 50 1042 507 173 463 335 735 542 1504 251 396 197 568 219 574 242 184 1651 140 303 209
internal_value=0 -0.000276492 0.00134192 0.00225926 0.00327266 0.00153477 -4.30462e-05 0 0.00610878 0.00578455 0.00685345 -0.001093 0.000563273 -0.00320946 -0.00747083 0.00243382 0.00124764 -0.000297066 0.0076303 -0.013169 0.00383212 0.00669855 0 0 -0.00476366 -0.00117896 -0.00166549 0.00337147 0.00380257 -8.54281e-05
internal_weight=7578.74 6287.26 1291.47 760.764 591.131 361.217 267.378 530.709 93.8388 229.914 203.122 169.633 132.565 144.179 56.0576 119.71 386.53 237.436 28.3573 33.4742 149.094 81.9397 67.1548 88.1216 38.4471 26.7922 209.079 49.6745 123.455 46.0325
internal_count=189259 172936 16323 9043 7224 4937 3723 7280 1214 2287 2053 1819 1415 2236 817 1242 5044 3518 363 482 1526 765 761 1419 705 234 3155 714 1271 512
is_linear=0
shrinkage=0.03


Tree=126
num_leaves=31
num_cat=0
split_feature=5 30 1 18 19 34 2 2 7 2 26 41 2 36 4 42 25 18 19 19 44 30 11 26 32 42 36 8 6 32
split_gain=3.24605 2.46683 2.39998 3.03991 2.61696 3.13359 2.56913 3.14618 4.08065 3.36 2.27232 2.16835 2.1289 2.02418 1.85784 1.81011 2.29058 1.97442 1.5512 1.92608 2.11086 1.94831 1.82696 2.55442 2.48786 2.37989 2.86396 2.23287 1.88739 1.72085
threshold=0.081481501249764735 -0.0065302758329785241 0.05435648200855956 -0.37093939017551514 0.82876645490275991 0.033067603125098745 0.065326631761042558 0.0054348572396289855 0.047364868969903828 0.029914546460490458 -0.0055797511577755981 0.039502415738046935 0.032425438668046681 0.081666565918489351 0.18847624125333165 0.060818177206646645 -0.51286214317647771 0.14289697205679039 1.721626831062079 1.0538961013276713 0.095242867933740663 0.016845037838090611 -0.45555311676909566 -0.048169582492270789 0.060938283488816386 0.12499997240525816 0.023999877938171457 0.036794047963537656 -0.0058509665104660149 0.034612161304158721
decision_type=2 2 2 2 2 2 2 2 2 2 2 2 2 2 2 2 2 2 2 2 2 2 2 2 2 2 2 2 2 2
left_child=18 10 3 13 5 -5 7 8 -4 -9 -2 -6 -12 14 -3 16 -8 -17 19 22 21 -21 23 27 -25 28 -27 -1 -24 -20
right_child=1 2 6 4 11 -7 15 9 -10 -11 12 -13 -14 -15 -16 17 -18 -19 29 20 -22 -23 25 24 -26 26 -28 -29 -30 -31
leaf_value=-0.0013775686217272433 0.0057434925706168266 0.011026006169496822 0.0063446748978337932 0.0092998410857955474 0.0010219837035891684 -0.00070541542561897434 -0.0039595016854482613 -0.0081859111907198242 -0.0045425622339642265 -0.00019133769360222386 -0.010788781830539679 -0.0077444182887347951 0 -0.001873017594744587 0 0.01165377162931215 0.0045719562509689768 0.00046669709390275322 -0.0011744544427842265 -0.00095879923943496641 0.011459802741362629 -0.0060987415174242861 -0.00093881558850376738 -0.0013658497544136237 -0.010579887705432039 0.010397609693212862 -0.005857169000360719 0.012883971849001277 0.00046311564466096963 0.0062666748177177259
leaf_weight=17.747668663039807 11.917742662131785 86.957454366609454 93.399112770333886 61.400958564132452 92.637413457967341 38.819835456088185 41.995669189840555 66.763686571270227 37.844055287539959 163.97896920796484 31.96377111505717 27.91763777192682 25.301916459575295 10.16671105660498 18.195948857814074 37.895405524410307 61.926709682680666 30.752308690920472 35.217787676490843 1903.3385397787206 6.6192175513133398 66.853070286568254 1175.4021641463041 83.54433414991945 43.005883624777198 35.710581105202436 6.6974460696801534 10.10119240824133 3187.9740800592117 63.266166454181075
leaf_count=231 107 902 968 609 1375 361 588 852 446 2185 393 398 287 119 243 344 664 288 871 56655 114 1849 48159 2808 781 481 120 99 64846 1116
internal_value=0 0.00164526 0.0021045 0.00409393 0.00177815 0.0052899 0.000771729 -0.000599736 0.00293364 -0.00275632 -0.00348212 -0.000996727 -0.00619093 0.00801993 0.00929038 0.00375336 0.000825419 0.00742153 -0.000234094 -0.000295791 -0.00107718 -0.00116339 3.71742e-05 -0.00310923 -0.00500824 0.00015764 0.00685071 0.00405575 7.79549e-05 0.00338765
internal_weight=7575.31 939.835 870.652 336.096 220.776 100.221 534.556 361.986 131.243 230.743 69.1834 120.555 57.2657 115.32 105.153 172.57 103.922 68.6477 6635.48 6536.99 1976.81 1970.19 4560.18 154.399 126.55 4405.78 42.408 27.8489 4363.38 98.484
internal_count=189259 11129 10342 4007 2743 970 6335 4451 1414 3037 787 1773 680 1264 1145 1884 1252 632 178130 176143 58618 58504 117525 3919 3589 113606 601 330 113005 1987
is_linear=0
shrinkage=0.03


Tree=127
num_leaves=31
num_cat=0
split_feature=5 8 43 36 40 26 31 7 3 6 43 1 37 40 7 27 29 44 2 4 7 19 3 29 29 26 3 32 42 18
split_gain=3.13291 2.32117 1.64307 2.98842 2.44728 2.18701 1.58044 2.07714 3.63004 2.07816 1.83368 2.49954 1.90611 1.55095 1.5474 2.97768 2.12131 4.59859 3.47443 2.47197 2.38256 2.10744 3.05505 3.16607 2.65758 2.09818 2.82107 1.98038 2.94956 2.37465
threshold=0.067563678174451539 0.5714650238588167 0.013454940267248363 0.019357963315839558 0.00019884424459618529 -0.0015773931064927838 -0.1048846476832669 0.054018570033347736 16.163524362241599 0.14813517829251813 0.57163550342866121 0.01381908602517168 0.026049812458022244 -0.0083289946440419007 0.0305328086742182 0.086956984109088184 0.043272644600804135 0.038232459092294106 1.0000000180025095e-35 -0.66568332729673141 0.029342662661945015 0.80196747531052848 18.248350570631604 -0.0092798474833423166 0.024648096742461781 0.00067054861750397035 19.454252317602151 0.060938283488816386 0.031122431160261369 0.0047953515794688451
decision_type=2 2 2 2 2 2 2 2 2 2 2 2 2 2 2 2 2 2 2 2 2 2 2 2 2 2 2 2 2 2
left_child=1 6 3 5 -5 -3 -1 10 13 -10 12 -12 -8 -9 16 21 20 18 -18 -20 -2 27 24 -24 -23 -17 -27 28 -16 -29
right_child=14 2 -4 4 -6 -7 7 8 9 -11 11 -13 -14 -15 15 25 17 -19 19 -21 -22 22 23 -25 -26 26 -28 29 -30 -31
leaf_value=-0.0063073694362549152 0.0017139371070169149 -0.0010285951342719822 0 -0.013731984747044989 0.0045315797294664248 0.012637245441077041 -0.00099825215247806645 -0.0031658699403979466 0.0010244430359249977 -0.0081865175226519399 0.0028504529361684668 -0.0023964505174261224 0.00020515340714867631 0.0081083336480218902 -0.00069656608537391434 -0.006839093794897699 7.374017819135472e-05 0.010081008816220594 0.00046886121708120359 -0.014825215530533837 -0.005359576341484768 0.0021032379491747154 -0.0037183247525386797 0.0075886441989589555 -0.0043666732513562775 0.0021818800200854717 -0.010104750659442654 0.0067198757404278364 0.010895126614189714 -0.0012330567174882274
leaf_weight=35.567931634839624 403.24508440308273 7.6106165740638962 57.514066058211029 6.0461765248328438 9.0242311842739564 43.264454896561801 1819.5670850370079 5.7473888006061307 105.55623045749962 21.834691613912582 83.209391735959798 698.52100824890658 3300.4638334685005 84.869508911855519 18.455730208195746 38.125455189496279 29.348941748030484 11.181496821343897 7.1233130553737274 37.589629204943776 41.56225608382374 141.43879617005587 20.904623093083501 103.03689819574356 87.430400480050594 133.92382537107915 13.828907352872191 55.786847218871117 86.391999064944685 62.248547340743244
leaf_count=684 5564 91 585 82 96 417 59584 89 1930 349 2119 18709 86957 1244 215 432 382 110 78 564 582 1963 316 1315 1218 1401 195 509 860 619
internal_value=0 -0.000277041 0.003694 0.00674919 -0.0028965 0.0101469 -0.000364493 -0.000319934 0.00250324 -0.000577261 -0.000431331 -0.00178526 -0.000217218 0.00695136 0.00134262 0.00220563 3.75569e-05 -0.00410066 -0.00712332 -0.0119831 0.000934072 0.00327688 0.00167103 0.00537865 -0.000280574 -0.000953935 0.000542404 0.00559474 0.00864277 0.00240223
internal_weight=7570.42 6278.8 123.46 65.9455 15.0704 50.8751 6155.34 6119.77 218.008 127.391 5901.76 781.73 5120.03 90.6169 1291.62 761.572 530.051 85.2434 74.0619 44.7129 444.807 575.694 352.811 123.942 228.869 185.878 147.753 222.883 104.848 118.035
internal_count=189259 172936 1271 686 178 508 171665 170981 3612 2279 167369 20828 146541 1333 16323 9043 7280 1134 1024 642 6146 7015 4812 1631 3181 2028 1596 2203 1075 1128
is_linear=0
shrinkage=0.03


Tree=128
num_leaves=31
num_cat=0
split_feature=0 6 31 6 28 7 10 43 25 2 1 0 10 31 33 4 4 42 10 0 31 4 6 1 29 25 45 39 25 31
split_gain=2.97331 2.74892 2.29755 2.61897 2.14877 3.59308 3.27901 3.2516 2.19933 2.12848 2.21478 3.04335 2.35871 2.44806 2.39995 2.04756 1.9651 1.95807 1.93709 1.85085 3.25386 2.94262 1.8154 2.47528 1.94065 1.69719 1.58111 1.97099 1.93826 1.56333
threshold=0.031540110511550305 -0.12244669099768295 0.013170916531044916 0.1519222419267017 -0.41054315376471789 0.030223373569431722 0.085010795674341069 0.20489335780720544 -0.75908336960224265 -0.060474482609434048 0.040462392933637258 -0.0021574241835566827 -0.031144161987503 0.030162406561798239 0.216310952699617 0.30305749918453456 0.58369088441936434 0.039855053528245012 0.035463082695680777 0.0034687030980543412 0.019746681891096202 0.091724250755007133 0.13251050186348715 0.026086934572805313 0.0381870000768618 -0.16350361641202041 -0.0014022652661482584 0.0024840153602400483 -0.45059555239996107 0.0065147571579516521
decision_type=2 2 2 2 2 2 2 2 2 2 2 2 2 2 2 2 2 2 2 2 2 2 2 2 2 2 2 2 2 2
left_child=9 16 3 -3 5 -4 17 -8 -7 26 18 12 14 -14 -12 25 -2 -6 22 21 -21 -13 24 -24 -11 -5 28 -28 -1 -20
right_child=1 2 4 15 6 8 7 -9 -10 10 11 19 13 -15 -16 -17 -18 -19 29 20 -22 -23 23 -25 -26 -27 27 -29 -30 -31
leaf_value=0.01300923052097314 0.011305187552335056 -0.0014530352171276107 0 0.0025733703698064552 0 0 -0.011176184153074458 0.002792126451153498 0.012400873012394084 -0.00024308986242737354 -0.00041917628388634851 -0.010595650598845301 -0.0003127474518716029 0.003575834822275312 -0.0070094478309361179 -3.3688362160202625e-05 -0.0011325281828235311 0.0047602921881112785 0 -0.0036301116773273709 0.00094782253322931017 -8.4826626874662128e-05 0.0049344923041146228 9.0726880154095777e-05 0.0041009203388294117 0.012441610979692368 -0.0025251857117173917 0.004538313240177708 0 -0.015138148794567584
leaf_weight=22.160430249758065 36.312560379505157 422.48171164793894 45.448439921252429 73.444016924127936 124.59233415173367 14.794493675231932 29.389757375232875 18.853778881020844 59.244108590297401 4051.335229201708 158.23567186482251 60.463894427753985 577.34647644171491 185.15895132953301 76.373844178393483 102.12033756263554 8.9621829772368056 158.91407248284668 14.656043568160387 385.3712421762757 201.13982122484595 47.283538706600666 150.73692823667079 277.80475329700857 89.254122416488826 22.834936016239226 59.357154572382569 68.453676322940737 15.144761952571569 8.6991575574502331
leaf_count=327 424 10450 705 969 2205 186 296 169 622 117334 3971 1211 16941 3254 1994 1385 116 2016 318 9344 3231 1110 1812 3950 2031 219 1232 1048 239 150
internal_value=0 0.00142512 0.0010661 -7.44195e-05 0.00268477 0.0061225 0.00128498 -0.00540429 0.00999767 -0.000247839 -0.000341517 -0.00126784 -0.0001706 0.000609572 -0.00279125 0.00267734 0.00837863 0.00260119 0 -0.00278835 -0.00201468 -0.00645751 4.91056e-05 0.00190095 -0.000137381 0.00570876 0.0030462 0.00106047 0.00821095 -0.00781631
internal_weight=7566.37 1117.39 1072.12 620.881 451.237 119.487 331.75 48.2435 74.0386 6448.98 6283.86 1691.37 997.115 762.505 234.61 198.399 45.2747 283.506 4592.49 694.258 586.511 107.747 4569.13 428.542 4140.59 96.279 165.116 127.811 37.3052 23.3552
internal_count=189259 19762 19222 13023 6199 1513 4686 465 808 169497 166651 41056 26160 20195 5965 2573 540 4221 125595 14896 12575 2321 125127 5762 119365 1188 2846 2280 566 468
is_linear=0
shrinkage=0.03


Tree=129
num_leaves=31
num_cat=0
split_feature=8 43 31 35 44 35 8 33 43 29 39 7 31 3 41 1 0 35 7 45 6 6 5 35 5 7 5 31 1 41
split_gain=2.93646 1.66194 2.28521 2.42122 1.91867 3.19629 2.17661 2.08047 2.89228 2.03132 1.83515 2.46179 3.08295 2.34195 2.34003 2.03468 1.79148 1.69932 1.50525 1.4274 1.32725 2.21096 2.0735 3.18854 1.70813 1.89251 3.60456 2.04569 1.55554 1.35706
threshold=0.40096575844821764 -0.66593545261250753 0.095262188174634527 0.00053727833841989592 -0.012306600533312546 0.00072453137330621639 0.43996191041618721 0.98089609755872698 -0.27506451385105096 -0.0075904087832502328 -0.015183056750525696 0.029617770570851649 0.010769185620874956 15.621155179913625 0.014285943663411979 0.047513828514543353 -0.0025654536694125932 -0.0012135441725875014 0.062942267757692585 0.0085575842899309213 -0.016229048510533802 -0.090295962953115635 -0.086584283147530403 0.00044201731839035705 -0.024745261063090659 0.033325112682712633 0.054246705771767607 0.051685099707298433 0.029863058994552379 0.033060304729366587
decision_type=2 2 2 2 2 2 2 2 2 2 2 2 2 2 2 2 2 2 2 2 2 2 2 2 2 2 2 2 2 2
left_child=18 10 4 -4 5 6 -3 16 -9 -7 -2 12 15 -13 -14 -12 -6 -15 20 -20 21 -1 23 -23 29 27 -27 -26 -24 -22
right_child=1 2 3 -5 7 9 -8 8 -10 -11 11 13 14 17 -16 -17 -18 -19 19 -21 24 22 28 -25 25 26 -28 -29 -30 -31
leaf_value=0.00031963552224702994 -0.0035884285576698025 0 0.00022398547853250074 -0.01439312131322051 0.0024015353376349515 0.0065693946306533057 0.0088527242198999292 -0.0053175575542611427 0.007974170403228566 -0.0028506425164223363 0.0086745159503633217 -3.2933944073356076e-05 -0.0071256930833116195 0 0.0085575057584231611 -0.0032509530454296427 -0.00050443139050593093 0.015107585300237191 0.0011191574420784242 0.0099814070718910915 0.0011933898637673502 0.010133329571338846 -0.0010406296393218628 -0.0028679402105413819 -0.00010510219510019767 -0.0034668760439057061 0.00095048997051346137 0.0035293967361095359 -0.0034387998382241058 0.0078383449868810323
leaf_weight=618.77479883050546 18.179475323297083 26.104381088167429 14.332867804914715 13.207582352682946 237.04320955276489 22.2793506719172 92.123842039145529 12.316483998671172 61.367733126506209 75.604126505553722 47.5895986398682 12.048792388290165 37.036768828518689 10.842607399448751 4.7364172525703898 9.9002511706203205 882.78223485965282 37.475326982326806 130.04182294290513 16.627500465139747 209.6051203077659 27.169979804195464 583.01073752110824 27.199594137258828 3001.2733069113456 405.00800696248189 262.12895254790783 140.86391988117248 494.32152918959036 31.617849668953568
leaf_count=16582 237 399 123 139 2630 317 1152 152 585 1055 466 101 457 97 41 134 10899 308 1865 168 7279 371 28054 439 75789 10318 4327 1716 22231 828
internal_value=0 0.00113243 0.0007606 -0.00699848 0.0009576 0.00354592 0.00677288 0.000451057 0.00517443 -0.000199884 0.00387069 0.00498559 0.00154923 0.00962643 -0.00398138 0.00604497 9.19699e-05 0.012375 -0.000308183 0.00261758 -0.000389515 -0.00108002 -0.00186973 0.00343008 -8.27437e-05 -0.000246101 -0.00169243 5.36506e-05 -0.00217952 0.00232769
internal_weight=7562.61 1614.97 1437.16 27.5405 1409.62 216.112 118.228 1193.51 73.6842 97.8835 177.809 159.63 99.263 60.3667 41.7732 57.4898 1119.83 48.3179 5947.64 146.669 5800.97 1750.48 1131.7 54.3696 4050.5 3809.27 667.137 3142.14 1077.33 241.223
internal_count=189259 19292 17451 262 17189 2923 1551 14266 737 1372 1841 1604 1098 506 498 600 13529 405 169967 2033 167934 67677 51095 810 100257 92150 14645 77505 50285 8107
is_linear=0
shrinkage=0.03


Tree=130
num_leaves=31
num_cat=0
split_feature=5 33 33 38 2 37 34 44 7 18 26 27 26 43 31 2 19 19 8 5 7 5 34 42 18 35 27 26 40 8
split_gain=3.08624 1.89495 2.70673 2.20528 2.08918 2.19269 2.01689 1.81411 2.46179 1.57429 1.80744 4.4969 3.27886 1.79823 1.86859 1.49681 1.94302 1.63081 1.45667 2.2442 2.72929 3.14009 2.98876 1.80203 1.57464 1.52841 2.35819 1.69986 1.52432 1.31156
threshold=0.07284374430505626 -0.82689249566170619 -0.56819768917083102 -0.040415165220930575 0.065326631761042558 0.093723139993191221 -0.0047349955754262801 0.034225111122730141 0.030379584242392569 -1.599326742785167 -0.0021574617758758218 0.086956984109088184 0.013184027855748568 0.20489335780720544 0.0093212573615714094 -0.067175874511702247 1.2345790702599218 1.0000000180025095e-35 -0.02256631097260715 -0.02693106231457398 0.033325112682712633 0.055303843546555161 0.058011165796649194 0.090909095192572453 0.4802383511418471 0.00019884424459618529 0.04675716807440744 -0.028114338852682632 -0.0057703979947873784 0.16991255149978921
decision_type=2 2 2 2 2 2 2 2 2 2 2 2 2 2 2 2 2 2 2 2 2 2 2 2 2 2 2 2 2 2
left_child=15 3 4 -2 5 6 -3 8 -5 13 11 -11 -12 14 -4 16 17 -1 23 25 22 -22 -21 -17 28 27 -27 -20 -25 -19
right_child=1 2 9 7 -6 -7 -8 -9 -10 10 12 -13 -14 -15 -16 18 -18 29 19 20 21 -23 -24 24 -26 26 -28 -29 -30 -31
leaf_value=0.011684404075896932 -0.0018234603445792391 -0.0010282972499327666 0.0016908547361514541 0 0.0037728204313623331 0.0015577211453743699 -0.015642778498405504 0 0.01678801439604467 0.0070677579112882437 -0.0027416611880980283 -0.0047789872540216893 0.0022392754283731245 0.0029470044384562253 -0.0073595130133904474 -0.0012665921284656444 0.0087406032874615073 -0.0036671109492384044 -0.0064696829363892977 2.2627309435203649e-05 -0.003166466921016227 0.0022477984266513927 0.0065728946502229164 -0.0066104730205595518 0.0075230637725262487 0 0.0092769031397333598 0.0030603505815753732 0.0019195139957345184 0.0046871713957770096
leaf_weight=5.0098322229459873 15.467080854810773 20.356626059859988 22.081109460443258 13.078127010725437 14.345223404467104 13.033905747346578 22.493858787231151 13.122810924425719 25.415109395980835 139.24350979924202 140.01212747395039 29.142492086626589 581.46153302397579 38.988294159993529 53.212433184497058 1817.8661193158478 32.481485074386001 54.883926280308515 20.906612526625395 3543.12351949187 465.43808868061751 110.73777028592303 59.029770178720355 18.066159880720079 31.718223229516298 44.450697838328779 57.985723817721009 42.567977329250425 93.898367422167212 16.677376509644091
leaf_count=47 186 301 308 168 156 137 306 134 258 1606 1782 325 7268 492 670 74497 493 1223 524 77639 11425 1928 624 375 477 1446 1277 1318 1685 184
internal_value=0 0.00143377 0.00107833 0.00624041 -0.00432113 -0.00703075 -0.0101599 0.00913432 0.0120892 0.00150524 0.00194666 0.00476573 0.00121914 -0.00161794 -0.0043917 -0.000256042 0.0031264 0 -0.000321722 -8.06701e-06 -0.000152588 -0.00206387 0.000147248 -0.000999332 0.00210914 0.00335403 0.00554071 0 6.29129e-05 -0.00114935
internal_weight=7556.3 1141.45 1074.37 67.0831 70.2296 55.8844 42.8505 51.616 38.4932 1004.14 889.86 168.386 721.474 114.282 75.2935 6414.84 109.053 76.5711 6305.79 4344.24 4178.33 576.176 3602.15 1961.55 143.683 165.911 102.436 63.4746 111.965 71.5613
internal_count=189259 14097 13351 746 900 744 607 560 426 12451 10981 1931 9050 1470 978 175162 1947 1454 173215 96181 91616 13353 78263 77034 2537 4565 2723 1842 2060 1407
is_linear=0
shrinkage=0.03


Tree=131
num_leaves=31
num_cat=0
split_feature=5 8 10 10 33 38 4 27 36 38 19 45 19 2 35 7 36 35 18 45 43 32 2 29 26 8 1 8 26 27
split_gain=2.80128 2.08392 1.95129 1.96529 1.95004 2.12969 4.10745 2.59298 2.20246 2.09499 2.19478 1.98016 1.93136 1.88222 1.84103 1.79773 2.96679 2.42884 1.7266 3.46122 2.76147 2.72407 4.98852 2.59288 2.3873 1.50448 3.12452 3.90251 3.34552 3.05421
threshold=0.067563678174451539 0.5714650238588167 -0.0072431414116644445 -0.018831736769147144 -0.82689249566170619 0.2221979671037291 -0.6023179210016697 0.10455300079503439 0.0090735686470421566 -0.040415165220930575 0.76911209174403328 -0.0008818368715310924 1.1067823466233138 0.017625179336207195 -0.0055441246465627037 0.028383580033844735 0.09526382205353072 0.0026294153207729923 -0.019990195787631032 0.002687882560392527 0.16737471219722536 0.040942236503559243 0.0027247626684932867 0.043272644600804135 -0.0051558885805523509 0.47075309541247651 0.021008582320511813 0.51871108800206422 0.0022714280278014346 0.027978351111240179
decision_type=2 2 2 2 2 2 2 2 2 2 2 2 2 2 2 2 2 2 2 2 2 2 2 2 2 2 2 2 2 2
left_child=1 25 3 -3 9 18 7 8 -7 -2 -11 -12 13 14 -4 17 -17 -8 19 20 -6 24 -23 -21 -20 -1 27 29 -29 -27
right_child=4 2 12 -5 5 6 15 -9 -10 10 11 -13 -14 -15 -16 16 -18 -19 21 23 -22 22 -24 -25 -26 26 -28 28 -30 -31
leaf_value=-0.00024087451413316106 -0.0016615607829552276 0.0056591348829217736 -0.00049159471032572796 -0.0089395751293239855 -0.00075931994212937934 -0.0030477846229666553 -0.0075538453384176229 -0.0037572493268608798 0.011698590634811849 0.014297094524949485 -0.0068860414982150698 0.0066521253055281263 -0.0047151577492738298 0 0.010758613542093995 0.00046081758710387135 -0.011651084716228711 0.0011579633128195712 0.0071707370688585542 0.011367529014448817 0.0047432760757384835 -0.0034261704532053939 0.0050465003707841054 0 -0.0044721851180244175 0.011923638804056358 -0.0047600624102919998 -0.01533216976526694 0.0016835839231724161 -0.0023397354939757322
leaf_weight=5878.3313370682299 17.090624608099461 6.9873051811009672 9.5732384938746673 15.858974142000077 174.79238245356828 5.4065353395417324 86.288605766370893 11.615910341031848 41.93088373914361 26.763388946652412 9.0262779360637087 22.011646244674921 8.4664337653666717 20.766982866451144 62.663418292067945 226.97438029199839 14.553829498589037 32.330281069502234 11.834068175405262 63.873137542977929 136.83187985420227 86.252205886878073 179.33806392922997 22.318025214597583 120.59338227286935 33.921625709161162 180.27699811756611 11.72265023365617 18.587689430452883 13.786372501403092
leaf_count=168148 214 80 88 204 2256 69 1290 117 410 226 115 289 129 242 528 2779 185 449 171 711 1623 1051 2064 243 2061 307 2723 126 190 171
internal_value=0 -0.0002625 0.00348615 -0.00318292 0.00127029 0.000937994 -0.000736618 0.00617447 0.0093109 0.00588944 0.00855434 0.00147343 0.00534844 0.00676449 0.00894395 -0.00201913 -0.000368824 -0.00498591 0.00185643 0.00325221 0.00159883 0.000363886 0.00217161 0.00848559 -0.00299041 -0.000346101 -0.00257688 0.00208929 -0.00528691 0.00740177
internal_weight=7550.77 6260.94 124.316 22.8463 1289.83 1214.93 419.1 58.9533 47.3374 74.8919 57.8013 31.0379 101.47 93.0036 72.2367 360.147 241.528 118.619 795.833 397.815 311.624 398.018 265.59 86.1912 132.427 6136.63 258.295 78.0183 30.3103 47.708
internal_count=189259 172936 1271 284 16323 15479 5299 596 479 844 630 404 987 858 616 4703 2964 1739 10180 4833 3879 5347 3115 954 2232 171665 3517 794 316 478
is_linear=0
shrinkage=0.03


Tree=132
num_leaves=31
num_cat=0
split_feature=8 42 42 31 36 0 43 43 31 25 38 0 38 3 34 33 33 31 26 3 27 28 1 1 37 6 43 7 33 27
split_gain=2.70158 1.88018 1.90631 1.85517 2.72382 2.04918 1.73596 2.11063 2.60761 2.0898 2.0797 1.92643 2.5336 2.61787 2.00145 1.70762 1.70173 3.48153 2.8865 2.36169 2.14937 1.98053 2.02238 2.42717 2.0872 1.91647 1.86294 1.70767 4.44168 2.92648
threshold=0.40096575844821764 0.036156192854354736 0.029794879672176072 -0.013168317535253356 0.026512002357483584 -0.036197404896622841 0.11668453978612005 0.57163550342866121 0.0069084840853032353 -0.73563322670674791 -0.42439680339979796 0.063513449760970578 0.43287159661746172 16.765923891912646 0.054160581758386991 0.32367110436991725 -0.66576777202887871 -0.015089305779829964 0.0075337835467283861 13.328313564885308 0.011173219606844141 -0.0092568819670839613 0.014260312476914947 0.021879214321042909 0.023952156006458943 0.28514216008795229 -0.31738903618253372 0.026375016787732238 -0.22355369605167216 0.040965539397061178
decision_type=2 2 2 2 2 2 2 2 2 2 2 2 2 2 2 2 2 2 2 2 2 2 2 2 2 2 2 2 2 2
left_child=1 2 3 -1 5 -5 11 9 -9 -8 -11 12 14 -14 -3 -10 17 25 19 -19 -18 22 24 -24 -22 -2 -21 28 -23 -29
right_child=16 6 -4 4 -6 -7 7 8 15 10 -12 -13 13 -15 -16 -17 20 18 -20 26 21 27 23 -25 -26 -27 -28 29 -30 -31
leaf_value=0.0010815204089042847 -0.011399921731443219 0.00021019283751344011 -0.0020936590763096208 -0.0066230180955749503 0.0020735839148312602 -0.0009993329973051739 -0.00041357053207007641 -0.0020161870511690391 0.0043520558867254124 -0.00029942455314481864 0.0040270093010605886 0.0041628800902636636 -0.00057092204065163155 -0.0076341214569469081 -0.005569959209832406 -0.00092262187527416672 -0.0069409763899686795 -0.0007849236659365459 0.0012384778288330245 0.00058452759175767492 0 -0.0066088052778642166 -0.0029781440796884627 0.0021843205341897953 0.013603672676209327 0.0028132944904580722 0.014967406277794774 0.0079373210920972177 0.00052892296627831694 0
leaf_weight=596.90843621408567 14.446580973453822 931.25314040947706 752.25280229235068 58.000317314174026 248.81471626646817 1757.9788903514855 191.32089972263202 322.09313957253471 128.49333940865472 112.40278244763613 433.87722934130579 69.655568409711123 121.90554574877024 85.733823189511895 51.995661733206362 78.187695880886167 26.466811471618712 10.037320489063857 84.000945749692619 15.542496509850023 18.12426246330142 109.748939499259 85.362581020221114 621.94733323156834 21.898192903026938 7.6058251634240142 44.958434180356562 44.776136103086174 225.89128844439983 277.30667037609965
leaf_count=18746 188 25492 23142 2231 4835 56704 5272 8709 2854 2877 10611 1011 2902 2170 826 1585 325 95 886 155 161 1577 961 7404 163 59 404 593 3238 3083
internal_value=0 -0.000295408 -0.000756723 -0.00036441 -0.000798509 -0.00121311 0.000316259 0.0011057 -0.000290874 0.00214249 0.00308774 -0.000454361 -0.000765787 -0.00373932 -9.1748e-05 0.00224026 0.00108886 0.00386556 0.00556715 0.00990164 0.000713186 0.000902743 0.00195909 0.00150263 0.00829692 -0.00577492 0.0120572 -0.000257983 -0.00177968 0.00123901
internal_weight=7548.99 5940.87 3413.96 2661.7 2064.79 1815.98 2526.92 1266.38 528.774 737.601 546.28 1260.54 1190.89 207.639 983.249 206.681 1608.11 176.592 154.539 70.5383 1431.52 1405.06 747.332 707.31 40.0225 22.0524 60.5009 657.723 335.64 322.083
internal_count=189259 169967 105658 82516 63770 58935 64309 31908 13148 18760 13488 32401 31390 5072 26318 4439 19292 1787 1540 654 17505 17180 8689 8365 324 247 559 8491 4815 3676
is_linear=0
shrinkage=0.03


Tree=133
num_leaves=31
num_cat=0
split_feature=8 33 43 25 43 38 3 42 19 42 31 37 36 0 40 41 41 19 43 36 1 40 19 40 2 1 42 26 41 35
split_gain=2.89857 1.8507 2.75491 2.99288 2.3991 2.21316 1.92597 1.83304 1.81968 1.74437 1.85928 2.1147 1.67525 2.0488 1.65742 3.44693 2.89266 3.12819 2.87881 2.78277 1.67309 2.09168 3.87158 2.96963 1.57532 1.56051 1.53618 1.96679 2.21041 1.5352
threshold=0.40096575844821764 -0.66576777202887871 0.23990757011523736 -0.42899386287298863 1.4107101034688319 -0.080999774222679108 17.299203206016813 0.036156192854354736 0.36878636842451323 0.029953964340492484 -0.00067086110266980086 0.025903218321250105 0.032236473533298414 -0.033396954785860099 -0.00030168631091931 -0.0021541457909393601 0.00170386911550385 0.46257380140113186 0.76354988379578004 -0.0067686836958261876 0.014260312476914947 0.00022465348747046344 0.93079199764494813 0.00036926412333443859 0.0093167657023627091 0.012511192996045513 0.045592674293162584 -0.026300455849062501 0.0075188467012827854 0.0044827816734608816
decision_type=2 2 2 2 2 2 2 2 2 2 2 2 2 2 2 2 2 2 2 2 2 2 2 2 2 2 2 2 2 2
left_child=7 2 25 6 5 -5 -4 9 26 10 11 -1 13 -12 15 18 -17 -18 19 -3 -16 22 -22 -23 -14 -2 -9 -28 -29 -27
right_child=1 14 3 4 -6 -7 -8 8 -10 -11 12 -13 24 -15 20 16 17 -19 -20 -21 21 23 -24 -25 -26 29 27 28 -30 -31
leaf_value=-0.000899963894633049 -0.0040876393879014945 0.0027028163266741958 0.012051771011149846 0.0006595757958475977 0.0049602564220849656 -0.013491086453087839 -0.0013286474032520035 0.007159379824877115 5.1695554476238414e-05 -0.0020729825954972172 -0.0071818007240363468 0.0015621571822581877 0.0040143730256171394 -0.0011781070487244388 0.007009286941829538 0.0068787667153160769 -0.0061274790771015568 0.0010306507749044179 0.0083743813496313969 -0.0090037727159345479 0.0082262851593690994 -0.0066713971911479429 -0.0019103773049121214 0.00098691764944990219 -0.0031534999179867584 0.0093070546118351923 0.006755373899446835 -0.0053390014745470999 0.0030495757272124744 0
leaf_weight=555.41504787513986 4.6083539128303519 15.951210709288715 15.408906435593964 8.6837096046656352 8.0198595281690341 23.980109009891748 10.105310562066732 55.484987298492342 2340.0918764807284 724.76087387884036 51.240978409536183 687.14288285980001 95.253956663887948 1264.8228068239987 43.941078750416636 52.549164588563144 63.61702623963356 259.7271556314081 6.5920115523040286 84.731418854556978 86.168854983523488 43.036700143478811 44.908378141932189 727.79479983635247 29.308632426895201 87.741214098408818 34.706363131292164 50.39225013460964 49.37688739458099 19.807809516787529
leaf_count=20849 42 243 140 86 66 253 123 1090 60911 22465 2013 19574 1673 38588 380 602 627 3155 58 1247 970 536 683 9004 496 884 454 1024 830 193
internal_value=0 0.00112812 0.00400584 -0.000442036 -0.00563365 -0.00934445 0.00641976 -0.000306066 0.000296871 -0.000762255 -0.000393854 0.000438363 -0.00113144 -0.00146087 0.000735316 -0.000647234 0.000651781 -0.000358186 -0.00529254 -0.0068251 0.0014728 0.00113283 0.00459031 0.000480434 0.00203967 0.00679398 0.00308449 0.000991704 -0.000953648 0.00768767
internal_weight=7545.37 1607.37 178.355 66.1979 40.6837 32.6638 25.5142 5938 2530.05 3407.95 2683.18 1242.56 1440.63 1316.06 1429.02 483.168 375.893 323.344 107.275 100.683 945.85 901.909 131.077 770.831 124.563 112.157 189.96 134.476 99.7691 107.549
internal_count=189259 19292 1787 668 405 339 263 169967 64309 105658 83193 40423 42770 40601 17505 5932 4384 3782 1548 1490 11573 11193 1653 9540 2169 1119 3398 2308 1854 1077
is_linear=0
shrinkage=0.03


Tree=134
num_leaves=31
num_cat=0
split_feature=8 0 6 34 36 19 8 0 44 6 8 5 29 1 44 4 0 18 40 3 44 39 37 44 3 39 0 7 34 8
split_gain=3.04238 1.65903 2.3149 2.38001 2.34088 2.08209 1.98476 1.87029 2.14043 2.23865 2.00003 2.68255 1.88304 1.72024 1.59103 1.52529 1.47952 1.47387 1.32849 1.30782 1.26934 2.9433 3.18855 2.57931 3.04434 2.50767 3.26969 2.48421 2.2845 2.26055
threshold=0.37861418174568545 0.030153060664754105 -0.12244669099768295 0.014157929164458488 -0.009950319264866234 1.5641394446426153 0.28539621805134924 0.0090810551718038621 0.095242867933740663 0.07483059231509416 -0.13882297691579629 -0.062011904489249918 -0.037241980833961755 0.079754701166319372 -0.0056533414598207276 -0.76040038348306538 0.038399156180143973 -0.30292049101534851 0.015138458025456396 18.042115795322612 -0.012306600533312546 0.025325546861937227 0.049818849304135056 -0.010547079773590663 15.582991678782689 0.0071776930025852512 0.026529259883025961 0.030856643563502251 0.041508079302664001 0.44713375989194892
decision_type=2 2 2 2 2 2 2 2 2 2 2 2 2 2 2 2 2 2 2 2 2 2 2 2 2 2 2 2 2 2
left_child=1 5 13 16 19 7 -6 10 9 -9 12 -12 -1 -3 -7 -16 -4 -17 -18 -5 21 25 -23 24 -22 26 -2 -28 29 -27
right_child=20 2 3 4 6 14 -8 8 -10 -11 11 -13 -14 -15 15 17 18 -19 -20 -21 23 22 -24 -25 -26 28 27 -29 -30 -31
leaf_value=0.0023948078235430151 -0.001850408982687328 0.011076556084413613 0.0014958600530007198 -0.004262891623508464 0.0084760807380733598 -0.00050713148121211027 0 -0.0011615445641815307 0.011575318421449564 -0.0046557386727192254 0.0054025282741189699 -4.1515053745076753e-05 -0.001852727697262406 0 -0.0041106188694857142 0.00070668090494112811 -0.0026203014611200742 0.0090003235230867694 0.0049444761741082787 0.0047548350972708439 0.0034251755959575992 -0.011054313551246277 0.0013481119524902999 0.00091913932021040357 -0.011464559130614482 0.0016418085742662581 -8.0470173917638453e-06 0.011370872185880489 -0.00057579138959649079 0.014888257293773995
leaf_weight=94.170355414040387 78.112318334169686 29.504983684048057 164.75496468134224 39.63229891192168 77.543152433820069 72.21669312287122 36.480103604495525 974.95958212623373 5.3399551594629875 208.35488294064999 78.820101130288094 2608.9003292946145 937.33493301318958 17.684192892163992 8.144452980719505 41.438063024543226 259.5677004866302 57.807323100976646 15.608119487762449 14.565012101083992 12.801441654562948 18.997317182831466 69.031944564543664 1454.4150454327464 27.872065091505647 24.29162429459393 20.819881521165371 36.518881686031818 12.796734988689421 43.566586164757609
leaf_count=1760 1291 370 4380 803 1119 1712 448 28063 63 4867 1568 74310 37668 206 198 1009 6676 1147 374 258 160 268 818 17532 448 341 405 385 136 476
internal_value=0 -0.000337356 0.00106308 0.000485435 0.00349304 -0.00052451 0.00590053 -0.000646459 -0.0016855 -0.00181904 -0.000304512 0.000116731 -0.00142633 0.00717296 0.00257256 0.00484093 -0.000623515 0.00602524 -0.00200357 -0.00113577 0.00107474 0.00285814 -0.00145621 0.000683636 -0.00625944 0.00474443 0.0018377 0.00708866 0.0088835 0.0109962
internal_weight=7542.05 5742.83 655.341 608.151 168.221 5087.49 114.023 4907.88 1188.65 1183.31 3719.23 2687.72 1031.51 47.1892 179.607 107.39 439.931 99.2454 275.176 54.1973 1799.22 304.135 88.0293 1495.09 40.6735 216.106 135.451 57.3388 80.6549 67.8582
internal_count=189259 166999 14634 14058 2628 152365 1567 148299 32993 32930 115306 75878 39428 576 4066 2354 11430 2156 7050 1061 22260 4120 1086 18140 608 3034 2081 790 953 817
is_linear=0
shrinkage=0.03


Tree=135
num_leaves=31
num_cat=0
split_feature=8 7 5 29 32 6 43 4 11 34 34 6 33 32 34 43 3 7 4 6 31 44 18 36 44 19 44 3 43 3
split_gain=2.93736 1.34553 2.53055 2.51501 2.29823 2.19182 1.95596 2.1322 1.94848 2.42436 1.91965 2.09916 1.7629 1.63875 1.54841 1.52519 1.96035 1.73865 1.69889 1.6377 1.48281 1.45057 1.28288 1.27535 1.21765 2.61073 1.99779 2.80469 2.05059 3.02993
threshold=0.37861418174568545 0.022234020722998623 0.053172028781782295 0.035468618746103305 0.043158405887095165 -0.019179152296516618 0.11668453978612005 1.0620411306823876 0.35429187353018032 -0.02091040827590767 -0.011119109959034807 0.090176593548982678 -0.50335808369290003 0.053869681111371477 0.041508079302664001 -0.1906766320744335 14.853476120323698 0.03606242780139738 -0.48595387083113012 -0.15806103920390471 0.0071048709799155845 0.017089872559687528 0.18270002772757388 0.0015205260551065117 -0.012306600533312546 1.1289958664299085 -0.010547079773590663 15.582991678782689 -0.49483128059329745 14.338064534895148
decision_type=2 2 2 2 2 2 2 2 2 2 2 2 2 2 2 2 2 2 2 2 2 2 2 2 2 2 2 2 2 2
left_child=1 2 4 10 5 -1 15 8 14 -10 -4 -12 -6 -14 -8 16 22 23 -18 -19 -7 -9 -3 -17 25 -2 27 -26 29 -28
right_child=24 6 3 -5 12 20 7 21 9 -11 11 -13 13 -15 -16 17 18 19 -20 -21 -22 -23 -24 -25 26 -27 28 -29 -30 -31
leaf_value=-0.0027352453943030085 0.0039182653489147684 0.00410698176494539 0.0020071325676407248 0.0035829878975010055 -0.0060569404831043658 0.00018156705257253952 0.00018915389794528725 -0.0080178913430418441 -0.0019419090291338125 0.0054136143626765006 -0.01340209501932154 0 0.00462958594451102 0 0.0038312053349801615 -0.0019718957275591063 -0.0033116226830749926 0.0019513864097347323 9.5211145395060649e-05 -0.0045369356018780047 -0.0017812828722715769 0.00040654631341413897 -0.00042913401220543665 0.00071429629661789746 0.0035412183086355902 -0.0037962495643135028 -0.0033487154411150329 -0.010781021641729224 0.0003812167040630465 0.005311250555586876
leaf_weight=510.82987130573019 265.68488677497953 159.38399670831859 6.8658515987917772 12.305405352264641 16.481291457079351 1039.8611842771061 890.2382519193925 33.62564548663795 42.252584222704172 174.93923142598942 43.171087640337646 11.62531496118754 145.6557373800315 106.06932118721306 117.99218672513962 294.97024676576257 148.44935228442773 31.547948393970728 830.72663683770224 218.84359359182417 498.27858600625768 22.387854249216616 66.90780976228416 313.98350616823882 12.986652988940476 38.262396600097418 37.505658684298396 26.380852099508047 1243.7964819679037 173.72528786584735
leaf_count=24780 3453 4115 155 201 437 29657 25787 886 881 3268 947 199 4008 2809 1677 10033 3953 526 22499 5660 13901 431 1808 8381 160 667 409 448 15171 1952
internal_value=0 -0.000331697 -0.00087509 -0.00620645 -0.00067899 -0.00103102 4.83723e-05 0.000975055 0.00126209 0.00383615 -0.00873228 -0.0106349 0.00187022 0.00261395 0.00066179 -0.000513205 0.000153385 -0.00147847 -0.000405005 -0.00357978 -0.000438566 -0.00440168 0.0026558 -0.000543463 0.00105622 0.0028043 0.000672508 -0.00551356 0.000878735 0.00359299
internal_weight=7535.73 5737.39 2391.14 73.9677 2317.18 2048.97 3346.25 1281.44 1225.42 217.192 61.6623 54.7964 268.206 251.725 1008.23 2064.81 1205.47 859.345 979.176 250.392 1538.14 56.0135 226.292 608.954 1798.34 303.947 1494.39 39.3675 1455.03 211.231
internal_count=189259 166999 77094 1502 75592 68338 89905 32930 31613 4149 1301 1146 7254 6817 27464 56975 32375 24600 26452 6186 43558 1317 5923 18414 22260 4120 18140 608 17532 2361
is_linear=0
shrinkage=0.03


Tree=136
num_leaves=31
num_cat=0
split_feature=5 33 38 38 4 18 7 36 19 29 39 35 2 25 6 27 40 27 25 31 5 6 7 18 10 34 6 0 19 25
split_gain=2.76196 2.18017 2.02358 1.79021 3.76326 2.87348 2.06113 2.76273 2.47145 2.0011 1.65091 2.35501 2.82981 2.53822 1.71866 2.06383 1.62204 2.31018 1.50437 1.49744 1.5736 2.35516 2.04069 1.93099 3.46534 2.56804 2.47446 2.36927 1.4943 1.49061
threshold=0.067563678174451539 -0.88005380062052996 -0.040415165220930575 0.2221979671037291 -0.6023179210016697 -1.1932011141634578 0.030691179397873355 0.09526382205353072 0.74682178623896711 0.0012870798901456657 0.001125751967815338 0.0078250759818564494 0.029914546460490458 -0.37772880114082752 0.26243853703836711 0.061703844769646375 0.0025683552941045923 0.086956984109088184 -0.3022730461377221 -0.1048846476832669 -0.086584283147530403 -0.016229048510533802 0.054018570033347736 -1.4288091485566783 -0.050460100235677437 -0.023417499022283215 -0.11887354815692545 -0.012409580638024652 0.61230500174359781 -1.0031663670606263
decision_type=2 2 2 2 2 2 2 2 2 2 2 2 2 2 2 2 2 2 2 2 2 2 2 2 2 2 2 2 2 2
left_child=19 2 -2 10 5 -5 8 -8 -6 -7 14 12 -12 -13 15 -3 17 -4 -18 -1 23 22 -22 24 -21 27 -27 -25 -16 -24
right_child=1 3 16 4 6 9 7 -9 -10 -11 11 13 -14 -15 28 -17 18 -19 -20 20 21 -23 29 25 -26 26 -28 -29 -30 -31
leaf_value=-0.0060762286663360362 -0.0015174789111165848 0.00070420315672595885 0.015769972027000343 -0.0067275260497570146 -0.010093817844937068 0 0.0010617596999145512 -0.011138761640088823 -0.0014074330185810228 0.011610635370995537 0.0014942140107033187 0.0033205313132617666 0.0067769330955460101 -0.0092783580370923192 0.008354900449512901 -0.004792410971558231 -0.0073008182111236105 0 0.0075503577930087001 0.0069049792556917667 -0.0016314662621014018 1.7592713010368885e-06 -0.0032800442967458755 0.0091887064301837355 -0.0068503188584013198 -0.0024922482766552554 0.0047796744351198935 -0.00013932523391866754 0 0.0062785413022970913
leaf_weight=34.995736811310053 14.139610758051274 175.53366805426776 28.229774652980268 7.3417473286390296 44.937111576087773 12.461017934605477 200.90582394041121 13.169576629064975 103.01059076748788 40.550678667612374 253.86319997394457 20.661490186117589 161.67591737397015 23.523145379498601 32.554774411022663 83.872062625363469 6.8868288770318031 7.775669924914836 7.6358891464769822 17.667996279895306 1396.3346708375029 4425.1525866240263 12.297136051580308 75.263387230224907 47.577520082704723 95.076883212663233 66.257814916782081 26.182657946366817 48.392195530235767 46.935007371939719
leaf_count=684 182 2941 282 84 575 137 2414 169 1620 382 2901 266 1777 261 262 1361 88 80 73 250 62031 104168 320 900 883 1476 992 372 468 860
internal_value=0 0.00126259 0.00650482 0.000935473 -0.000587597 0.00594785 -0.00182506 0 -0.00448568 0.00864898 0.00177545 0.00294134 0.00367706 -0.00303831 9.4001e-05 -0.00101654 0.00922451 0.0122813 0 -0.000261081 -0.000218612 -0.000336254 -0.0013809 0.00177372 -0.00247205 0.0029664 0.000367769 0.0066059 0.00385403 0.00372618
internal_weight=7530.86 1287.12 64.6678 1222.45 422.377 60.3534 362.023 214.075 147.948 53.0117 800.076 459.724 415.539 44.1846 340.353 259.406 50.5282 36.0054 14.5227 6243.74 6208.75 5880.72 1455.57 328.026 65.2455 262.781 161.335 101.446 80.947 59.2321
internal_count=189259 16323 705 15618 5381 603 4778 2583 2195 519 10237 5205 4678 527 5032 4302 523 362 161 172936 172252 167379 63211 4873 1133 3740 2468 1272 730 1180
is_linear=0
shrinkage=0.03


Tree=137
num_leaves=31
num_cat=0
split_feature=8 19 40 19 18 3 25 19 5 11 3 44 18 19 2 2 18 18 32 41 28 26 7 40 25 28 2 42 40 3
split_gain=2.83438 1.40185 1.7287 1.46238 1.9594 1.69111 2.06155 2.52076 1.89096 1.50647 2.33499 1.46223 3.77988 1.53186 1.40196 1.3032 1.62369 3.1786 2.53871 1.56055 1.42521 2.01481 2.70901 1.85609 1.8505 1.92629 1.73729 1.36684 1.73597 1.26779
threshold=0.37861418174568545 1.5953168403988063 -0.0078340934961835008 1.0538961013276713 -0.66572690243139387 13.965292135663779 -0.40977027107568592 0.78804999836872736 0.06444556968198091 -0.45480081716036763 17.360874644883431 0.0076389206977169411 0.93452170076587959 0.66846877055691201 0.097615523073197666 -0.052631393220110817 -1.599326742785167 -3.6189543917347771 0.0192307536956049 -0.014483152453083124 0.65434915264845739 0.006724861375118526 0.034354345760842418 -0.00092457129043087879 -0.82380403454092865 0.40655137588823115 0.065326631761042558 0.064838740848687432 0.00052093207626079292 18.098780124482499
decision_type=2 2 2 2 2 2 2 2 2 2 2 2 2 2 2 2 2 2 2 2 2 2 2 2 2 2 2 2 2 2
left_child=1 3 -3 5 9 6 7 -1 -8 10 -5 13 -13 -7 -6 27 17 29 -19 -20 24 23 -23 -22 26 -26 -18 28 -2 -17
right_child=15 2 -4 4 14 11 8 -9 -10 -11 -12 12 -14 -15 -16 16 20 18 19 -21 21 22 -24 -25 25 -27 -28 -29 -30 -31
leaf_value=0.0045351179416261746 0 -0.0046346920887086187 0.0033020454746024307 0.012586217130615841 -0.0018269630698556191 0.00099433663341766117 -0.0031017942085530882 -0.0015531940442711533 0.0061781935541271107 0 -0.001723417543449189 0.0004118611914929134 0.005962444819469559 -0.0007619020973802078 0.007517067052158044 0.0067293420327694991 0.0065631965128525871 0.0060755225923018403 0.00031980054602329621 -0.0089111613048895692 -0.0026302701531609384 -0.0046440370120616279 0.0030716266036831196 0.0093844041565949114 0.00073708779966340926 0.0044389139975451941 -0.0037171981619759081 0 0.017702200850690828 -0.0019786647770835926
leaf_weight=92.443558792117983 7.8720338698476615 21.506554442457855 168.14055630005896 17.281882281880829 1314.4334294325672 628.69589385809377 422.14821338281035 151.80353381624445 14.129635787568985 429.72011874476448 11.23668998852372 857.83605357585475 124.87972171138972 1463.5993665866554 8.5752447545528394 33.592514709569514 100.95923680346459 8.8238941095769388 12.886395262554286 70.226576298475266 11.197969853878019 133.00845640990883 49.381752939894795 23.745941887609661 1159.5462653692812 144.05075210146606 9.9688937701284868 9.327857628464697 9.1727996729314309 14.661729697138069
leaf_count=2673 72 455 3583 368 40400 17201 13140 4808 169 13523 299 21027 2934 46310 109 341 1303 98 173 1059 111 1847 491 232 14335 1786 113 88 67 144
internal_value=0 -0.000326385 0.00215194 -0.000418551 -0.00112644 -7.37714e-05 -0.00142718 0.000675521 -0.00266666 0.000510341 0.00663698 0.000217839 0.00117419 -0.000218768 -0.00171573 0.00103728 0.000907806 -0.00206521 -0.00537101 -0.00720253 0.00118707 -0.000974738 -0.00236873 0.00493588 0.00154262 0.00118447 0.00526006 0.00724946 0.0114278 0.00358278
internal_weight=7524.85 5726.43 189.647 5536.78 1781.25 3755.54 680.525 244.247 436.278 458.239 28.5186 3075.01 982.716 2092.3 1323.01 1798.42 1772.05 140.191 91.9369 83.113 1631.86 217.334 182.39 34.9439 1414.53 1303.6 110.928 26.3727 17.0448 48.2542
internal_count=189259 166999 4038 162961 54699 108262 20790 7481 13309 14190 667 87472 23961 63511 40509 22260 22033 1815 1330 1232 20218 2681 2338 343 17537 16121 1416 227 139 485
is_linear=0
shrinkage=0.03


Tree=138
num_leaves=31
num_cat=0
split_feature=6 32 38 44 27 0 3 34 0 18 44 37 26 3 33 11 40 32 31 33 29 31 37 18 26 37 26 41 4 11
split_gain=2.66546 3.3598 2.56076 2.20063 2.30762 1.74512 1.94224 1.66567 2.71027 2.8487 2.91232 2.14154 2.50722 2.28716 2.71518 2.14738 1.93961 1.81071 2.62187 1.80605 1.70267 1.98089 1.68851 1.66549 3.51809 2.9189 3.02741 2.28573 1.78593 1.65851
threshold=0.13528709972114786 0.023554587324950565 0.85725333154435124 0.0051066462845055002 0.024667275732974395 0.014025502194400885 17.487160761972735 0.01351700483297018 0.032246784606093086 -0.095776899979582622 0.00096573376577888299 0.025903218321250105 0.013476215525096669 13.60406148372868 0.78379223015848087 0.062148876404494409 0.0063791057725518666 0.086956482230016618 0.056723942206999771 9.8858069356687519 0.04791535598331273 0.0067189737186716661 0.059523323386829245 0.18270002772757388 0.0022714280278014346 0.035984826799191481 -0.017251194190965737 0.032260874380308162 0.19380807960721128 0.4548008171603678
decision_type=2 2 2 2 2 2 2 2 2 2 2 2 2 2 2 2 2 2 2 2 2 2 2 2 2 2 2 2 2 2
left_child=7 3 23 4 -2 6 -5 11 17 -10 -11 19 13 15 -15 -13 -14 20 -19 -1 21 -9 -12 25 -25 27 -27 -3 -26 -6
right_child=1 2 -4 5 29 -7 -8 8 9 10 22 12 16 14 -16 -17 -18 18 -20 -21 -22 -23 -24 24 28 26 -28 -29 -30 -31
leaf_value=-0.001570792164266456 0.0099932559800069275 -0.0045984933170854876 -0.0035789643641020471 0.017889035376948928 -0.0074083245211628906 0.0029696391589208206 0 0.0035547763532946461 0.0079688514833150727 -0.004892856668588034 0.0090768069158856223 0 -0.0022881695289879655 0.00096431515462799551 -0.0057979524070399654 -0.0054771544429884711 0.0018626457190905506 -0.0091676625262007583 0 0.0042611362506848553 0.0064074395098496191 -0.0002022366614044354 -0.0037451769963908091 0.0062500785809602019 0.0021425691244054339 -0.0037428027438577986 0.0024723063547503576 0.0024266537334708994 -0.0028601239673883339 0.0040311676803639019
leaf_weight=1649.1451435023919 12.043071517720817 152.72893886454403 106.14366008713841 24.053340756334368 24.412774006836116 35.27659947052598 7.3379229167476288 137.84707093937322 82.059333624318242 43.235285062342882 29.425379185937345 164.43166187545285 607.51334226131439 1986.8873606361449 48.902280665002763 100.90419171517715 109.46189815271646 39.417685220949352 62.537863735109568 41.898312136530876 37.494821682106704 1013.2836796329357 5.675669257529079 150.5821412904188 197.45499284937978 76.368597310967743 429.4678254192695 46.916124628856778 86.437809999100864 10.904326199553905
leaf_count=57120 163 2230 1288 214 454 451 101 3569 1198 766 407 4634 18041 52867 1323 2527 2849 902 1024 1073 682 22316 98 2042 2628 1075 5300 574 1200 143
internal_value=0 0.00119946 0.00070908 0.00605144 0.000315687 0.00940117 0.0144033 -0.000265594 0.000612036 0.00423376 0 -0.000542735 -5.29434e-05 0.000419873 0.000773369 -0.0021455 -0.00160439 0.000124165 -0.00358347 -0.00139647 0.000481004 0.000235142 0.00604698 0.00114844 0.00260459 0.000197413 0.0014478 -0.00278205 0.000492398 -0.00307032
internal_weight=7520.25 1360.13 1246.1 114.028 47.3602 66.6679 31.3913 6160.12 1450.98 160.396 78.3363 4709.14 3018.1 2301.13 2035.79 265.336 716.975 1290.58 101.956 1691.04 1188.63 1151.13 35.101 1139.96 434.475 705.481 505.836 199.645 283.893 35.3171
internal_count=189259 17863 16337 1526 760 766 315 171396 30962 2469 1271 140434 82241 61351 54190 7161 20890 28493 1926 58193 26567 25885 505 15049 5870 9179 6375 2804 3828 597
is_linear=0
shrinkage=0.03


Tree=139
num_leaves=31
num_cat=0
split_feature=5 1 1 31 34 26 31 19 43 28 18 2 19 31 26 44 38 43 4 8 26 34 41 10 37 34 1 34 44 26
split_gain=2.75999 1.73848 2.44098 2.19917 2.40823 3.20478 1.98187 2.8783 2.52874 1.97231 1.7071 2.576 1.67881 1.6524 1.54247 1.53988 1.84502 1.44767 1.5699 1.44288 2.35493 2.94928 2.03369 2.15754 2.78468 1.94111 2.66386 2.32009 1.79174 1.98134
threshold=0.067563678174451539 0.04713804011055233 0.048652978143480914 -0.0078032812434097988 -0.0059650428345167624 0.035616519084322722 -0.020370425333173448 1.0665492706021591 0.3452990862272714 -0.34583243410301273 -0.095776899979582622 0.029914546460490458 1.1438673058862603 0.093829741277411435 -0.0095376333441189957 -0.011495298573490039 -0.28050634141490066 0.98157856550427003 -0.57930523862502248 -0.02256631097260715 0.010515364014138686 0.033067603125098745 0.030165063728473197 -0.018199922433866811 0.039649236985963496 0.024647350436147356 0.019400345095130094 0.01351700483297018 0.018335875309763185 0.014599073955435179
decision_type=2 2 2 2 2 2 2 2 2 2 2 2 2 2 2 2 2 2 2 2 2 2 2 2 2 2 2 2 2 2
left_child=19 10 14 6 5 -5 8 -8 -4 -6 13 15 -13 17 -3 -12 -17 -2 -19 -1 22 -22 25 -24 -25 27 -27 -21 29 -23
right_child=1 2 3 4 9 -7 7 -9 -10 -11 11 12 -14 -15 -16 16 -18 18 -20 20 21 28 23 24 -26 26 -28 -29 -30 -31
leaf_value=-0.00092178523572333207 0.0059650351101645741 0.0025621312482269148 0.0040114593755695436 0 0.0037471779525816385 0.012931203124042532 -0.010739151686779755 0.0019704812268404822 -0.0081260137275220058 -0.00019083908224803745 -0.0058899664702581813 0.011703717354197056 -0.0016789051709376226 -0.0042986199549739923 -0.011346659362647836 -0.003952308375547906 0.0025188525722189621 0.0059494807843720708 -0.0085886738216923719 0.00010469010707480967 -0.0014583772580604702 -0.0027971808329605983 0.0066208320859506209 0.003687503812359016 -0.0015576227931815621 0.0040975606497152947 -0.0027991122812951476 0.0028686213677129712 -0.0033701229672597286 0.0077479824914100329
leaf_weight=2013.3069164273329 200.55944984871894 3.4892867803573635 51.321113277226686 35.567689191550016 143.43366472795606 31.428986332379282 40.852857043966651 17.147867971099913 15.884969319216905 446.38923711609095 32.327590248547494 23.949615613557402 5.279430932365357 10.475198080763219 20.169360369443893 47.031960260123014 144.58257784228772 5.4529676139354697 10.044885816052554 1799.3663837066852 1178.9132701642811 12.88888177089393 85.737331482116133 187.96932580508292 159.03782701585442 51.64256354700774 332.04131438955665 323.2795824254863 17.296933000907302 69.401084466837347
leaf_count=78315 2378 40 687 593 1528 429 589 299 240 5476 550 290 98 107 323 620 1914 41 121 42160 30106 224 1632 3576 2945 740 5635 6327 253 1023
internal_value=0 0.00126291 0.000362898 0.000709041 0.00143633 0.00667433 -0.0027845 -0.00664721 0.000363104 0.000739825 0.0026933 0.000824382 0.00851791 0.00458951 -0.0081594 -0.00021284 0.000717801 0.00524363 -0.00180633 -0.000261334 4.7553e-05 -0.001017 0.000521764 0.00241425 0.00121039 0.000178905 -0.00175289 0.00054549 0.00374116 0.00568702
internal_weight=7516.27 1285.39 805.685 782.026 656.82 66.9967 125.207 58.0007 67.2061 589.823 479.704 253.171 29.229 226.533 23.6586 223.942 191.615 216.057 15.4979 6230.88 4217.57 1278.5 2939.07 432.744 347.007 2506.33 383.684 2122.65 99.5869 82.29
internal_count=189259 16323 10204 9841 8026 1022 1815 888 927 7004 6119 3472 388 2647 363 3084 2534 2540 162 172936 94621 31606 63015 8153 6521 54862 6375 48487 1500 1247
is_linear=0
shrinkage=0.03


Tree=140
num_leaves=31
num_cat=0
split_feature=5 19 8 27 42 40 3 28 35 3 28 5 29 32 34 8 0 6 5 10 7 0 25 41 34 19 3 7 42 6
split_gain=2.71874 2.00444 4.77835 3.41344 2.07629 1.58382 1.86809 1.50701 3.7022 2.61678 3.64928 2.8962 2.32458 1.68924 1.49427 1.43036 2.1778 1.89724 1.81094 3.01417 2.46924 1.71218 1.99913 1.65423 1.54499 1.48627 2.75599 1.38667 1.35375 2.0495
threshold=0.081481501249764735 0.36878636842451323 0.69147688562213871 0.10940632052273991 0.01152077737632563 -0.0016502784582371282 17.809212891072516 0.18281093800477069 -0.0063342815293408218 15.877415732326872 0.06335459132194822 0.12804900045015546 0.076495415568734446 0.023554587324950565 0.0012875435326861172 -0.02256631097260715 -0.056622625289260702 -0.090295962953115635 -0.024745261063090659 -0.021723278183445823 0.018325768936019799 0.031540110511550305 -0.73113656080479028 0.033060304729366587 0.011968070733720356 0.74276963603423896 16.593087163262666 0.036627377510383051 0.14426590403581427 0.10140199436304488
decision_type=2 2 2 2 2 2 2 2 2 2 2 2 2 2 2 2 2 2 2 2 2 2 2 2 2 2 2 2 2 2
left_child=15 2 3 -2 5 -3 -7 9 13 10 -6 -11 -10 -9 -4 17 28 21 23 20 -20 25 -23 -18 -21 26 -1 -27 29 -17
right_child=1 4 14 -5 7 6 -8 8 12 11 -12 -13 -14 -15 -16 16 18 -19 19 24 -22 22 -24 -25 -26 27 -28 -29 -30 -31
leaf_value=0.0060571928312298387 0.009846584375913037 0.00041763047803048569 0.0036317008728790241 -0.0042273236931194679 -0.0043309653173807935 -0.020676468260032336 0 0.00041305979608249302 -0.00088192530540449649 0.0052548591564888824 0.009380347560585145 0 0.0054971983914325123 -0.014426601806700896 -0.0084542220525504128 0 0.0013269960330753751 -0.0015211208246145066 0.0034214657140796629 -0.00030712656681608827 -0.0041129268984372172 -0.0018319221969022091 0.0085742142602062265 0.009415796470027802 0.0009725011053129712 0.00030300437600736332 -0.0032341353962226762 -0.0029561025907141095 -0.0055697947116033365 0.0097727949402545925
leaf_weight=78.65718920622021 94.230350870639086 5.1413137782365075 6.323665592819455 12.233100624755023 91.312333025969565 5.6677741147577745 3.4693012991920114 4.1504422146827009 216.43443067371845 246.82176145352423 15.608921145088969 133.45334726944566 60.697398921474814 18.28528238274157 22.486669154837728 28.956820960622281 149.23563554091379 1363.1075542392209 37.634191017597914 2802.355542643927 260.99059783108532 17.246183010283858 40.924052457325161 26.170605670660734 1206.8282588473521 307.38085291301832 35.25178451789543 172.12710505956784 3.4942326480522743 45.079807901754975
leaf_count=1950 811 53 49 106 1078 77 46 57 3111 3131 160 1344 677 230 199 676 4401 61314 1038 65160 6926 338 665 617 20450 9508 870 3757 35 425
internal_value=0 0.00150801 0.00486888 0.0078432 0.000876555 -0.0086896 -0.0142715 0.00114183 -0.00044747 0.00217463 -0.00173163 0.00335904 0.000481559 -0.0110129 -0.00476938 -0.000215718 7.24823e-05 -0.000881545 -9.73025e-06 -0.000139547 -0.00302389 0.000412138 0.00511332 0.00292765 7.13198e-05 -3.74407e-05 0.0029144 -0.000823419 0.00490249 0.0060974
internal_weight=7511.76 936.316 135.274 106.463 801.042 14.2784 9.13708 786.764 299.568 487.196 106.921 380.275 277.132 22.4357 28.8103 6575.44 4560.75 2014.69 4483.21 4307.81 298.625 651.587 58.1702 175.406 4009.18 593.417 113.909 479.508 77.5309 74.0366
internal_count=189259 11129 1165 917 9964 176 123 9788 4075 5713 1238 4475 3788 287 248 178130 99728 78402 98592 93574 7964 17088 1003 5018 85610 16085 2820 13265 1136 1101
is_linear=0
shrinkage=0.03


Tree=141
num_leaves=31
num_cat=0
split_feature=8 7 25 5 10 1 25 7 44 3 29 37 35 26 1 44 35 18 7 43 41 37 27 18 29 36 35 28 28 3
split_gain=2.48982 1.84983 2.22514 1.53196 2.50817 2.52995 1.66155 1.47974 2.55943 2.29186 2.90399 2.55269 2.12157 3.34736 2.24278 2.15039 3.38146 2.33208 2.10845 2.75207 1.94677 1.75532 2.32182 1.64963 1.61479 1.4453 1.43143 1.34736 1.7698 1.90216
threshold=0.18567298410671487 0.050206402539545149 -0.77402921027672744 0.047309401136632075 -0.050460100235677437 0.058263296393169885 -0.92421997153058044 0.022151310670566606 -0.023904054763768858 15.117424305162045 -0.0055015418574649666 0.010256335906633119 0.0074535750744168959 0.054067214932727169 0.020594867590502119 -0.037147814967950117 -0.0029247649075804429 1.7425637220324643 0.018596007606778524 -0.022577219459153138 0.0093120255380047933 0.041201301001198599 0.040697710603683927 -0.27005509435511427 0.0012870798901456657 0.014285789135017005 0.032392279229588886 -0.56814716388526054 0.48093117898954146 18.60166071368857
decision_type=2 2 2 2 2 2 2 2 2 2 2 2 2 2 2 2 2 2 2 2 2 2 2 2 2 2 2 2 2 2
left_child=1 -1 3 4 -3 -6 -5 8 25 10 -10 -12 14 21 -9 16 -16 -17 20 -20 -11 24 -23 -15 -14 -2 -25 -4 29 -29
right_child=7 2 27 6 5 -7 -8 12 9 18 11 -13 13 23 15 17 -18 -19 19 -21 -22 22 -24 26 -26 -27 -28 28 -30 -31
leaf_value=-0.00070644545924666553 0.0098524615068873028 0.0049701084940925264 -0.0014465434922625018 0.009488875617844986 0 -0.012552761720249691 -0.0042346884658323444 0.0052646980227980828 0.0014104902127080798 3.4646717039508403e-05 0.0041422533817742479 -0.0045097264434596253 0.0037149430841800276 -0.0031355330222245753 0.0066942843277257025 0.00099157566096240153 -0.0074213141890800815 0.005301057589812413 0.0012479553515096285 -0.003826968605780742 0.0036005653664701941 0 -0.010132895806017589 0.011963540430374871 -0.0044745837260508018 0 -0.00096846082955174011 0.0072948195972056887 -0.00093025181090760928 -0.0025164230002674803
leaf_weight=3669.6585898371413 30.199033142067492 15.279282013420014 29.421669444069266 14.626630631275477 34.21285754442215 28.301001484040171 6.0024054497480384 126.54218861833215 133.08004545327276 355.12467164406553 26.617642657831311 299.79183257650584 40.735738066025078 6.5293010259047142 14.176381646655498 1555.3810118064284 54.14885907061398 122.39486289024353 175.02163956314325 188.99561522807926 240.00508370250463 39.990621107630432 52.41168465372175 23.338133234530691 36.061015686020255 14.583583085797725 4.1215093843638888 124.38736675307155 31.159564691595733 13.147179850377141
leaf_count=126108 585 218 506 276 988 581 142 1872 2127 6694 398 4972 706 69 185 24536 946 1674 3173 3397 3936 631 770 275 657 262 59 1731 522 263
internal_value=0 -0.000515857 0.0017158 -0.00171514 -0.00382914 -0.00663296 0.00427807 0.000577997 -0.000134401 -0.000387684 -0.00212879 -0.00366181 0.00109376 -0.00172238 0.00141907 0.001109 -0.00382665 0.0013386 0.000422008 -0.00132177 0.00154072 -0.00357418 -0.0062503 0.00600273 0 0.00651963 0.00924812 0.00356822 0.00463202 0.0060911
internal_weight=7505.45 3966.2 296.538 98.4222 77.7931 62.5139 20.629 3539.25 1463.42 1418.64 459.49 326.409 2075.83 203.188 1872.64 1746.1 68.3252 1677.78 959.147 364.017 595.13 169.199 92.4023 33.9889 76.7968 44.7826 27.4596 198.116 168.694 137.535
internal_count=189259 131335 5227 2205 1787 1569 418 57924 25544 24697 7497 5370 32380 3167 29213 27341 1131 26210 17200 6570 10630 2764 1401 403 1363 847 334 3022 2516 1994
is_linear=0
shrinkage=0.03


Tree=142
num_leaves=31
num_cat=0
split_feature=8 33 31 26 3 7 43 38 43 33 43 37 25 33 35 19 28 28 44 42 19 42 31 5 37 4 0 26 35 44
split_gain=2.53539 1.71048 2.28744 2.35356 2.06883 1.91805 1.85674 1.81326 2.15951 2.87054 2.07051 2.23425 3.05046 2.97994 2.12431 2.20711 1.99184 1.97922 1.91451 1.61263 1.97545 1.77693 1.87462 2.17198 1.76816 1.57931 1.47047 1.89968 1.41945 1.3578
threshold=0.40096575844821764 -0.66576777202887871 -0.015089305779829964 0.0075337835467283861 13.328313564885308 0.035811406597866566 -0.31738903618253372 -0.43887852184492798 -0.29639676334906356 0.88485756596516307 -0.65238216272665095 0.029196992100207247 -0.11118678226751065 -0.22355369605167216 0.0011986811029654359 0.85198246926704824 0.12139471046242002 0.39133540635266156 0.01226513261317449 0.036156192854354736 0.36878636842451323 0.029953964340492484 -0.00067086110266980086 0.015664706675257437 0.033057824934246686 -0.0092568819670839613 -0.036197404896622841 -0.053034204163722808 -0.0083289946440419007 0.0048980549103679752
decision_type=2 2 2 2 2 2 2 2 2 2 2 2 2 2 2 2 2 2 2 2 2 2 2 2 2 2 2 2 2 2
left_child=19 2 5 4 -4 -2 -6 8 9 18 14 13 -13 -12 -9 -16 25 -18 -3 21 -21 22 23 24 -1 -10 27 -24 -25 -5
right_child=1 7 3 29 6 -7 -8 10 16 -11 11 12 -14 -15 15 -17 17 -19 -20 20 -22 -23 26 28 -26 -27 -28 -29 -30 -31
leaf_value=-0.0011643308809945949 -0.011296558894437843 -0.001089871492854019 -0.0008669271884554795 -0.0024464834410572326 0 0.0028450794180076011 0.013837690612091136 0 0.010498755049846367 -0.010540122957619785 -0.0090139556829183422 0.0014100576572665048 -0.0038741989598793528 -0.00095709241382359929 0.011681388444975023 0 -0.0047506155541069328 0.0039169097494677636 0.0097836373195718772 0.0031743991664540533 2.1920797416177757e-05 -0.0020480074758145827 0.0052218637460243163 -0.0036040919224795088 0.0015417499955338091 0.002884922174130691 -0.00086549624138961706 -0.0080866102245580659 0.0033527541498994981 0.0045985887571418334
leaf_weight=613.05133351357654 10.831525935791435 42.795003808103502 9.8794955890625697 36.845592254772782 15.592441814020274 10.438630338758228 46.325220775790513 69.433483581990004 54.98397477529943 17.791494867764413 48.91191953420639 604.81496787350625 110.62212744355202 237.36322034988552 36.482062121853232 18.023979206569493 32.284764841198921 57.173206214793026 14.33627964928746 190.68170339474455 2333.8875751951709 715.89430125663057 5.3431100482121101 20.972041044384241 326.24609752837569 76.412131033837795 1373.7038031928241 47.366212171502411 276.2071904046461 47.016042904928327
leaf_count=23825 145 526 95 432 155 102 404 779 538 206 743 7491 1188 3397 328 236 425 662 122 3398 60911 22465 98 475 9499 864 40926 1746 6624 454
internal_value=0 0.00105802 0.00383564 0.00518323 0.0090616 -0.0039938 0.0110405 0.000679013 0.0027525 -0.00129045 9.78854e-05 -0.000333752 0.000530138 -0.00256776 0.00369682 0.00785762 0.00425507 0.00038537 0.00172359 -0.000287115 0.000277692 -0.000717782 -0.00034575 0.000491588 -0.000189472 0.00655902 -0.00109173 -0.00588215 0.00271102 0.00120216
internal_weight=7501.71 1598.36 176.929 155.659 71.7972 21.2702 61.9177 1421.43 295.777 74.9228 1125.65 1001.71 715.437 286.275 123.94 54.506 220.854 89.458 57.1313 5903.35 2524.57 3378.78 2662.89 1236.48 939.297 131.396 1426.41 52.7093 297.179 83.8616
internal_count=189259 19292 1787 1540 654 247 559 17505 3343 854 14162 12819 8679 4140 1343 564 2489 1087 648 169967 64309 105658 83193 40423 33324 1402 42770 1844 7099 886
is_linear=0
shrinkage=0.03


Tree=143
num_leaves=31
num_cat=0
split_feature=8 0 42 4 0 36 33 35 29 35 18 11 10 0 45 2 2 45 18 5 4 36 1 19 25 31 4 37 45 41
split_gain=2.45281 1.93174 1.75076 1.60399 1.78173 1.78439 1.62701 1.53346 1.9718 1.93829 1.98804 2.07395 1.50033 1.99244 3.23119 2.15001 1.73458 1.50649 1.48944 1.91719 1.98679 1.79929 1.66849 1.55828 1.82507 1.76676 1.48656 1.48184 1.38531 1.34144
threshold=0.18567298410671487 -0.050398086774886573 0.090909095192572453 -0.85380486479292184 -0.10489401629644098 -0.011399686421981801 -0.43881836676668046 0.0035733380288510267 0.011129678041572352 0.0011986811029654359 0.73367748906300667 -0.40197708795269765 -0.032116153407432992 -0.012916810871853977 -0.00092457129043087879 -0.01046727412402358 -0.015999972025553384 0.0028041559956284326 -0.25452237954824425 0.071027871082667518 0.74207252702840709 0.0063092174416256837 0.038262300587255167 1.8958080961605195 -1.1258121019060756 -0.0019546343238575395 0.39122584935017818 0.031150179359325052 0.00082773716612596427 0.041816985435432233
decision_type=2 2 2 2 2 2 2 2 2 2 2 2 2 2 2 2 2 2 2 2 2 2 2 2 2 2 2 2 2 2
left_child=2 3 18 -2 -5 -6 -7 9 -9 10 11 -4 28 14 26 -16 17 -15 19 20 29 -21 -22 24 -20 -26 -14 -18 -3 -1
right_child=1 12 7 4 5 6 -8 8 -10 -11 -12 -13 13 16 15 -17 27 -19 23 21 22 -23 -24 -25 25 -27 -28 -29 -30 -31
leaf_value=0.00044704382359743688 -0.0045969883133002987 0 -0.0073765326517143109 -0.0022439376569653355 -0.0024070368088102098 0 0.013746243313850231 0.0081986733652746179 -0.0024901423012277392 -0.0053027948345281788 0.007992334769261502 0.0019960377526863824 0.0082333326513481641 -0.0059426511382045322 0.0015985472724144227 -0.0081741683527844569 -0.00029661906425745648 0.0016697097441900235 -0.0064948511769731074 -0.00075529877416664437 0.00020776103793704163 0.010898648985227789 -0.0066990043772260878 0.0072692670600487085 -0.00020230971201670175 -0.0019308520288267024 -0.0014751763780752204 0.0010442242190126221 -0.0071394443701491674 -0.0039878438617618603
leaf_weight=1224.3578569819219 5.4276232384145251 47.791383740492165 21.928766771219671 8.0326609294861537 4.4072469603270283 9.2672224529087526 36.968311470001936 53.178948264569044 13.373259401414542 36.975193463265896 32.011984114069492 95.7164734788239 94.139820710755885 66.694277168251574 223.20162055641413 16.740115971304476 1278.1767628840171 24.212360893376172 55.387511404696852 12.084606026299296 41.01653799880296 22.979656353592873 67.411830088123679 13.65416559204459 1110.1676530819386 1102.3453413192183 9.0982590792700631 1672.7493062121794 38.766886529512703 58.890119110699743
leaf_count=42886 56 942 350 85 70 96 335 774 263 714 487 1802 1518 1200 3981 308 23306 394 1864 227 1353 318 2172 235 37867 38216 142 24697 794 1807
internal_value=0 0.000573952 -0.000512337 0.00558229 0.00728207 0.00939804 0.0112339 0.00184696 0.00560763 0.000238056 0.00192817 0 0.000464947 0.000574214 0.00273576 0.000641311 0.000316412 -0.003621 -0.000683768 5.6786e-05 -0.000107923 0.0065404 -0.00392782 -0.0011591 -0.00123892 -0.00107947 0.00707194 0.000453777 -0.00327845 0.000205545
internal_weight=7497.15 3535.67 3961.48 64.1031 58.6754 50.6428 46.2355 253.185 66.5522 186.632 149.657 117.645 3471.57 3385.01 343.18 239.942 3041.83 90.9066 3708.3 1426.74 1391.68 35.0643 108.428 2281.55 2267.9 2212.51 103.238 2950.93 86.5583 1283.25
internal_count=189259 57924 131335 642 586 501 431 4390 1037 3353 2639 2152 57282 55546 5949 4289 49597 1594 126945 48763 48218 545 3525 78182 77947 76083 1660 48003 1736 44693
is_linear=0
shrinkage=0.03


Tree=144
num_leaves=31
num_cat=0
split_feature=5 33 45 36 42 19 26 44 26 32 33 32 35 6 8 29 27 1 37 18 1 1 25 34 26 1 32 29 43 35
split_gain=2.41633 1.51909 1.67635 1.83575 1.70854 1.67207 1.4009 1.79704 1.61805 2.17602 1.64143 1.76257 1.53512 1.51236 1.24914 1.70901 2.49871 1.4147 1.39496 1.70903 3.33197 2.55067 2.26496 1.72478 1.66544 1.60393 2.00816 1.62311 1.54292 1.44567
threshold=0.067563678174451539 -0.82689249566170619 -0.0008818368715310924 0.0088424974765825195 0.040100274593074449 0.77292113260414441 0.095262188174634527 0.0057109559828129753 0.09496246057785411 0.086956482230016618 -0.61439650656635691 0.046361932188437475 0.0036573767287535852 0.46213727322926218 0.5714650238588167 0.0071787419182953094 0.034440032063080252 0.020731112045034545 0.025071661579616707 0.70797063271975125 0.041779585999658468 0.035029743008853413 -1.1258121019060756 -0.022962103865013735 0.010775698085903505 0.018308659511637741 0.023826756182981409 0.026773462304842535 1.2357481127219609 0.0015864213735166006
decision_type=2 2 2 2 2 2 2 2 2 2 2 2 2 2 2 2 2 2 2 2 2 2 2 2 2 2 2 2 2 2
left_child=14 2 4 -4 -2 -6 8 -8 10 12 11 -3 -10 -12 18 -16 17 -17 25 21 -21 24 -22 -23 -20 28 29 -28 -1 -27
right_child=1 6 3 -5 5 -7 7 -9 9 -11 13 -13 -14 -15 15 16 -18 -19 19 20 22 23 -24 -25 -26 26 27 -29 -30 -31
leaf_value=-7.3428575870852552e-05 0.0060748219465230164 -0.0076933250514479449 0 0.010993704727066509 0.00058756512798897062 -0.01466568358283094 0 0.011233636744677021 -0.012699049636214481 0.0027888801427679044 0.00086063831553839689 0.0019259601710439694 0.00029477746218731552 0.0059942690995456972 -0.00013509669706177982 0 -0.00041646097436063472 0.014846303492324638 0.00098410652658145704 -0.00040017542190563289 -0.0041461928877294541 0.00079068504751850363 0.0048872022219228822 -0.0016177055367509576 -0.0010308597078053485 -0.0040361205030028839 -0.00094892951600821537 0.0039753976969996562 0.0065103560107889471 -0.00066103536252000309
leaf_weight=595.48229292035103 10.208391702733936 35.197727013379335 13.349865846335886 39.542616593651474 6.3747108634561283 6.5351690445095301 24.511881112121046 21.537368564866483 21.348339324817065 13.782725715078412 1013.3505803234875 20.048777669668198 5.3527197157964101 52.606476180255413 68.312902925536036 10.769718568772076 21.290779510512948 22.054789548739791 1459.5168657107279 343.54381626518443 20.399606531485915 314.25148295983672 240.11333952052519 1311.6298033143394 476.54828086588532 369.87070738337934 665.53645027708262 59.769299442879856 28.461368758697063 201.14841231005266
leaf_count=18597 111 515 193 398 53 89 273 172 297 140 13351 245 57 429 739 90 257 185 37515 10168 553 7206 5747 33839 13061 13970 21851 1555 732 6871
internal_value=0 0.00118219 0.0052422 0.00802823 -0.000359179 -0.00739747 0.000881375 0.005824 0.000635616 -0.00481852 0.000879707 -0.00383443 -0.00951221 0.00116881 -0.000245192 0.00267077 0.0064321 0.0111352 -0.000310917 0 0.00146641 -0.000253062 0.00400209 -0.00113282 0.000471304 -0.000978747 -0.00158154 -0.000477619 0.000228562 -0.00291535
internal_weight=7492.45 1283.75 76.0108 52.8925 23.1183 12.9099 1207.74 46.0492 1161.69 40.4838 1121.2 55.2465 26.7011 1065.96 6208.7 122.428 54.1153 32.8245 6086.27 4166 604.057 3561.95 260.513 1625.88 1936.07 1920.27 1296.32 725.306 623.944 571.019
internal_count=189259 16323 844 591 253 142 15479 445 15034 494 14540 760 354 13780 172936 1271 532 275 171665 108089 16468 91621 6300 41045 50576 63576 44247 23406 19329 20841
is_linear=0
shrinkage=0.03


Tree=145
num_leaves=31
num_cat=0
split_feature=5 18 19 45 1 0 27 7 27 4 27 27 41 45 18 36 38 41 45 39 43 4 1 7 2 43 31 41 19 4
split_gain=2.42524 1.38702 3.26778 1.68211 2.12161 2.01081 1.82448 1.57231 3.09291 2.07487 3.83035 2.0446 1.85323 4.1475 2.28872 1.84285 2.29364 2.58031 2.32712 1.57581 1.22207 2.19358 2.79914 2.3265 1.76772 1.58006 2.33708 1.61803 2.40861 2.79086
threshold=0.067563678174451539 0.89638070971723882 0.59413992024089524 0.00061596892562089888 0.086956628543004774 0.0073260896681622131 0.044397478653077201 0.0305328086742182 0.086956984109088184 -0.15757816828868695 0.028747428473102982 0.034043742121095434 0.038434809307208689 0.0017579846090431505 0.12143913443639674 -0.002153492651689745 -0.47774434729551446 -0.0015759928540708082 0.0059111873666295766 -0.0099795973872036578 0.57163550342866121 0.3306394929551893 0.03205133573856906 0.054018570033347736 -0.0062676628784378028 0.45136162980532385 0.012320490796872054 0.013448781708976112 1.0442881817039606 -0.48595387083113012
decision_type=2 2 2 2 2 2 2 2 2 2 2 2 2 2 2 2 2 2 2 2 2 2 2 2 2 2 2 2 2 2
left_child=20 7 3 6 5 -5 -3 15 9 10 -9 -11 14 -14 -10 19 17 -17 -18 -2 25 23 -23 -22 -25 27 -27 -1 29 -29
right_child=1 2 -4 4 -6 -7 -8 8 12 11 -12 -13 13 -15 -16 16 18 -19 -20 -21 21 22 -24 24 -26 26 -28 28 -30 -31
leaf_value=-0.00049246465834513217 0 -0.0018418063748975822 -0.0045586266155638643 0.0036404431427285049 0.0074257559774101901 -0.012063953948746861 0.012520614768953596 -0.010962753946345856 -0.0019628762123814971 0.0063843767514707873 0.0075940759637618815 0.00069112594849003695 0 -0.016563698683213036 0.0067663141695013017 -0.0039097428721461634 -0.00093302705248282268 0.0097169149564832989 0.0056226996438462074 -0.0081306318736782193 -0.00089316805780199622 3.5493844720013343e-06 -0.0069644260744562867 0 0.012987361183923284 0.0037298593791790986 -0.0021178530455078074 -0.0021935449707934447 -0.0010787442332878476 0.0026181958346664295
leaf_weight=3953.6117793750018 46.457547503523529 5.0588879706338075 102.56423885188997 5.3118806146085324 11.32506717648357 13.432867726311086 21.202343445271254 5.0824654512107363 65.887571554630995 74.899846594780684 157.09522240329534 257.98516696691513 34.308813243173063 14.876386705785988 36.586274025030434 10.090890128165482 289.18457319308072 44.131866435520351 53.194195421412587 34.473283866420388 609.62756279157475 76.408149478491396 115.2248003189452 18.2647754419595 14.579424818977712 209.74800180085003 75.335819097235799 120.26429073186591 386.67729428224266 625.74036994017661
leaf_count=115429 812 57 1646 46 99 141 195 62 751 938 1721 3175 354 171 386 133 3883 468 696 589 15973 2176 3093 300 214 5622 1726 2630 11039 14734
internal_value=0 0.00118464 -0.00130821 0.00400997 -0.000102866 -0.00652075 0.00894216 0.00156777 0.00253055 0.00368413 0.00652259 0.00213643 -0.00104101 -0.00563484 0.00104437 0.000188983 0.00109844 0.00655844 6.54223e-05 -0.00372328 -0.000245713 -0.00131267 -0.00410413 -0.000408453 0.00672504 -7.33815e-05 0.00207126 -0.000201396 0.000785904 0.0017931
internal_weight=7488.63 1283.15 158.895 56.331 30.0698 18.7447 26.2612 1124.25 646.722 495.063 162.178 332.885 151.659 49.1852 102.474 477.532 396.602 54.2228 342.379 80.9308 6205.48 834.105 191.633 642.472 32.8442 5371.38 285.084 5086.29 1132.68 746.005
internal_count=189259 16323 2184 538 286 187 252 14139 7558 5896 1783 4113 1662 525 1137 6581 5180 601 4579 1401 172936 21756 5269 16487 514 151180 7348 143832 28403 17364
is_linear=0
shrinkage=0.03


Tree=146
num_leaves=31
num_cat=0
split_feature=0 0 1 32 18 40 11 37 41 38 37 33 26 25 28 8 5 0 27 19 6 0 41 18 34 7 25 7 34 1
split_gain=2.63406 2.33633 2.30614 2.72521 2.54722 2.9517 2.12313 2.25666 2.05 2.03414 1.98484 1.96079 1.89608 1.91654 1.94781 1.77611 2.92324 1.94887 2.38321 1.93827 1.78356 3.15675 2.04622 2.1658 1.9265 1.72146 3.3385 2.21412 1.71373 1.45071
threshold=0.031540110511550305 0.038399156180143973 0.066844856924203319 0.10032167111396935 -0.73518231941431011 0.00036926412333443859 0.31872946330777663 0.026769477830880656 0.044513782531687834 -0.11216159943114155 0.064161996999941726 0.70464846394765257 0.018622517941108026 -0.093314341352318544 -0.59029423253795865 0.3105768674242001 0.019098404833066244 -0.050398086774886573 0.073770332036882005 1.5953168403988063 0.11739397708375678 -0.021161389982491962 0.041816985435432233 0.10507340521770973 0.0061189555022726633 0.045885408698685397 -0.70495853069733239 0.025826339960432577 0.054160581758386991 0.057069240208875237
decision_type=2 2 2 2 2 2 2 2 2 2 2 2 2 2 2 2 2 2 2 2 2 2 2 2 2 2 2 2 2 2
left_child=15 12 6 4 5 -4 -3 -8 -9 -5 -6 -11 29 14 -14 19 -17 18 -18 20 22 24 28 -24 -22 27 -27 -19 -1 -2
right_child=1 2 3 9 10 -7 7 8 -10 11 -12 -13 13 -15 -16 16 17 25 -20 -21 21 -23 23 -25 -26 26 -28 -29 -30 -31
leaf_value=-0.00049384776993246658 0.0031787965241660866 0.0039209171395725292 -0.0090364735105919018 0 0.0037861551533146767 0.0012392994866341493 -0.0064787824750003704 0.00046812964548617934 -0.0071806791899059527 0.014931568734127315 -0.0010719242701002741 0 -0.0049557161187243712 -0.0021335144839780169 0.0102491744071674 0.0035731509704628483 -0.0012718984958969537 -0.00077216905723426048 0.013105534772992877 0.0027247567111339044 0.0061600146055493417 -0.0086172850905849602 -0.0056056055456654603 0 -0.0035021109326969059 0.005024581153078027 -0.0092160245069103572 0.0016894019123615336 0.0032399815166456783 -0.0025028005852862265
leaf_weight=4011.8019386543892 161.99549715127796 52.041942320764065 39.397250512614846 18.898145337589085 223.56422001775354 46.100109538529068 79.908927478827536 201.2176239034161 31.387683627195656 28.069571455009282 98.090467632748187 6.3797331359237424 2.6857943404465905 9.6605212101712805 72.819123140536249 245.48758452199399 11.551028061658146 899.24097619950771 17.48673883639276 149.24610525090247 26.58566896058619 63.726347965188324 138.19985418533906 95.24561606021598 38.791168930009007 14.711908337660132 42.75175447948277 509.17874935269356 107.05141479102895 43.415845391340554
leaf_count=130978 3439 1446 705 223 3412 748 1863 3678 414 306 1248 69 45 127 1212 3676 113 13109 138 3311 523 1647 3678 2431 550 197 576 6850 1720 827
internal_value=0 0.00134135 0.00047621 0.00190437 0.000938994 -0.00340194 -0.00124799 -0.00225142 -0.000567124 0.00804618 0.00221908 0.0119232 0.00364671 0.00741099 0.00906147 -0.000235752 0.000571826 4.86958e-05 0.00715821 -0.000546037 -0.000664568 -0.00410898 -0.000550912 -0.00327054 0.000159238 -9.55953e-05 -0.00497949 9.93531e-05 -0.000385718 0.00180442
internal_weight=7486.69 1115.63 825.056 460.499 407.152 85.4974 364.556 312.514 232.605 53.3474 321.655 34.4493 290.577 85.1654 75.5049 6371.06 1740.41 1494.92 29.0378 4630.65 4481.4 129.103 4352.3 233.445 65.3768 1465.88 57.4637 1408.42 4118.85 205.411
internal_count=189259 19762 14112 6711 6113 1453 7401 5955 4092 598 4660 375 5650 1384 1257 169497 24659 20983 251 144838 141527 2720 138807 6109 1073 20732 773 19959 132698 4266
is_linear=0
shrinkage=0.03


Tree=147
num_leaves=31
num_cat=0
split_feature=5 36 35 44 36 18 44 38 27 27 35 18 29 28 7 25 25 8 35 8 5 7 34 5 27 45 5 35 28 8
split_gain=2.54459 1.58688 2.57287 2.1895 2.07955 4.98673 2.0472 2.4682 1.636 2.19136 2.68344 2.1641 1.90923 1.98643 1.60834 1.67381 2.53144 1.46061 1.31686 1.27638 2.10086 2.00765 3.06247 3.00579 2.51878 1.81539 1.61614 2.10572 2.06832 2.26664
threshold=0.081481501249764735 0.014589490051480868 0.0078250759818564494 -0.037147814967950117 0.010007204356333182 0.13746629208068153 0.095242867933740663 0.063408243281170243 0.062500598342775368 0.076633929428875744 0.0042238270575269158 0.63516525556073544 0.027590650402889664 -0.09037314499201797 0.02110114907353992 -0.44115457998509916 0.033625458378663042 0.29766617661837863 -0.0004215574583149836 -0.02256631097260715 -0.024745261063090659 0.033325112682712633 0.058011165796649194 0.055303843546555161 0.027377499867064791 0.0041114970189110442 -0.046912520133223549 0.0075552135489054132 -0.29637722059865451 -0.23680350088828714
decision_type=2 2 2 2 2 2 2 2 2 2 2 2 2 2 2 2 2 2 2 2 2 2 2 2 2 2 2 2 2 2
left_child=19 4 3 17 8 -6 7 -5 12 10 -10 -11 13 -2 -4 -16 -17 -3 -19 26 -21 22 -22 24 -23 -25 27 28 -1 -30
right_child=1 2 14 6 5 -7 -8 -9 9 11 -12 -13 -14 -15 15 16 -18 18 -20 20 21 23 -24 25 -26 -27 -28 -29 29 -31
leaf_value=-0.0035146627763514371 0.0037511975607638507 0.0028649907230845159 0.0074044798302392197 0.0069378386440766566 -0.013916199642058973 0.0034496943237655744 -0.0051713525744053971 0.0021635906753954197 -0.0098075988932300896 0.0034644945106135643 0.0037848473712481295 -0.0066911394871943721 0.0072354508145086194 -0.0035939168389526083 0 -0.014258648147260432 0.0014594504332851503 0 -0.015454268658014624 0.002993797208477427 5.9504308470963845e-05 0.0018367656950177666 0.0062590356671172794 0 -0.003849947166138189 0.006630281313098188 -0.0014628862882138161 0.0042312019158229006 -0.00081081681091053567 0.003591627711323674
leaf_weight=139.30339905247092 70.763833756558597 5.1114272791892317 4.6103516090661278 171.67106775101274 24.997354498133063 22.281501862220466 15.836540935561059 296.57642219867557 39.771944367326796 80.369359904900193 11.577829511836169 18.238011043518782 54.674466632306576 52.285821262747049 22.603146187961102 21.009766927920285 8.0770983546972257 4.8039383897557864 8.0424165120348299 205.49681738484651 3625.1710067098029 74.060747939161956 68.466019631363451 130.63147946912795 395.34354269038886 42.767716916278005 1309.4277259684168 100.03072094079107 311.08876346657053 148.85456165065989
leaf_count=4118 853 64 48 1783 346 262 155 3358 521 933 135 244 702 870 350 269 74 56 106 5498 79175 1807 714 2175 9716 643 59626 2220 7986 4452
internal_value=0 0.0014612 0.00246809 0.00318285 0 -0.00561099 0.00361993 0.00403215 0.000823637 -0.00132997 -0.00614662 0.00106433 0.00279162 0.00037739 -0.00315595 -0.00519704 -0.00943996 -0.00551495 -0.0103988 -0.000209141 6.34011e-05 -7.18435e-05 0.000190837 -0.00161738 -0.00287958 0.00161629 -0.000838917 0.000288986 -0.000348996 0.000572754
internal_weight=7483.94 933.302 558.342 502.042 374.96 47.2789 484.084 468.247 327.681 149.957 51.3498 98.6074 177.724 123.05 56.3004 51.69 29.0869 17.9578 12.8464 6550.64 4541.94 4336.44 3693.64 642.803 469.404 173.399 2008.71 699.277 599.247 459.943
internal_count=189259 11129 6263 5522 4866 608 5296 5141 4258 1833 656 1177 2425 1723 741 693 343 226 162 178130 99728 94230 79889 14341 11523 2818 78402 18776 16556 12438
is_linear=0
shrinkage=0.03


Tree=148
num_leaves=31
num_cat=0
split_feature=0 0 2 35 43 43 42 40 43 44 41 26 0 26 8 0 41 42 2 31 39 7 37 2 32 38 38 29 42 34
split_gain=2.51837 2.23987 2.4045 2.71096 2.87723 2.51971 2.33319 2.05287 2.405 2.03331 1.91059 1.81106 1.78262 1.91502 1.77916 3.13525 3.01997 3.08683 2.96452 3.72755 2.59551 2.30897 2.73213 2.19064 2.03376 1.68082 1.63795 1.64047 1.61007 1.4098
threshold=0.031540110511550305 0.038399156180143973 0.065326631761042558 -0.00050712840847040943 -0.39743648153177519 0.01802707679528304 0.022966514477889506 -0.00019335781065587417 0.88572216532022729 0.021275513040783581 -0.031602367960939501 0.018622517941108026 0.095261796057407311 0.0048426506051789915 0.18567298410671487 -0.0025654536694125932 -0.01853227801483141 0.054255328862690293 -0.0071551423702023243 -0.0025665512837370129 -0.014933530508969464 0.017318393140780517 0.038693034137317069 -0.0047685157434068136 0.083145067123491942 -0.12117062510388264 0.80580246379787124 0.045448051950259812 0.020257836591011387 0.050850632092017949
decision_type=2 2 2 2 2 2 2 2 2 2 2 2 2 2 2 2 2 2 2 2 2 2 2 2 2 2 2 2 2 2
left_child=14 11 5 6 10 12 -4 8 -7 -6 -5 -2 13 -3 -1 16 17 -16 19 -17 25 22 -18 -22 -23 -20 27 28 -13 -21
right_child=1 2 3 4 9 7 -8 -9 -10 -11 -12 26 -14 -15 15 18 21 -19 20 29 23 24 -24 -25 -26 -27 -28 -29 -30 -31
leaf_value=-0.00067295880064854668 0.0017426898399261381 -0.00034283606716306396 -0.0047850573870161384 -0.0028361797347043875 -0.0040050125641431502 -0.0048286017593516346 0.0091819655895919814 0.0032608416660190446 0.0066416221093861423 0.0030208755043474632 0.0099547377831458103 -0.00012130040860983176 0.007227836261547777 -0.0054624570726911192 0.00069560537681613598 0.0025098050424487736 0.00068402195559903256 -0.010341479839218109 -0.0059875394812999106 -0.010806589724833508 0.0057673159738008848 0.0035943627343886031 -0.00930690975419801 5.4625402486234512e-05 -0.00077880235397301159 0 -0.0033746339284898715 0 0.012029435325840217 0
leaf_weight=3600.0837456202134 207.48381232703105 142.56965028028935 6.3914399724453679 7.2898086467757812 92.475254089571536 68.23251252900809 70.067776032723486 181.52277454407886 14.836969656869767 51.091401439160109 35.767767722718418 5.8534122444689265 9.6822204897180182 144.77822287846357 48.67310781031847 30.936139567755163 143.72332325018942 31.009888362139463 98.408773764967918 57.874316077679396 58.658733425661922 629.81060498207808 23.833239156752825 1448.4693133840337 98.095647949725389 76.310042896308005 5.550643987953662 18.638606822118163 57.425064795650542 14.21105594653636
leaf_count=122912 4266 3020 110 92 1416 1322 790 3372 201 538 421 125 97 2733 962 567 2696 635 2294 1175 879 10412 362 23329 1206 1904 91 224 944 164
internal_value=0 0.0013087 0.000456215 0.00281551 0.000626392 -0.00061111 0.0074241 0.00143313 -0.00217852 -0.00128524 0.00709516 0.00354495 -0.00252501 -0.00307425 -0.000231236 0.000334261 0.00170359 -0.00360238 -0.000399769 -0.00522173 -7.2013e-05 0.00222644 -0.000791731 0.000315143 0.00296279 -0.00349441 0.00717028 0.00838298 0.0105395 -0.00887655
internal_weight=7479.76 1119.66 824.706 263.083 186.624 561.622 76.4592 264.592 83.0695 143.567 43.0576 294.952 297.03 287.348 6360.1 2760.01 975.146 79.683 1784.87 103.022 1681.85 895.463 167.557 1507.13 727.906 174.719 87.4677 81.9171 63.2785 72.0854
internal_count=189259 19762 14112 3367 2467 10745 900 4895 1523 1954 513 5650 5850 5753 169497 46585 16273 1597 30312 1906 28406 14676 3058 24208 11618 4198 1384 1293 1069 1339
is_linear=0
shrinkage=0.03


Tree=149
num_leaves=31
num_cat=0
split_feature=0 0 26 26 8 0 2 31 25 19 2 45 40 28 40 11 38 2 3 2 43 18 43 31 18 33 5 28 8 3
split_gain=2.62355 1.98564 2.18483 1.90959 1.89589 2.81124 2.70947 3.51002 2.38228 2.34542 2.99489 2.53951 2.20153 2.66238 2.15425 1.88598 1.8235 1.96939 1.78879 1.75192 3.08246 2.81973 2.28519 2.39446 1.97586 1.96817 1.62556 2.50191 3.16529 2.81864
threshold=0.031540110511550305 0.038399156180143973 0.095262188174634527 0.018622517941108026 0.18567298410671487 -0.0025654536694125932 -0.0071551423702023243 -0.0025665512837370129 -0.24907499041381362 0.48234580100212493 0.020112198304168296 -0.00092457129043087879 0.0099428392593748308 0.12637694124782686 0.011849148959681765 0.18208556149732621 -0.13962775047395401 0.037578946271817418 16.437484326490384 0.060821218694698372 0.29659820298848599 -0.73518231941431011 0.063389782311441337 -0.012137267975809019 -1.8013857874668877 0.76289964070251959 -0.086584283147530403 0.013467565301691133 -0.36425825792838107 16.145952325790688
decision_type=2 2 2 2 2 2 2 2 2 2 2 2 2 2 2 2 2 2 2 2 2 2 2 2 2 2 2 2 2 2
left_child=4 3 19 -2 26 8 7 -7 12 11 -11 -8 13 -6 15 -10 17 -5 -16 22 21 -21 25 -24 -22 -3 27 -1 29 -29
right_child=1 2 -4 16 5 6 9 -9 14 10 -12 -13 -14 -15 18 -17 -18 -19 -20 20 24 -23 23 -25 -26 -27 -28 28 -30 -31
leaf_value=-0.0012245055214219782 0.0015859770329572592 -0.0036088998310107594 0.0081447094925124995 0.014477122675370709 0.0044102567207116548 0.0024086115764380164 -0.0012290367609961367 -0.0086583893185528098 -0.0025306155576041277 0 -0.0038936633670484258 0.0041702505932782385 -0.0035090254931020885 0.00033408989934104562 0.011555973987268615 0.0068731084414582564 0.002345205824419386 -0.00052718716010134996 -0.0014547818868493984 -0.0020328961057794123 0.006777688110579951 0.0057445226427082401 -0.003961887605424437 0.0031394962592683207 -0.0046739940059248655 0.0036133998086826883 -0.00090186780962573504 0.0051952112113145786 0.0075083784424978513 -0.0055928148315818604
leaf_weight=163.90566909359768 208.92402843292803 251.72267527971417 27.694170609116554 32.405380289070308 428.58416870981455 31.14008745085448 109.34722577594221 69.745517839677632 226.18106853403151 1154.4683199040592 205.18947228742763 209.76191611774266 42.04023221693933 242.47723858803511 16.951057670637969 14.732992320321499 52.952490617521107 4.8319346122443667 8.757572475820778 45.851469160057604 10.068372759968041 168.45583221502602 49.240471357945353 167.59381340118125 71.941560739651322 30.979159430600703 3263.1307939947583 34.87229397892952 90.298515280708671 41.947952868416905
leaf_count=2731 4266 5309 244 465 6775 567 1320 1339 3577 20345 4146 2595 760 4630 219 173 846 73 139 722 131 2171 1217 2908 935 475 117893 493 1100 695
internal_value=0 0.0013336 0.000521778 0.0034248 -0.000236508 0.000347381 -0.00034953 -0.00500661 0.00163912 -3.78084e-05 -0.000599956 0.00223713 0.00254815 0.00299514 -0.00068386 -0.00170549 0.0070622 0.011988 0.00663174 0.00016986 0.00200967 0.00393532 -0.00087113 0.00133867 -0.00261459 -0.00266414 -0.000692978 0.00125969 0.00383521 -0.000310757
internal_weight=7476.19 1122.66 823.548 299.114 6353.53 2759.38 1779.65 100.886 979.724 1678.77 1359.66 319.109 713.102 671.061 266.623 240.914 90.1898 37.2373 25.7086 795.853 296.317 214.307 499.536 216.834 82.0099 282.702 3594.16 331.024 167.119 76.8202
internal_count=189259 19762 14112 5650 169497 46585 30312 1906 16273 28406 24491 3915 12165 11405 4108 3750 1384 538 358 13868 3959 2893 9909 4125 1066 5784 122912 5019 2288 1188
is_linear=0
shrinkage=0.03


Tree=150
num_leaves=31
num_cat=0
split_feature=8 0 6 44 19 28 44 19 0 27 37 6 42 8 8 28 6 19 42 39 19 6 45 39 29 4 32 41 37 32
split_gain=2.45793 1.6219 2.50348 2.18515 1.78033 1.71889 1.83637 1.65729 2.2587 1.78895 1.61395 1.6444 1.58424 1.57761 2.50224 1.498 1.45 1.77004 1.36582 1.63856 1.34603 1.29001 1.25068 3.60451 2.82508 3.14596 3.95869 1.73234 1.64731 1.44601
threshold=0.37861418174568545 0.030153060664754105 -0.12244669099768295 0.0076389206977169411 1.5641394446426153 -0.14870089524296223 -0.0084043371563292529 1.0538961013276713 -0.013969574047139425 0.031178502356099119 0.022979396374120858 0.14151175429335475 0.076435310892653652 0.29350799784167686 0.17925866985666483 0.40655137588823115 0.08426110232302654 1.721626831062079 0.011159296724846154 0.0017948014669983928 0.92494199165506952 0.28514216008795229 -0.0068295557342086905 -0.0070717948779472246 -0.019168486318981076 -0.37698512021171199 0.033074370108038355 -0.008831598271230888 0.059523323386829245 0.033630077038547694
decision_type=2 2 2 2 2 2 2 2 2 2 2 2 2 2 2 2 2 2 2 2 2 2 2 2 2 2 2 2 2 2
left_child=1 4 -3 13 7 6 -6 18 9 -9 15 -12 -10 14 -4 -5 17 -7 19 -1 -15 -20 23 27 -25 26 -26 -2 -27 -24
right_child=22 2 3 10 5 16 -8 8 12 -11 11 -13 -14 20 -16 -17 -18 -19 21 -21 -22 -23 29 24 25 28 -28 -29 -30 -31
leaf_value=0 -0.00447905734682842 0.0073949125101579541 -0.0016270610916630235 -0.0073516713253048644 0 -0.0020993969464928241 0.0084659429398914066 -0.0023671507272955408 -0.001856212008259547 0.0015049435759212223 0.0052944886285848361 -0.0019181810701178622 -0.0067279877723646067 0 0.0037871586601220296 0.0046442316645795576 -0.0071338549602606629 0.00594821482665702 -0.0001276722759631357 -0.0062297030612992249 -0.0085888444383774663 0.0085245285265280399 0.0023035542167805729 0.0078320006169081084 0 -0.00410693745073684 -0.022507237518992373 0.0092674885728634242 0.0059458832816136507 0.0004374004875747493
leaf_weight=93.308925892692059 4.3471532240509978 47.6205626828596 228.9321767995134 19.605267631821338 28.196896073408425 45.173116678372025 54.007941360585392 151.69347710674629 955.58449060749263 327.15074262209237 153.69531124690548 25.138979794457555 66.683398477733135 38.192200620658696 108.92567514907569 7.8056314606219521 17.206134524196386 38.721243440173566 3170.689762044698 68.558670605998486 33.682190299965441 10.519990994594989 665.74018849525601 9.336092207580803 14.186187407933177 64.448194450698793 14.515231383964418 28.333486027084291 12.030875861644743 965.75512287113816
leaf_count=3320 65 576 6215 473 597 1188 1066 6053 31084 9408 3024 392 1762 717 2244 162 396 819 94683 1877 831 112 8884 85 153 771 170 364 122 11646
internal_value=0 -0.000304322 0.00107036 0.000477503 -0.000492616 0.00233834 0.00543556 -0.000608227 -0.00143839 0.00020451 0.00298696 0.00409281 -0.00223441 -0.000734119 6.07618e-05 -0.00282058 -3.47339e-05 0.00140313 -0.000224913 -0.00287582 -0.00462176 -7.63123e-05 0.00097183 -0.00155226 -0.00421114 -0.00585931 -0.0136975 0.00629106 -0.00188951 0.00122194
internal_weight=7469.79 5691.09 663.598 615.977 5027.49 183.305 82.2048 4844.19 1501.11 478.844 206.245 178.834 1022.27 409.732 337.858 27.4109 101.1 83.8944 3343.08 161.868 71.8744 3181.21 1778.69 147.197 114.517 105.18 28.7014 32.6806 76.4791 1631.5
internal_count=189259 166999 14634 14058 152365 4066 1663 148299 48307 15461 4051 3416 32846 10007 8459 635 2403 2007 99992 5197 1548 94795 22260 1730 1301 1216 323 429 893 20530
is_linear=0
shrinkage=0.03


Tree=151
num_leaves=31
num_cat=0
split_feature=8 0 6 44 2 19 0 2 19 6 19 32 41 25 27 32 35 8 8 1 31 35 2 1 32 8 33 44 26 0
split_gain=2.50415 1.66999 1.95709 2.1625 1.79001 1.78159 1.6809 2.02871 3.35009 2.06832 1.97528 1.90307 1.66241 1.51278 1.39063 1.88887 1.93749 1.38623 2.21826 1.38345 1.23417 2.57769 1.58086 1.63361 1.46987 1.71308 1.56265 2.2087 2.03669 1.22969
threshold=0.37861418174568545 0.030153060664754105 -0.12244669099768295 0.0076389206977169411 0.078225984085527014 1.5641394446426153 0.0090810551718038621 0.0058609671230160981 0.56103748055018976 0.048614121054546329 0.49128478209664117 0.084942082157970125 0.049690385803817828 -0.16350361641202041 0.096811693453244044 0.037535007193268667 0.002093568274317312 0.29350799784167686 0.17925866985666483 0.079754701166319372 0.095262188174634527 0.00053727833841989592 -0.052631393220110817 0.1444827457654945 0.11583215456745914 0.50764842163657409 -0.66576777202887871 0.069323544398419965 0.0075337835467283861 0.028893609353304327
decision_type=2 2 2 2 2 2 2 2 2 2 2 2 2 2 2 2 2 2 2 2 2 2 2 2 2 2 2 2 2 2
left_child=1 5 19 17 12 6 7 9 -9 -1 13 -12 -5 -8 15 -7 -17 18 -4 -3 22 29 23 -2 26 -26 28 -28 -24 -22
right_child=20 2 3 4 -6 14 10 8 -10 -11 11 -13 -14 -15 -16 16 -18 -19 -20 -21 21 -23 24 -25 25 -27 27 -29 -30 -31
leaf_value=-0.001014048480255957 0.012255627443530278 0.010093494821597189 -0.0015301418129225353 0.0030620127291450497 0.010035662275954316 0 0.0047935975679566723 0.0078296325232336816 0.00027918060249817274 0.00059879456313839164 -0.001773246468906355 -0.0087388816096943024 -0.0038225994460220989 -0.0011053415779937394 -0.005342442090164606 0.0093283794559003135 0 -0.0043437669670760961 0.00355075599783687 0 -0.0033791012583653376 -0.011971658945754846 0.0065382588068838001 -0.0011322373275057442 -0.00014460541271604817 0.011151526224475052 0.00072468549524839739 -0.0047467631266602788 0.00010584943807719749 0.0084495076827564089
leaf_weight=2340.0742284250446 17.676429381594065 30.388936895877123 227.08592011593282 153.50158702535555 25.203134716488421 81.295778144150972 66.157977311406285 63.827423545531929 271.7827713158913 1001.0376563980244 986.64961902983487 34.825329691171646 31.55457681696862 70.49793753400445 12.229496501386164 55.054461027495563 36.222881608642638 70.664300953038037 110.3890226604417 17.502070937305689 8.4535772297531384 15.147297790274022 89.563076389953494 5.8119105063378802 12.659218395128844 22.108418442308903 1432.3914655046538 63.630486004985869 102.26371295936406 9.8559570312499982
leaf_count=86843 151 370 6215 3125 330 2152 1364 1219 7105 20139 29204 871 596 1554 202 1039 673 1548 2244 206 83 163 874 53 135 178 18725 668 1157 73
internal_value=0 -0.000307471 0.00108442 0.000552832 0.00301362 -0.000499091 -0.000615362 -0.000290474 0.00189708 -0.000521683 -0.00161531 -0.00208136 0.00166056 0.00160708 0.00232083 0.00316797 0.00601395 -0.000663394 7.18122e-05 0.0066802 0.000980522 -0.00418995 0.00110841 0.00827259 0.000969696 0.00678307 0.000812545 0.000456945 0.00335133 0.00214781
internal_weight=7465.51 5685.95 666.29 618.399 210.259 5019.66 4834.85 3676.72 335.61 3341.11 1158.13 1021.47 185.056 136.656 184.803 172.573 91.2773 408.139 337.475 47.891 1779.56 33.4568 1746.1 23.4883 1722.62 34.7676 1687.85 1496.02 191.827 18.3095
internal_count=189259 166999 14634 14058 4051 152365 148299 115306 8324 106982 32993 30075 3721 2918 4066 3864 1712 10007 8459 576 22260 319 21941 204 21737 313 21424 19393 2031 156
is_linear=0
shrinkage=0.03


Tree=152
num_leaves=31
num_cat=0
split_feature=0 0 26 35 2 43 40 34 43 28 1 44 34 38 2 8 5 33 10 8 2 1 34 11 45 28 5 11 38 28
split_gain=2.51945 2.06515 2.3293 1.92864 2.00946 3.21535 2.04936 1.96756 1.8557 2.6388 2.60518 1.80894 1.91231 1.76516 1.94389 1.66534 2.13276 1.84951 1.59166 3.2167 2.83015 2.27322 2.23705 2.21899 1.53141 1.5048 1.48756 2.0517 1.76148 1.69899
threshold=0.031540110511550305 0.038399156180143973 0.018622517941108026 0.0087907803282750007 0.060821218694698372 0.013454940267248363 -0.007152800053472819 0.01384077127832707 0.28986151404918564 0.2581242232292898 0.11589385101912542 -0.010736257957153298 0.001460542677765614 -0.13962775047395401 0.037578946271817418 -0.11816747298259313 -0.055491284691164149 -0.37706356744169062 -0.020938082436537865 0.14841328928964079 -0.052631393220110817 0.045703839149047347 0.045448051950259812 -1.0000000180025095e-35 -0.016986411119452146 -0.5120910526284107 -0.078514427232747527 -0.10640108954715695 -0.22875453582377056 0.091716831256420064
decision_type=2 2 2 2 2 2 2 2 2 2 2 2 2 2 2 2 2 2 2 2 2 2 2 2 2 2 2 2 2 2
left_child=15 2 -2 4 5 6 -3 -7 10 -10 -6 -5 -13 14 -4 24 17 -17 19 -18 -21 22 -20 -23 -1 -19 27 28 -26 -29
right_child=1 3 13 11 8 7 -8 -9 9 -11 -12 12 -14 -15 -16 16 18 25 21 20 -22 23 -24 -25 26 -27 -28 29 -30 -31
leaf_value=0.0038882290433316781 0.0014171511009588812 0.0061233163999001323 0.014436835824206466 0.0017666737823506776 0.0026386848838815861 0 -0.0034474573296726973 0.005696758754431837 -0.0046819910547648358 0.0060081967809380472 0.012206490946225695 -2.0644485841606516e-05 -0.012068641096849474 0.0026146895146316115 -0.00032596666769648845 -0.0013766046683561493 -0.00481414460931883 -0.00035788207506959628 0.00023663369802423258 0.0055672401386913095 -0.0012019751838356204 0.00077736415548221077 0.0037897299671632409 -0.0028303146908611595 0.0049974317448441136 0.0088627537261447512 -0.0019688766689622424 -0.0071674576020513752 0 0.0006201501102637521
leaf_weight=44.255088509526104 210.6575865233317 15.449701813980935 34.317547515034676 25.167495314963162 171.10446679033339 136.73454187531024 226.25018882704899 87.665153237991035 52.442852164618671 26.68458522669971 30.457478693686426 27.905192309990525 25.550275622867048 53.678836914710701 4.9796576183289281 26.463106166105717 180.18763420311734 12.853488205932079 3547.3341464367695 63.278373654000461 293.25653907563537 222.28477738099173 164.14377423562109 413.11643461789936 88.238897457718849 56.803426330443472 972.403753047809 46.434573713690042 163.07910883240402 35.61280176229775
leaf_count=1361 4266 249 465 431 2394 3079 4676 1051 698 318 294 521 401 846 73 524 7505 301 86139 672 5795 4915 1871 8569 1241 1303 44822 1172 2631 676
internal_value=0 0.00130226 0.00341315 0.000473753 0.000983645 -0.000168589 -0.00260237 0.00232164 0.00297146 -0.000577454 0.00449016 -0.00377986 -0.0068322 0.00732623 0.0120632 -0.000233131 1.46538e-05 0.00433195 -6.85271e-05 -0.00160579 0 0.000116017 0.000406732 -0.00152517 -0.00116593 0.00684945 -0.0013743 0.000274859 0.00170285 -0.00360113
internal_weight=7458.79 1129.05 303.634 825.412 746.789 466.1 241.7 224.4 280.689 79.1274 201.562 78.623 53.4555 92.976 39.2972 6329.75 4979.72 96.12 4883.6 536.723 356.535 4346.88 3711.48 635.401 1350.02 69.6569 1305.77 333.365 251.318 82.0474
internal_count=189259 19762 5650 14112 12759 9055 4925 4130 3704 1016 2688 1353 922 1384 538 169497 117594 2128 115466 13972 6467 101494 88010 13484 51903 1604 50542 5720 3872 1848
is_linear=0
shrinkage=0.03


Tree=153
num_leaves=31
num_cat=0
split_feature=0 0 4 18 32 35 45 11 43 1 4 18 44 29 8 45 25 35 29 27 19 28 10 19 19 11 33 28 4 32
split_gain=2.47854 1.85793 2.52752 2.16721 2.00468 2.42129 3.52764 2.31028 2.10759 4.93174 2.00244 1.68258 2.19885 1.78249 1.6516 1.43298 1.42203 2.18886 1.84252 1.39284 1.37618 2.36003 3.18345 2.36097 2.27111 2.16885 1.8575 1.77639 3.19887 2.16428
threshold=0.031540110511550305 0.038399156180143973 0.10656858795974335 -0.23391692416562559 0.10032167111396935 0.00013460314251771371 0.00031144225670615144 0.45972972972972975 0.88572216532022729 0.096787872279177845 0.98096740230274293 0.073860055012016534 -0.011111755224663724 -1.0000000180025095e-35 -0.11816747298259313 -0.016986411119452146 -0.16797062468590149 0.011391508711943438 0.04791535598331273 0.025641083443032342 1.0538961013276713 -0.72510820016854705 0.022911302207449826 1.0379672830020588 0.80196747531052848 0.21913960289364323 -0.13033453665227943 0.082067104164835328 -0.2643713442641013 0.11583215456745914
decision_type=2 2 2 2 2 2 2 2 2 2 2 2 2 2 2 2 2 2 2 2 2 2 2 2 2 2 2 2 2 2
left_child=14 2 3 -2 8 7 -7 -6 16 10 -10 12 -4 -13 15 -1 18 -18 -3 -14 21 22 24 25 -16 -23 -25 29 -29 -22
right_child=1 4 11 -5 5 6 -8 -9 9 -11 -12 13 19 -15 20 -17 17 -19 -20 -21 27 23 -24 26 -26 -27 -28 28 -30 -31
leaf_value=0.0037008079883294547 0.011446080169436686 -0.00041558707701765276 0.0047947229809641705 0.0025177855486660347 0 0.007912690209166991 -0.0078102114609183149 0.016376296579644588 0.012362486667152343 -0.0092774995484555967 -0.00011827494891976846 0 0.00016007339519889674 0.008080143119150375 -0.00086106206092317124 -0.0013653162780992002 0.003724398468291759 -0.007089764843956293 -0.0056388547799377468 -0.0070545085287268836 0.00027940125567001427 0.00095516288112548818 0.006774920580610265 0.0097932939640126629 -0.006341089574995064 -0.00076821125843920936 0.00065637801813960136 0.00013459643425562233 -0.0044377159932051796 -0.0091927172725226255
leaf_weight=44.592606785241514 48.068271316587925 493.72476500086486 28.12288744840771 74.094200097955763 10.385842468589546 21.299990700557828 20.053034294396639 18.368301281705499 38.623002061620355 10.477223472669719 9.3375526079907996 37.236112569458783 29.140938967466354 41.354946894571185 210.04447477357462 1301.3182981815189 119.93725662957877 13.214243411086498 67.701337045989931 49.106378612108529 874.41553249768913 2213.9547851840034 27.419197144918144 39.896927000023425 110.36751172877848 911.34831715887412 51.765242519788444 255.8221828378737 264.74932352500036 17.239185237325728
leaf_count=1361 766 9834 609 1214 176 261 271 158 519 110 156 834 604 687 3970 50542 1562 193 872 936 22677 52844 404 883 2540 17326 1259 7183 8213 295
internal_value=0 0.00129075 0.00328059 0.00657872 0.000496753 0.00517133 0 0.0111385 0 0.00526505 0.00958436 0.000828499 -0.00141343 0.0041248 -0.000231564 -0.00116218 -0.000444603 0.00221627 -0.00114263 -0.00415904 1.49906e-05 0.000334859 -0.00197569 0.000596674 -0.0029093 0.000442613 0.00524454 -0.000769598 -0.00215378 1.25703e-05
internal_weight=7453.18 1130.25 307.124 122.162 823.123 70.1072 41.353 28.7541 753.015 58.4378 47.9606 184.961 106.37 78.5911 6322.93 1345.91 694.578 133.152 561.426 78.2473 4977.02 3564.8 347.831 3216.97 320.412 3125.3 91.6622 1412.23 520.572 891.655
internal_count=189259 19762 5650 1980 14112 866 532 334 13246 785 675 3670 2149 1521 169497 51903 12461 1755 10706 1540 117594 79226 6914 72312 6510 70170 2142 38368 15396 22972
is_linear=0
shrinkage=0.03


Tree=154
num_leaves=31
num_cat=0
split_feature=5 8 0 39 3 3 28 27 7 42 27 11 18 41 7 37 26 26 3 0 28 8 4 25 37 25 38 37 18 19
split_gain=2.54199 1.42233 1.45962 1.6956 1.82032 1.81593 1.64842 1.46016 2.11507 1.42177 1.90492 1.91638 2.87152 2.05458 1.72409 1.9653 2.70187 1.65933 1.56704 2.03039 1.53193 1.45959 1.29182 2.76137 3.10296 2.2727 2.39216 1.5644 1.49665 2.12049
threshold=0.067563678174451539 0.5714650238588167 0.003035808499325463 -0.0098050628316888096 14.635153375339831 17.809212891072516 -0.14421295356537286 0.034440032063080252 0.013248988351744153 0.090909095192572453 0.061703844769646375 0.062148876404494409 -0.65201420414086664 -0.089689572675314078 0.035811406597866566 0.025903218321250105 0.013476215525096669 0.067688636037709846 18.767840931810976 -0.076917278785436666 0.036361303926185869 0.51871108800206422 0.98096740230274293 -0.75908336960224265 0.030303089613153898 -0.22737545271762169 0.83147720843213346 0.044673483772180764 0.89638070971723882 0.49996241011108317
decision_type=2 2 2 2 2 2 2 2 2 2 2 2 2 2 2 2 2 2 2 2 2 2 2 2 2 2 2 2 2 2
left_child=1 9 6 -4 -5 -6 -3 8 -8 14 11 13 -13 -11 15 21 -17 20 19 -16 -12 -1 28 -24 -25 26 -26 -27 -2 -30
right_child=22 2 3 4 5 -7 7 -9 -10 10 17 12 -14 -15 18 16 -18 -19 -20 -21 -22 -23 23 24 25 27 -28 -29 29 -31
leaf_value=-0.00083557554309452559 0.00193225091249956 -0.007852177014768388 -0.0031609524269132516 -0.00022642756617836349 0.011898103088522601 -0.0002208396838534608 -0.0022227315622685589 -0.0029785394406876484 0.014504680874169239 0.0045144845713394515 0.001271264058379479 -0.0056738612318739615 0.0067567611989444287 -0.0050693318090858502 0.0039446016253286914 0.00072056451548888826 -0.001414420302785752 -0.0045687013604953659 -0.0055750066131430055 -0.0017664646295910875 0.0088133501286026174 -0.0068368432127482188 -0.011257919444777723 -0.0076659003156380294 0.010811377558939371 0.0042730292181177342 -0.0049921691365232357 -0.0083605230311611951 0.0037253334829735331 -0.003642077120980078
leaf_weight=1924.8994547156617 1026.1722198436037 15.834034128114579 10.446542820893226 15.363475222140549 44.161849021911621 8.0600542686879617 5.4343278929591206 12.376879544928668 10.453350206837056 18.532797092571855 59.525324389338493 16.597976280376315 53.729849495925009 85.040671333670616 54.483328548260033 2389.7853661542758 676.20264949696139 9.6877593211829645 86.677390762139112 581.56293914467096 59.324705062434077 33.979535637423396 17.312048625200987 23.935149032622576 36.844240996055305 9.0561270378530043 4.8474361738190046 13.769914444535969 44.603970283642411 102.40617118403316
leaf_count=64638 12865 183 146 143 409 107 49 148 86 297 885 346 892 1877 892 62565 19374 198 2379 15959 870 493 290 388 428 100 69 160 411 1612
internal_value=0 -0.000252456 0.00286489 0.00528245 0.00712868 0.0096475 -0.000904243 0.0026814 0.0081844 -0.000322654 0.00164557 -0.000256722 0.00324289 -0.00294923 -0.000432777 -0.000228035 0.000238389 0.00435713 -0.00180372 -0.00120351 0.00548199 -0.000972093 0.00121458 -0.00177521 0.000262761 0.00397553 0.00799358 -0.00240293 0.00151597 -0.00116038
internal_weight=7451.11 6172.16 122.131 78.0319 67.5854 52.2219 44.0986 28.2646 15.8877 6050.03 302.439 173.901 70.3278 103.573 5747.59 5024.87 3065.99 128.538 722.724 636.046 118.85 1958.88 1278.95 105.765 88.4529 64.5177 41.6917 22.826 1173.18 147.01
internal_count=189259 172936 1271 805 659 516 466 283 135 171665 5365 3412 1238 2174 166300 147070 81939 1953 19230 16851 1755 65131 16323 1435 1145 757 497 260 14888 2023
is_linear=0
shrinkage=0.03


Tree=155
num_leaves=31
num_cat=0
split_feature=0 0 4 26 1 5 45 0 4 3 19 4 43 1 25 31 10 31 5 10 31 6 6 38 6 37 45 19 28 33
split_gain=2.53083 1.93378 2.19539 1.91001 2.1311 3.61926 2.9821 2.35712 2.32033 1.9565 1.65969 1.56193 2.25378 2.30629 1.82442 2.19867 2.59777 2.41033 1.66219 1.90813 1.8354 2.14223 2.6817 2.18025 1.99625 1.5808 1.93463 1.47235 1.46709 1.77044
threshold=0.031540110511550305 0.038399156180143973 0.10656858795974335 0.095262188174634527 0.065005410009716533 0.1380321301457044 0.00076012683576200633 0.041781438423868222 0.67004567546528826 20.676183129792243 1.0379672830020588 0.25806668911098646 0.57163550342866121 0.032940965764566406 -0.14438199508288899 0.003849865959865154 -0.015696298445112587 -0.018565324640181825 0.081481501249764735 0.03014601858964536 0.095262188174634527 0.1519222419267017 0.20211402947898097 -0.38393219846925136 0.20211402947898097 0.015529668545723336 0.00098868715792062582 1.721626831062079 -0.19974504107950428 0.85717236622881832
decision_type=2 2 2 2 2 2 2 2 2 2 2 2 2 2 2 2 2 2 2 2 2 2 2 2 2 2 2 2 2 2
left_child=11 2 10 4 5 8 -7 -6 -3 -9 28 18 14 -14 -13 17 -17 -16 19 25 21 23 -23 -20 -22 26 -1 -27 -2 -30
right_child=1 3 -4 -5 7 6 -8 9 -10 -11 -12 12 13 -15 15 16 -18 -19 20 -21 24 22 -24 -25 -26 27 -28 -29 29 -31
leaf_value=0 0 0.0011426965161387178 0.00099476834182961695 0.0076318003033177635 -0.0073375225110027514 -0.00034741084624701076 -0.018056466024361253 0.0015209379377901571 -0.0047526516442400486 0.011821661033836806 0.00061998161877229417 -0.0010985799571167935 -0.00027101990708818392 -0.0070275057219731634 0.0064326008065933391 -0.0030206093767135181 0.0085425070869123137 -0.0032034818208895558 -0.010104901549320875 -0.0051904240756719816 0.0019049113179485989 0.0084875427545777083 0.0015602526632551882 0.00076772282225285292 -0.013890591336581782 3.806952938197265e-05 -0.0041161596203494657 0.0044354241954217199 0.011782371663986879 -0.0012002200252508009
leaf_weight=241.48660297878087 12.717640506103633 218.15046293940395 184.93795417342335 27.587360821664333 19.518593246582896 21.110790720209479 15.822486437857149 429.96136619383469 76.036931240465492 13.675492394715546 42.5201664743945 1044.4065003092401 94.978119695559144 104.74151579570025 26.02214656630531 16.249766409862787 62.156643558293581 83.884084608405828 14.627116752788423 61.382036674767733 7.4998970786109558 78.81121311802417 170.68903188034892 84.726829194463789 8.4619105560705048 3970.7576360879466 178.97892159409821 65.113156159408391 64.397351999767125 5.2373705152422181
leaf_count=7677 195 4670 3670 244 366 252 189 6425 1818 148 808 30171 2712 2858 585 381 1204 2192 223 1355 82 904 1712 1164 104 109138 5764 1271 915 62
internal_value=0 0.00130323 0.00332081 0.000490916 0.000159169 -0.00162203 -0.00989791 0.0015004 -0.00033473 0.00203355 0.00636379 -0.000234391 -0.00110394 -0.00404605 -0.000588618 0.00203977 0.00574894 -0.000480265 1.54481e-05 -0.000136498 0.0019546 0.00250393 0.00399006 -0.000952956 -0.00635359 -5.44207e-05 -0.00179833 0.000121839 0.00878075 0.010389
internal_weight=7446.65 1131.67 309.81 821.863 794.276 331.121 36.9333 463.155 294.187 443.637 124.873 6314.97 1432.44 199.72 1232.72 188.313 78.4064 109.906 4882.53 4517.72 364.816 348.854 249.5 99.3539 15.9618 4456.34 420.466 4035.87 82.3524 69.6347
internal_count=189259 19762 5650 14112 13868 6929 441 6939 6488 6573 1980 169497 40103 5570 34533 4362 1585 2777 129394 125205 4189 4003 2616 1387 186 123850 13441 110409 1172 977
is_linear=0
shrinkage=0.03


Tree=156
num_leaves=31
num_cat=0
split_feature=0 6 6 8 0 1 44 45 1 29 28 0 7 33 27 2 3 44 39 36 37 37 37 33 19 38 32 40 7 39
split_gain=2.37295 1.89429 1.82524 1.6651 1.65691 3.26504 2.75267 2.69718 2.5235 2.54042 1.4765 1.74309 1.97499 1.92651 1.86353 1.72434 1.66929 2.70259 2.65468 2.53082 2.38419 1.97117 1.63377 1.51156 1.33526 1.73679 1.51632 1.68397 1.26588 1.64653
threshold=0.031540110511550305 -0.12244669099768295 -0.020806877503223849 0.033942521024741774 0.039470866520145469 0.065005410009716533 0.039794089895833239 -0.0019370471891678469 0.06170615878228753 0.0074088237456971509 -0.72510820016854705 -0.056622625289260702 0.040736180205795398 0.3987587008903129 0.096811693453244044 0.011158816475255231 16.708119201053691 0.04157541184060249 0.032058533818942865 0.011782605138720217 0.084921746315138741 0.054313110236150458 0.086943302895974739 1.2344497476132361 1.4247769410635589 0.31701652799217067 0.022727250697089859 0.00089139016890425532 0.054018570033347736 -0.050264648570450772
decision_type=2 2 2 2 2 2 2 2 2 2 2 2 2 2 2 2 2 2 2 2 2 2 2 2 2 2 2 2 2 2
left_child=3 -2 -3 24 8 7 -7 -6 9 -4 16 13 15 22 -14 -13 18 19 21 -18 -20 -5 -12 -15 28 26 -26 -28 -1 -30
right_child=1 2 4 10 5 6 -8 -9 -10 -11 11 12 14 23 -16 -17 17 -19 20 -21 -22 -23 -24 -25 25 -27 27 -29 29 -31
leaf_value=-0.0012764691347212805 0.0070033587415182473 -0.0029893473018864159 0.001659369580893918 -0.0025224533730295964 -0.0081320695751760878 0.00083149059445577686 0.0069456811832410365 -0.00041394370207022732 -0.0021196135254558349 0.0082282726763205673 0.010086354957174373 0.00079290134375278832 -0.0009085418789458702 -0.0091013308169275928 -0.0077161942522448171 -0.0008083756889369181 -0.0014651760223150876 -0.0091375943226232222 -0.01359897483332295 0.0071855116271882513 0 0.0057289074823622492 0 0.0049205411015720273 -0.0027659047656788324 -0.0033448830311778957 0.00023078530964906952 0.0079995361287929431 -0.0042746090455476936 0.0046354762976212778
leaf_weight=1971.1655436279252 46.197815641760826 87.332789500243962 145.84823155775666 194.28218045830727 47.668908879160881 342.30472288280725 83.083735014311969 228.41623301897198 54.407348844222724 98.657470136880875 42.413393237628043 2588.6278959433548 223.03396195918322 10.301528821699319 42.765249205753207 768.38488284498453 48.109160437248647 13.591655713506041 30.028080356307328 56.893900354392827 12.578894866630433 23.507900431752205 17.628722625784576 5.4692122731357804 21.979310205206275 40.33456769073382 55.239137571305037 59.743143179919571 17.714451997540891 66.227386316284537
leaf_count=82308 540 2885 2832 3437 867 5076 837 4476 846 1403 547 52079 4723 157 772 15751 967 222 428 895 188 366 177 50 887 1121 1541 1400 266 1215
internal_value=0 0.00126042 0.000958117 -0.000227317 0.00134572 0.000489266 0.00216219 -0.00197424 0.00321577 0.00454192 0.00012697 0.000317208 0.000211026 0.00469306 -0.00223688 0.000416806 -0.00163142 0.0011088 -0.00298983 0.00306287 -0.00953919 -0.00138858 0.00718011 -0.00278036 -0.000886689 0.00151159 0.00322056 0.0046825 -0.00111132 0.00228326
internal_weight=7443.94 1133.92 1087.72 6310.02 1000.39 701.474 425.388 276.085 298.913 244.506 4077.62 3698.62 3622.81 75.8129 265.799 3357.01 378.992 118.595 260.397 105.003 42.607 217.79 60.0421 15.7707 2232.4 177.296 136.962 114.982 2055.11 83.9418
internal_count=189259 19762 19222 169497 16337 11256 5913 5343 5081 4235 80759 74256 73325 931 5495 67830 6503 2084 4419 1862 616 3803 724 207 88738 4949 3828 2941 83789 1481
is_linear=0
shrinkage=0.03


Tree=157
num_leaves=31
num_cat=0
split_feature=5 1 41 4 29 36 2 40 36 3 18 2 0 31 4 40 45 40 27 1 3 19 43 39 45 29 0 4 44 18
split_gain=2.25985 1.49857 1.95313 2.22479 3.61019 2.69819 1.89707 1.87423 2.74832 2.0135 1.72355 2.67823 1.80796 1.74775 1.70381 1.93241 1.69138 1.64393 1.63478 1.61928 1.66343 1.43093 1.3575 2.14098 2.29618 2.03705 2.31936 1.94374 1.85342 3.65013
threshold=0.067563678174451539 0.04713804011055233 -0.010416751048920687 0.98096740230274293 0.0019629065906725928 -0.023256840312365041 -0.023869635362784695 0.002191359961870322 -0.009950319264866234 15.950801928438059 -0.095776899979582622 0.029914546460490458 -0.016949557813222934 0.093829741277411435 -0.65210710495366075 -0.00010969125636906272 0.0031173509219184921 0.0020613487965679693 0.05342687566088427 0.11589385101912542 17.761586678248275 1.1438673058862603 0.57163550342866121 0.021821739282937114 -0.0057703979947873784 -0.0031928849937022425 -0.036197404896622841 0.94665289055772128 0.020744657937508505 1.225882048682857
decision_type=2 2 2 2 2 2 2 2 2 2 2 2 2 2 2 2 2 2 2 2 2 2 2 2 2 2 2 2 2 2
left_child=22 10 6 7 -5 -6 17 8 -4 -9 12 14 -2 16 15 -12 -14 -3 -16 20 -8 -13 28 25 -25 26 -24 -28 -1 -30
right_child=1 2 3 4 5 -7 19 9 -10 -11 11 21 13 -15 18 -17 -18 -19 -20 -21 -22 -23 23 24 -26 -27 27 -29 29 -31
leaf_value=-0.00026961393570446783 -0.0060988147340794831 -0.011626864216997806 -0.0064402295134035033 0.00087943993417298417 0.0025227827223829311 -0.014898854968279926 0 0.0085965494147243193 0.0001134055218134629 0.00066420066164458796 0.011637849645943938 0.011100457041531573 0.0038115356230875187 -0.0044358628439997759 0 -1.8334364300648737e-05 0.011181752448250764 0.0030109678608853927 -0.0059235531063628923 0.012911519998986664 0.006171882168431609 -0.0010378242886923438 -0.0067045906817511623 0.004238195821585522 -0.0067223021056907447 -0.0022500323561292514 0.0024272252428384077 -0.0065325564178249969 0.00058542580946127415 0.0078814429366242424
leaf_weight=4697.8328350880183 7.6092300061136475 9.3846960458904487 63.122222945094109 34.304860014468431 5.1641496429219833 29.728038939647377 87.625314019620419 36.871596626937389 320.11088002193719 129.26521003525704 14.954273177310823 25.197714077308778 170.42962790373713 9.7626753579825145 129.64655961003155 22.282999214716256 41.668942977674305 5.5132835302501908 54.770132328383625 14.000573316588996 64.019376399926841 5.2925857193768016 26.27332780091092 13.417190704494713 103.13799156714231 364.84463751316071 296.55727339955047 17.177209017798305 573.15282425191253 66.330835416913033
leaf_count=137551 97 155 924 480 71 438 1181 413 3911 1603 140 290 2015 98 1890 271 437 72 783 118 838 98 617 232 2096 10160 8150 501 12194 1435
internal_value=0 0.00114405 0.000299595 -0.000464943 -0.00535331 -0.0115754 0.00302264 0.000139396 -0.00095781 0.00279969 0.00246608 0.000590797 0.00434217 0.00495903 -0.000496821 0.00477599 0.00562186 -0.00530676 -0.00181785 0.00408112 0.00268824 0.00829879 -0.000238644 -0.00137177 -0.00509136 -0.000682908 0.000919975 0.00174777 -5.75207e-05 0.00144403
internal_weight=7439.45 1280.72 799.11 618.567 69.197 34.8922 180.543 549.37 383.233 166.137 481.615 252.144 229.47 221.861 221.654 37.2373 212.099 14.898 184.417 165.645 151.645 30.4903 6158.72 821.408 116.555 704.852 340.008 313.734 5337.32 639.484
internal_count=189259 16323 10204 7840 989 509 2364 6851 4835 2016 6119 3472 2647 2550 3084 411 2452 227 2673 2137 2019 388 172936 21756 2328 19428 9268 8651 151180 13629
is_linear=0
shrinkage=0.03


Tree=158
num_leaves=31
num_cat=0
split_feature=0 8 26 36 6 0 31 6 4 44 32 43 43 1 32 8 27 2 10 8 29 6 1 7 0 26 33 25 19 40
split_gain=2.21702 1.78451 1.74214 2.06307 1.68589 1.67191 2.75929 1.64016 1.60259 1.48637 1.83361 2.7467 1.65936 2.14996 1.94014 1.65425 1.43476 1.42798 1.88448 2.05265 2.66005 2.25815 1.54724 2.0068 1.83468 1.5422 2.24651 1.16929 1.05746 1.64227
threshold=0.031540110511550305 -0.094476543547198852 -0.039870651377533352 0.011009266211150908 -0.12244669099768295 -0.011174024461303136 0.013739398619365651 -0.020806877503223849 0.58369088441936434 -0.02338334491330098 0.069991635042928754 -0.66593545261250753 1.310891333717713 0.096787872279177845 0.10936426388448769 0.50764842163657409 0.096811693453244044 -0.060474482609434048 -0.020938082436537865 0.50764842163657409 -0.015952225140996829 0.26243853703836711 0.05435648200855956 0.022234020722998623 -0.0015764646475997779 0.059780083994960757 0.49195798186885581 -0.26139725632020788 0.36878636842451323 0.002113402966065491
decision_type=2 2 2 2 2 2 2 2 2 2 2 2 2 2 2 2 2 2 2 2 2 2 2 2 2 2 2 2 2 2
left_child=1 2 3 5 8 6 -1 -6 -2 10 11 -9 14 -14 -11 -12 -5 25 19 20 -19 -21 23 -20 -24 26 27 -3 -27 -30
right_child=4 17 -4 16 7 -7 -8 9 -10 12 15 -13 13 -15 -16 -17 -18 18 22 21 -22 -23 24 -25 -26 28 -28 -29 29 -31
leaf_value=0.0074393892449365296 0.0092702786228999415 0.011308320352860335 -0.0015732032721405644 -0.0073468636876434529 -0.0028259295651863821 -0.00035814000529033876 -0.0044732629009030722 -0.0041624939471924596 -0.0017479818517124694 0.00011825977364745077 0.0023895658846359974 0.0083326855071752162 0.010718331812514782 -0.0041525873279765566 0.0070179843470942801 -0.0097788017290719974 0.0023159335885753808 0.0012846490805122136 -0.00024900754142164578 0.0096634027430638463 -0.0038410575282502766 -0.0018322889959853754 0.00068106558802996252 0.0011077422356913086 -0.0034666091385429751 0.0060667438908397322 -0.0029058680892345111 0 -0.0098133147701909128 0.0034122682223677197
leaf_weight=85.911757378838956 37.60955164860934 38.475742146372795 1252.6044705808163 31.224165546707809 86.40255821403116 68.033406355883926 14.784632966853676 12.535249494947491 8.780849574133752 803.30200616642833 25.183498823083937 85.281843077391386 26.350628137588501 5.6664711153134695 34.07641972322017 9.1090354491025192 13.194305738434194 112.18454006733373 2119.0790437483229 23.27667132858187 327.14431253634393 23.530698554590344 151.92494914168492 1778.8941902965307 211.11213201563805 4.9132945844903615 12.127054208889602 13.003726542927323 15.605440481100233 6.6757786534726611
leaf_count=1412 424 615 52695 927 2885 1893 386 188 116 13646 313 1360 309 64 361 96 260 2793 49661 278 9805 226 3286 40350 4162 45 182 174 261 86
internal_value=0 -0.000219955 -0.00113601 0.00127286 0.00121797 0.00288764 0.00527763 0.000930288 0.0066338 0.00129658 0.0042554 0.0063151 0.000790901 0.0070706 0.000474641 -0.000912234 -0.0039256 5.22744e-05 -1.46016e-05 -0.0017801 -0.00246494 0.0036862 0.000181641 0.000363103 -0.00166369 0.00368003 0.00619149 0.00893325 -0.00131157 -0.00485194
internal_weight=7438 6303.7 1465.75 213.148 1134.3 168.73 100.696 1087.91 46.3904 1001.51 132.11 97.8171 869.396 32.0171 837.378 34.2925 44.4185 4837.95 4747.15 486.136 439.329 46.8074 4261.01 3897.97 363.037 90.801 63.6065 51.4795 27.1945 22.2812
internal_count=189259 169497 57573 4878 19762 3691 1798 19222 540 16337 1957 1548 14380 373 14007 409 1187 111924 110561 13102 12598 504 97459 90011 7448 1363 971 789 392 347
is_linear=0
shrinkage=0.03


Tree=159
num_leaves=31
num_cat=0
split_feature=5 8 33 45 33 41 3 41 18 34 38 10 2 18 42 8 5 7 27 44 40 35 31 4 34 4 34 39 18 25
split_gain=2.18142 1.34793 1.32219 1.87706 1.47615 2.50407 2.20377 2.1618 1.78494 1.66018 1.43927 1.42653 3.36671 2.64941 1.22866 1.85949 2.09763 3.34134 1.73912 1.67011 2.00444 1.71119 1.52825 1.52174 1.74765 1.67061 1.46189 1.95729 1.09479 1.00769
threshold=0.067563678174451539 0.74689741591675574 -0.82689249566170619 -0.0026272027811147518 -0.56819768917083102 0.082006585372892127 20.676183129792243 0.0024541537691816872 -0.28668739811875149 0.015562405413363676 -0.040415165220930575 0.038178486464422491 0.029914546460490458 -0.21161147173631698 0.090909095192572453 -0.12697387999096085 -0.058545032625917919 0.035811406597866566 0.061703844769646375 -0.056103240090055434 0.00013460314251771371 -0.0025210172035528724 0.0075282692233609979 -0.049321396567324698 0.034191526096544467 -0.36444581300637674 -0.020531881280677223 0.00016529691010480979 -0.045507692756017272 -0.33559427650418788
decision_type=2 2 2 2 2 2 2 2 2 2 2 2 2 2 2 2 2 2 2 2 2 2 2 2 2 2 2 2 2 2
left_child=1 14 3 -2 5 7 11 29 -8 -9 -5 13 -13 -6 15 26 22 -18 23 20 -20 -21 -17 25 -25 -16 27 -1 -28 -4
right_child=2 -3 4 10 6 -7 8 9 -10 -11 -12 12 -14 -15 18 16 17 -19 19 21 -22 -23 -24 24 -26 -27 28 -29 -30 -31
leaf_value=0.0023229523433673854 -0.0024355956283241341 0.0087564425676490559 -0.0035552403995642123 0 0.0038503825264018798 0.0070726195543382138 -0.0017237974771651217 -0.012376360227245196 0.012639606854254908 0 0.0096641341784099947 -0.0076334203264042709 0.00048521674208653806 0.00010741005121178164 0.00046217467996108758 0.0070555291638159569 0.00010207540542116878 -0.0026237049716741662 -0.010063377120141244 -0.0009006369239364148 0.0033738821164134639 0.0078925415328390484 -0.0025979631722168523 8.6923967080738184e-05 0.011804430163409757 -0.0075674365464047707 -0.00093567213546034251 -0.0028807050569763831 -0.0030661809169447518 0.0062913769932508058
leaf_weight=183.48928403900936 15.814930273219941 9.7831519171595556 14.008900689892473 13.321888252161441 292.02133408002555 11.521366358734666 4.7973666656762388 31.425071083009243 21.083543736487627 8.4607640765607339 46.607260704040527 47.781771866604686 321.97654278576374 440.0507815014571 35.773451207205653 56.478463082574308 4067.2221957636066 442.79577640490606 10.262132571078839 17.173571831546724 20.889709714800119 80.106101902201772 11.295917426235972 91.264415100216866 9.1567291514947993 38.202023915015161 547.98402455914766 91.84746570000425 438.90470607485622 11.905634457245467
leaf_count=4987 173 76 238 173 3516 107 65 483 203 91 498 628 3990 6025 691 1340 103603 12413 161 302 251 1244 321 1828 104 807 22686 2985 19137 133
internal_value=0 -0.000234682 0.0011239 0.00492521 0.000840809 -0.00294683 0.00113886 -0.0055005 0.00915767 -0.00954011 0.00736769 0.000882879 -0.000571704 0.00165716 -0.000260992 -0.000362261 -7.37069e-05 -0.000161508 0.0015687 0.00416313 -0.00100243 0.00607876 0.0049664 -0.000237487 0.00194913 -0.00352115 -0.00138069 0.000459671 -0.00192411 0.000283961
internal_weight=7433.41 6152.63 1280.78 75.7441 1205.03 77.3217 1127.71 65.8004 25.8809 39.8858 59.9291 1101.83 369.758 732.072 6142.85 5840.02 4577.79 4510.02 302.828 128.432 31.1518 97.2797 67.7744 174.397 100.421 73.9755 1262.23 275.337 986.889 25.9145
internal_count=189259 172936 16323 844 15479 1052 14427 945 268 574 671 14159 4618 9541 172860 167472 117677 116016 5388 1958 412 1546 1661 3430 1932 1498 49795 7972 41823 371
is_linear=0
shrinkage=0.03


Tree=160
num_leaves=31
num_cat=0
split_feature=0 6 6 1 0 1 1 6 45 44 8 5 1 35 34 29 11 1 4 0 29 8 7 27 40 11 35 0 31 10
split_gain=2.20486 1.53241 1.67823 1.61167 1.52193 2.54316 2.53279 2.3394 2.33218 2.19777 1.51242 1.58198 2.41665 1.71415 1.88314 1.48775 1.48265 2.54355 1.48035 1.44703 3.03242 2.71949 2.21132 1.92528 1.87947 1.76469 1.52496 1.44414 1.73936 1.55961
threshold=0.030862114575511287 -0.12244669099768295 -0.020806877503223849 0.078151973188938115 0.039470866520145469 0.056476673194938508 0.065005410009716533 0.20211402947898097 -0.0019370471891678469 0.022355538841982107 0.033942521024741774 -0.046912520133223549 0.041779585999658468 0.0078250759818564494 -0.011899766182088769 0.01521029074561444 -0.47740040858018379 0.065005410009716533 0.52356981953618764 -0.01758286180471539 -0.030266452981097862 0.530310180273313 0.040736180205795398 0.05342687566088427 -0.011998888491094881 -0.35660173160173153 0.00014879944258881854 0.028309849129050674 0.013170916531044916 -0.020938082436537865
decision_type=2 2 2 2 2 2 2 2 2 2 2 2 2 2 2 2 2 2 2 2 2 2 2 2 2 2 2 2 2 2
left_child=10 3 -3 -2 5 7 8 -4 -6 -8 11 13 -13 16 15 -15 -1 -18 -7 20 23 25 27 -12 -24 -22 -26 29 -29 -21
right_child=1 2 4 -5 6 18 9 -9 -10 -11 19 12 -14 14 -16 -17 17 -19 -20 22 21 -23 24 -25 26 -27 -28 28 -30 -31
leaf_value=-0.0053962658317989508 0.010204962790483357 -0.0028250360119351243 0.0030980316884793527 0 -0.0075511576304258931 0.001181092375844544 0.00034234738327847369 0.012412027154078778 -0.00029060650960052758 0.0050896756070077072 0 -0.00083092327646466313 -0.0041077579485904727 0.00943373916748373 0 -0.0029497707960788365 -0.0010484262378511514 0.0035310764045339976 -0.0066407109652873901 -0.0030025876099572355 -0.0014677447212101929 0.008849512442081521 0.0067037818662684604 0.01064936280659224 -0.00015402268739917713 0.0021646808790530847 -0.0060111911704389181 0 -0.0090395454554850901 0.00033480867566768394
leaf_weight=41.828594712540507 29.021277994848788 89.029055727180094 223.60133243910968 18.501159714534879 46.206718918867409 51.537571991793811 295.26425632741302 27.394804154522717 227.90617837850004 130.79393630847335 15.713707002345471 1289.9223939725198 247.2671393561177 45.871582427527755 45.027539737522602 3.9979423992335787 398.90878284815699 143.74441192578524 27.094025152735412 125.30287802731618 276.38746409956366 29.168262343853712 9.7919288314878923 43.936370884999633 76.14856522437185 204.62511368934065 117.01937551423907 57.177058189176023 28.881152847781777 3061.3710477827117
leaf_count=945 340 3017 4130 214 867 726 4496 264 4476 1417 339 58625 11130 835 1178 128 12582 3107 521 2875 6119 259 162 590 1582 4593 2480 1270 535 59457
internal_value=0 0.00119471 0.00092354 0.00631192 0.00128869 0.00297031 0.000439025 0.00445436 -0.00173533 0.00191144 -0.000223296 -0.000853863 -0.00138909 0.000314619 0.00396667 0.00771589 -0.000256056 0.000131031 -0.00139123 0.000115416 0.00151332 0.000666055 -0.000106992 0.00768388 -0.00311031 2.21527e-05 -0.00391577 7.45677e-05 -0.00363491 0.000189682
internal_weight=7428.44 1166.35 1118.83 47.5224 1029.8 329.628 700.171 250.996 274.113 426.058 6262.09 2216.57 1537.19 679.379 94.8971 49.8695 584.482 542.653 78.6316 4045.52 569.831 510.181 3475.69 59.6501 202.96 481.013 193.168 3272.73 86.0582 3186.67
internal_count=189259 20468 19914 554 16897 5641 11256 4394 5343 5913 168791 88530 69755 18775 2141 963 16634 15689 1247 80261 11900 10971 68361 929 4224 10712 4062 64137 1805 62332
is_linear=0
shrinkage=0.03


Tree=161
num_leaves=31
num_cat=0
split_feature=2 19 31 18 7 39 39 39 19 11 2 27 31 6 0 1 27 7 32 7 0 10 45 31 38 6 41 41 33 33
split_gain=2.07554 1.98916 2.47119 1.99934 2.30054 1.85896 1.78408 1.92004 3.18669 2.45868 2.27393 1.61467 1.59572 1.573 2.94299 3.22488 2.8056 2.46514 3.37355 2.57212 2.33009 2.049 2.49039 3.85822 2.48965 2.70248 2.45853 2.04312 1.51634 2.17054
threshold=0.02773635037209693 0.89099600614812269 -0.0078032812434097988 1.8576261089047914 0.02626736878368835 -0.0019668965573956111 -0.023922913493913841 0.018805003628874748 0.95756655373931454 0.40564387917329098 0.046962966538972119 0.052043930914742818 -0.014790039020862488 0.053620355127923965 -0.0025654536694125932 0.040978373268450115 0.11588867738196369 0.027471027344964285 0.034612161304158721 0.034565817796804142 0.0034687030980543412 0.0021330264130909179 0.00052093207626079292 0.049657341358692632 0.14207436734511616 0.12456666765193637 -0.041027626251976375 0.033901531941530318 -0.3707674017092159 -0.1575311342965566
decision_type=2 2 2 2 2 2 2 2 2 2 2 2 2 2 2 2 2 2 2 2 2 2 2 2 2 2 2 2 2 2
left_child=13 2 3 4 12 -6 11 -8 10 -10 -9 -3 -2 -1 21 17 20 18 -16 -19 -17 22 26 -24 27 -26 -15 -23 -4 -30
right_child=1 6 28 -5 5 -7 7 8 9 -11 -12 -13 -14 14 15 16 -18 19 -20 -21 -22 24 23 -25 25 -27 -28 -29 29 -31
leaf_value=-0.00061995152630622949 0.0075630564718704675 -0.0001526541428083429 0.0077244375349883885 0.0074116486849647011 0 -0.008639413632595707 -0.0019579990940703784 4.4787648189703243e-05 -0.0022944741015512682 0.0062294690324128489 -0.01574756109556652 0.0079269125124774419 -0.0022840084504242393 -0.0083557182694786528 0.00078692481816942635 -0.0075978679020667905 -0.014412063481165771 0.0044313694598089618 -0.0030074321941979489 -0.00091564074098385339 -0.00098989979463348057 0.011284058136035086 -0.0018495632662411702 0.0046620847052590087 -0.0060433134342629327 0.0085466197363141799 0.0030590048504268918 0 -0.002672548304158823 0.0037341921814535934
leaf_weight=3628.7061274219304 24.54984216671437 30.124234415590763 74.389980124309659 17.421726172789931 37.069965807721019 48.416122691705823 345.47290891641751 11.22740270663053 33.753995173610747 99.697699146345258 9.0259917611256224 39.951800241600722 19.643575901165605 11.612071726471184 603.07890816964209 55.653519732877612 13.878055864945052 214.95035912003368 313.18884402932599 112.92355111800134 329.16824135184288 53.54834046959877 376.42950858548284 98.327343276701868 25.39711946900934 13.09953822661191 454.79843584354967 15.801235399208961 48.450035236775875 263.57443060260266
leaf_count=123994 538 783 1059 246 729 762 8037 173 676 1188 126 637 396 250 10076 978 206 3510 5075 2188 5703 765 7282 1091 381 147 7646 210 776 3631
internal_value=0 0.0011979 0.00250524 -0.000619269 -0.00215603 -0.00505685 0 -0.00068048 0.00197311 0.00385182 -0.00752962 0.00427523 0.00278901 -0.000209783 0.000332137 -0.00044629 -0.00278351 0.000286826 -0.000486741 0.00251358 -0.00210771 0.00157601 0.00107165 -0.000403865 0.0054692 0 0.00262557 0.00869121 0.00376405 0.00261829
internal_weight=7423.33 1102.77 533.516 147.101 129.68 85.4861 569.254 499.178 153.705 133.452 20.2534 70.076 44.1934 6320.56 2691.86 1642.84 398.7 1244.14 916.268 327.874 384.822 1049.01 941.167 474.757 107.846 38.4967 466.411 69.3496 386.414 312.024
internal_count=189259 19757 8137 2671 2425 1491 11620 10200 2163 1864 299 1420 934 169502 45508 27736 6887 20849 15151 5698 6681 17772 16269 8373 1503 528 7896 975 5466 4407
is_linear=0
shrinkage=0.03


Tree=162
num_leaves=31
num_cat=0
split_feature=0 8 42 7 31 43 25 39 27 45 37 4 39 18 31 0 44 28 43 10 6 6 1 25 25 7 18 28 37 42
split_gain=2.02611 1.58457 2.29463 2.27635 2.89717 2.97054 2.04625 3.35514 3.53459 2.05616 1.98738 1.91331 1.9104 1.84895 1.80588 1.5823 2.43035 1.8602 1.55096 2.26468 1.62035 1.49519 1.75507 1.62395 2.30876 2.17454 2.58624 2.14656 2.16177 1.5399
threshold=0.030862114575511287 0.41302281763700494 0.057502233349770296 0.016550288457261829 0.010010114958374125 0.68787078921722344 -0.26553845377668567 0.019727268483182545 0.065000023674761417 0.00032720839392597995 0.088986934328551967 0.41508032488332353 -0.00081957170094517555 -0.075382824875881202 -0.00088672058716286566 0.010515364014138686 0.095242867933740663 0.37557203954945534 0.12654829407382454 -0.020550183422298193 0.093234501719115306 -0.12244669099768295 0.064216635388091095 -0.17262173611964937 -0.24907499041381362 0.025712438303931218 -0.33683993746764324 0.67039061585123971 0.019515507765161741 0.088837634364592383
decision_type=2 2 2 2 2 2 2 2 2 2 2 2 2 2 2 2 2 2 2 2 2 2 2 2 2 2 2 2 2 2
left_child=1 15 3 4 11 -6 7 9 -9 -4 13 -3 14 -8 -5 17 -17 -1 19 -19 -20 22 -2 24 -23 -26 -27 28 -25 -24
right_child=21 2 6 12 5 -7 10 8 -10 -11 -12 -13 -14 -15 -16 16 -18 18 20 -21 -22 23 29 27 25 26 -28 -29 -30 -31
leaf_value=0.00016046172766849892 0.011592481156311488 0.0035664123227861946 0.008810982130443186 0.0058443472032542474 -0.0073480231064930379 0.0052493946480593988 -0.015349973171784725 -0.01226911437222852 0.0020947697763471626 0 0.0023040515915785861 -0.0044389929843842808 0.0036078246368486892 -0.0029177633270655499 -0.0018584675198999741 -0.0015700371129336165 0.013015392844852591 -0.0063378428069031127 -0.00066103584838115843 -0.0012819956255878168 0.0053216335279157589 0.0007609398954405149 -0.0041900688095486433 -0.0070804200212992554 0.0011192227697298153 0.00092550533803457328 -0.012504101838988937 0.009649792229642639 0.0027810219832732842 0.0085777768812978286
leaf_weight=3301.6409586383961 21.784464465454221 114.22555647417903 37.626069836318493 29.34248280338943 77.830025995150208 14.446181483566759 18.580948360264301 25.735388366505504 22.642173304222524 39.835936550050974 14.117686215788124 27.34919903986156 429.85930633544922 41.125722675584257 126.26288840640336 1127.7708908380009 5.0139075042679897 105.83917710464448 258.93663997203112 390.88652075175196 42.703047599643469 831.19664836069569 18.119153818115596 16.577417709864676 27.081522648222744 12.729837226681409 32.674212538637221 35.135784847661853 164.87267995579168 8.3193938378244621
leaf_count=99130 242 1196 440 473 1026 149 215 296 240 513 138 347 4881 437 1959 31941 59 3532 8421 12590 808 15890 233 293 471 176 524 401 2159 79
internal_value=0 -0.000214544 0.000855326 0.00157793 -0.000816185 -0.004899 -0.00192938 0.000211157 -0.00541786 0.00420581 -0.00574065 0.0017166 0.00258383 -0.00813751 -8.24283e-05 -0.000429224 -0.0014222 -0.00014617 -0.0014447 -0.00247148 0.000161057 0.0011439 0.00616046 0.000874879 0.000272404 -0.00463011 -0.00842538 0.00319039 0.00155346 0
internal_weight=7420.26 6251.77 1018.98 819.316 233.851 92.2762 199.664 125.84 48.3776 77.462 73.8244 141.575 585.465 59.7067 155.605 5232.79 1132.78 4100.01 798.365 496.726 301.64 1168.49 48.223 1120.27 903.682 72.4856 45.404 216.586 181.45 26.4385
internal_count=189259 168791 12310 10031 2718 1175 2279 1489 536 953 790 1543 7313 652 2432 156481 32000 124481 25351 16122 9229 20468 554 19914 17061 1171 700 2853 2452 312
is_linear=0
shrinkage=0.03


Tree=163
num_leaves=31
num_cat=0
split_feature=8 0 0 34 45 18 18 4 34 5 3 40 41 39 42 41 8 4 5 4 45 26 40 18 3 38 45 18 45 28
split_gain=1.84825 1.47727 1.47937 1.44551 2.37039 1.81024 3.46963 1.71804 1.70499 2.69616 2.17769 1.7737 2.2233 1.97008 1.64989 1.83843 1.61243 2.28189 2.14187 2.15259 1.88591 1.59236 1.42038 1.76475 2.46629 3.01646 2.17203 2.23925 1.38488 1.32269
threshold=0.37861418174568545 0.030862114575511287 0.010515364014138686 -0.011503390565870394 -0.0013285644034634672 -1.599326742785167 -3.4320332226919987 -0.25376332788861061 0.0122624826334301 0.018636012476549117 16.981084630718101 -0.0021982526231532724 0.036533754736633083 0.0026641384312627251 0.030622036180498208 0.02401662216897486 0.49788318911290469 0.39857588012145767 0.050086331400179269 -0.18588226227188895 0.002687882560392527 1.0000000180025095e-35 0.018130773998777053 -0.31965039157034614 17.258992783656506 -0.18071965366275575 -0.010671721459562494 0.073860055012016534 9.156570893712997e-05 0.37557203954945534
decision_type=2 2 2 2 2 2 2 2 2 2 2 2 2 2 2 2 2 2 2 2 2 2 2 2 2 2 2 2 2 2
left_child=1 2 29 4 7 6 14 -2 11 21 -11 13 -13 -7 -5 -16 18 -18 19 -6 -20 -10 23 24 28 -26 -25 -28 -3 -1
right_child=3 22 -4 5 16 8 -8 -9 9 10 -12 12 -14 -15 15 -17 17 -19 20 -21 -22 -23 -24 26 25 -27 27 -29 -30 -31
leaf_value=9.3588853762294381e-05 0.0038277063966956409 0.0038790418741858528 -0.0014402498753583127 -0.0043996648844968527 -0.0011623207405154427 -0.0070107468209165118 -0.0070993894942421613 -0.0051571530582979171 0.015426837697988319 -0.00024523666543707179 0.0029779656810164871 -0.00034824113985413717 0.0050798656100971952 0 0.01158150188553278 -7.8890701194868145e-05 0.0095327451864223919 -9.4735582558236155e-05 -0.0061018512677701057 0.0089681487948439463 0.003935751016578292 0 0.0071670882936816418 -0.0092345129995258096 -0.00046768981786186642 0.0092273852960248273 -0.0033902070833650611 0.001646857255594744 -0.0020471084005746457 -0.0012895103419191878
leaf_weight=3172.6139390356839 22.909088931046426 49.367540445178747 1061.1124502248131 11.765212197788058 21.700809041038156 62.77078169491142 71.065020839683712 45.695895104669034 15.19594978541136 355.30368463881314 361.43098939582705 401.10566342342645 75.09842687100172 83.171624943614006 18.972334576770663 14.818571729585527 76.339195706881583 22.028913711197674 38.237053392454982 42.915133077651262 19.738042084500194 4.9907968994230023 28.600749005563557 19.410776788368821 36.111198395956308 73.392659793607891 112.37701685447246 240.65441215177998 97.20998409204185 760.66303175268695
leaf_count=97324 253 1007 30783 159 328 979 1068 674 141 3995 3879 5767 929 961 171 141 851 303 652 648 300 61 533 397 803 1434 2447 5328 2120 24823
internal_value=0 -0.000264756 -0.000445136 0.000845978 0.00278519 0.000437078 -0.00302336 -0.00169307 0.000766004 0.00174458 0.00134795 -0.000349934 0.000489328 -0.00321266 0.00281491 0.00634355 0.0043151 0.00718621 0.00158484 0.00529584 -0.00216694 0.0115728 0.0010539 0.000674 0.00258843 0.00588742 -0.000579682 0 0 -0.000167571
internal_weight=7416.77 5651.51 4994.39 1765.25 289.564 1475.69 116.621 68.605 1359.07 736.921 716.735 622.146 476.204 145.942 45.5561 33.7909 220.959 98.3681 122.591 64.6159 57.9751 20.1867 657.124 628.524 256.081 109.504 372.442 353.031 146.578 3933.28
internal_count=189259 166999 152930 22260 4009 18251 1539 927 16712 8076 7874 8636 6696 1940 471 312 3082 1154 1928 976 952 202 14069 13536 5364 2237 8172 7775 3127 122147
is_linear=0
shrinkage=0.03


Tree=164
num_leaves=31
num_cat=0
split_feature=2 25 27 27 45 36 29 41 34 29 4 2 36 27 34 19 7 11 27 8 42 4 34 29 8 5 42 3 43 27
split_gain=1.84632 2.61052 1.83313 2.02459 2.51785 1.87547 2.02446 1.81334 1.75238 1.67764 1.59801 2.43299 1.82191 3.40508 2.49862 1.68747 1.64581 2.25995 2.67 2.33465 4.41345 2.27642 2.25173 1.80822 2.27857 2.34467 1.70954 1.58622 2.67734 1.74055
threshold=0.02773635037209693 -0.17763545878852574 0.1004076818571512 0.084977561250357547 0.00032720839392597995 0.046051385868387931 0.012568656517788426 0.056797380157999768 -0.029461704794657335 -0.0050397593507141014 0.25806668911098646 0.024096470664260353 -0.0029488994591972133 0.055900594214176251 -0.01881592712802416 0.61230500174359781 0.022966467562442337 0.45514003018614796 0.046034025367644428 0.35809674686277199 0.063197025883574329 -0.10781687385534243 0.0097927518753011134 0.010568221362414308 0.11250001255276325 0.046405818952162566 0.045936361614439238 14.338064534895148 -0.20438980754198341 0.051588751041042082
decision_type=2 2 2 2 2 2 2 2 2 2 2 2 2 2 2 2 2 2 2 2 2 2 2 2 2 2 2 2 2 2
left_child=10 2 3 5 -5 9 -7 -4 -6 -2 16 12 13 14 -12 -15 23 19 26 21 -21 -18 -20 24 -1 -26 -19 29 -29 -14
right_child=1 -3 7 4 8 6 -8 -9 -10 -11 11 -13 27 15 -16 -17 17 18 22 20 -22 -23 -24 -25 25 -27 -28 28 -30 -31
leaf_value=-0.0011566830901592613 -0.002055218706461844 0.0040447515868602133 0.0072962441285974629 0.00098454843810484929 0.00031058978091433185 0.0076241360786760051 -0.0015767006777680885 -0.0032919063657888461 -0.014087964096481284 0.00096435541143104133 0.0041040750666600061 -0.0061341546031006468 -0.0038725925464559766 0 -0.0021262770609511194 -0.011408971003839915 -0.00057593619316936308 -0.0040852099361579942 0 0.0040221291685994948 -0.0018059921138687729 0.0014976837189523728 -0.019288304201657142 -0.0019708366322958295 0.0016981326176354024 -0.0026493803439565757 0.011303639419335737 0.0031530557365213171 -0.00061888866961388436 0.0071643504793372746
leaf_weight=823.28620401350781 258.17221350921318 217.91187544539571 55.448279988951981 21.042200420051813 4.8156291814520982 55.577954731881618 23.775560803711414 11.557821250520645 22.941500287503004 434.82896526902914 60.51286475546658 77.435425660107285 129.21962706930935 10.000049241818486 392.3235238743946 43.613259479869157 1239.6241719285026 8.7776454612612707 10.33546002302319 411.27996625285596 151.10451181698591 759.62638050550595 11.171174750663338 576.44871573196724 744.62060790415853 121.98937318101525 5.7351321782916775 251.36332179885358 471.18062412459403 7.924869322218
leaf_count=34184 5748 2868 799 308 76 725 290 134 372 8437 1783 1974 3600 193 13408 1058 34531 153 170 5268 1813 22244 140 14258 14477 1838 60 6155 12055 140
internal_value=0 0.00112771 0.000359787 -6.2837e-06 -0.00566829 0.000347022 0.00458172 0.00495151 -0.011008 -0.000124248 -0.000198488 -0.00107422 -0.000744214 -0.00216417 -0.00119246 -0.00905794 5.6094e-05 0.000576571 -0.00634183 0.000697704 0.00240121 0.00019875 -0.0122686 -0.000527218 -1.27162e-05 0.00104004 0.00179685 6.52783e-05 0.000664737 -0.0027942
internal_weight=7413.64 1106.07 888.16 821.154 48.7993 772.355 79.3535 67.0061 27.7571 693.001 6307.57 1443.57 1366.14 506.45 452.836 53.6133 4864 2597.65 36.0194 2561.64 562.384 1999.25 21.5066 2266.34 1689.9 866.61 14.5128 859.688 722.544 137.144
internal_count=189259 19757 16889 15956 756 15200 1015 933 448 14185 169502 40366 38392 16442 15191 1251 129136 64379 523 63856 7081 56775 310 64757 50499 16315 213 21950 18210 3740
is_linear=0
shrinkage=0.03


Tree=165
num_leaves=31
num_cat=0
split_feature=8 7 38 42 18 37 3 7 43 33 10 42 28 0 42 26 4 4 7 18 8 43 34 6 27 28 29 33 35 40
split_gain=1.79819 1.80972 2.18659 1.56399 1.66453 1.81709 1.78813 1.55698 1.51791 1.43751 1.27281 2.89946 2.43372 1.74065 1.81621 3.15436 2.88482 1.74442 1.72116 1.636 1.5701 1.55421 1.28374 1.21171 2.20066 1.13527 2.13329 1.91163 1.47248 2.78731
threshold=-0.02256631097260715 0.062942267757692585 1.2345215512660686 0.090909095192572453 0.4802383511418471 0.051087467436361035 15.602813779506254 0.072962953129860772 -0.50350875227908964 -0.37706356744169062 -0.011323530073034696 0.015306109415892897 0.01804873528040574 -0.017926218144503386 0.03936102353167701 0.0071141562277722099 0.21622049090573905 -0.22353562811450176 0.014852896887847852 -0.31157928184192729 0.18567298410671487 -0.0048467906552867026 0.016298699007743885 0.025498018526352809 0.079763760974971287 0.24554317955937324 -0.0077625605050134312 -0.22865045890864974 0.0035733380288510267 0.00019884424459618529
decision_type=2 2 2 2 2 2 2 2 2 2 2 2 2 2 2 2 2 2 2 2 2 2 2 2 2 2 2 2 2 2
left_child=3 10 7 -1 25 -6 -7 8 -3 -8 11 12 20 17 15 -15 -16 19 22 -12 -2 -20 -13 -9 -25 28 27 -27 29 -5
right_child=1 2 -4 4 5 6 9 23 -10 -11 13 18 -14 14 16 -17 -18 -19 21 -21 -22 -23 -24 24 -26 26 -28 -29 -30 -31
leaf_value=-0.0010225646852990652 0 0 -0.0083708034454332142 -0.012212741292860152 -0.0015492224451563036 0 0 0.008321085443140518 0.0096798865618143749 0.017960662467528542 -0.0069507082754315655 -0.0086847571683337371 -0.00089763289419816776 0.00071955242020160142 0.0021451409011859048 -0.0013667770250828971 -0.00059205908784242965 0.0065807444389844689 -0.0021078695926038918 0.0033530508312065851 0.013277925223782627 0.00028735468511309524 0.00059608125091356384 -0.012282800754671887 0.002430479002839814 0.016521423349497709 -0.0025228645467305711 0 0.0031044765563555082 3.3055293959176073e-05
leaf_weight=1840.0257421322167 14.431226166430859 13.198666479438542 5.4701126785948864 20.058429601602256 8.3788812891580147 5.9098155172541764 4.8765170015394714 5.8450514893047538 57.516983674373478 15.664322877302764 17.081431843340397 40.300128154456615 27.939629733096808 1553.4119017343037 953.97312388569117 1110.7748603830114 517.13567215483636 76.252590766176581 444.10986671270803 31.08563413657248 25.542829765938222 490.87699775630608 10.112786641344426 9.5925426091998833 15.091181114315985 10.844835777767004 12.827017576899378 6.9226180622354176 28.204850683920085 36.32828120328486
leaf_count=75844 475 169 84 497 196 89 59 67 766 167 391 1220 736 32508 16169 23310 9237 1758 11065 696 348 11250 197 131 171 113 278 95 472 701
internal_value=0 0.000283224 0.00407619 -0.000770117 0.00206588 0.0073636 0.0109383 0.00539334 0.00770219 0.0145031 0.000197638 -0.000723333 0.00497947 0.000432985 0.000317451 -0.000139989 0.00116387 0.00388054 -0.00116982 -4.67324e-05 0.00939741 -0.000823599 -0.00639584 0 -0.00338253 0 0.0047349 0.0106956 -0.00158031 -0.00447436
internal_weight=7409.78 5419.74 106.715 1990.04 150.016 34.8295 26.4507 101.244 70.7157 20.5408 5313.03 1053.31 67.9137 4259.72 4135.3 2664.19 1471.11 124.42 985.4 48.1671 39.9741 934.987 50.4129 30.5288 24.6837 115.186 30.5945 17.7675 84.5916 56.3867
internal_count=189259 110748 1388 78511 2667 511 315 1304 935 226 109360 25291 1559 84069 81224 55818 25406 2845 23732 1087 823 22315 1417 369 302 2156 486 208 1670 1198
is_linear=0
shrinkage=0.03


Tree=166
num_leaves=31
num_cat=0
split_feature=5 5 8 8 10 41 35 28 18 33 5 3 3 35 3 28 36 37 44 4 33 26 1 19 0 33 41 18 19 35
split_gain=1.78977 1.97637 2.25328 2.16059 2.10765 2.2622 2.07073 1.79589 2.69593 3.67885 2.05553 1.65405 1.68299 1.48964 1.62787 1.47917 2.02471 1.75228 1.42125 1.88604 1.41702 2.15398 2.95733 2.52863 1.74776 1.68811 2.43791 2.25836 2.22519 3.00285
threshold=0.009343891111389448 -0.046912520133223549 -0.065846209201136 0.28539621805134924 -0.017900668004071293 0.067911349879143088 -0.0053028949695460483 -0.19974504107950428 -0.019990195787631032 0.29641377531147933 0.0074661789020680222 17.239031569362229 13.965292135663779 0.0075552135489054132 14.795702045146163 0.01804873528040574 -0.050224091728261512 0.037974711255434071 -0.027972483389443446 -0.87981736078455153 -0.32814616138789438 0.013476215525096669 0.040709837504848974 0.16067486849552234 0.081405523133949678 0.15745499522237696 0.0063091661088750728 -1.1932011141634578 0.36878636842451323 -0.0019276599972194691
decision_type=2 2 2 2 2 2 2 2 2 2 2 2 2 2 2 2 2 2 2 2 2 2 2 2 2 2 2 2 2 2
left_child=1 2 13 4 5 -3 -4 8 9 -5 -9 12 -6 15 -15 16 -1 -17 19 -2 21 22 23 -20 -23 28 -27 -28 -22 -30
right_child=18 3 6 7 11 -7 -8 10 -10 -11 -12 -13 -14 14 -16 17 -18 -19 20 -21 25 24 -24 -25 -26 26 27 -29 29 -31
leaf_value=0.0026793554018238915 -0.0071492010287796653 -0.004244602965745854 -0.0056293885871954866 -0.016467468822278102 -0.0021311208271837024 0.0066851838475601643 0.0064327281425418364 0.0077616679634470399 0.0042719720007320539 0.0030947701389554701 -0.0028595433500974549 -0.0024356079174232249 0.00021126297491079547 -0.0024516543858040694 0.0056117114590742076 -0.0018447561428004849 -0.0033428444663406464 0.0028634147797170109 -0.0066587166094480956 0.0033954174943417207 0.0028371716348582175 -0.0011153253342862652 -0.00074964131766362587 0.0040688521131538201 0.0058694118350953181 -0.0005623605901204663 -0.002197828468034901 0.0024108549062377602 -0.0040087387103937052 -0.00043123072113867943
leaf_weight=54.625804699491709 10.07470434065908 279.30562923429534 8.237491278909145 13.807635187171401 351.81182371033356 11.700402124784885 89.536088127177209 64.335823035798967 26.843247473239899 9.6558580463752133 13.841582288965581 443.15908601041883 1148.6981177520938 22.121497328393161 74.813197735697031 106.04578614188358 226.32126309070736 174.57282857038081 14.258688280358909 221.94012091727927 127.72025197464973 368.76170804677531 186.08813881268725 439.72125730710104 29.595295999199152 769.80168445361778 100.15192722575739 692.86956482753158 268.06944971159101 1057.0070154410787
leaf_count=1126 185 12707 190 247 13298 313 2011 1135 443 170 239 16835 42016 534 1619 3919 7288 3509 193 4124 1599 7382 3314 7813 294 15477 1893 11392 5365 22629
internal_value=0 -0.000546194 0.00076297 -0.000978556 -0.00120702 -0.0035983 0.00490015 0.00266668 -0.00123537 -0.00823362 0.00546162 -0.000825289 -0.000323263 7.11724e-05 0.00344727 -0.000483921 -0.00204063 0.000978014 0.000397698 0.00266981 0.000257145 0.00121159 0.00229126 0.00359769 -0.000455705 -6.30485e-05 0.000609532 0.0017811 -0.000806754 -0.00118988
internal_weight=7405.49 3119.43 756.274 2363.16 2234.68 291.006 97.7736 128.484 50.3067 23.4635 78.1774 1943.67 1500.51 658.5 96.9347 561.566 280.947 280.619 4286.06 232.015 4054.04 1038.43 640.068 453.98 398.357 3015.62 1562.82 793.021 1452.8 1325.08
internal_count=189259 107599 20196 87403 85169 13020 2201 2234 860 417 1374 72149 55314 17995 2153 15842 8414 7428 81660 4309 77351 18996 11320 8006 7676 58355 28762 13285 29593 27994
is_linear=0
shrinkage=0.03


Tree=167
num_leaves=31
num_cat=0
split_feature=6 42 0 2 31 39 39 18 25 43 42 44 10 45 31 33 44 31 38 6 39 41 29 2 28 32 38 10 6 6
split_gain=1.76825 2.4338 1.77725 2.81288 3.02519 2.18793 3.6187 4.28281 2.23498 2.22241 2.19363 1.97125 1.80696 2.31988 3.5106 3.05352 2.26769 2.20523 1.90781 2.35393 2.09123 1.71729 1.55821 1.43046 1.72189 1.7692 1.45435 1.36803 1.35445 1.45631
threshold=0.053620355127923965 0.090909095192572453 -0.0025654536694125932 -0.0071551423702023243 -0.0025665512837370129 0.0078635587880573812 0.013180076325269964 0.21783323226615611 -0.1544539952820905 0.94736546254311993 0.036802409212319621 0.039794089895833239 0.0021330264130909179 0.00052093207626079292 0.049657341358692632 0.35258441487066078 -0.033108357194220013 0.093829741277411435 0.14207436734511616 0.12456666765193637 -0.012715448008705893 0.028900109404941005 -0.028740874987916481 0.0006835348189887456 0.43280856050223721 0.019379862256192138 1.0177433727153053 0.015933620413022192 -0.026260221515979839 -0.12244669099768295
decision_type=2 2 2 2 2 2 2 2 2 2 2 2 2 2 2 2 2 2 2 2 2 2 2 2 2 2 2 2 2 2
left_child=1 23 12 4 -4 8 7 -7 10 -8 -5 -10 13 16 22 -16 -2 -18 20 27 -14 -22 -15 24 25 -1 -27 -20 29 -25
right_child=2 -3 3 5 -6 6 9 -9 11 -11 -12 -13 18 14 15 -17 17 -19 19 -21 21 -23 -24 28 -26 26 -28 -29 -30 -31
leaf_value=-0.0028036499673082618 -0.0062838050223715325 0.0026310271343450678 0.0018047752577113379 -0.0026278130675727765 -0.0080967426804602182 0.0013957769367201386 0.00078651124878803091 0.010698663271125414 0.00055347737286176786 -0.0051872622653974486 0.00018698144647841079 0.0081095163377594825 -0.00150481741260103 0.0043927948048930318 0.0099106358781879851 0 0.0035781777203620592 -0.0045298855532473377 -0.008816197289290291 0.0081181155378081543 0.012837115742712877 0 -0.0023869661833253808 0.0016704123663787555 -0.0030514197764820034 0 -0.0041140029392377252 0.0033977256600362144 0.00058163331595464094 -0.0021995946722234002
leaf_weight=300.50082046259195 18.329343678429723 212.32859795726836 34.665831389836967 501.20689923362806 70.68776895198971 141.62344442680478 820.16320473048836 68.550831116735935 200.23383683897555 54.441848640330136 453.3011997109279 34.79711998347193 10.977941298857329 26.012608551420271 43.642373986542225 54.840218502096832 426.90864327736199 25.079292355105281 20.618764332495633 13.907236734405158 44.504369146190584 15.711604206822811 347.19625646388158 100.95958481775597 355.60254514636472 1357.8820657134056 77.865591327194124 4.7427571928128591 1189.9056494589895 373.3900859253481
leaf_count=13348 397 3774 657 10829 1392 1971 10591 887 3104 645 8314 380 241 475 471 626 7238 284 323 152 554 191 6816 1820 14280 50327 2576 65 30876 15655
internal_value=0 -0.000431006 0.000498255 3.05186e-05 -0.00463271 0.000269385 0.00124999 0.00474754 -0.000601232 0.000353181 -0.00126578 0.00194278 0.00152231 0.00104162 -0.000390544 0.00442857 0.00253008 0.003018 0.00513908 0 0.00790926 0.0100693 -0.00178327 -0.000615343 -0.00113697 -0.000720006 -0.000254862 -0.00536063 2.37761e-05 -0.00130449
internal_weight=7400.58 3968.43 3432.14 2379.67 105.354 2274.32 1084.78 210.174 1189.54 874.605 954.508 235.031 1052.47 942.009 471.691 98.4826 470.317 451.988 110.463 39.2688 71.1939 60.216 373.209 3756.11 2091.85 1736.25 1435.75 25.3615 1664.26 474.35
internal_count=189259 132656 56603 38770 2049 36721 14094 2858 22627 11236 19143 3484 17833 16307 8388 1097 7919 7522 1526 540 986 745 7291 128882 80531 66251 52903 388 48351 17475
is_linear=0
shrinkage=0.03


Tree=168
num_leaves=31
num_cat=0
split_feature=0 25 35 0 43 32 4 2 26 3 4 33 31 35 39 34 45 45 2 45 25 39 43 19 19 33 32 4 28 36
split_gain=1.70799 1.51059 1.91278 1.72473 1.71317 2.18388 2.04528 1.79826 1.70958 2.67815 1.63441 1.54148 1.45091 1.36027 2.03512 1.36858 1.35943 1.32498 1.31933 1.47066 1.71925 1.38891 1.33866 1.33715 1.85156 1.90835 1.67898 1.47018 2.51646 1.58741
threshold=0.030862114575511287 -1.0863638302053638 -0.0016450721620904524 0.038399156180143973 0.88572216532022729 0.10032167111396935 0.98096740230274293 0.065326631761042558 0.018622517941108026 15.545107081727986 -0.14420710538973044 0.55876309714021499 -0.012903387509387722 0.00071106817234608329 0.024649689810710928 -0.020175481843279965 0.0054313710297503115 -0.0020307780820410185 -0.060474482609434048 -0.0014022652661482584 -0.45059555239996107 -0.013801951239932265 0.18865198383996964 1.0538961013276713 1.0379672830020588 -0.13033453665227943 0.036000585927953542 0.17253222876194932 0.077506706794822314 0.033036832467535381
decision_type=2 2 2 2 2 2 2 2 2 2 2 2 2 2 2 2 2 2 2 2 2 2 2 2 2 2 2 2 2 2
left_child=18 2 -2 8 5 7 12 -5 13 11 -7 -10 -6 15 -15 -3 -11 -4 19 20 -1 22 -21 24 -20 26 -26 -25 29 -29
right_child=1 3 17 4 6 10 -8 -9 9 16 -12 -13 -14 14 -16 -17 -18 -19 23 21 -22 -23 -24 27 25 -27 -28 28 -30 -31
leaf_value=0.011846672027164849 0.0055789316854764201 -0.0077878626555142588 0.0022575111085668589 -0.001537915389552078 0 -0.00064296594611399282 -0.0031242651409120123 0.0017968759958711196 0.016998598859227401 2.1427085724120206e-05 0.0084111180792968716 0 0.010191640934693921 0.005461861843489021 -0.0037132533584537898 0.00049347022950377035 0.0096034725185790877 -0.0092706267734886036 -8.9513320633136898e-05 -0.0090047121461280851 0 0.0024691851148434026 0.0012806085785184028 -0.0004110066985150616 0.010833712723363097 0 0 -0.0019314303940593902 -0.0063916091829630227 0.0033726784355339354
leaf_weight=22.152933873701841 7.7729777591302982 15.790541882626711 4.6076466524973503 461.25972896488383 10.203183723613618 18.930544207803905 13.603415994904934 201.20003583282232 20.972530791535977 62.624000288546085 41.31210028193891 4.1044940780848256 40.066955955699086 101.15912786731496 19.544009424746037 98.747851774096489 14.656672067008911 32.657519998028874 4100.9990859446116 17.752655928954486 14.676633083261548 95.930358360055834 12.204865866340695 1356.5077950763516 36.431592843029648 68.357472287025303 15.226111299358307 326.07015842292458 106.71581567218527 51.981491511687636
leaf_count=327 107 354 68 9282 177 235 201 2657 274 974 505 48 465 2036 264 1948 196 677 107355 399 238 1671 209 40042 946 1942 353 10508 3654 1147
internal_value=0 0.00104953 -0.00392021 0.00129168 0.000469181 0 0.00499167 -0.000474264 0.00308565 0.00632622 0.00527492 0.0142616 0.00781464 0.00144842 0.00364898 -0.000675243 0.00267646 -0.00703699 -0.000197812 0.0024092 0.00735598 0.000507055 -0.0043724 -0.000274659 1.28856e-05 0.00361553 0.00769138 -0.000948337 -0.00237113 -0.0010893
internal_weight=7394.22 1169.21 45.0381 1124.18 786.576 722.702 63.8736 662.46 337.599 102.358 60.2426 25.077 50.2701 235.242 120.703 114.538 77.2807 37.2652 6225.01 162.717 36.8296 125.888 29.9575 6062.29 4221.01 120.015 51.6577 1841.28 484.767 378.052
internal_count=189259 20468 852 19616 13522 12679 843 11939 6094 1492 740 322 642 4602 2300 2302 1170 745 168791 2844 565 2279 608 165947 110596 3241 1299 55351 15309 11655
is_linear=0
shrinkage=0.03


Tree=169
num_leaves=31
num_cat=0
split_feature=5 5 35 41 10 3 39 34 34 31 41 44 7 41 0 44 4 36 37 4 34 11 3 0 39 28 33 5 18 35
split_gain=1.65105 1.69338 1.68141 1.5306 2.55663 1.62165 1.91428 1.69097 1.40994 1.38174 1.48291 1.57217 1.41711 2.06994 1.9438 1.34656 2.0265 1.35369 2.03499 2.19692 2.10338 1.67831 2.12504 1.56672 2.81726 1.84708 1.56038 2.40007 2.04193 1.40493
threshold=0.009343891111389448 -0.046912520133223549 0.0074535750744168959 0.030165063728473197 -0.017594969669586329 17.239031569362229 0.0023206059454007944 0.0097927518753011134 -0.011899766182088769 -0.1048846476832669 0.049690385803817828 -0.019825792855322658 0.033529600484775934 0.03154870161471978 -0.061393023801499129 -0.027301454694759621 -0.9407578851029913 0.047771079247620606 0.064161996999941726 -0.24372751497627651 0.015931480784295998 -0.46899038461538456 14.533198632159195 -0.0097561655437455961 0.034206233448165119 -0.15760680931285084 -0.26992774409564374 0.041791587961962702 0.040787705484586746 -0.0014671762497293424
decision_type=2 2 2 2 2 2 2 2 2 2 2 2 2 2 2 2 2 2 2 2 2 2 2 2 2 2 2 2 2 2
left_child=1 2 9 4 -3 7 -7 -6 -4 10 11 -1 14 -14 -11 16 -2 21 19 20 -19 22 -17 25 -25 -23 27 -20 -28 -21
right_child=15 3 8 -5 5 6 -8 -9 -10 12 -12 -13 13 -15 -16 17 -18 18 26 29 -22 23 -24 24 -26 -27 28 -29 -30 -31
leaf_value=0 -0.0084155340500844528 -0.0039257031835514405 0.0069671618260125356 0.0014636458264487924 -0.0007614454677431396 -0.0039845020698987136 0 0.0018430878309275112 0 -0.0080738357277726595 0.0030695163740346982 -0.015466304724412164 0.002931236148800418 -0.0039423561469283178 -8.6337522993541714e-05 0.0043628316040100418 0.0031786168389849882 -0.0061012769050741962 -0.0042629581113434517 0 0.0051842859099854336 0.00421792139743882 -0.0084506389658256312 9.3531887974991425e-05 -0.0039335340517664052 0.00014679973677365251 0.0012012800420721627 0.005120834118719597 -0.0048372699885617159 0.0090486012596671817
leaf_weight=7.2365507148206278 8.361401994712649 265.85510172415525 59.63560072472319 204.50085315108299 1199.4410198773257 257.37669820990413 159.82304264418781 267.160454695113 53.053759996779263 26.229764683172107 4.1810986325144759 10.981965993531048 257.64223122596741 38.586788304150105 298.14146796287969 8.9525391096249205 240.68955803057179 25.111057503148913 24.675109086558223 26.70715284626931 23.744116900954396 168.10645972238854 38.545509853865951 2921.5796764860861 159.69643305148929 278.49400793295354 103.61246353946626 97.50079963169992 82.076797193847597 74.389167602173984
leaf_count=108 161 12105 1111 6324 44341 10824 5076 8733 1338 801 49 247 5351 733 10458 148 4437 459 545 385 274 2994 806 58075 2243 6392 1345 1221 1125 1050
internal_value=0 -0.000525647 0.000684098 -0.000927321 -0.00117157 -0.000757642 -0.00240534 -0.00026196 0.0039846 3.30889e-05 -0.00650643 -0.0101839 0.000367192 0.00188571 -0.000936076 0.000381903 0.00251331 0.00023991 0.001768 0.00458605 -8.72373e-05 3.36671e-05 -0.00527857 0.00012105 -0.000111497 0.00177539 0.000248177 0.00289666 -0.00136736 0.00702487
internal_weight=7392.09 3109.85 755.689 2354.16 2149.66 1883.8 417.2 1466.6 112.689 643 22.3996 18.2185 620.6 296.229 324.371 4282.24 249.051 4033.19 457.817 149.951 48.8552 3575.37 47.498 3527.88 3081.28 446.6 307.865 122.176 185.689 101.096
internal_count=189259 107599 20196 87403 81079 68974 15900 53074 2449 17747 404 355 17343 6084 11259 81660 4598 77062 6404 2168 733 70658 954 69704 60318 9386 4236 1766 2470 1435
is_linear=0
shrinkage=0.03


Tree=170
num_leaves=31
num_cat=0
split_feature=8 42 18 5 8 27 2 28 41 5 10 38 18 4 7 7 37 7 3 45 39 18 40 25 40 42 42 7 31 45
split_gain=1.89141 1.81122 1.3566 1.53985 2.8775 2.44075 2.26128 1.67791 1.46676 1.30747 1.41182 1.27422 1.11255 2.33383 2.5016 4.23705 2.85952 2.39543 2.16312 1.96512 1.53112 1.45322 2.35778 1.73022 2.60022 1.43802 1.35313 1.25187 1.25126 3.43864
threshold=0.18567298410671487 0.090909095192572453 -1.2831762729004785 -0.086584283147530403 -0.36425825792838107 0.037098147495482535 -0.0016983908763292524 0.44209460274695461 -0.01537370584956471 -0.018242948165881175 -0.066115986783960135 0.03641561790861126 -1.2831762729004785 0.2280290299625474 0.032939101995257909 0.025157436271310969 0.057581993711791978 0.041193948614796409 18.346286168316421 0.0013413028482102787 0.034206233448165119 -1.005046955508264 -0.0019370471891678469 -0.4837574663709453 0.003370071515306476 0.060123048711196704 0.022260293441421334 0.043229354475922015 -0.029441270371133959 0.002687882560392527
decision_type=2 2 2 2 2 2 2 2 2 2 2 2 2 2 2 2 2 2 2 2 2 2 2 2 2 2 2 2 2 2
left_child=1 2 9 4 11 -6 7 -5 -8 10 -1 -4 13 14 15 20 25 -18 19 27 -2 22 -14 24 -24 -16 -17 -15 29 -23
right_child=12 -3 3 6 5 -7 8 -9 -10 -11 -12 -13 21 18 16 26 17 -19 -20 -21 -22 28 23 -25 -26 -27 -28 -29 -30 -31
leaf_value=0.0067542014848467552 -0.0028139558473560589 0.0019713252492088188 0.0006372733695640746 -0.0014309688252532686 -0.004519264544091196 0.006620578209019329 -0.0018823315246713648 -0.0043965783756401708 0.00024301277275103557 0.0021151851068316667 -0.001795725642745716 -0.0055493526543011241 -0.0046747108537576326 -0.011167243772348942 -0.01364638589191205 -0.00074529767689210868 -0.0061415395305551065 0.0065852819880237931 0.0015252143996067047 0 0.0074849471777308808 -0.0059747779168179251 0.011906521155025662 0 -0.0026905245905539245 0 0.0082979047892674258 0 0.00069853752403254115 0.0048893672548079607
leaf_weight=13.196833285968749 101.5095791509375 248.53071080707014 57.01798228174448 1153.9101983965375 14.377201100345699 97.878348050639033 374.84956378722563 217.88362280279398 1201.6460231165402 288.50782656576484 188.08248913986608 43.926490941550583 14.542609854601322 52.619525609537959 22.228773307986557 9.9992351848632079 17.142448568716645 26.197465316392481 28.321448683738708 21.345374412834644 8.8210638174787146 76.618243165314198 46.909083162434399 26.978023684583604 7.952284336090087 13.326959257945417 79.906084912829101 6.6207094807177773 2896.4284122288227 31.457050120458007
leaf_count=247 2228 4390 868 47963 276 1391 11442 10016 36332 10217 7375 818 227 1198 429 169 275 296 455 440 125 1514 745 463 137 222 1220 88 47137 556
internal_value=0 -0.000453725 -0.000629466 -0.000861682 0.0015195 0.00480611 -0.00104631 -0.00193805 -0.000247723 0.000802376 -0.000939591 -0.00190655 0.000507083 -0.000966656 0.000405461 0.00227592 -0.00383686 0.000816207 -0.00461023 -0.00708016 -0.00144162 0.000702422 0.00428365 0.00639849 0.00924149 -0.00964972 0.00698974 -0.00971166 0.000570645 -0.00247091
internal_weight=7388.73 3899.81 3651.28 3161.49 213.2 112.256 2948.29 1371.79 1576.5 489.787 201.279 100.944 3488.92 388.039 279.132 200.236 78.8956 43.3399 108.907 80.5856 110.331 3100.89 96.382 81.8394 54.8614 35.5557 89.9053 59.2402 3004.5 108.075
internal_count=189259 131335 126945 109106 3353 1667 105753 57979 47774 17839 7622 1686 57924 7145 4964 3742 1222 571 2181 1726 2353 50779 1572 1345 882 651 1389 1286 49207 2070
is_linear=0
shrinkage=0.03


Tree=171
num_leaves=31
num_cat=0
split_feature=6 42 0 2 31 35 39 39 5 35 10 25 29 7 25 45 33 36 19 4 40 28 29 2 26 31 37 19 18 42
split_gain=1.76939 1.91275 1.66578 2.33322 2.48795 2.22728 2.49966 2.79721 2.17513 1.97817 2.2908 2.38861 2.90847 2.23972 1.86856 1.8516 1.82173 1.70948 1.78429 1.70783 1.37269 1.33545 2.02453 1.25519 2.85562 2.69789 2.17781 1.49996 1.22841 1.18824
threshold=0.053620355127923965 0.090909095192572453 -0.0025654536694125932 -0.0069767684276316284 -0.0025665512837370129 -0.0078340934961835008 0.0078635587880573812 0.021821739282937114 0.15282722556106912 -0.007152800053472819 0.0023190992041861895 -0.14938884470255626 0.00031748756862471581 0.018240297876303737 -0.47797158691565395 -0.0041652260850458265 0.52380754428847454 -0.00088613546898874674 0.66282526207895531 0.6235841085359316 -0.0020307780820410185 0.43280856050223721 0.0019629065906725928 -0.0096308018252591141 -0.020013229925804874 0.0020642117348558396 0.067829426138552223 1.4247769410635589 -2.459458552719259 0.021551940665473057
decision_type=2 2 2 2 2 2 2 2 2 2 2 2 2 2 2 2 2 2 2 2 2 2 2 2 2 2 2 2 2 2
left_child=1 23 9 4 20 8 16 -8 19 14 11 13 -13 -11 15 -2 -7 -12 -19 -5 -4 22 -16 24 25 26 -1 -27 -26 -17
right_child=2 -3 3 5 -6 6 7 -9 -10 10 17 12 -14 -15 21 29 -18 18 -20 -21 -22 -23 -24 -25 28 27 -28 -29 -30 -31
leaf_value=0.0045538832859795117 0.0011710570083861679 0.002267316722470544 -0.0063747382491809775 0.0058929823613797141 -0.0072584358689279675 -0.0016856436939896846 0.0028174237273572342 -0.00030700251254817302 -0.0074604369226909141 -0.0020046382947890391 0 0.0020487665397864144 -0.0060204126577391073 0.0027047274887287151 -0.0022791669087908742 0 0.0011734362749225217 0 0.011008423977846132 -0.0011760726896848667 0.0049971689082953649 -0.0067519071338124573 0.0093775199544670652 -0.00020981408646973906 0.0014052985968969005 -0.0042203226728664061 -0.0030084154773204652 0.0048396484220260228 -0.0026148453161034591 -0.01482962702310469
leaf_weight=166.94602801417932 7.1996474191546467 213.84433182608336 6.9632440162822595 134.58927365019917 72.528958526439965 837.2657704167068 450.27656912431121 558.70582870673388 8.758742365986107 94.782397885806859 27.167676140554249 68.72334346268326 76.012265935074538 632.77507071616128 19.240109296515584 3.4825646542012718 246.62364496011287 20.612971663475037 53.913905996829271 29.070617751218379 28.924483155831695 10.397897194139658 20.022970674559474 2565.2892234744504 61.513220550026745 91.641961734741926 34.093197104055434 12.610450456850229 811.24031574744731 18.018012936227024
leaf_count=4783 104 3774 129 1870 1442 17263 6017 7177 85 1608 499 1061 1217 11365 281 59 3802 240 666 440 545 180 257 81883 2787 3664 690 297 34778 296
internal_value=0 -0.000431879 0.000498734 4.43764e-05 -0.00413938 0.000266501 0 0.00106476 0.00349389 0.00149017 0.0018807 0.00132031 -0.00204818 0.00204077 -0.0028257 -0.00833806 -0.00100515 0.00611918 0.00834159 0.00446181 0.00154726 0.000282486 0.00337541 -0.000596898 -0.00141 0.00100802 0.00308394 -0.00267849 -0.00229093 -0.0122745
internal_weight=7383.23 3957.18 3426.06 2373.71 108.417 2265.29 2092.87 1008.98 172.419 1052.35 973.988 872.293 144.736 727.557 78.3612 28.7002 1083.89 101.695 74.5269 163.66 35.8877 49.661 39.2631 3743.33 1178.05 305.292 201.039 104.252 872.754 21.5006
internal_count=189259 132656 56603 38770 2116 36654 34259 13194 2395 17833 16656 15251 2278 12973 1177 459 21065 1405 906 2310 674 718 538 128882 46999 9434 5473 3961 37565 355
is_linear=0
shrinkage=0.03


Tree=172
num_leaves=31
num_cat=0
split_feature=8 32 19 7 44 3 28 38 0 41 32 7 34 34 43 4 11 35 8 33 27 19 41 7 27 1 42 1 4 25
split_gain=1.90471 1.46047 1.52439 1.54315 2.38166 1.92106 1.94502 1.50334 1.44145 2.64011 3.00048 2.93872 2.17857 2.14064 2.79172 2.06604 2.45658 1.95061 2.11693 1.9346 2.43654 3.01944 2.15778 1.92746 2.22391 1.83573 1.79572 2.18252 1.73949 1.53507
threshold=0.18567298410671487 0.022727250697089859 1.5953168403988063 0.057679410909424002 0.050986978768418199 18.380034352538939 -0.5573674822668585 0.068291097490361011 -0.0047577229235916578 -0.01018000554087955 0.083145067123491942 0.014852896887847852 -0.030249760879242176 -0.011503390565870394 0.54709639342826588 0.39122584935017818 0.33431372549019617 0.0015517498377210397 0.51871108800206422 0.57125775096395703 0.033639118116696995 -0.17420703541510321 -0.014192400729511093 0.025264195528517736 0.054347850225836596 0.015936267090037825 0.058823482689067237 0.09375005774199853 0.6235841085359316 -0.26553845377668567
decision_type=2 2 2 2 2 2 2 2 2 2 2 2 2 2 2 2 2 2 2 2 2 2 2 2 2 2 2 2 2 2
left_child=1 -1 3 4 -3 6 -5 -4 9 26 11 25 -13 14 15 16 -10 -12 -19 20 22 -22 -15 29 -25 -11 -2 -28 -17 -21
right_child=8 2 7 5 -6 -7 -8 -9 13 10 17 12 -14 19 -16 28 -18 18 -20 23 21 -23 -24 24 -26 -27 27 -29 -30 -31
leaf_value=-0.0014435415477421685 0 -0.00025867504209767321 0.0057293094011030415 -0.0029471600636007908 -0.0055807017801716994 -0.0046600443920252772 0.0061462728115157126 -0.00049401029422861036 0.001862621545188592 0.0046811452122567159 0.00017651056776095094 -0.0051282699702110239 0.0040799935864451247 0.0043471899415823828 -0.0030767250865146338 -0.0048947449337499978 0.0077165913556218099 -0.013267187604354856 0.00084292637341269717 -0.0023701965424652045 0.01009091601812067 -0.002177780269003097 -0.00015620661121206134 0.0066764384644769125 0 -0.0059526749912946347 -0.011772046989129276 0.0031667058403826906 0.0022541018959906576 0.0028211642443507837
leaf_weight=1000.1374082146212 99.587733919732273 2562.8663855278865 72.913391540758312 18.570422000717372 73.96230670902878 18.380894049536437 96.999278677161783 47.370013700798154 197.75957059394568 13.279068450443445 56.478484036400914 17.140183750540018 560.81380363181233 102.19374684151262 75.694223346188664 43.987812398932874 111.75639892090112 19.432385826483372 8.7614000849425775 130.57812357600778 12.797584836371241 807.0333941206336 811.02721784356982 101.34507347457111 92.89322067424655 45.397133293561637 24.641262536402795 6.0881142783910027 73.785631918348372 75.373675879091024
leaf_count=40126 1916 84768 1416 337 1879 400 1396 1013 3970 221 690 384 9111 1872 1440 900 1657 289 72 2229 96 12632 14032 1284 1067 928 552 75 1415 1092
internal_value=0 -0.000456048 -0.000102172 -0.000258095 -0.000429592 0.00279591 0.00437464 0.00311708 0.000508712 0.00158169 0.0023115 0.00303998 0.0037138 0.000148395 0.00190589 0.00288333 0.00416076 -0.00269534 -0.00851211 -0.000255451 -0.000702116 -0.00188989 0.000336001 0.00158962 0.00370761 -0.00289638 -0.00217221 -0.00794376 -0.000262207 -0.000306229
internal_weight=7379.05 3891.2 2891.06 2770.78 2636.83 133.951 115.57 120.283 3487.85 851.62 721.302 636.63 577.954 2636.23 502.984 427.289 309.516 84.6723 28.1938 2133.24 1733.05 819.831 913.221 400.19 194.238 58.6762 130.317 30.7294 117.773 205.952
internal_count=189259 131335 91209 88780 86647 2133 1733 2429 57924 14238 11695 10644 9495 43686 9382 7942 5627 1051 361 34304 28632 12728 15904 5672 2351 1149 2543 627 2315 3321
is_linear=0
shrinkage=0.03


Tree=173
num_leaves=31
num_cat=0
split_feature=0 6 0 36 7 33 5 18 38 28 45 19 19 7 45 43 5 8 10 0 0 0 26 26 29 38 26 5 5 0
split_gain=1.99667 1.50246 1.97978 2.66306 2.97702 2.95763 2.84714 2.18965 2.83235 2.03271 2.13925 1.75103 1.51826 1.50031 2.06614 2.08767 1.43298 1.38958 2.66255 2.33233 1.38753 1.36669 2.1476 2.07804 2.64236 2.91683 1.68206 2.17713 1.97046 3.27653
threshold=0.030862114575511287 0.053620355127923965 -0.0025654536694125932 -0.011162141003099592 0.040284150674756998 -0.65224925091835739 0.054246705771767607 0.11616897361074206 -0.85418293210186202 0.16722790069015583 0.013117786259907168 0.80196747531052848 1.5641394446426153 0.049167943063031599 0.0099428392593748308 -0.26994825438955322 0.089928463366024128 0.46231316380358184 -0.018831736769147144 -0.012409580638024652 0.016551330494841462 0.039470866520145469 0.095262188174634527 0.018622517941108026 0.045448051950259812 -0.058221226469784775 -0.0015773931064927838 0.016085943101170622 0.1380321301457044 0.093640722447759964
decision_type=2 2 2 2 2 2 2 2 2 2 2 2 2 2 2 2 2 2 2 2 2 2 2 2 2 2 2 2 2 2
left_child=1 12 9 7 5 -5 -6 8 -4 10 16 -12 13 -1 15 -15 -3 18 -11 -19 -9 23 26 -2 25 -25 27 -23 -28 -30
right_child=21 2 3 4 6 -7 -8 20 -10 17 11 -13 -14 14 -16 -17 -18 19 -20 -21 -22 22 -24 24 -26 -27 28 -29 29 -31
leaf_value=-0.00088944908038504514 0.00096909899345805925 0.0020877133583025523 0.005202790174442337 0.0044349720324029585 -0.011902342986401507 0 -0.00028463964305723213 -0.0024316617437142285 -0.0074978005034589158 -0.0030214965688131019 -0.010836073509489345 0.00071084787760368625 0.0024850824114342825 0.0051063262994949267 0.010785826939119733 -0.0019527220621430709 0.0069355089381666563 0.00081393109482129019 0.0028444059294049804 -0.0090802980932383568 0.0051901729259515609 -0.0022239053148814304 0.0079251325503958865 0.013318979575984652 -0.001568795213962268 0.0017678094872534899 0.00014860783274909189 0.0033776248118707539 -0.0084854092030397926 6.4980831226102195e-05
leaf_weight=3294.5742226224393 269.89172671409324 615.33333655446768 11.779931102879344 147.92479764763266 29.680964238010347 1119.9332067994401 55.107963137328625 54.065082372166216 112.77989645441994 110.24458527751267 14.81289016176015 17.531164488755167 127.69642307516187 53.691416674293578 16.264794223476201 95.553963324986398 65.115218796767294 33.326269939541817 166.37912394478917 35.804358558729291 28.39274094812572 76.383103431202471 27.417811290360987 45.842378991656005 25.072731299325824 46.26753206551075 319.39610929228365 215.93112557893619 68.124095988459885 74.760179183445871
leaf_count=117838 5332 10221 224 1995 772 18190 797 1312 2852 2428 210 328 2928 1042 287 2012 611 355 3236 444 709 1891 239 656 308 766 6264 3492 793 727
internal_value=0 -0.00021447 0.000324133 -0.000340237 0.000127974 0.000521375 -0.00512194 -0.00347188 -0.00591069 0.00132822 0.00224673 -0.00451686 -0.000615774 -0.000742291 0.00195121 0.000475499 0.00264259 -0.000484841 0.000387967 -0.00417265 0 0.00113456 0.000362196 0.00259394 0.00589791 0.00821543 0 0.00180023 -0.00108521 -0.00395786
internal_weight=7375.08 6205.99 2618.21 1559.66 1352.65 1267.86 84.7889 207.018 124.56 1058.55 712.793 32.3441 3587.78 3460.08 165.51 149.245 680.449 345.754 276.624 69.1306 82.4578 1169.09 782.012 387.074 117.183 92.1099 754.595 292.314 462.28 142.884
internal_count=189259 168791 44684 26851 21754 20185 1569 5097 3076 17833 11370 538 124107 121179 3341 3054 10832 6463 5664 799 2021 20468 13406 7062 1730 1422 13167 5383 7784 1520
is_linear=0
shrinkage=0.03


Tree=174
num_leaves=31
num_cat=0
split_feature=8 7 25 40 0 37 25 8 8 0 1 39 37 37 28 33 36 40 33 39 10 0 40 8 32 29 3 29 33 33
split_gain=1.95982 1.3772 2.79485 1.52583 1.35044 2.25107 2.28838 1.64223 1.72363 1.33225 2.1484 1.48878 1.30611 2.34833 2.30517 2.64732 1.99595 4.69776 2.33507 2.12651 2.01623 1.80799 3.66052 1.96819 1.64657 1.42023 1.2915 1.27007 1.24065 1.30704
threshold=0.18567298410671487 0.050206402539545149 -0.65115400119429434 -0.020087167181932798 -0.017926218144503386 0.025480088847229559 -0.24471104663522711 0.5557194988081342 0.22649863964193723 -0.067658654415710812 0.063354175625865913 -0.026696268463989908 0.030303089613153898 0.0420167977433391 -0.78151546038633135 0.15210593151130339 0.0095454109178896088 -0.0027684293983463479 -0.43140425554687839 0.007407793655560011 0.017893202149521132 0.0054739529611230733 0.0021564145774948368 0.42639444488408546 0.040672754012131614 0.024648096742461781 18.280081334402556 -0.015194864601311999 -0.053715901786738122 -0.39023031988668672
decision_type=2 2 2 2 2 2 2 2 2 2 2 2 2 2 2 2 2 2 2 2 2 2 2 2 2 2 2 2 2 2
left_child=1 -1 9 -4 5 -2 7 8 -7 26 11 -11 16 14 27 -16 18 24 25 -20 -19 22 -15 -23 -18 -6 -3 -14 29 -8
right_child=4 2 3 -5 12 6 28 -9 -10 10 -12 -13 13 21 15 -17 17 20 19 -21 -22 23 -24 -25 -26 -27 -28 -29 -30 -31
leaf_value=-0.00063017673944817433 0.0078453396902127912 0.0084653076609023659 -0.006498850325331376 0.0047367510709357677 0.0059702468096921833 0.0070262197037912547 -0.004091230997498637 0.011801523937052867 3.11042546967646e-05 -0.0063437566862950094 -0.0079622133545902227 0.0031717482951076821 0.0029795947513366317 0.00015022122635016869 0.0011504092864662553 0.0051763663794563795 0.00066621168985391303 -0.0054677674413314056 -0.0008779438195991178 0.0034095746412705812 0 -0.00078653610796342532 -0.0059880048756416051 0.002236484981978426 0.010237412497088252 -0.0028477105974581717 -0.0039825790930497172 -0.0063628557515213856 -0.0065055816583196244 0.0055698174847377416
leaf_weight=3594.1675195642747 52.398047404363751 15.162749371491374 5.1917595034465185 160.82733043655753 88.514115842990577 38.536070928908885 19.534321747720242 13.186227159574626 150.55593411065638 15.548978910781441 43.620320289861411 45.991754723247141 10.357886234298347 272.09686682373285 453.3717985516414 237.43750885501504 73.08131639380008 222.15129618160427 658.83553716354072 117.61436596699059 82.306477670557797 342.16431387513876 117.82969319354743 408.43380681425333 19.818515466526151 11.812954137101768 4.4352612765505901 37.913892957381904 38.800039445050061 19.719882152974606
leaf_count=126108 960 195 98 2418 1575 747 292 103 2505 390 848 1212 148 4135 7621 3478 1219 4109 13645 1539 1365 6295 1778 4564 256 208 66 526 575 281
internal_value=0 -0.000463119 0.00147612 0.00403024 0.000515974 0.00233331 0.00107847 0.00282402 0.00175552 -0.00171582 -0.00322936 2.06684e-05 0.000311351 0.000818563 0.0021301 0.00260454 -0.00041371 -0.00217435 0.000358 -0.000172433 -0.00401012 -1.07355e-05 -0.00168102 0.000822635 0.00343306 0.00456126 0.00419169 -0.00370355 -0.00298161 0.000165174
internal_weight=7371.42 3884.95 290.778 166.019 3486.47 332.731 280.332 202.278 189.092 124.759 105.161 61.5407 3153.74 1879.61 739.081 690.809 1274.13 397.358 876.777 776.45 304.458 1140.52 389.927 750.598 92.8998 100.327 19.598 48.2718 78.0542 39.2542
internal_count=189259 131335 5227 2516 57924 5463 4503 3355 3252 2711 2450 1602 52461 28545 11773 11099 23916 6949 16967 15184 5474 16772 5913 10859 1475 1783 261 674 1148 573
is_linear=0
shrinkage=0.03


Tree=175
num_leaves=31
num_cat=0
split_feature=8 42 32 38 33 32 27 0 41 11 43 44 34 33 19 5 36 5 27 39 39 36 2 33 36 44 41 8 1 8
split_gain=1.95969 1.69229 1.24486 1.79031 1.27673 1.22826 1.22209 1.22051 1.95881 1.57771 1.74245 2.72518 1.56534 1.55415 1.29945 3.17249 4.03765 2.95262 2.7845 2.52069 2.3562 3.38498 2.79963 2.15092 2.05957 1.71788 2.29055 1.41043 1.27786 1.26527
threshold=0.18567298410671487 0.093514473263734479 0.022727250697089859 1.0177433727153053 0.53489660882113832 0.037535007193268667 0.020585516071625572 -0.017926218144503386 -0.01018000554087955 -0.39363636363636356 -0.18069202967211415 0.050986978768418199 -0.019158019374348346 0.67038208135399124 1.1760458133908387 0.062992190842380294 0.031532065678042058 0.1380321301457044 0.031692790827917802 -0.0089269289112062517 0.024649689810710928 0.014589490051480868 0.009822304721190658 -1.0211590043642758 0.011274076767166743 -0.016197091639830231 0.0038437470066655334 0.44713375989194892 0.057069240208875237 0.50764842163657409
decision_type=2 2 2 2 2 2 2 2 2 2 2 2 2 2 2 2 2 2 2 2 2 2 2 2 2 2 2 2 2 2
left_child=1 2 -1 4 5 -4 -6 8 -2 10 29 -12 -11 -14 20 18 19 -18 24 -17 25 22 -22 -23 -16 27 -27 -9 -20 -10
right_child=7 -3 3 -5 6 -7 -8 14 9 12 11 -13 13 -15 15 16 17 -19 28 -21 21 23 -24 -25 -26 26 -28 -29 -30 -31
leaf_value=-0.0015455418594877027 -0.0026358761003085858 0.0019662218175895106 -0.00048647483908735817 -0.0035933843523950635 0.0019505159451778625 0.00094906090512371952 -0.0022922947489078869 0.0015807304989615646 -0.0058999694460799574 -0.0025908278852364427 0.0058484056886683638 -0.0040626918425468953 0.0081851326202494537 -0.0002309833486181682 -0.0036197034165622107 0.0043345794045586113 0.010238870836149392 -0.00047583289672248179 -0.0082793914194880282 -0.0043163555572330514 -0.017348791345912561 0.0062595922284323638 0 -0.0010052468925915257 0.0030680328972778224 -0.00066480525290168806 0.0015081382819981744 0.0065353554486282453 0 0.0045214589634136621
leaf_weight=982.00925979763269 51.701548791956156 231.66217024624348 1071.7827996527776 134.34194183209911 61.750707425177097 1039.936211578548 360.73943299846724 196.93341007549316 38.445590918883681 10.6111555211246 83.55838921200484 27.078694745898247 100.19846385717392 15.638951721601186 88.04472590982914 36.127859735861421 56.062038762494922 28.394699539989233 90.704997230321169 94.902304352261126 15.445449246093633 33.945499360561371 15.698899446986614 503.13628586381674 67.222827133722603 673.45497032254934 1156.0978007670492 83.434447958134115 13.151137154549358 6.4970047399401656
leaf_count=39858 1037 3938 39272 4034 2244 30528 11461 4179 676 239 1295 342 1591 223 2344 641 737 299 2296 1473 218 383 214 6373 1277 12119 18530 1061 317 60
internal_value=0 -0.000463351 -0.000628215 -0.000277164 -8.28226e-05 0.000206867 -0.00158643 0.000515868 0.00224263 0.00327182 0.000954387 0.00309243 0.00575016 0.00683808 0.000320322 -0.00109728 0.00148024 0.00647594 -0.00334178 -0.00163892 0.000584302 -0.00109807 -0.010027 -0.000437239 -0.000531688 0.00105309 0.000692297 0.00324897 -0.00704995 -0.0034909
internal_weight=7368.71 3882.22 3650.56 2668.55 2534.21 2111.72 422.49 3486.49 333.73 282.028 155.58 110.637 126.449 115.837 3152.76 474.611 215.487 84.4567 259.124 131.03 2678.15 568.226 31.1443 537.082 155.268 2109.92 1829.55 280.368 103.856 44.9426
internal_count=189259 131335 127397 87539 83505 69800 13705 57924 5463 4426 2373 1637 2053 1814 52461 9384 3150 1036 6234 2114 43077 7188 432 6756 3621 35889 30649 5240 2613 736
is_linear=0
shrinkage=0.03


Tree=176
num_leaves=31
num_cat=0
split_feature=8 42 35 35 18 11 5 34 28 18 5 8 19 2 27 28 41 35 31 4 34 42 1 10 45 37 2 11 31 18
split_gain=1.96037 1.58424 1.30108 1.61801 1.53814 1.78966 1.48935 1.51094 1.33919 1.28118 1.67948 2.40023 2.432 2.20113 2.00918 1.7299 1.61679 1.46163 1.63805 1.43154 1.68342 1.16506 2.61905 2.55726 2.47522 2.29245 2.59651 2.49723 2.4515 2.25929
threshold=0.18567298410671487 0.090909095192572453 0.0035733380288510267 0.0011986811029654359 0.73367748906300667 -0.40197708795269765 -0.026336382321717141 -0.0084102202101352438 0.21044970985451353 -1.2831762729004785 -0.086584283147530403 -0.36425825792838107 0.70904587006966169 -0.0022124005835336374 0.037098147495482535 0.44209460274695461 -0.01537370584956471 0.0024338037179355621 0.013739398619365651 -0.23864443610150052 -0.0024098241493295488 0.032679738924221685 0.01404501681446743 0.04788398690425081 -0.0057703979947873784 0.01860463288949829 0.019230835654093757 0.47278785634950027 0.011533419887724087 1.7425637220324643
decision_type=2 2 2 2 2 2 2 2 2 2 2 2 2 2 2 2 2 2 2 2 2 2 2 2 2 2 2 2 2 2
left_child=1 9 3 4 5 -3 7 -4 -6 17 11 12 -11 15 -13 -12 -15 19 -19 20 -1 23 -23 -2 -25 26 28 -28 -24 -27
right_child=21 2 6 -5 8 -7 -8 -9 -10 10 13 14 -14 16 -16 -17 -18 18 -20 -21 -22 22 25 24 -26 29 27 -29 -30 -31
leaf_value=-0.00053195059968619491 0.0002402293357810696 -0.0069454853433497622 0.013029252118920014 -0.0048413098139079699 0.010304738203199397 0.0019172421535160102 0 0 -0.00019358420471503928 0.0067463680704172024 -0.0014345369738155425 -0.003833589809031169 -0.0039948097075256867 -0.001987939935937984 0.0062473185580425505 -0.0045000893598097086 0.00023100864017930287 0.0069087286920823578 -0.0034056208413899987 -0.0010898602906612292 0.0056982553212410114 0.0071701560557215997 0.0011098928803427272 0.0054060671336527005 -0.0065572809363069542 0.00019664572889249981 -0.0081370810001870787 0.0071186345112829817 0.013624515748736618 0.0045116411957396452
leaf_weight=63.663070945069194 1549.6314631290734 20.808899996802211 22.546017089858651 35.960956116206944 24.185337336733937 94.481238984502852 28.348181501496583 15.868979276157914 8.7531412946991605 18.164102425798774 1114.7538368650712 14.086110000964252 80.930649508256465 378.25177779095247 98.404120963066816 209.59070601733401 1223.2534006144851 55.690849668812007 10.323597450740634 290.44421920739114 69.938834036234766 56.862655294127762 32.73031104542315 12.039846729487179 86.748837355524302 1570.6961131412536 17.875092124100778 10.643164421431718 33.759129297919571 114.32082449644804
leaf_count=2457 27819 350 258 714 354 1802 534 245 133 243 46810 276 1443 11715 1391 9819 37409 1684 353 10926 2419 650 669 153 1398 24723 358 108 496 1550
internal_value=0 -0.000463734 0.0017887 0.000270916 0.00182446 0 0.00524737 0.00874005 0.00706631 -0.000630066 -0.0008574 0.0016429 -0.00150827 -0.00105094 0.00462022 -0.00195736 -0.000278956 0.00075872 0.00474707 1.98168e-05 0.00260094 0.000515968 0.00103531 -4.59873e-05 -0.00462001 0.000802991 0.00525132 -0.00133594 0.00839216 0.000519632
internal_weight=7363.76 3878.45 250.953 184.19 148.229 115.29 66.7632 38.415 32.9385 3627.5 3137.43 211.585 99.0948 2925.85 112.49 1324.34 1601.51 490.061 66.0144 424.046 133.602 3485.31 1836.89 1648.42 98.7887 1780.02 95.0077 28.5183 66.4894 1685.02
internal_count=189259 131335 4390 3353 2639 2152 1037 503 487 126945 109106 3353 1686 105753 1667 56629 49124 17839 2037 15802 4876 57924 28554 29370 1551 27904 1631 466 1165 26273
is_linear=0
shrinkage=0.03


Tree=177
num_leaves=31
num_cat=0
split_feature=8 32 35 5 19 33 2 33 32 39 27 5 3 35 35 8 6 42 39 6 18 37 34 4 37 8 34 33 6 8
split_gain=1.90517 1.27816 2.34283 2.26959 2.31011 2.21317 2.62483 2.5058 2.07079 1.9016 1.88839 1.73113 1.72793 1.72275 1.37345 1.29694 1.22325 1.41065 1.29242 1.2216 1.50579 1.42371 1.21946 3.26589 3.16571 2.83989 2.14412 2.0602 1.92492 1.7573
threshold=0.37327272101731573 0.03799144180687853 0.0014503830025475466 0.086994042107575456 1.5641394446426153 -0.2910766191398188 0.003787676934238387 0.59594362015268942 0.050251317067544092 0.0415332196975252 0.032376527379982749 0.10681556301023899 17.444780854242136 0.007271652639629699 0.0015864213735166006 0.059788210138996767 0.021377683602903156 0.036802409212319621 0.0012859763398668646 -0.098764291411152103 -0.97459404366698899 0.037061974948955294 -0.0059650428345167624 0.44200965864714631 0.053853742714602033 0.50764842163657409 -0.0013108862398248297 0.018064727293440445 0.36611778461559569 0.47075309541247651
decision_type=2 2 2 2 2 2 2 2 2 2 2 2 2 2 2 2 2 2 2 2 2 2 2 2 2 2 2 2 2 2
left_child=1 14 3 4 -3 6 9 13 -9 -4 -6 -5 -13 -7 -1 19 18 -18 -17 21 -21 -16 23 25 -25 -2 -24 -27 -26 -28
right_child=22 2 5 11 10 7 -8 8 -10 -11 -12 12 -14 -15 15 16 17 -19 -20 20 -22 -23 26 24 28 27 29 -29 -30 -31
leaf_value=-0.001122714330249918 0.0012185718603369283 0.00035904426308581983 -0.00876168802544945 0.0092920330304678122 0.013918964939144787 -0.00030061141333633554 0.00028484131993136962 0.0015414613504972604 -0.0052455153863633676 0 0.0017900426479739472 0.0055276074891098823 -0.0054830383390274519 0.0032430291953098747 -0.0014954023183249524 0 -0.00064073188299394463 0.0026625621289763303 0.0066897423943335487 0.0032224767025613114 -0.0020029455056826471 0.0060069281249179986 -0.0031174910661560997 0.00076533505307335562 -0.013864587356644026 0.0092240631299321928 0.002128688390072592 0 0.00095675890143953125 -0.00012790848853494341
leaf_weight=2080.6292221457697 201.04775171447545 1266.7740369122475 83.944524595048279 46.802789107896388 15.93586589489132 344.43557536834851 67.623897067271173 47.194560028612614 126.40016750944778 21.514336735010147 47.309272450394928 24.17364785540849 17.147640927694738 176.70683340262622 31.742552708368748 52.122399426996708 342.38049507886171 164.98359631374478 60.769043236039579 47.112711856141686 456.90064859576523 41.839770572260022 133.61740798410028 72.356921577826142 21.334964969195429 97.306572318077087 513.40978282596916 33.057350664399564 5.3405159134417763 716.94503486808389
leaf_count=71333 3096 33317 2165 585 287 8833 1442 1326 2818 432 883 299 250 3962 1182 1478 8295 3654 1184 2093 19493 945 1995 1165 357 1061 6764 405 50 8110
internal_value=0 -0.000274188 0.000260668 0.00102087 0.000675394 -0.00094597 -0.00393689 -0.00013515 -0.00324089 -0.00680596 0.00608163 0.00559659 0.000212086 0.000863333 -0.000656088 0.000130784 0.00110055 0.000390375 0.00388587 -0.000859621 -0.0014287 0.00249952 0.000848649 0.00224603 -0.00226877 0.00369799 0.000379154 0.00711388 -0.0102676 0.000794258
internal_weight=7358.86 5564.44 2285.96 1418.14 1330.02 867.82 173.083 694.737 173.595 105.459 63.2451 88.1241 41.3213 521.142 3278.48 1197.85 620.256 507.364 112.891 577.596 504.013 73.5823 1794.42 430.444 99.0324 331.412 1363.97 130.364 26.6755 1230.35
internal_count=189259 166256 56599 35621 34487 20978 4039 16939 4144 2597 1170 1134 549 12795 109657 38324 14611 11949 2662 23713 21586 2127 23003 6134 1572 4562 16869 1466 407 14874
is_linear=0
shrinkage=0.03


Tree=178
num_leaves=31
num_cat=0
split_feature=8 5 11 45 8 0 3 27 45 1 45 18 5 19 35 27 43 19 3 40 7 8 27 3 44 39 39 38 18 8
split_gain=1.90605 1.53968 1.5543 2.12362 1.63938 1.38421 1.64826 1.58428 1.53031 1.35006 1.52516 1.37371 1.33457 1.2568 1.80992 1.53361 1.20887 1.20314 2.10544 2.72279 2.01871 1.97649 2.53005 2.01685 1.9157 2.73011 2.11253 1.73985 1.71449 1.15956
threshold=0.028246442555306502 -0.046912520133223549 -0.47740040858018379 0.0023422465051926608 -0.065846209201136 -0.056622625289260702 18.31411299988547 0.060975572831241734 0.00094843376837645225 0.040197492630209504 0.015853630560510427 1.7425637220324643 0.038802742932900765 1.1104186558972413 -0.0055441246465627037 0.11588867738196369 9.9989559118625078 0.91905512836432435 15.545107081727986 -0.0055441246465627037 0.017966009003421487 0.74689741591675574 0.065925082254965447 19.835857147892639 -0.00033820813325523573 0.021821739282937114 0.0078635587880573812 -0.53884699975560035 -0.21161147173631698 -0.45294651636286554
decision_type=2 2 2 2 2 2 2 2 2 2 2 2 2 2 2 2 2 2 2 2 2 2 2 2 2 2 2 2 2 2
left_child=1 2 3 29 13 6 7 -2 12 -3 11 16 -9 15 -15 -4 -11 18 19 27 -21 22 23 -19 26 -26 -20 -7 -24 -1
right_child=5 9 4 -5 -6 17 -8 8 -10 10 -12 -13 -14 14 -16 -17 -18 21 24 20 -22 -23 28 -25 25 -27 -28 -29 -30 -31
leaf_value=0.0064921904004366874 0 -0.00071059342456865945 -0.0012883045671449498 -0.014394395107812447 0.0057656632862059711 -0.0027053488396238455 -0.0017197319681354587 -0.002701352365951439 0.015262745333455251 -0.0043327576610091159 0.0037366682379962614 0.0014739015754424187 0.0085749497190624278 0.008829818856310857 0.00086279784812004826 0.0065445300689596659 0.0057208699170913585 -0.00020369499138021257 0.0008803291771919728 -0.0026119319584691682 0.00015438352844402128 0.006699728799574328 -0.00020401615195816109 0.0048215131114837271 0.0014210455836738698 -0.0021913636463156724 0.004278530761045278 0.0044577737908662656 -0.0053569429293943297 -0.0036896910267206068
leaf_weight=9.3704666923731512 18.917185896541923 1244.0370219131 344.53840429987758 9.3004977563396078 51.576563555747271 29.217833283357322 22.189774485304952 12.977940031327309 18.807632719166577 311.55564667796716 21.545071503613144 35.880160067230463 11.284367508254944 26.613323035649955 222.58242153190076 18.246241218410432 4.4499068837612858 1823.6453293520026 380.68188801035285 392.66701711993665 541.91909789759666 30.661506567150354 119.28042807616293 69.818083335645497 687.64223165344447 249.96930017322302 333.68515943922102 144.33450231608003 139.34691167203709 27.166895714122806
leaf_count=137 298 57248 10401 245 1313 517 298 180 169 13088 653 1419 93 569 5787 315 134 40911 8911 7625 9538 263 2094 1401 11841 3054 4962 2334 2818 643
internal_value=0 -0.000709015 0.000423135 -0.00454852 0.000842894 0.000328559 0.00405636 0.00654593 0.00945378 -0.00122382 -0.00282232 -0.0033547 0.00208708 0.000336026 0.00198862 -0.000729166 -0.00401083 0.000254977 0.000673762 -0.000315429 -0.000983671 -0.0002612 -0.000389582 0 0.00135436 0.000419628 0.00252806 0.00304184 -0.00314312 0
internal_weight=7353.91 2326.86 709.395 45.8379 663.557 5027.05 84.1769 61.9871 43.0699 1617.47 373.431 351.886 24.2623 611.98 249.196 362.785 316.006 4942.87 2760.12 1108.14 934.586 2182.75 2152.09 1893.46 1651.98 937.612 714.367 173.552 258.627 36.5374
internal_count=189259 91952 19410 1025 18385 97307 1038 740 442 72542 15294 14641 273 17072 6356 10716 13222 96269 48782 20014 17163 47487 47224 42312 28768 14895 13873 2851 4912 780
is_linear=0
shrinkage=0.03


Tree=179
num_leaves=31
num_cat=0
split_feature=8 7 38 42 45 7 27 1 38 44 37 3 42 4 8 27 4 1 41 1 19 3 7 43 2 27 1 35 19 8
split_gain=1.73783 1.46924 1.92738 1.43927 1.59597 1.6199 1.38608 1.76059 1.4354 1.45789 1.48668 2.31088 1.41549 1.40071 2.17464 1.29847 3.23154 1.31372 2.04523 2.87759 1.30619 2.32244 1.904 1.05727 1.03306 0.812843 0.809062 0.781115 1.04144 0.900796
threshold=-0.02256631097260715 0.062942267757692585 1.2345215512660686 0.047400253285387987 0.0054313710297503115 0.072962953129860772 0.026790071716492007 0.020594867590502119 1.0177433727153053 0.034225111122730141 0.035374155079421106 14.635153375339831 0.090909095192572453 -0.13036367445283401 -0.077420284426626504 0.1444827457654945 -1.0726415920822336 0.11589385101912542 -0.0095238066192694006 0.1444827457654945 0.90664665148593293 15.545107081727986 0.047364868969903828 0.43307490070201032 0.051290006245096921 0.043186171744226051 0.027846277000556644 0.0074535750744168959 0.96966756990372749 -0.22528970037180404
decision_type=2 2 2 2 2 2 2 2 2 2 2 2 2 2 2 2 2 2 2 2 2 2 2 2 2 2 2 2 2 2
left_child=6 15 3 25 5 -5 7 -1 9 10 26 -12 -10 23 -15 17 -17 20 -19 -20 21 -2 -22 -11 -18 -3 -8 -9 -29 -30
right_child=1 2 -4 4 -6 -7 8 27 12 13 11 -13 -14 14 -16 16 24 18 19 -21 22 -23 -24 -25 -26 -27 -28 28 29 -31
leaf_value=0 -0.0003933819921326113 0 -0.0079753056825150465 0.0029132360577007136 0.0095806975221591293 -0.0066547326342719969 0.0005473053848832508 -0.0036081296725951478 -0.0066061553566217025 -0.0042389352691975107 -0.0026262728304277906 0.0020622013981469916 0.0035927224884691679 -0.011873076633225269 0.0013354342165842537 0.0074624606095265037 -0.015440784756239213 0.010892723128804052 0.0052517466643182548 -0.0071227982926713876 -0.00012457149065207341 0.0013520105618489444 -0.0040287753163995759 0.0050954414679433985 0 0.014185482884327054 -0.001889049006745767 -0.0033125672643318544 0.0089715986028845399 0
leaf_weight=293.18875374086201 1146.2129271742888 4.2806768752634552 5.416642506606876 48.756200093310326 16.009600877761841 17.618884543888271 180.73731842171401 352.46104987571016 50.382921045646071 16.305116807110608 103.92484695231542 565.60553888976574 8.1260435702279192 25.965414992067963 10.340642366558312 5.4597173426300314 13.165792011655869 21.684832532890141 40.84108433034271 21.288355063647032 2278.3131037168205 1623.6413932526484 114.6993096373044 16.904653444886208 5.9486864767968646 15.557548535987733 290.5897885072045 30.264616744592786 11.90964011475444 13.407777967862783
leaf_count=14249 22272 71 84 660 149 239 8688 17079 1827 467 3174 16115 133 767 290 56 222 250 462 247 53185 30029 2569 488 68 185 12978 1295 401 560
internal_value=0 0.00027923 0.00368536 0.00492612 0.00237305 0 -0.000761144 -0.00183039 -0.000141824 6.42133e-05 0.000352495 0.00127591 -0.00454597 -0.0039705 -0.00767849 0.000200564 -0.00603016 0.000241173 0.00387516 0.000350057 0.000172682 0.000619519 -0.000332224 0 -0.0118764 0.0117088 -0.000895873 -0.00309269 0 0.00426056
internal_weight=7349.01 5378.89 107.64 102.223 82.3847 66.3751 1970.11 701.232 1268.88 1210.37 1140.86 669.53 58.509 69.5158 36.3061 5271.26 24.5742 5246.68 83.8143 62.1294 5162.87 2769.85 2393.01 33.2098 19.1145 19.8382 471.327 408.043 55.582 25.3174
internal_count=189259 110748 1388 1304 1048 899 78511 33584 44927 42967 40955 19289 1960 2012 1057 109360 346 109014 959 709 108055 52301 55754 955 290 256 21666 19335 2256 961
is_linear=0
shrinkage=0.03


Tree=180
num_leaves=31
num_cat=0
split_feature=8 0 19 28 44 44 40 11 5 35 32 5 0 44 2 19 26 18 2 31 19 11 26 19 35 38 43 38 25 32
split_gain=1.64371 1.35471 1.7043 1.79923 2.17151 1.56475 1.75394 1.91491 1.98412 1.71303 1.64972 1.55019 1.48743 1.82264 1.7695 3.69508 1.68323 1.4568 1.3836 1.65893 1.2696 1.15923 1.03142 2.33899 2.16793 2.49308 2.22705 2.1145 2.09605 1.94638
threshold=0.37861418174568545 0.030862114575511287 1.5641394446426153 -0.15274265943997009 -0.0084043371563292529 0.020238018716732208 0.015138458025456396 0.46992311171415657 0.0588848267983434 0.0075552135489054132 0.03032788316013665 0.047309401136632075 0.0090810551718038621 0.095242867933740663 0.0058609671230160981 0.56103748055018976 -0.042559569570281501 -0.55964958743997129 0.031545750432949167 -0.011161651195761962 0.49128478209664117 0.38516483516483518 0.010515364014138686 0.27446056681029329 -0.0046542867702245106 -0.43887852184492798 -0.17577699756854945 -0.3646450719788969 1.0000000180025095e-35 0.034033744441737242
decision_type=2 2 2 2 2 2 2 2 2 2 2 2 2 2 2 2 2 2 2 2 2 2 2 2 2 2 2 2 2 2
left_child=1 2 12 4 -4 6 7 17 -9 18 -8 -12 14 20 16 -16 -1 -3 -7 -20 -14 -6 23 -2 26 -26 -24 -27 -28 -25
right_child=22 5 3 -5 21 9 10 8 -10 -11 11 -13 13 -15 15 -17 -18 -19 19 -21 -22 -23 24 29 25 27 28 -29 -30 -31
leaf_value=0.0020806214555168802 -0.0028867677368116995 0.0036976107736831319 -0.00044957696967287296 -0.00012138429682752334 0.0098191579192626437 0 -0.0025646153134416994 0 -0.0067561551362385419 -0.0041445462428795704 0 0.015025445509186408 0.00094748280799100931 0.010844242380772796 0.0079971335936807747 0.00010267466916405133 -0.0006395413122110054 -0.00027268355169838377 0.00067431538246698417 0.010521458067765846 -0.0019969848399838622 -0.0011223775742442859 0.0010045011855129436 0.0037187814747441906 0.0039901352452102563 -0.0070466057859786824 -0.0094148934249079965 0.00021319356123278106 0.0035758565760095778 0.00058657867635346405
leaf_weight=210.25195071240887 86.050166947767138 112.67057112697512 28.219171677716076 102.56608355138451 53.370343850925565 30.032833280973136 6.9826848777011028 79.772797685116529 65.342704294249415 12.798425190150736 12.580074609257283 14.446415291167794 133.92120896931738 5.1409143628552547 64.399905621539801 267.35877041704953 3069.8198138098232 242.74070935416967 32.224435429088771 49.313256212510169 999.78682974958792 3.5730092972517005 39.129648780450225 357.10622899886221 154.19811474625021 33.134786654263735 55.182137257419527 605.83397902641445 7.2224596366286269 410.16601129435003
leaf_count=4476 822 2739 593 2440 1003 557 191 1563 1053 230 291 170 2948 64 1219 7105 102506 6001 568 706 30520 56 488 4432 1890 502 735 8181 71 5139
internal_value=0 -0.000250867 -0.000425833 0.00231172 0.005419 0.00100863 0.000229825 -0.000187894 -0.00308116 0.00398576 0.00638271 0.00967059 -0.000542635 -0.00149054 -0.00023381 0.00182019 -0.000453146 0.000936555 0.00531352 0.00724026 -0.00162019 0.00861312 0.00080172 0.00154637 5.35208e-05 0.000622335 -0.00392901 -0.000168479 -0.0073126 0.00209786
internal_weight=7345.34 5597.31 4938.41 187.729 85.1625 658.905 534.536 500.527 145.116 124.369 34.0092 27.0265 4750.68 1138.85 3611.83 331.759 3280.07 355.411 111.571 81.5377 1133.71 56.9434 1748.02 853.322 894.701 793.167 101.534 638.969 62.4046 767.272
internal_count=189259 166999 152930 4092 1652 14069 12008 11356 2616 2061 652 461 148838 33532 115306 8324 106982 8740 1831 1274 33468 1059 22260 10393 11867 10573 1294 8683 806 9571
is_linear=0
shrinkage=0.03


Tree=181
num_leaves=31
num_cat=0
split_feature=7 43 2 7 19 31 19 1 43 5 2 7 32 4 39 40 43 1 44 34 10 41 3 19 5 31 33 31 40 1
split_gain=1.54995 1.88553 2.53361 2.49751 2.65235 2.79512 2.44098 2.71099 2.14077 1.98104 1.9621 1.85967 1.69075 1.62072 1.60147 1.56906 1.56445 3.23809 2.05579 1.81037 3.26567 2.43475 1.56087 1.85264 1.56006 1.44115 1.34891 1.33528 1.28996 1.23632
threshold=0.025157436271310969 -0.0048467906552867026 0.060821218694698372 0.026601956325840583 0.36878636842451323 -0.013430767794654042 1.3677823270975658 0.031201233543374802 -0.19972905228761825 0.012460326349209684 0.02773635037209693 0.0350490476036514 0.033250191906145921 -0.19519808075248687 0.031094638697141252 -0.00051792912668605063 0.57163550342866121 0.01381908602517168 0.050986978768418199 -0.01251680415842941 0.018808810983923379 -0.0027624180048397167 15.362324488682377 0.60067021419213085 0.10174945392012293 -0.021564891877119633 -0.94085720381708071 0.0077605254174882418 -0.0049849001118457709 0.1444827457654945
decision_type=2 2 2 2 2 2 2 2 2 2 2 2 2 2 2 2 2 2 2 2 2 2 2 2 2 2 2 2 2 2
left_child=16 2 6 24 5 25 8 9 10 -8 -2 15 -9 -13 -10 -4 18 -18 19 20 -1 -22 27 -24 -3 -5 -7 -21 -19 -6
right_child=1 3 11 4 29 26 7 12 14 -11 -12 13 -14 -15 -16 -17 17 28 -20 22 21 -23 23 -25 -26 -27 -28 -29 -30 -31
leaf_value=0.00019874136344417509 0.00032496852809631323 0.0051925114454494017 -0.0088806700189816967 0.00096326565846372694 0.00045215215390486242 -0.0017629454085407248 0.00044604690876019808 -0.005490967316328579 -0.0017673778220788532 0.012057687160257633 -0.0033406735141900783 -0.0011497361340191215 0.001853294667289273 0.007237782098741632 -0.0067059107384783712 0.0018277627482998101 0.0035073090692557501 0.0002597725285618164 0.0096676154947695891 -0.00057301554675350582 0 0.0096071327522982454 0.0022839970273753505 -0.00043707158802903787 -0.0045813587643919974 -0.010254666874893707 0.0079577878483168742 -0.0029110167584443167 -0.0036539793578818573 -0.0060650951275400987
leaf_weight=499.12531270878389 831.85024417005479 175.12378996983171 12.176941704936324 27.186180405318737 1382.7343129720539 7.2784178527072063 29.967876438051462 32.340254489332438 365.04685162100941 32.330703964456916 149.47813475737348 17.628382096998394 110.24679184518754 87.680553637444973 77.234407212585211 31.451673492789268 74.857271002139896 76.469656737055629 13.896895247511564 617.18347291462123 33.357639206573367 60.48956698551774 261.70569910528138 1440.1263573355973 8.9367482475936395 8.4271149914711696 99.880431964993477 380.93855606485158 374.972452217713 21.242120697628707
leaf_count=16349 20971 4532 202 435 31507 93 871 882 10267 564 2960 188 2159 1050 1403 511 1915 1848 188 18827 873 1246 5376 42183 132 148 1292 9631 10364 292
internal_value=0 0.000455304 -0.000216806 0.00116144 0.000737613 0.00457653 -0.000578703 0.0024026 -0.00103568 0.00736597 -0.000217079 0.0034356 0 0.0055733 -0.00276218 -0.00114989 -0.000416765 -0.00193331 -0.000163786 -0.000228967 0.0012498 0.00624352 -0.000566539 0 0.00445067 -0.00188822 0.0069809 -0.00150529 -0.00292972 0.000311081
internal_weight=7341.36 3508.24 1777.43 1730.81 1546.75 142.772 1628.5 204.886 1423.61 62.2986 981.328 148.938 142.587 105.309 442.281 43.6286 3833.12 526.299 3306.82 3292.93 592.973 93.8472 2699.95 1701.83 184.061 35.6133 107.159 998.122 451.442 1403.98
internal_count=189259 80459 42028 38431 33767 1968 40077 4476 35601 1435 23931 1951 3041 1238 11670 713 108800 14127 94673 94485 18468 2119 76017 47559 4664 583 1385 28458 12212 31799
is_linear=0
shrinkage=0.03


Tree=182
num_leaves=31
num_cat=0
split_feature=8 5 6 41 8 39 25 39 6 32 40 29 42 44 19 34 4 19 34 45 34 0 3 11 39 5 4 1 36 6
split_gain=1.73672 1.6633 1.57086 1.48154 1.33932 1.31926 1.31434 1.29246 1.42594 2.20932 2.00827 1.743 1.54922 1.73639 1.37963 1.27814 1.78062 1.26161 1.24764 2.98551 2.35262 2.19541 2.02571 1.71453 1.50751 1.08045 1.76372 1.55224 1.24194 1.61938
threshold=-0.02256631097260715 -0.024745261063090659 -0.090295962953115635 0.033060304729366587 -0.36425825792838107 -0.050264648570450772 -0.99288104209416761 -0.0053400341714536529 0.26243853703836711 0.068915451323893831 -0.0038515203559813548 0.023472048993758356 0.081233301901293339 0.032071060435182146 0.073310281954059905 0.033067603125098745 0.41508032488332353 1.1289958664299085 0.01351700483297018 -0.0074894625125593141 0.0032078406304938598 0.0097814397147061218 17.07949205328374 -0.30292360221937681 0.0035807229336579705 -0.062011904489249918 0.31684433915280513 0.031372532632947092 0.017872123368879674 -0.070501766612464975
decision_type=2 2 2 2 2 2 2 2 2 2 2 2 2 2 2 2 2 2 2 2 2 2 2 2 2 2 2 2 2 2
left_child=2 3 4 -2 5 -1 -7 8 12 10 -10 -11 13 -3 -14 16 -5 -8 20 24 23 -22 -21 -9 -20 26 28 -27 29 -4
right_child=1 7 25 15 -6 6 17 18 9 11 -12 -13 14 -15 -16 -17 -18 -19 19 22 21 -23 -24 -25 -26 27 -28 -29 -30 -31
leaf_value=0.0044337224286659597 0.0013560470960433002 -0.00099371582166324921 -0.0005608257262442629 0.012427069498327663 0.0017707183369141755 -0.0073840941298329013 -0.0022109074560584486 -0.0018947627763729715 -0.002926672228594213 0.0041505667945226565 0.0099421647017661503 -0.0059915793070799009 0.0046245584636080425 0.0025004163703239032 -0.0059533790669427022 -0.0015974527689663388 -0.0021772195996997445 0.0022858133536340858 0.0013663792453063048 0.00050334284805850791 -2.54820401051288e-05 -0.0037555801280096742 0.0030481325068199513 0.000937798356476321 -0.0059855785713589646 -0.00077276248350948459 -0.0049156090995102382 -0.0031028523959984637 -0.0042487845212862661 0.0064812429643154243
leaf_weight=29.050731275696307 167.25139562645927 1081.4758946909569 35.048018367961049 30.473597144708037 330.57234729267657 28.432264037430286 175.64245353639126 207.32112648617476 7.6877771057188502 20.6713708313182 39.355462578125298 28.49316119030118 5.7640143493190399 136.62000143434852 80.434316837694496 4.0555090792477122 3.7237009271048001 71.800816962495446 26.798234022222459 684.3527928814292 380.63747812667862 238.5706961043179 521.69859340041876 1637.5453994264826 69.103886580094695 753.27393778390251 28.309526087250561 433.79382502473891 11.967212323565034 70.473500372841954
leaf_count=435 4745 31653 997 613 9253 736 4998 5214 69 212 394 294 66 2843 1931 55 85 1728 405 9825 7572 4475 6798 32630 869 36824 858 20563 313 1806
internal_value=0 0.000279359 -0.0007612 0.00290234 0.000428537 -0.000934825 -0.00167583 0.000166521 -0.000600962 0.00276392 0.00718357 -0.00118391 -0.000881684 -0.000568671 -0.00470232 0.00803124 0.00999659 -0.000767822 0.000460305 0.00121069 5.00196e-05 -0.00152926 0.00163695 0.000599004 -0.00366797 -0.00135036 0.000934198 -0.00165886 0.00273178 0.00395129
internal_weight=7340.4 5372.03 1968.36 205.504 635.499 304.926 275.876 5166.53 1400.5 96.2078 47.0432 49.1645 1304.29 1218.1 86.1983 38.2528 34.1973 247.443 3766.03 1301.95 2464.07 619.208 1206.05 1844.87 95.9021 1332.87 145.798 1187.07 117.489 105.522
internal_count=189259 110748 78511 5498 17150 7897 7462 105250 37462 969 463 506 36493 34496 1997 753 698 6726 67788 17897 49891 12047 16623 37844 1274 61361 3974 57387 3116 2803
is_linear=0
shrinkage=0.03


Tree=183
num_leaves=31
num_cat=0
split_feature=8 42 32 38 7 3 42 39 37 25 28 7 43 37 38 43 32 19 3 28 29 31 25 5 28 19 36 40 39 36
split_gain=1.75 1.56509 1.2258 1.72876 1.58471 2.66364 1.86681 1.04397 1.77155 0.993429 2.1703 1.34508 0.997107 1.80389 1.51408 1.37067 1.14329 0.981059 2.423 4.05401 2.66217 2.21807 1.48327 2.3793 2.72628 2.48938 2.42748 1.76072 1.6434 3.38673
threshold=0.18567298410671487 0.090909095192572453 0.022727250697089859 1.0619132476141691 0.057679410909424002 18.60166071368857 0.077956976016730503 0.00081189702544724556 0.035374155079421106 -0.85632026937109751 0.031732050136771946 0.048208220069328546 -0.29113847362731521 0.060909767124548771 0.37562736911113698 0.17269510817968484 0.072439007826493138 1.1760458133908387 18.490864691630936 0.0045163953004569999 -0.017031798566000542 0.017544298532659392 -0.69642568064123 0.061509704936628891 -0.5573674822668585 0.96667856481949654 0.040592639764995185 0.0013055598480894526 0.024649689810710928 0.0151844221194299
decision_type=2 2 2 2 2 2 2 2 2 2 2 2 2 2 2 2 2 2 2 2 2 2 2 2 2 2 2 2 2 2
left_child=1 2 7 4 6 -6 -4 8 -1 10 -3 -12 13 -11 -15 16 -14 22 -19 20 -20 -22 23 26 27 -26 -2 -25 -24 -30
right_child=17 9 3 -5 5 -7 -8 -9 -10 12 11 -13 15 14 -16 -17 -18 18 19 -21 21 -23 28 24 25 -27 -28 -29 29 -31
leaf_value=-0.0030814105643716203 0.0029706522957363589 -0.0067197205362858571 -5.7469909093320339e-05 -0.0036983345474994158 0.006085925841555772 -0.0065599219893985056 -0.0045799379695858327 -0.00021666153855968108 0.0010523631976942247 0 0.010616666184423539 -0.0013937273542642117 -0.0059475987941357018 0.014576631596502479 0 0.0032638585108991183 0.0020677329183343843 -0.0020555366201445904 -0.0033307274158281761 -0.0023974095964365482 0.0014604985957685983 0.013291950486995727 0.00084104924512568783 -0.015421450803444561 0.0052407563017193657 -0.0022376828987920499 0.013104830672633532 2.1942661136918433e-05 -0.0099432065189996536 -0.00031178562809642375
leaf_weight=485.22871200134978 208.88623764133081 29.028676630929112 2351.4355450617149 120.37289107823744 75.406580656766891 11.970496974419801 80.829157119616866 386.42852924671024 100.32947899820283 13.464165287557988 10.390103670768442 8.4785547051578742 29.241038815118372 19.119457753375176 4.6771336616948238 116.75392043450847 19.209279367700219 366.86696622520685 13.185180531814693 77.366187643259764 31.828618454746902 41.040504517965019 1980.9898558743298 11.297693775035443 67.291739004664123 79.498717178590596 22.834093119949102 5.0401650965213767 30.721407181583345 536.8033950580284
leaf_count=22289 4066 579 79474 3697 1253 298 2397 13794 3743 238 177 143 628 202 68 2068 287 7357 268 1638 664 529 33592 152 748 1269 333 65 439 6804
internal_value=0 -0.000439149 -0.000605121 -0.000254881 -7.14925e-05 0.00376742 -0.000229157 -0.00151953 -0.00231942 0.00180282 -0.00158906 0.00480153 0.00276881 0.00711385 0.0114301 0.00143236 -0.00231231 0.000488221 -0.000666306 0.00224273 0.00664643 0.00893494 0.000707177 0.00242294 -0.000186356 0.00105265 0.00435173 -0.0103625 0.000425376 -0.000967839
internal_weight=7336.01 3862.36 3612 2640.01 2519.64 87.3771 2432.26 971.987 585.558 250.362 47.8973 18.8687 202.465 37.2608 23.7966 165.204 48.4503 3473.65 530.287 163.42 86.0543 72.8691 2943.36 394.849 163.128 146.79 231.72 16.3379 2548.51 567.525
internal_count=189259 131335 126945 87119 83422 1551 81871 39826 26032 4390 899 320 3491 508 270 2983 915 57924 10456 3099 1461 1193 47468 6633 2234 2017 4399 217 40835 7243
is_linear=0
shrinkage=0.03


Tree=184
num_leaves=31
num_cat=0
split_feature=8 5 35 1 6 34 27 8 45 36 33 6 36 0 33 2 10 41 42 26 33 8 26 31 3 19 26 33 3 5
split_gain=1.81872 1.71906 1.65455 1.81162 1.43798 1.32669 1.33381 1.54269 1.72029 1.27205 1.2414 1.50438 1.66121 1.23838 1.3809 1.22964 2.10582 1.91748 2.11013 1.68262 2.19094 1.52298 1.40975 1.44233 1.3091 1.145 1.08375 1.16008 0.972594 0.960181
threshold=-0.02256631097260715 -0.044785232460816386 0.00023643999860201978 0.089058528726859987 -0.090295962953115635 -0.02091040827590767 0.052490445392737527 -0.42521734278623607 -0.00010969125636906272 -0.06728921346170659 0.11181135664868071 -0.11887354815692545 -0.0049382832685688103 0.020152281736760595 -0.1575311342965566 -0.060474482609434048 -0.020938082436537865 0.01399997881919496 0.01694905496099337 0.059780083994960757 0.53489660882113832 0.19897682216129145 0.095262188174634527 0.093829741277411435 17.239031569362229 0.73073260531243855 0.002836894421205269 1.0618441555429581 18.31411299988547 -0.062011904489249918
decision_type=2 2 2 2 2 2 2 2 2 2 2 2 2 2 2 2 2 2 2 2 2 2 2 2 2 2 2 2 2 2
left_child=4 2 -2 -4 5 6 26 8 -8 -9 13 12 -12 25 -15 19 17 18 -17 20 -3 -19 23 -18 -24 -7 27 -1 -21 -6
right_child=1 15 3 -5 29 10 7 9 -10 -11 11 -13 -14 14 -16 16 22 21 -20 28 -22 -23 24 -25 -26 -27 -28 -29 -30 -31
leaf_value=0.0073120535260498276 -0.00041540205235713923 0.010851696783752592 0.01104374583807464 0 0.00079343108814190853 0.0037981375665997689 0.0021630293171816047 -0.0044248671525685332 -0.0096345191226107248 0.0043158643234681247 -0.0085109009253967159 0.00031514816068897971 0 0 0.010029882002340876 0.003589751245108411 0.00036021465110883794 -0.0035157258000612849 -0.0047955376805352062 0.0019435359981611598 -0.0028594270640300663 0.0021576466873339593 0 -0.0031487778762894674 0.009573472604427636 -0.0013454277166857333 0 -0.0027855608526512615 -0.0079924174968175211 -0.0016369522274153714
leaf_weight=75.16088152397424 26.694251112639904 33.877825355622917 34.843360546045005 14.732099574059246 146.18254130519927 41.749312687199563 10.663627956993876 12.014613144565372 21.561801661737263 59.935212159529328 50.676759317051619 56.753746692556888 26.045416834764183 25.330027477815747 18.841848094947636 23.208961217198521 4671.1234033242799 56.319617833010852 200.64850857947022 17.339122977573428 7.7386032296344629 128.70122805610299 20.127573727630079 101.46613458450884 23.6240648413077 203.45982752135023 28.649163985159248 4.4802058832719913 7.8200187031179658 1181.904546688078
leaf_count=1665 630 440 757 214 3974 1215 164 203 390 1062 1376 2216 745 531 365 576 96184 1900 5864 224 108 2111 222 1171 226 6311 800 107 121 57387
internal_value=0 0.000285789 0.00463427 0.00769194 -0.000780132 0.000355031 0.00228916 0 -0.00515855 0.00227374 -0.000562054 -0.00293157 -0.0055727 0.000460196 0.0048479 0.000213138 0.000153449 -0.00188953 -0.00373565 0.00412981 0.00762532 0.000225749 0.000334888 0.000276116 0.00544473 -0.000291385 0.00454477 0.00625858 -0.000963093 -0.00134496
internal_weight=7331.67 5368.26 76.2697 49.5755 1963.41 635.322 212.466 104.175 32.2254 71.9498 422.857 133.476 76.7222 289.381 44.1719 5292 5225.22 408.878 223.857 66.7756 41.6164 185.021 4816.34 4772.59 43.7516 245.209 108.29 79.6411 25.1591 1328.09
internal_count=189259 110748 1601 971 78511 17150 4391 1819 554 1265 12759 4337 2121 8422 896 109147 108254 10451 6440 893 548 4011 97803 97355 448 7526 2572 1772 345 61361
is_linear=0
shrinkage=0.03


Tree=185
num_leaves=31
num_cat=0
split_feature=8 42 35 29 27 35 10 34 0 41 7 32 35 34 42 37 27 3 26 33 19 3 42 42 1 19 19 25 25 18
split_gain=1.74233 1.40196 1.37321 1.86039 1.56467 1.38759 1.42918 1.63209 1.34047 2.357 1.95465 2.35535 3.02133 1.90882 1.70789 1.56563 2.54901 2.186 2.78153 2.54394 1.89319 2.03935 2.07381 1.54357 1.47203 1.34972 1.33389 1.33231 1.27661 1.23309
threshold=0.18567298410671487 0.090909095192572453 0.0035733380288510267 0.011129678041572352 0.053892219538276269 0.0011986811029654359 -0.027362417508574221 -0.0098090008200274869 -0.0049459493698439218 -0.01853227801483141 0.014965012820510689 0.083145067123491942 0.0015517498377210397 -0.030249760879242176 0.053791272526615121 0.029662123448767723 0.033849101674586629 14.493457802506185 0.049654738198697819 0.036397850791008331 1.2972415823538854 11.984072137940343 0.015720310205652722 0.010245297831484234 0.015936267090037825 0.48234580100212493 0.8720913714562667 -0.94158684756681221 -0.54770784377360526 -0.25452237954824425
decision_type=2 2 2 2 2 2 2 2 2 2 2 2 2 2 2 2 2 2 2 2 2 2 2 2 2 2 2 2 2 2
left_child=1 29 5 4 -4 6 -3 -8 9 14 24 13 -13 -12 -2 20 23 19 -19 -18 21 -10 -23 28 -11 -25 -16 -22 -17 -1
right_child=8 2 3 -5 -6 -7 7 -9 15 10 11 12 -14 -15 26 16 17 18 -20 -21 27 22 -24 25 -26 -27 -28 -29 -30 -31
leaf_value=8.2276739751384155e-05 0 -0.0031107010981060333 0.00097370437068187413 -0.0027027448200996379 0.012469622108557345 -0.0046621661563521107 -7.7820047752031235e-05 0.0064600998065247207 -0.0060286284413109299 0.003874256615621764 -0.0050369604333877493 0.00178854200725813 -0.0089209211772328812 0.0034997224778038289 -0.013622473888079963 0.0022198490683907643 -0.00011432136460112683 -0.0016704685815054315 0.0024669191556934444 0.0079863017524472255 0 0.0030490922002669577 -0.00066763474471098901 0.0057799787197397156 -0.0053556434230063159 0.0017716177824099403 0 -0.0076164871218832456 -0.01056461625120337 -0.0010379071836195796
leaf_weight=1393.7852168846875 39.821254663169384 33.870439777616411 27.127288185991347 12.972251481842248 26.349640442989767 35.058535346761346 53.273209930863231 61.137679520063102 48.483246055431664 14.061261552385984 17.446637060493231 60.661673103459179 30.147594442591071 603.14647767227143 14.616792916785927 4.6097159273922435 67.37290314771235 675.4385620970279 177.14267119951546 54.413754811510444 26.30029534548521 159.67885349132121 747.50166011694819 99.348984632641077 48.235353622585535 510.56066164094955 12.300692842341958 53.322549795731902 10.503423724323509 2208.6030715038069
leaf_count=48763 820 551 479 263 295 714 981 1107 871 230 410 736 395 9846 311 53 1026 10476 2274 692 591 2727 13986 1150 1005 8559 290 1323 153 78182
internal_value=0 -0.000439117 0.00168246 0.00522926 0.00773298 0.00013299 0.00157754 0.00328882 0.000486695 0.00152989 0.00202634 0.00249744 -0.00173376 0.00317344 -0.00354732 0.000140291 0.000737325 -0.000195123 -0.000766481 0.0034406 -0.000752325 -0.00033592 0 0.00222858 -0.00269347 0.00251502 -0.00874309 -0.00508052 -0.00559115 -0.000596672
internal_weight=7327.29 3852.18 249.789 66.4492 53.4769 183.34 148.281 114.411 3475.12 840.438 773.699 711.402 90.8093 620.593 66.7387 2634.68 1599.39 974.368 852.581 121.787 1035.29 955.664 907.181 625.023 62.2966 609.91 26.9175 79.6228 15.1131 3602.39
internal_count=189259 131335 4390 1037 774 3353 2639 2088 57924 14043 12622 11387 1131 10256 1421 43881 24383 14468 12750 1718 19498 17584 16713 9915 1235 9709 601 1914 206 126945
is_linear=0
shrinkage=0.03


Tree=186
num_leaves=31
num_cat=0
split_feature=8 0 34 45 2 41 26 26 26 0 40 1 40 31 27 10 36 27 3 27 18 18 11 41 42 41 5 25 0 10
split_gain=1.79392 1.47437 1.64773 1.65961 1.33861 4.03412 2.17605 2.13612 1.7083 1.98106 2.96125 1.97682 1.49459 1.39854 1.39817 1.36648 1.31938 1.25841 1.22425 1.18227 1.15619 1.14134 1.45954 2.34639 1.9463 1.14123 1.77816 1.07621 2.4121 2.69086
threshold=0.18567298410671487 -0.050398086774886573 0.043271012925186127 0.0011348854623757559 0.01880787515380121 0.022189674251609007 -0.037302560716751407 -0.09062767743538587 -0.037302560716751407 -0.010443915676865362 0.0028041559956284326 0.037575454799929874 0.00080751642110836127 -0.00088672058716286566 0.038961080250428513 -0.00033985017762042878 -0.056414365907842247 0.12527118518743088 17.783179695347577 0.047506617745531728 0.24185614110017398 -1.0397427300614086 -0.36275684931506841 -0.0067686836958261876 0.11549890921458743 0.010000216877259984 0.0059709271379074788 -0.69235999681429938 0.09496179512506682 0.09486297316169498
decision_type=2 2 2 2 2 2 2 2 2 2 2 2 2 2 2 2 2 2 2 2 2 2 2 2 2 2 2 2 2 2
left_child=4 2 3 -2 8 6 7 19 9 10 13 15 -7 -1 18 -11 -16 -12 -8 -6 -13 25 23 -23 -24 26 -10 -3 -29 -30
right_child=1 27 -4 -5 5 12 14 -9 21 11 17 20 -14 -15 16 -17 -18 -19 -20 -21 -22 22 24 -25 -26 -27 -28 28 29 -31
leaf_value=0.0032961681840851507 0.013350708061906382 0.0014661781243728899 0 0 -0.0066323678817090401 0.0096317341695895346 0.00021569934685360109 -0.0078355325153641048 0 -0.0018484586927020102 0.011538318251955009 -0.0077870065712964572 0.0012037146148216895 -0.0024768998019393386 -0.0037534302294427247 0.0054455985208968572 0.003649734798449131 0 -0.004590181069939317 0.0063717780804303766 0 0 -0.00098868429136532454 -0.0050648245941091212 0.0060350477551181746 -0.0018467627028642322 0.0049039049411460089 -2.8765419113263815e-05 0.0092583954302708528 -0.00097181969130732211
leaf_weight=87.223908175248653 20.882539838552475 678.20598969981074 30.061250845901668 11.170877676457165 2.5336573077365783 52.129068949259818 197.93249328108504 54.313336067833006 226.8033125018701 35.724325938150287 38.82383683975786 41.07867637090385 44.56946659181267 54.58190340641886 17.060670162551105 39.873127283994108 154.07154566748068 6.2498784586787215 54.026693647261709 16.195986504666507 21.525569627992809 143.07835028972477 2115.2704406878911 200.95211154478602 30.098991187289357 125.3364493297413 89.175791343674064 2654.8162481421605 48.609053302556276 30.772398111410439
leaf_count=1601 224 12153 281 137 59 1138 5841 1435 9271 1220 677 1143 994 1435 360 1129 3782 109 1717 288 554 5399 76543 8409 536 4750 2945 44333 507 289
internal_value=0 0.000493802 0.00493833 0.00917575 -0.000445864 0.000837781 -0.000217639 -0.00486477 -0.000689723 0.00132212 0.0033439 -0.00122359 0.00629232 0.00086105 0.000562018 0.00172566 0.00265576 0.0096901 -0.000767323 0.00232157 -0.00509294 -0.000924971 -0.00117726 -0.00301436 -0.000862389 0.000428185 0.00143874 0.000397015 0.000118669 0.00511451
internal_weight=7323.15 3474.52 62.1147 32.0534 3848.63 592.833 496.134 73.043 3255.8 325.081 186.88 138.202 96.6985 141.806 423.091 75.5975 171.132 45.0737 251.959 18.7296 62.6042 2930.72 2489.4 344.03 2145.37 441.316 315.979 3412.4 2734.2 79.3815
internal_count=189259 57924 642 361 131335 15614 13482 1782 115721 7868 3822 4046 2132 3036 11700 2349 4142 786 7558 347 1697 107853 90887 13808 77079 16966 12216 57282 45129 796
is_linear=0
shrinkage=0.03


Tree=187
num_leaves=31
num_cat=0
split_feature=6 42 0 35 37 7 37 18 10 25 42 33 29 3 41 41 18 8 29 29 41 33 8 3 0 11 26 31 31 5
split_gain=1.69473 1.58421 1.31829 1.82738 2.053 2.06483 1.63066 2.70505 2.01156 1.60034 2.11648 2.22357 1.99293 1.70903 3.83351 2.22545 2.05038 1.77237 4.14518 2.47475 1.56994 1.43649 1.36034 1.26267 1.19441 1.12249 2.53258 1.59212 2.03159 1.54997
threshold=0.056721062960899189 0.090909095192572453 -0.0025654536694125932 -0.007152800053472819 0.039402543572465636 0.017318393140780517 0.037288110122245748 0.040787705484586746 -0.0061258660846550527 -0.74471333523895467 0.090909095192572453 -0.24875163428631272 1.0000000180025095e-35 17.340229397409505 -0.010416751048920687 0.021358773204862378 -1.116131518790618 0.58830894283789559 0.004334019307626836 0.0069532440047953272 0.0048347923745513102 0.26446004678468965 0.4885150004267067 11.28628830682284 -0.04413017948502692 0.062148876404494409 -0.021154876276636297 0.049657341358692632 -0.037262102498523887 -0.072663647699430498
decision_type=2 2 2 2 2 2 2 2 2 2 2 2 2 2 2 2 2 2 2 2 2 2 2 2 2 2 2 2 2 2
left_child=1 23 3 20 6 -6 8 -8 -5 10 11 12 -4 17 16 -16 -15 18 -11 -19 -2 -13 -7 -1 -22 29 -27 28 -28 -3
right_child=2 25 9 4 5 22 7 -9 -10 13 -12 21 -14 14 15 -17 -18 19 -20 -21 24 -23 -24 -25 -26 26 27 -29 -30 -31
leaf_value=-0.002926673052412176 0.0013785948708287051 0.0037062899823642938 0.010123288633206965 0.00086157627294952352 -0.0089485428091098784 0 0.014434869820585942 0 0.0054798960409814393 0.00013637007573212369 -0.0063697577609260984 -0.0010251455124979936 0.0014221867198247688 -0.0028430986325003347 -0.0019124584830029802 0.0020133628462675655 0.0067667419625899675 -0.0025027076528629393 -0.0036369949161075051 0.0041862506954973532 0.0027085658404761336 0.0033024277193649323 0.0041858077343510398 -0.00042524204213201483 -0.0082784848790911445 -0.001744796808894257 0 -0.0034776477784324166 0.012121763444202179 -0.0026288226982239338
leaf_weight=192.47498232964426 32.069077778607607 57.62066298071295 50.955517857335508 272.81885222438723 15.035301394760607 399.3079185266979 24.159719100221992 15.540126012638209 135.31151343230158 602.4938683337532 19.993478174321353 150.32793422043324 61.015116024762392 16.116222153417766 297.97813995368779 220.09889727737755 119.55078549869359 71.151136165484786 439.40809695888311 123.91717589367181 3.9395399922505012 111.84750618366525 83.418078056536615 3604.0707730646245 38.711337035521865 28.767792514525354 10.351970788091419 3.6017812807112923 44.348287174478173 72.384364618454129
leaf_count=7125 512 670 855 5219 213 7062 340 293 1965 10190 315 3005 1098 298 5192 3097 1971 833 7404 1239 50 1816 831 123938 570 442 176 55 712 1773
internal_value=0 -0.00041404 0.000502654 0.00139852 0.00177833 0.000375452 0.00325 0.00902562 0.00251314 8.73216e-05 0.00182338 0.00241856 0.00590182 -0.000262608 0.000951113 -0.000183964 0.00535141 -0.000929467 -0.00143611 0.00159493 -0.00284179 0.000736021 0.000816134 -0.000563632 -0.00645634 0.00202096 0.00456333 0.0080418 0.00953055 0
internal_weight=7318.79 4013.62 3305.17 1020.31 945.592 497.761 447.83 39.6998 408.13 2284.85 394.14 374.146 111.971 1890.71 653.744 518.077 135.667 1236.97 1041.9 195.068 74.72 262.175 482.726 3796.55 42.6509 217.075 87.0698 58.302 54.7003 130.005
internal_count=189259 134891 54368 17055 15923 8106 7817 633 7184 37313 7089 6774 1953 30224 10558 8289 2269 19666 17594 2072 1132 4821 7893 131063 620 3828 1385 943 888 2443
is_linear=0
shrinkage=0.03


Tree=188
num_leaves=31
num_cat=0
split_feature=8 32 11 19 27 25 11 32 35 45 4 44 35 34 19 31 42 5 8 5 31 28 39 42 43 0 2 25 26 19
split_gain=1.71963 1.45983 2.07986 2.92564 4.03623 2.35566 2.73947 2.45591 2.23013 2.11949 2.0126 2.00943 1.78742 1.48265 1.45443 1.3992 1.29648 1.96048 2.02818 1.72134 1.40808 1.38078 2.26017 1.2719 1.25806 1.25016 1.78121 1.20339 1.16409 2.18097
threshold=0.37861418174568545 0.03799144180687853 0.39209979209979218 1.4813653802222644 0.039215485080977198 -0.47512457066808783 0.46992311171415657 0.042301448128134973 0.0019476033710275232 -0.00012636959433654321 0.55862926976089178 -0.0059546320462278623 0.0009406990303126656 -0.037214838118329312 1.0263452322960016 0.046094611175092365 0.036156192854354736 0.079096261397260018 0.30204762790883216 -0.072663647699430498 -0.0011001020431409723 -0.2336934105818109 0.0087967339282616543 0.028551580912740283 0.41544150596492818 0.012065130970929726 1.0000000180025095e-35 -0.66526412275721236 0.010515364014138686 0.27446056681029329
decision_type=2 2 2 2 2 2 2 2 2 2 2 2 2 2 2 2 2 2 2 2 2 2 2 2 2 2 2 2 2 2
left_child=1 16 3 12 8 7 13 27 -5 -6 -8 -9 15 -7 -14 -3 20 18 19 -18 21 23 -23 -1 -20 26 -22 -4 29 -2
right_child=28 2 5 4 9 6 10 11 -10 -11 -12 -13 14 -15 -16 -17 17 -19 24 -21 25 22 -24 -25 -26 -27 -28 -29 -30 -31
leaf_value=-0.00078924634537667828 -0.0026778067999235328 -7.5427860062872925e-05 0.011211927883166856 0.013941142101369652 0.0049574424464971121 -0.00022291794038758534 0.0039003275954820464 -0.0051347584064476304 0.00030820911162661126 -0.0037500817631215015 -0.0069325102520719451 0.0012995351579426573 -0.00039387881961276927 0.0092151176603322092 -0.0031276985319740485 0.0028287418717515009 0.0045476657379755706 -0.0062560429467071153 0.0066497015343214057 -0.00036344901100182858 -0.0020416441510330797 -0.00058273502379576107 0.0030027692403003002 -0.0060480670959069107 0 -0.0034862446098890476 0.00073230106984383675 0 2.5447185350342312e-05 0.0021394882750900438
leaf_weight=208.41578488796949 85.421111010015011 836.13629095256329 18.711093078367416 36.022929592058063 38.541521118953824 10.308409101329742 35.383568993769586 69.332057123072445 21.326076385565102 54.549481725785881 19.906667564064264 90.720181277021766 488.16377216018736 89.346850616391748 299.60962037462741 172.3180539291352 64.523621237836778 35.272754839621484 66.95360029861331 838.11837036022916 639.76154503086582 539.85294110327959 214.18077185703442 54.418809152208269 33.827895860187709 298.90122024621814 285.17851937608793 13.184783299453555 889.24896816257387 768.359574300237
leaf_count=7161 822 24008 354 670 689 213 419 1352 431 1076 286 1637 12338 1505 8583 3087 1182 632 1320 27754 24943 21613 5731 1903 682 9097 8066 267 11867 9571
internal_value=0 -0.000257302 0.000314063 -5.44521e-05 0.00387648 0.0024387 0.00513205 3.71478e-05 0.00978396 0 0 -0.00137705 -0.000410182 0.00798818 -0.00148463 0.000402724 -0.000665908 0.000185303 0.000471378 0 -0.00107339 -0.000212515 0.000409263 -0.00208265 0.00440161 -0.00176048 -0.00115478 0.00717158 0.00082105 0.0016098
internal_weight=7316 5572.97 2293.56 1946.67 150.44 346.894 154.945 191.948 57.349 93.091 55.2902 160.052 1796.23 99.6553 787.773 1008.45 3279.41 1038.7 1003.42 902.642 2240.71 1016.87 754.034 262.835 100.781 1223.84 924.94 31.8959 1743.03 853.781
internal_count=189259 166999 56915 50882 2866 6033 2423 3610 1101 1765 705 2989 48016 1718 20921 27095 110084 31570 30938 28936 78514 36408 27344 9064 2002 42106 33009 621 22260 10393
is_linear=0
shrinkage=0.03


Tree=189
num_leaves=31
num_cat=0
split_feature=5 5 8 8 31 33 5 35 36 35 31 10 41 39 3 3 39 44 3 42 31 33 37 32 43 3 6 18 10 36
split_gain=1.64421 1.7461 2.04759 1.77854 2.10223 1.72799 2.25431 1.55682 1.4761 1.46801 1.50821 1.43529 2.41543 1.42773 1.39584 1.69055 1.30401 1.69264 1.63263 2.68034 2.15773 2.02092 2.4329 2.34225 1.48309 1.29331 1.27856 1.18777 1.17151 1.16946
threshold=0.009343891111389448 -0.046912520133223549 0.28539621805134924 -0.065846209201136 0.017889556357259206 0.72308552713133534 0.00174680199418098 -0.0086984685961535597 0.0054644931501991014 0.0075552135489054132 -0.1048846476832669 -0.017900668004071293 0.067911349879143088 -0.050264648570450772 17.239031569362229 13.965292135663779 0.0078635587880573812 0.095242867933740663 17.139354951657086 0.011841832434038991 0.0063114400797023131 -0.013876325508232588 0.028263033037235371 0.051562517497222973 1.168234036868512 14.795702045146163 0.16467666026788033 -0.21903618020397583 -0.03727669808309457 0.0010758530156049567
decision_type=2 2 2 2 2 2 2 2 2 2 2 2 2 2 2 2 2 2 2 2 2 2 2 2 2 2 2 2 2 2
left_child=1 3 11 9 7 6 -4 -5 -8 10 -1 12 -3 -12 15 -13 24 18 19 26 -21 23 -23 -20 -2 -11 -18 -26 -27 -16
right_child=16 2 5 4 -6 -7 8 -9 -10 25 13 14 -14 -15 29 -17 17 -19 21 20 -22 22 -24 -25 27 28 -28 -29 -30 -31
leaf_value=-0.0080815367334787606 -0.00029450476834395217 -0.0039087607780273091 0.005421097362296427 -0.0053109033911000712 -0.0044941115387712015 0.011306925788952095 -0.0063280854041858903 0.0072350888035280832 0.0018553561992755156 -0.0018339650756421999 0.0045267447453522193 -0.0022164058790945765 0.0072857574744419531 -0.00065788355686495297 -0.0036820208618067937 0.00015500695604512836 -0.0080190576848871865 -0.0060421129975275724 0.0019419285963350255 0.0020001612921513507 -0.00054400098110212976 0.0083494905386684581 0.0022230190828638149 -0.0031362595239041438 0.0072435634328000993 -0.001101099405695923 0.0025817483026482507 0.00024017081410050901 0.0069946284958012908 -0.0003190146701837973
leaf_weight=17.699893801938742 2118.5911661302671 268.1032128976658 52.549721946008503 3.5003300337120882 13.241873472928999 13.449285365641115 36.345055148936808 83.934300703462213 26.837150756269693 21.137039301916957 47.550856051966548 343.06537443073466 12.24311674479395 490.07777702528983 249.43303032871336 1132.5709983343259 43.591245478019118 24.683756666257977 313.72661317000166 560.79712341912091 607.83347695833072 80.79671257827431 282.31627904251218 102.44320383667946 37.715019477065653 11.672644722275434 5.5067438799887887 65.189708546735346 62.514572211541235 181.59737060591578
leaf_count=339 48925 12707 944 88 300 187 682 1813 421 534 821 13298 313 14682 10289 42016 725 261 5214 9292 8880 1181 3753 1478 688 206 55 1208 1413 6546
internal_value=0 -0.000528661 -0.000941465 0.000702075 0.0043181 0.00259367 0.000906279 0.00614816 -0.00253095 6.81419e-05 -0.000484125 -0.0011694 -0.00319565 -0.000106554 -0.000848201 -0.000381676 0.000382356 0.000934262 0.00105035 0.000331859 0.000654638 0.00212556 0.00376262 0.000598273 -0.000107407 0.00344829 -0.00614681 0.00330168 0.0053529 -0.00235386
internal_weight=7310.71 3067.52 2316.19 751.329 100.677 129.181 115.732 87.4346 63.1822 650.653 555.329 2187.01 280.346 537.629 1906.67 1475.64 4243.19 2021.7 1997.01 1217.73 1168.63 779.283 363.113 416.17 2221.5 95.3243 49.098 102.905 74.1872 431.03
internal_count=189259 107599 87403 20196 2201 2234 2047 1901 1103 17995 15842 85169 13020 15503 72149 55314 81660 30839 30578 18952 18172 11626 4934 6692 50821 2153 780 1896 1619 16835
is_linear=0
shrinkage=0.03


Tree=190
num_leaves=31
num_cat=0
split_feature=8 26 8 27 3 6 42 8 34 6 31 26 31 29 31 27 10 41 18 40 2 25 29 33 11 27 35 39 11 42
split_gain=1.56371 1.4972 2.77485 1.81431 3.1987 3.08134 2.59575 1.79432 2.4618 3.0845 2.24373 3.66522 2.94919 2.88064 2.12216 4.60386 2.01603 1.94851 1.90739 3.12729 2.15296 1.7664 1.71634 2.77261 2.37331 1.83823 1.82288 1.69969 1.57574 1.44792
threshold=0.40096575844821764 0.010515364014138686 0.47075309541247651 0.028144320509439078 15.582991678782689 0.14456451750798152 0.026185158962494754 0.530310180273313 -0.0055000176581231361 0.31670942536295615 -0.002364105155124033 0.030161997416206999 0.0032645968483940454 0.019292023808314525 0.022188741519966668 0.062500598342775368 0.011971196559492326 -0.0057700184044432688 -0.65201420414086664 0.00064987591438746468 -1.0000000180025095e-35 -0.22737545271762169 0.0090323113142375625 0.42337160527903445 -0.072231139646869988 0.026655248364624028 -0.0025210172035528724 0.013516099962713983 0.0076340326340326179 0.037037001801421623
decision_type=2 2 2 2 2 2 2 2 2 2 2 2 2 2 2 2 2 2 2 2 2 2 2 2 2 2 2 2 2 2
left_child=29 2 3 4 6 -5 -2 10 9 17 18 13 -13 -12 15 -10 -16 -9 19 -3 -20 -6 23 24 -4 28 -25 -27 -24 -1
right_child=1 7 22 5 21 -7 -8 8 14 -11 11 12 -14 -15 16 -17 -18 -19 20 -21 -22 -23 25 26 -26 27 -28 -29 -30 -31
leaf_value=-0.00063133045677835346 -0.0054016319648962901 -0.0072633043350555761 0.0060106168277911133 -0.0029100281730667444 0.011666407851263929 0.0050401762480854059 0.0062903835755137669 -0.0081080236953593662 0.00065755768140851253 0.01292130887071547 -0.00029320380614898726 0.012699936486804739 0.0010323349281649177 -0.0097349420750750034 0.0053571217355714096 -0.011095526037174933 -0.00041238727009470328 0.0037630444904609328 0 0.010632899739608584 -0.010525455829678017 0.00059290284483615077 0 0.0014691509795307606 -0.00059105004847922723 0.0055586913392131039 -0.0079313790614695418 -0.0056135684752625448 0.013505547239100274 0.00032911122315686098
leaf_weight=3368.8829659526236 28.536085583269596 11.544279946014287 55.708393330685794 71.481049858033657 73.686348157003522 91.467910215258598 29.320507625117898 10.061769871041177 86.460870015434921 28.873030100017786 101.72015465144068 20.358409867621958 124.63682152889669 40.459886751137674 84.75559121184051 37.497268899343908 115.8620292628184 53.837714334018528 32.050921223126352 12.586637674830852 53.749962468631566 23.257526600733399 6.2288899924606111 17.187510753050447 225.56100009661168 20.245065534487367 59.995266984216869 18.790086772292852 19.601532882079482 2382.0141550572589
leaf_count=108310 350 177 580 927 870 1126 297 137 1089 234 1608 262 1710 591 863 472 1152 707 466 155 950 256 50 172 2789 222 718 195 167 61657
internal_value=0 0.000842309 0.00181383 0.00391367 0.00625455 0.00139122 7.54028e-05 -1.07383e-05 0.0013178 0.00549205 -0.00148063 0 0.0032393 -0.00342329 0 -0.00295746 0.00195017 0.00100564 -0.00502394 0.00126432 -0.0070951 0.00946345 0.000140334 -0.000617092 0.000693828 0.00449994 -0.00551095 0 0.00997744 -0.000228364
internal_weight=7306.42 1555.52 741.067 317.749 154.8 162.949 57.8566 814.455 417.348 92.7725 397.107 287.175 144.995 142.18 324.576 123.958 200.618 63.8995 109.932 24.1309 85.8009 96.9439 423.318 358.452 281.269 64.8656 77.1828 39.0352 25.8304 5750.9
internal_count=189259 19292 8719 3826 1773 2053 647 10573 4654 1078 5919 4171 1972 2199 3576 1561 2015 844 1748 332 1416 1126 4893 4259 3369 634 890 417 217 169967
is_linear=0
shrinkage=0.03


Tree=191
num_leaves=31
num_cat=0
split_feature=8 33 37 6 26 31 29 1 40 41 32 5 34 32 31 45 36 38 18 19 28 42 19 42 26 33 19 32 18 34
split_gain=1.72506 1.46516 2.67398 2.25882 1.91276 2.67437 2.60752 1.82328 1.62776 2.90927 2.88011 2.61951 2.39971 1.84943 3.76491 3.14687 1.78771 2.37745 1.62309 1.53765 1.47297 1.26709 1.72546 1.93079 1.48269 2.52321 1.437 1.93755 1.62005 1.3191
threshold=0.40096575844821764 -0.66576777202887871 0.04256700289224763 0.099602254655702951 0.0126184519376414 -0.011399116243347478 0.054153378993100916 0.018633483039139104 -0.00030168631091931 -0.019257828562637667 0.019531239660383892 0.016496587194607452 -0.011503390565870394 0.076597228715913221 0.093829741277411435 0.0023843875816408062 -0.0053669911303992892 -0.27000321231733609 0.079166405834546968 0.46257380140113186 0.67039061585123971 0.036363953485768971 0.36878636842451323 0.045267476064713284 -0.0086207203259846838 0.06828659205510236 1.721626831062079 0.027669009926100791 -0.79842938567997335 -0.02091040827590767
decision_type=2 2 2 2 2 2 2 2 2 2 2 2 2 2 2 2 2 2 2 2 2 2 2 2 2 2 2 2 2 2
left_child=21 2 3 -2 5 -4 20 -7 9 16 12 -10 -11 14 -13 -15 -3 -18 -5 -12 -6 26 23 -23 29 -26 -1 -28 -29 -25
right_child=1 8 4 18 6 7 -8 -9 11 10 19 13 -14 15 -16 -17 17 -19 -20 -21 -22 22 -24 24 25 -27 27 28 -30 -31
leaf_value=-0.00070976705094221999 0 0.0016134522105652116 -0.0062491599235964673 0.015427532742977078 -0.0017848520600690127 -0.0030261604119655038 0.0036627173145296144 0.010385440169672593 0.0084893513286559384 0.0042493997116435289 -0.0028789507011134658 0.00058687064736319525 -0.00943873698745302 0.0061888006985074788 -0.012283277171216427 -0.0031354573557070388 0 -0.017600950934999804 0.0004971040729987589 0.0016904395379216282 -0.01624077829730166 0.0076460892073852687 2.4245605476068303e-05 -0.0010300024395130379 0.0019052283912537901 -0.0087107986546561909 -0.0025582563510062142 -0.00047114090464635473 0.01214424408602926 0.0070488289532792984
leaf_weight=3254.1048428164795 27.099403711035848 4.8426760807633427 9.8531193453818542 28.834698270075023 23.920183598063886 5.2760423570871344 20.120052234269679 35.837323981337249 39.164879407733679 8.515340590849517 75.624735845252872 701.79320154152811 43.551248138770461 118.6648225300014 15.992208124138413 35.970606240443885 7.0789606608450475 16.589785392396148 13.941409499384461 312.67009230703115 9.9169803345575911 53.052873776759952 2266.8101518033072 18.670716603286564 45.880422770045698 26.006757346913218 14.708833494223652 6.7869411502033499 22.237311591394246 41.32146265450865
leaf_count=105408 263 63 127 257 274 47 188 342 398 101 775 9421 612 1189 181 384 83 266 157 4032 132 1028 60282 311 857 524 397 140 374 646
internal_value=0 0.000884769 0.0034644 0.00780726 7.57175e-05 0.0042918 -0.00342408 0.00787226 0.000525149 -0.000867697 -0.000148066 0.00127511 -0.0064982 0.000870527 0.00017563 0.00380163 -0.0094068 -0.0125962 0.0117507 0.000698935 -0.00833948 -0.00023989 0.000267808 0.0030161 0.000723092 -0.00186188 -0.00062625 0.00440774 0.00867685 0.00418714
internal_weight=7304.84 1555.26 174.799 69.8755 104.924 50.9665 53.9572 41.1134 1380.46 468.873 440.361 911.586 52.0666 872.421 717.785 154.635 28.5114 23.6687 42.7761 388.295 33.8372 5749.58 2451.74 184.932 131.879 71.8872 3297.84 43.7331 29.0243 59.9922
internal_count=189259 19292 1787 677 1110 516 594 389 17505 5932 5520 11573 713 11175 9602 1573 412 349 414 4807 406 169967 63648 3366 2338 1381 106319 911 514 957
is_linear=0
shrinkage=0.03


Tree=192
num_leaves=31
num_cat=0
split_feature=0 8 42 7 35 42 32 0 34 45 29 32 4 0 40 0 2 19 34 34 35 5 36 25 35 0 35 35 32 26
split_gain=1.96319 1.52478 1.84489 2.85107 2.67853 2.95379 2.01217 2.57359 2.09577 1.84305 3.64308 1.9252 1.77729 1.94712 1.75153 1.58331 1.69721 3.36136 2.39976 1.60174 3.01359 1.79036 1.54331 1.33768 1.76288 1.28266 1.62985 1.66836 1.74434 1.36527
threshold=0.030862114575511287 0.37861418174568545 0.058823482689067237 0.025604073115064341 0.0043593383191820661 0.096534416008038845 0.033436344082676171 0.010775698085903505 0.0092960676547570228 0.002687882560392527 0.032047844134555852 0.05245896677469792 0.48074246343034593 0.0097814397147061218 -0.0031034989587885131 0.010515364014138686 0.0058609671230160981 0.89713518268381132 0.01880585222604025 0.034191526096544467 0.0014503830025475466 -0.046912520133223549 -1.0000000180025095e-35 -1.0863638302053638 -0.0016450721620904524 0.038399156180143973 0.0087907803282750007 -0.020087167181932798 0.10032167111396935 0.019383335149519346
decision_type=2 2 2 2 2 2 2 2 2 2 2 2 2 2 2 2 2 2 2 2 2 2 2 2 2 2 2 2 2 2
left_child=1 15 3 6 9 14 7 -3 -8 11 -11 -4 13 -5 -6 16 19 18 -18 21 -21 -1 -19 24 -2 29 27 -27 -29 -25
right_child=23 2 4 12 5 -7 8 -9 -10 10 -12 -13 -14 -15 -16 -17 17 22 -20 20 -22 -23 -24 25 -26 26 -28 28 -30 -31
leaf_value=0.00084535929281904642 0.0054372226480121936 0.0030257581073785083 0.0050968142149829419 0.0022334926367159266 0 0.0050745496045264335 -0.0058206343613903446 -0.0016264114034078227 0 -0.011220225899618363 0.0048254638158032074 -0.0014962982018793115 -0.0032306246170758285 0.0078146193648057777 -0.01621990400939799 -0.0014962239530845844 0.0054760603239803491 -0.0038368323463089386 -0.0030606516239555454 0.0037264485474752785 -0.0021148394088585623 -0.00096437632626327331 0.0011231748202129659 0.0014408649861638926 -0.0066920694442511213 -0.0079501489039592761 -0.0033616648738086785 0.00082783954116958606 0.0061814465020397667 0.0058558115462967065
leaf_weight=589.31496725557372 7.770803381688892 300.09097203519195 68.784583055414259 189.18421940226108 10.626035593450068 6.0482528153806916 78.391886929050088 151.74536554887891 172.36869635153562 27.853707641363144 14.017596228048204 72.965867226012051 22.597281195223331 98.149342708289623 21.606923015788198 1038.7651283922605 187.58826290024444 93.185370004270226 26.915762569755316 210.1112776841037 115.04885672498494 2525.5087698544376 115.64423743356019 239.53854587953538 36.04078166000545 12.009785193018613 74.599914832040668 636.69401282630861 58.624353130348027 100.77681774552912
leaf_count=16393 107 3478 853 2272 125 61 1300 2379 2195 352 157 876 320 1216 277 30783 4475 2947 503 3769 2137 89098 2825 4652 745 211 1321 11301 689 1442
internal_value=0 -0.000214644 0.000716441 0.00127636 -0.00167806 -0.00839406 0.000166918 0.001397 -0.0019162 0 -0.0052667 0.00156324 0.00365358 0.00434361 -0.0120691 -0.000455712 -0.000166613 0.00160091 0.00422289 -0.000394845 0.00156808 -0.000611558 -0.000987778 0.00112568 -0.00358952 0.00135148 0.000624824 0.00110803 0.00136297 0.00290099
internal_weight=7302.57 6136.51 1234.43 1012.53 221.903 38.2812 702.597 451.836 250.761 183.622 41.8713 141.75 309.931 287.334 32.233 4902.08 3863.32 423.334 214.504 3439.98 325.16 3114.82 208.83 1166.06 43.8116 1122.24 781.928 707.328 695.318 340.315
internal_count=189259 168791 15861 13160 2701 463 9352 5857 3495 2238 509 1729 3808 3488 402 152930 122147 10750 4978 111397 5906 105491 5772 20468 852 19616 13522 12201 11990 6094
is_linear=0
shrinkage=0.03


Tree=193
num_leaves=31
num_cat=0
split_feature=0 8 31 34 43 3 32 32 36 5 6 6 6 4 3 19 35 32 27 35 35 19 0 43 32 32 19 5 6 5
split_gain=1.78405 1.50358 1.80667 1.83514 2.52893 3.31865 2.43139 2.57988 2.21277 2.04326 1.33592 1.29478 1.54114 1.36023 1.75719 1.19431 1.37814 1.79732 2.16814 1.70387 1.80643 1.18572 2.36213 1.51516 1.35572 1.17699 1.88897 1.57817 1.15473 2.01393
threshold=0.030862114575511287 0.39524598731523358 0.095262188174634527 0.054160581758386991 0.30345860836131783 15.807428978098367 0.053394246507015748 0.055345775119059894 0.011274076767166743 0.089928463366024128 0.20211402947898097 -0.12244669099768295 -0.021576103331597925 0.58369088441936434 15.277179169407312 1.5641394446426153 0.0011608189068912065 0.032727265791459521 0.038721852623573964 0.0075552135489054132 0.013117786259907168 1.0538961013276713 -0.012916810871853977 -0.78160672201758341 0.083145067123491942 0.019379862256192138 0.30976678274991143 0.033529846022611894 0.017462115809974924 0.0097222475221772093
decision_type=2 2 2 2 2 2 2 2 2 2 2 2 2 2 2 2 2 2 2 2 2 2 2 2 2 2 2 2 2 2
left_child=1 15 3 6 5 -5 9 -8 -6 -3 -4 13 -13 14 -2 21 17 -17 -19 -18 -21 25 23 -23 -24 27 -27 -1 -14 -30
right_child=11 2 10 4 8 -7 7 -9 -10 -11 -12 12 28 -15 -16 16 19 18 -20 20 -22 22 24 -25 -26 26 -28 -29 29 -31
leaf_value=-0.00082595548706671342 -0.0026234132417935004 0.00067975753798299682 0.00026658066026615234 -0.0028950740928543749 0.0050161171117249952 0.010534940045079762 -0.012855892799678246 -0.0010561427483835018 -0.008902458118581898 0.0055539745903364817 -0.0130033789331326 -0.0027780721797709932 0.0041997338702292166 -0.0017868870235188345 0.010846923362980904 -0.00031644082059573386 -0.0042781612957788172 0.012231021228802267 0.00084756436551021192 0.009790116756894205 -0.002404189960470344 0.0062565277788953419 -0.0017930423151612566 -1.9258107930358658e-06 -0.0073848894719185099 0.0027421441442369325 -0.00015725584980453194 -0.00625865462375025 -0.0053989900204130447 0.0011191663984580398
leaf_weight=629.87856514984742 4.9142747409641734 716.40996170975268 4.8636703658848992 15.416278339922426 13.23088580556214 61.444826487451792 14.748247806914149 180.88897972740233 15.873369645327328 86.09801260009408 9.720616268925367 88.598849309142679 101.84188598301262 8.5661333575844747 32.761232785880566 41.522222609259188 51.354641840793192 30.905651706270874 38.224132767878473 16.736319204792384 12.971564283594487 31.882231945171952 942.03900526463985 461.87233788333833 40.794067941606045 214.7739087943919 2447.0286250128411 50.485902039334178 38.623934381641448 893.05290788970888
leaf_count=23140 73 9458 49 148 119 548 216 2311 162 944 115 2987 2400 119 362 1114 1181 531 727 309 260 877 31533 15480 1082 4742 72448 1297 865 13662
internal_value=0 -0.000205011 0.000777662 0.000958104 0.00465469 0.00746246 0.000514515 -0.00239341 -0.00188762 0.001271 -0.00810794 0.00107177 0.000823542 0.00584179 0.00828541 -0.000430952 0.00182791 0.00398676 0.00682314 -0.000830794 0.00402197 -0.000528842 -0.00123949 0.000400709 -0.00209171 -0.000204529 7.01424e-05 -0.00131558 0.00117307 0.000789542
internal_weight=7297.52 6129.16 1118.69 1104.11 105.965 76.8611 998.145 195.637 29.1043 802.508 14.5843 1168.36 1122.12 46.2416 37.6755 5010.47 191.715 110.652 69.1298 81.0625 29.7079 4818.75 1476.59 493.755 982.833 3342.17 2661.8 680.364 1033.52 931.677
internal_count=189259 168791 14070 13906 977 696 12929 2527 281 10402 164 20468 19914 554 435 154721 4122 2372 1258 1750 569 150599 48972 16357 32615 101627 77190 24437 16927 14527
is_linear=0
shrinkage=0.03


Tree=194
num_leaves=31
num_cat=0
split_feature=8 26 8 45 42 41 42 43 26 19 38 19 4 25 42 38 45 39 44 31 3 19 8 39 8 42 19 42 43 18
split_gain=1.80692 1.34698 2.81493 2.6905 2.97179 2.56898 2.2885 2.11464 2.0632 1.83934 2.31743 1.81696 2.92622 1.88329 2.46202 2.13325 1.81962 1.64371 1.6397 1.60795 1.4693 1.433 1.33588 1.27463 1.19528 1.17792 1.67224 1.85123 1.41018 1.39833
threshold=0.40096575844821764 0.011026983234775441 0.47075309541247651 0.0074535750744168959 0.03725291570823222 0.014888599104726263 0.048161044508894087 -0.66593545261250753 -0.012161458670163749 0.29203893737620251 0.36049203224984977 0.18792232959535674 0.18847624125333165 -0.25335975110139553 0.096534416008038845 0.19917195499068721 0.016775203761329346 0.021272223083627022 0.0045220206563890419 0.0058806532805879856 16.19844557293592 0.91607667962857675 0.44713375989194892 -0.0061209861675439814 0.69147688562213871 0.037037001801421623 0.36878636842451323 0.045267476064713284 0.83222065080189822 -0.43729196604185738
decision_type=2 2 2 2 2 2 2 2 2 2 2 2 2 2 2 2 2 2 2 2 2 2 2 2 2 2 2 2 2 2
left_child=25 2 7 5 20 18 -7 8 -2 10 -9 12 17 14 21 -16 -15 -3 -4 -14 -5 -13 -11 -10 -6 -1 27 28 29 -27
right_child=1 11 3 4 24 6 -8 9 23 22 -12 13 19 16 15 -17 -18 -19 -20 -21 -22 -23 -24 -25 -26 26 -28 -29 -30 -31
leaf_value=-0.00061007443483307878 -0.00038794325320930733 0.013028892590041139 0.00033455449491539131 -0.0052082591289713638 -0.017059041256815614 0.0069667071106796945 0 0.00055244126727886634 0 0.0018311686514407976 -0.01594504646778544 0.0015209595684720122 -0.012777376068471137 -0.00379035255737952 0.012876389271322994 -0.0019971588632436352 0.0055821446324905832 0 -0.005390739188137623 0.0014554672383491169 0.0069726708133767308 -0.0016114702421576956 0.0067803352655222892 0.016536270357261407 0 0 9.4898504438882651e-06 0.00075666449729600938 -0.0022184508830095334 0.011787834488169216
leaf_weight=3357.0037603732198 6.7121656518429509 26.368821877986193 148.91821327526122 13.554444666951897 14.792934829369189 88.011203998699784 92.368188941851258 18.818336468189958 5.4436062267050174 182.06687008030713 5.0371150448918334 265.64499470312148 5.6344447731971767 183.51079226844013 20.494866678491238 6.6433334546163669 13.855026224628089 15.462983293458818 54.726891432888806 10.729205220937727 11.846798481419681 250.54578840080649 83.764187763445079 22.789262778125703 4.3709207791835061 9.5473349168896657 2200.7119557335973 132.44018789567053 4.7591362977400413 36.218472838401794
leaf_count=108310 82 215 1902 169 203 939 970 186 80 2326 61 3339 61 2295 179 70 201 131 619 92 150 3817 970 193 42 186 58372 2338 111 650
internal_value=0 0.000906478 0.0018128 0.000134886 -0.00636747 0.00103872 0.00363885 0.00390138 0.0107273 0.00280813 -0.00405067 8.68598e-06 0.0049274 -0.000367988 0.000501276 0.00855767 -0.00286249 0.00906172 -0.00115257 -0.00388449 0 0 0.00359782 0.0139333 -0.0139231 -0.000245661 0.000255198 0.00297211 0.00764805 0.00938245
internal_weight=7292.79 1552.11 753.221 428.59 44.5651 384.024 180.379 324.632 34.945 289.687 23.8555 798.89 58.1955 740.695 543.329 27.1382 197.366 41.8318 203.645 16.3636 25.4012 516.191 265.831 28.2329 19.1639 5740.68 2383.68 182.965 50.5249 45.7658
internal_count=189259 19292 8892 4994 564 4430 1909 3898 355 3543 247 10400 499 9901 7405 249 2496 346 2521 153 319 7156 3296 273 245 169967 61657 3285 947 836
is_linear=0
shrinkage=0.03


Tree=195
num_leaves=31
num_cat=0
split_feature=5 1 1 19 7 4 27 11 4 42 25 27 7 40 45 26 18 45 43 2 45 35 35 6 43 34 39 1 39 28
split_gain=1.65572 1.47075 1.79493 1.69722 1.68118 2.58271 2.47287 3.34078 2.08238 1.92 1.74118 1.70048 1.50708 1.46217 2.19802 2.58672 1.89392 1.72552 2.7077 2.42577 1.39178 1.31829 1.31574 1.25615 1.1147 2.3906 2.07598 1.85014 1.80318 1.80499
threshold=0.067563678174451539 0.04713804011055233 0.048652978143480914 1.1476263168928915 0.030691179397873355 -0.65210710495366075 0.073770332036882005 0.20809925093632961 -0.21880681666144761 0.040358742796499855 -0.52412558832375411 0.032376527379982749 0.028653464962553457 0.0015864213735166006 0.00032720839392597995 0.018622517941108026 -0.59842977565122679 -0.0018649952019426153 0.18865198383996964 0.070779815857414038 -0.0057703979947873784 0.00071106817234608329 0.0054313710297503115 0.11739397708375678 0.57163550342866121 0.036756103815641018 0.021272223083627022 0.01381908602517168 -0.027321928240934254 0.19913532596981123
decision_type=2 2 2 2 2 2 2 2 2 2 2 2 2 2 2 2 2 2 2 2 2 2 2 2 2 2 2 2 2 2
left_child=24 4 3 21 5 20 7 10 12 -8 -6 -9 -7 17 15 -15 -16 18 -4 -19 -2 -3 -22 -11 -1 27 -27 -26 -29 -30
right_child=1 2 13 -5 6 8 9 11 -10 23 -12 -13 -14 14 16 -17 -18 19 -20 -21 22 -23 -24 -25 25 26 -28 28 29 -31
leaf_value=-3.9703453513221012e-05 -0.0022109968407099706 -0.017922773606711292 -0.0090735072225534112 0.0010380519043297167 -0.0027669057272901492 -0.0016605191811970661 0.0049947323440684751 0.00044259655254985582 0.0015204253771488971 0.0013068331280003053 0.0056497195373186784 0.013227971071273799 -0.012618785296642806 0 -0.0071170257387782971 0.0088615992393684222 0.0013654996921873505 -0.0009871434390634334 0.0014658187053035962 0.0042610542691504565 0.011820634622296008 0 0 -0.010615522300090278 0.0022144315152775136 0.0074437314391697876 -0.0041313450797394935 0.0020197907736013458 -0.0039456760199614478 -0.00024297735776622722
leaf_weight=5228.8441820307635 4.9220763621851793 7.9860872374847549 43.608239935711026 7.805012507364153 36.739297688007355 74.57275852188468 13.583033143542705 17.47439528722316 160.59866720158607 4.6585423341020968 37.698850485496223 54.526591683737934 11.713522462174295 44.083038073964417 23.43942005187273 67.258136695250869 136.59421900240704 316.57253515068442 30.170617395080626 99.204963291995227 29.621049883775413 7.5108529813587666 6.6475948523730031 17.183210750110447 83.427901392802596 44.250142459757626 12.107928874902425 67.245624167378992 407.60001749917865 192.35254831286147
leaf_count=151180 58 135 590 119 591 980 159 211 2232 82 448 593 166 546 318 812 1742 4358 354 1121 308 109 76 215 2137 669 164 1735 11586 5465
internal_value=0 0.000989598 0.000149406 -0.00721013 0.00231221 0.000733924 0.00456516 0.00629369 -0.000362292 -0.00173277 0.00120531 0.0107448 -0.00408645 0.000459541 0.00222482 0.00536304 0 -0.000470945 -0.00456332 0.000229539 0.00728179 -0.0120678 0.00940881 -0.00718523 -0.000206276 -0.00124174 0.004334 -0.00172599 -0.00227614 -0.00281995
internal_weight=7290 1254.17 784.233 23.302 469.94 288.076 181.864 146.439 246.885 35.4248 74.4381 72.001 86.2863 760.931 271.375 111.341 160.034 489.556 73.7789 415.777 41.1907 15.4969 36.2686 21.8418 6035.83 806.984 56.3581 750.626 667.198 599.953
internal_count=189259 16323 10204 363 6119 3820 2299 1843 3378 456 1039 804 1146 9841 3418 1358 2060 6423 944 5479 442 244 384 297 172936 21756 833 20923 18786 17051
is_linear=0
shrinkage=0.03


Tree=196
num_leaves=31
num_cat=0
split_feature=8 33 40 37 6 28 31 3 43 27 28 7 27 33 45 1 31 45 28 8 41 43 37 37 11 28 44 39 40 35
split_gain=1.69733 1.65357 2.29174 2.44116 2.15113 2.07732 1.82305 1.6755 1.66697 1.35413 1.73565 2.02852 3.55405 3.09924 1.75831 1.68562 1.22503 2.21686 2.26294 2.46004 2.31512 2.23862 2.7146 2.19841 2.05316 1.44464 1.43148 1.42655 2.10859 2.9702
threshold=0.40096575844821764 -0.66576777202887871 0.0099428392593748308 0.048212161707949071 0.099602254655702951 0.15200628590333934 -0.0084378093058540809 18.8565505972153 0.23990757011523736 0.011173219606844141 -0.09037314499201797 0.026375016787732238 0.045045032490524564 -0.22355369605167216 0.022121160975405275 0.079754701166319372 0.051685099707298433 0.014040787500521552 -0.40379839878818652 0.32892575336374952 0.059922901640495983 0.37577205879705039 0.06586826199125502 0.049818849304135056 0.057556935817805417 0.01804873528040574 -0.038919136438992606 0.00048503090610786502 0.0015012687200363424 0.01079125978862612
decision_type=2 2 2 2 2 2 2 2 2 2 2 2 2 2 2 2 2 2 2 2 2 2 2 2 2 2 2 2 2 2
left_child=16 2 3 4 -2 6 -5 -6 -7 -3 14 13 -13 -12 15 -11 26 18 19 20 -18 22 -20 -21 -23 -19 27 28 -1 -30
right_child=1 9 -4 5 7 8 -8 -9 -10 10 11 12 -14 -15 -16 -17 17 25 21 23 -22 24 -24 -25 -26 -27 -28 -29 29 -31
leaf_value=0.00050367236400724908 0.00018747099396046764 -0.0057652270596607229 -0.0054862499409027128 -0.0017201977681142074 0.013899600854728154 0.00059884021611319874 0.009553483742053533 0 -0.0097527722708876836 0.0013235978777697743 -0.0058378206451192372 0.0069892769645497144 -0.00022427114215901937 0 -0.0074345747634800311 0.0058078572760293726 0.0086408860064575866 -0.01194070981082466 0.00079169961614884786 -0.011014359124061819 -0.0062804810767827079 0.0096444530645496962 -0.0076047583418604806 0.0057700123987799636 -0.0014733757220497716 0.00091786220645407994 -0.00046125921132414606 -0.0005818150266191605 0.011443716583641033 -0.0047141378420798505
leaf_weight=86.56662764120847 25.62904073856771 24.472001696005464 15.176233323290942 12.658659406006334 43.580765620805323 26.88891329523176 27.970076962374151 5.3859779788181177 15.945438147522507 534.970529246144 116.29763162601739 71.604425420984626 274.82541541662067 250.36929783038795 11.929636733606456 92.473462560214102 92.569696023594588 12.432836518157275 106.60816625878215 10.140458697453143 4.4209370408207169 31.87806999264285 42.74497345648706 6.3534540617838493 16.298851140774786 6.1646871268749228 5170.7305807371158 100.56198663078249 43.743592125829309 7.0392721202224484
leaf_count=1946 255 325 191 147 401 297 246 71 179 6461 1750 946 3202 3708 192 921 1392 235 1910 132 68 448 723 71 212 97 159518 2171 896 148
internal_value=0 0.000879182 0.00362723 0.00482766 0.00864077 0.000784768 0.00557988 0.012082 -0.00324411 0.000499865 0.000656145 -0.000326215 0.00125958 -0.00190199 0.00179236 0.00207262 -0.000238068 0.00150716 0.00222213 0.00550846 0.00739206 9.65721e-05 -0.00158551 -0.00331503 0.00553412 -0.0071157 -0.00035126 0.00187622 0.00384387 0.0084444
internal_weight=7288.43 1550.18 173.235 158.059 74.5958 83.4631 40.6287 48.9667 42.8344 1376.94 1352.47 713.097 346.43 366.667 639.374 627.444 5738.25 329.612 311.015 113.485 96.9906 197.53 149.353 16.4939 48.1769 18.5975 5408.64 237.911 137.349 50.7829
internal_count=189259 19292 1787 1596 727 869 393 472 476 17505 17180 9606 4148 5458 7574 7382 169967 5288 4956 1663 1460 3293 2633 203 660 332 164679 5161 2990 1044
is_linear=0
shrinkage=0.03


Tree=197
num_leaves=31
num_cat=0
split_feature=8 33 31 33 26 34 34 8 6 10 38 31 26 10 37 35 27 29 29 33 7 7 3 32 31 45 28 42 28 37
split_gain=1.67732 1.6223 1.66509 1.8882 1.90472 1.75526 1.65359 1.56879 1.56836 1.31659 1.29656 1.96315 4.3082 2.02792 2.28808 2.0131 1.74367 3.04869 4.30044 2.37961 1.62698 2.79613 2.22247 1.28218 1.23167 1.88646 1.91535 3.19596 2.08626 1.88748
threshold=0.40096575844821764 -0.66576777202887871 -0.015089305779829964 -1.0726532413270353 0.0075337835467283861 1.0000000180025095e-35 0.0067452557591101839 0.65739147666135012 0.28514216008795229 0.022911302207449826 -0.22367853046958072 -0.014790039020862488 0.020548660237288404 0.085010795674341069 0.041201301001198599 0.0042238270575269158 0.062500598342775368 0.008563502644333006 0.0019629065906725928 -0.12111988106845838 0.028383580033844735 0.034565817796804142 16.19844557293592 0.034225706012497241 0.051685099707298433 0.014040787500521552 -0.28561410243550428 0.034761698661005758 -0.018231751821129901 0.016949177586705163
decision_type=2 2 2 2 2 2 2 2 2 2 2 2 2 2 2 2 2 2 2 2 2 2 2 2 2 2 2 2 2 2
left_child=24 2 8 5 6 9 -5 -7 23 -4 16 12 -12 14 -13 -15 17 18 -3 -19 22 -22 -18 -2 -1 26 29 -28 -29 -26
right_child=1 10 3 4 -6 7 -8 -9 -10 -11 11 13 -14 15 -16 -17 20 19 -20 -21 21 -23 -24 -25 25 -27 27 28 -30 -31
leaf_value=-0.0003503441650517405 0.00018759149152640654 0.0025954235513360128 -0.0086762609048963799 0.013822263797504087 0.0019867558530613462 0.009598752321078062 0 -0.0032737400710096936 0.0044968403166274502 0.0024778557116941387 0.011013063114800253 -0.0018110162375273152 -0.0025480400260778791 -0.010293590268443432 0.0013996700948487417 0.0030146634107307267 0.00084114266587933487 -0.00031679114684737809 -0.0074301985397762756 0.007677935543908508 0.0080520102921770777 -0.0027639883060445493 -0.014798630847116388 -0.013363658993273192 -0.0049704235596915213 -0.0064727425099613337 -0.0058573526862739341 -0.0022436151208967761 0.0055314058049522642 0.0057493727052199137
leaf_weight=5406.2164913711604 3.8161872969940331 164.26708324439824 19.856942987069491 38.054703555069864 53.171724556945264 17.935357752256099 11.696382392197846 6.026398478075861 6.6400188803672782 7.0612365975975981 37.141495593823493 403.36984650604427 33.679766570217907 30.762992954812944 381.00307172164321 7.4527276493608943 8.6816100124269742 35.077958300709724 44.593891648575664 126.09661657176912 25.587607592344284 65.450400877743959 11.681071003898976 9.4544945098459703 9.7117348038591427 18.260715751443058 52.246464079245925 39.165709112770855 78.919189789798111 132.59212879743427
leaf_count=164679 51 2067 204 329 610 158 115 54 59 70 493 5710 492 328 4528 59 97 467 608 1494 269 693 200 137 145 332 894 666 1273 1978
internal_value=0 0.000874518 0.00359258 0.00473046 0.00697662 0 0.0110932 0.0053192 -0.00317806 -0.00488058 0.000497573 -0.000149516 0.00442553 -0.000604015 -0.000214458 -0.00695554 0.00174926 0.00275889 0.000190906 0.00580026 -0.00132114 0.000224574 -0.0080965 -0.00883991 -0.000236606 0.00150991 0.00216516 0 0.00272251 0.00467024
internal_weight=7285.67 1548.56 173.713 153.803 102.923 50.8799 49.7511 23.9618 19.9107 26.9182 1374.85 893.41 70.8213 822.589 784.373 38.2157 481.436 370.036 208.861 161.175 111.401 91.038 20.3627 13.2707 5737.11 330.896 312.635 170.331 118.085 142.304
internal_count=189259 19292 1787 1540 1054 486 444 212 247 274 17505 11610 985 10625 10238 387 5895 4636 2675 1961 1259 962 297 188 169967 5288 4956 2833 1939 2123
is_linear=0
shrinkage=0.03


Tree=198
num_leaves=31
num_cat=0
split_feature=8 33 40 4 8 42 27 28 7 27 40 8 8 38 42 19 42 42 34 35 19 38 31 11 45 6 44 8 4 43
split_gain=1.49846 1.35516 1.87716 1.71975 1.7906 1.4944 1.28523 1.54176 1.666 2.97782 2.91743 1.65831 1.88887 1.52959 1.1261 1.71175 1.83928 2.71643 1.96711 1.47857 1.34674 1.2975 1.27 1.65795 1.91097 1.42701 1.26776 1.39766 1.21956 2.04117
threshold=0.40096575844821764 -0.66576777202887871 0.0099428392593748308 -0.11212617035685211 0.69147688562213871 0.028704433955227784 0.01153845624810826 -0.09037314499201797 0.026375016787732238 0.040965539397061178 0.00072453137330621639 0.47075309541247651 0.74689741591675574 -0.88010715012943297 0.037037001801421623 0.36878636842451323 0.054766756697864634 0.074980912571912264 -0.01251680415842941 0.0026294153207729923 1.721626831062079 0.83147720843213346 -0.013168317535253356 0.38826466916354557 0.002267636833450758 0.094831593434633335 0.017486173173085668 0.25124832754895593 0.3306394929551893 0.11668453978612005
decision_type=2 2 2 2 2 2 2 2 2 2 2 2 2 2 2 2 2 2 2 2 2 2 2 2 2 2 2 2 2 2
left_child=14 2 3 -2 5 -5 -3 11 10 -10 -9 13 -13 -8 20 16 21 19 -19 -18 22 -16 23 24 -1 -25 27 -22 29 -17
right_child=1 6 -4 4 -6 -7 7 8 9 -11 -12 12 -14 -15 15 28 17 18 -20 -21 26 -23 -24 25 -26 -27 -28 -29 -30 -31
leaf_value=-0.0012123042653311555 0 -0.0053420745382381967 -0.0049167538342137409 0.0014575195565241486 -0.0026831276052375289 0.011061182326128276 0.012738813444623402 -0.0042493695193747049 0.0071750434255829975 -2.087609931113994e-05 0.00096609840452126455 -0.00016797596380451651 0.0066276706328464857 0.0027681415115218821 0.0071786989917626016 -0.00062020930181676736 -0.0090440350401980018 -0.0014478827339281131 0.0086665799679398713 0.0013085868471104461 0.0039361987136972733 -0.0019595329944739922 -0.00099173871610709358 0.0052242983501152368 0.0022442581997589172 -0.0035347226522906405 0.013212348681433183 -0.0078471990580365521 -0.001280681308134428 0.0014330546717962953
leaf_weight=477.74079312151298 62.180962843820453 27.304634235799313 14.983624703250824 31.769923382438719 8.9760921429842693 56.271643124520779 12.966343864798544 192.10911977570504 55.986313483677804 289.52999698277563 171.88481998350471 364.10248013399541 35.173880843445659 224.47056656423956 81.919672825373709 839.82734415633604 28.038942875340581 22.393632054328918 31.730569742619991 10.917205108329652 32.718620580621064 8.6918247202411276 2524.893488649046 92.13558691367507 198.44433916220441 12.313934028148649 6.5358895231038323 6.2701096050441256 489.90916429832578 870.8035479998216
leaf_count=16763 615 358 191 365 80 536 123 2934 726 3421 2513 4297 304 2829 1551 23077 583 354 420 209 713 168 81842 2172 6314 281 86 139 12540 22755
internal_value=0 0.000826823 0.00331129 0.00439455 0.00680108 0.00818268 0.000479128 0.000638729 -0.000287288 0.00114526 -0.00172551 0.00171157 0.000431039 0.00368787 -0.00022365 0.000265823 0.0030093 0 0.00420582 -0.00564145 -0.000580721 0.00593172 -0.000661941 0.000366097 -0.000144817 0.00380326 0.00420479 0.000682656 1.69046e-05 0.000408657
internal_weight=7283 1547.71 174.182 159.199 97.0177 88.0416 1373.53 1346.22 709.51 345.516 363.994 636.713 399.276 237.437 5735.28 2384.23 183.692 93.0803 54.1242 38.9561 3351.05 90.6115 3305.53 780.635 676.185 104.45 45.5246 38.9887 2200.54 1710.63
internal_count=189259 19292 1787 1596 981 901 17505 17147 9594 4147 5447 7553 4601 2952 169967 61657 3285 1566 774 792 108310 1719 107372 25530 23077 2453 938 852 58372 45832
is_linear=0
shrinkage=0.03


Tree=199
num_leaves=31
num_cat=0
split_feature=0 26 0 4 45 26 45 5 27 18 32 26 42 8 8 0 7 25 31 0 44 8 42 44 3 27 44 31 5 18
split_gain=1.4816 1.3734 1.51443 1.99176 1.81325 1.60591 1.82064 1.66112 2.24835 1.62101 1.5588 1.53734 1.40778 1.30339 1.25592 1.97205 1.57425 1.905 1.7847 2.33931 1.74514 1.70769 1.6924 1.55819 1.92599 1.45586 1.30954 2.2297 1.24146 2.08166
threshold=0.031540110511550305 0.095262188174634527 0.039470866520145469 -0.35228866722538571 0.0035733380288510267 -0.0015773931064927838 0.014040787500521552 0.015664706675257437 0.083198707723562262 -0.447209066373425 0.083145067123491942 0.019383335149519346 0.023945041519714622 0.47075309541247651 0.12463000751925955 -0.050398086774886573 0.041193948614796409 -0.34605123446769076 0.049657341358692632 0.0010775598802748464 0.013842089161443707 0.17614205534019353 0.084768549810206026 -0.0048855251256288345 18.21763574756746 0.045045032490524564 0.050986978768418199 -0.052967048551223105 -0.086584283147530403 -0.79842938567997335
decision_type=2 2 2 2 2 2 2 2 2 2 2 2 2 2 2 2 2 2 2 2 2 2 2 2 2 2 2 2 2 2
left_child=14 2 3 4 12 7 9 -4 -9 -7 11 -5 -2 -3 26 23 18 20 22 -20 -18 -19 -17 -16 25 -25 28 -28 29 -1
right_child=1 13 5 10 -6 6 -8 8 -10 -11 -12 -13 -14 -15 15 16 17 21 19 -21 -22 -23 -24 24 -26 -27 27 -29 -30 -31
leaf_value=-0.0022211998288153389 0 0 -0.0018010843882814498 0.00055962172340166501 -0.001265523681385188 0.00088280112292149905 0.0055924357888878905 0.004256971585406698 -0.0042611291538135719 -0.0029044804298651167 -0.0056109858498028711 0.0054471674143017961 0.014483009559082462 0.010749582453738953 -0.0015104178779681784 0.00017278801595390858 -0.003397810345305625 0.0022023862956555449 0.0050010032375481161 -0.00042505623353962605 0.0034607561470971914 -0.0077960486176731963 -0.0043030839324461325 0 0 0.012370605324803286 0.0045238692525642141 -0.0070034483125429384 -0.00073423304710071432 0.002967090742534856
leaf_weight=92.758503788150847 3.6483200378716019 8.8183609060943144 74.983603523578495 216.94089090637863 6.228935243561863 135.48932010121644 27.331648075021803 194.04040095163509 24.882336921989918 295.09834823664278 19.03660810738802 84.707733003422618 23.638134706765413 19.768162954598665 17.89528104942292 2564.3170053875074 63.361828488763422 11.718195885419844 151.47568812873214 113.14423215761781 60.241247589699924 67.170825416687876 73.238941982388496 6.9980775117874137 18.665689093992114 36.178968250751495 12.481666680425404 61.12885899702087 2586.6253520743921 208.14035075297579
leaf_count=1664 65 110 1874 4351 98 2268 405 3186 323 5111 308 1227 285 151 289 50549 1509 282 1652 1384 1040 1217 1301 82 205 348 213 1669 102911 3182
internal_value=0 0.000993567 0.000777755 0.00238023 0.00900919 0 -0.00109478 0.00172602 0.00308132 -0.00164744 0.00146763 0.00209639 0.0121166 0.0070914 -0.000184095 0.00022241 8.91645e-05 -0.00242093 0.000278482 0.00260484 0 -0.00591052 2.92438e-05 0.00474501 0.00698153 0.0101787 -0.000631002 -0.00450379 -0.000514288 0.00125945
internal_weight=7280.15 1134.61 1106.03 354.201 33.5154 751.826 457.919 293.906 218.923 430.588 320.685 301.649 27.2865 28.5865 6145.54 3184.41 3104.67 202.492 2902.18 264.62 123.603 78.889 2637.56 79.738 61.8427 43.177 2961.13 73.6105 2887.52 300.899
internal_count=189259 19762 19501 6334 448 13167 7784 5383 3509 7379 5886 5578 350 261 169497 59858 58934 4048 54886 3036 2549 1499 51850 924 635 430 109639 1882 107757 4846
is_linear=0
shrinkage=0.03


Tree=200
num_leaves=31
num_cat=0
split_feature=8 5 19 8 40 45 29 4 39 41 3 37 36 31 3 18 7 6 6 8 3 39 40 25 45 7 7 1 26 25
split_gain=1.50243 1.60327 1.43985 1.13435 2.03506 2.25532 1.87399 1.83728 1.99715 1.92715 1.69983 1.42431 2.15719 3.21309 1.75771 1.72755 1.64879 1.50078 1.10002 1.21783 1.19889 2.26249 1.57556 1.55668 1.44437 1.0174 2.57724 1.595 1.51197 1.44379
threshold=-0.02256631097260715 -0.02693106231457398 0.81550522170091544 0.5714650238588167 0.00066309459019881401 0.0047736973658133721 0.0095366964950118864 0.49179400812068691 0.019286666945219407 0.0086083777429979847 19.979840380983344 0.064161996999941726 0.047771079247620606 -0.0055785197094333711 14.988788663042374 0.010127139646732822 0.055709801122698639 0.19478734296127523 -0.090295962953115635 -0.36425825792838107 18.725265953582973 -0.050264648570450772 0.0046151550704622265 -0.99288104209416761 0.00091816376051004323 0.054018570033347736 0.036627377510383051 0.086956628543004774 0.016546650063199747 -1.2126287147770582
decision_type=2 2 2 2 2 2 2 2 2 2 2 2 2 2 2 2 2 2 2 2 2 2 2 2 2 2 2 2 2 2
left_child=18 2 -2 11 7 10 -7 8 -5 -9 -6 12 17 -14 16 -16 -13 -3 19 20 21 24 -22 -23 -1 26 28 -28 -21 -27
right_child=1 3 -4 4 5 6 -8 9 -10 -11 -12 14 13 -15 15 -17 -18 -19 -20 25 22 23 -24 -25 -26 29 27 -29 -30 -31
leaf_value=0.011875139044596434 0.006058810781233279 -4.6624836060984156e-05 0.0004032358628775892 0.0034155368748998104 0.0058004450644272409 -0.0082251701990369991 0.0023202745258096183 0.00026771140238697981 -0.0023042539545337984 -0.010266879053068251 -0.004463358881925665 0 -0.002031192829205442 0.0070195059157004292 -0.00038035481215395255 -0.0041889203778068419 0.0090738808729287617 0.0028624172525229682 -0.0012056737958872753 0.0042117031138659026 -0.010742904343839657 -0.0079065812586451203 0.0026919972827062315 -0.00034961967751471779 0 -0.00399383814654108 -0.0046815889950866212 0.0031935932975770578 -0.0031282016024433315 0.0072298888306470549
leaf_weight=15.635072331875564 75.648262874223292 3769.7242305791005 108.64859526557848 121.22246888000518 176.41143559850752 19.249376648105681 30.074467066675425 20.821908135898411 87.414023696444929 25.682465777732432 8.835777221247552 94.850279686041176 45.889598030596972 92.030541161075234 250.99037101119757 213.30354258837178 17.57562343031168 161.10182652343065 1321.8947565290146 147.36580523522571 18.603694706223909 24.21971470117569 4.7126048849895588 230.00531192077324 10.426300701685248 5.7309340266510835 86.186658939346671 22.406403810251504 21.688246879260987 47.371500321663916
leaf_count=198 1709 86074 3075 1270 1789 275 314 253 870 325 97 1713 840 1328 4386 4016 233 2181 61361 4832 542 641 108 6235 173 68 2305 412 925 711
internal_value=0 0.000261462 0.00298188 0.000155187 0.00152111 0.00351645 -0.00162126 -0.000230368 0.000880805 -0.00539955 0.00504876 3.26378e-06 0.000207965 0.00383249 -0.0013787 -0.00221998 0.0017867 6.84626e-05 -0.000709829 0.000277863 -0.00102718 -0.000313944 -0.00697217 -0.00132391 0.00719951 0.0015626 0.000668182 -0.00272353 0.00303488 0.00526282
internal_weight=7275.72 5319.47 184.297 5135.18 489.712 234.571 49.3238 255.141 208.636 46.5044 185.247 4645.47 4068.75 137.92 576.72 464.294 112.426 3930.83 1956.25 634.352 303.603 280.286 23.3163 254.225 26.0614 330.75 277.647 108.593 169.054 53.1024
internal_count=189259 110748 4784 105964 5193 2475 589 2718 2140 578 1886 100771 90423 2168 10348 8402 1946 88255 78511 17150 7897 7247 650 6876 371 9253 8474 2717 5757 779
is_linear=0
shrinkage=0.03


Tree=201
num_leaves=31
num_cat=0
split_feature=0 6 0 11 19 18 44 0 3 5 44 1 35 41 29 0 5 1 19 31 45 18 26 26 6 35 41 43 39 25
split_gain=1.51771 1.45159 1.47353 1.38487 1.38459 2.17033 2.16394 4.65038 2.10098 1.82384 2.39716 1.79637 1.75482 1.8707 1.65403 1.51254 2.19489 2.29705 2.31995 1.66303 1.64983 1.70969 1.61593 1.96832 1.86013 2.9936 1.39612 1.35827 1.31217 1.23808
threshold=0.031540110511550305 -0.12244669099768295 0.043034793946518914 0.36542009055844377 0.48234580100212493 0.76359254941971733 0.023477136750211368 0.0069199128850579144 17.019971018854623 0.034823076219375644 -0.0030210914900126776 0.038037861420482932 0.0019777789103873522 -0.0126224707314456 -0.043460681101799056 0.011026983234775441 0.076883798434538755 0.073770332036882005 0.69407030713449014 0.094963846536160065 -0.0082313043249726044 -0.10116920320536874 0.017895424117391642 0.022598656072097087 0.048614121054546329 0.0085575842899309213 0.026538267516694341 -0.36457136104102433 -0.0080816346344902736 -1.0695874146732243
decision_type=2 2 2 2 2 2 2 2 2 2 2 2 2 2 2 2 2 2 2 2 2 2 2 2 2 2 2 2 2 2
left_child=4 2 -2 -4 5 6 9 27 12 14 -11 -9 13 -7 -1 22 20 18 -18 -19 21 -17 24 -24 -6 -26 -25 -8 -10 -3
right_child=1 29 3 -5 15 8 7 11 28 10 -12 -13 -14 -15 -16 16 17 19 -20 -21 -22 -23 23 26 25 -27 -28 -29 -30 -31
leaf_value=0.0080832623620715905 0.011504055999616 -0.0039178265023518738 -0.0067866257244380652 0.0051749909845302698 -0.00029665781928337842 0 0.00048443354978245019 0.0088356108394427573 -0.0087168548486637829 -3.7839895531438212e-05 0.0071497156679697985 -0.0017865202136763533 0 0.012550628051466914 -0.00024496058983414969 0.0070346402351280611 -0.0049604191963413457 -0.011566911808445792 0.004849333613752658 0.0034481569814575454 -0.0021663319759458533 -0.00097354367848964099 -0.004030568535105355 0.00017763829066932496 0.0016933163841873955 -0.0038559800493530461 -0.0030460309003743154 -0.0084338114289270079 0.0024095526819065127 0.00097060973957806501
leaf_weight=17.430717684794217 19.088664043694735 41.859372803010046 8.3755323309451359 18.537959367036819 2074.0765215740539 13.054951862432061 10.708681602030991 26.042646448127925 8.8933692914433795 63.514381010085344 83.774078167974949 16.935439418070018 14.591077241580932 44.175252604763955 441.71859614411369 31.9660574644804 18.895193914882839 13.243165338411929 125.95531038288027 3.6235393397510043 978.59846179839224 51.752466978505254 176.48074201261625 563.94895298732445 1027.7772887861356 88.037187442183495 144.33251573890448 76.576697218231857 20.765256386250257 1047.5993161099032
leaf_count=319 214 856 147 179 75862 294 160 317 241 860 926 225 278 761 11683 733 246 245 1771 38 28404 1304 5381 15507 17852 1469 2968 1295 358 18366
internal_value=0 0.00100506 0.00604193 3.24e-05 -0.000186625 0.000932809 0.000308348 -0.0030703 0.00495704 0.00110232 0.00395379 0.00427471 0.00763915 0.00987008 9.02402e-05 -0.000370074 -0.00129433 0.00183085 0.00324667 -0.00691836 -0.00180453 0.00197019 -8.38258e-05 -0.00121974 0.000223261 0.00121347 -0.000453964 -0.00704762 -0.000837418 0.000738334
internal_weight=7272.33 1135.46 46.0022 26.9135 6136.87 838.181 736.701 130.263 101.48 606.438 147.288 42.9781 71.8213 57.2302 459.149 5298.69 1224.03 161.717 144.851 16.8667 1062.32 83.7185 4074.65 884.762 3189.89 1115.81 708.281 87.2854 29.6586 1089.46
internal_count=189259 19762 540 326 169497 17717 15785 1997 1932 13788 1786 542 1333 1055 12002 151780 32741 2300 2017 283 30441 2037 119039 23856 95183 19321 18475 1455 599 19222
is_linear=0
shrinkage=0.03


Tree=202
num_leaves=31
num_cat=0
split_feature=8 34 35 40 41 45 31 31 1 3 39 7 26 31 7 3 6 35 0 42 37 33 37 19 42 19 42 42 34 11
split_gain=1.39381 1.2241 2.11688 2.34291 1.6973 2.57522 2.61281 2.59333 1.89504 1.64034 1.52164 1.4809 1.44859 1.93248 1.35851 2.17265 3.56426 2.25497 1.63788 2.55194 1.66049 1.30326 1.19578 1.11277 1.06325 1.58625 1.84818 2.60763 1.79614 1.34037
threshold=0.40096575844821764 -0.0061227097618446512 0.0044827816734608816 0.0019476033710275232 0.067911349879143088 0.00082773716612596427 0.022188741519966668 0.093829741277411435 0.081458271282484035 16.325654834373559 0.024649689810710928 0.039491858086506404 0.09496246057785411 -0.0078032812434097988 0.018778874699834709 14.702871633533144 0.059876359929916474 0.00063784373976362191 0.056677760828800341 0.064838740848687432 0.032535900066101055 0.02279532927304562 0.046341987656509702 0.75432986216182851 0.037037001801421623 0.36878636842451323 0.054255328862690293 0.074980912571912264 -0.012312918673602615 -0.46899038461538456
decision_type=2 2 2 2 2 2 2 2 2 2 2 2 2 2 2 2 2 2 2 2 2 2 2 2 2 2 2 2 2 2
left_child=24 2 3 12 14 6 22 -8 -7 10 23 21 13 -2 15 16 -3 -17 20 -20 -16 -5 -6 -4 -1 26 -26 29 -29 -28
right_child=1 4 9 11 5 8 7 -9 -10 -11 -12 -13 -14 -15 18 17 -18 -19 19 -21 -22 -23 -24 -25 25 -27 27 28 -30 -31
leaf_value=-0.00056337675065711826 -0.0020437518387376617 0.0056617074660580196 0 0.011269482847431305 0 -0.014775872655290491 0.010477681521266496 -0.004208810128169399 0 -0.0066816587635537602 -0.0063594243984492387 0 0.010782532214420637 0.0036378999370895006 -0.00014082346785845501 -0.0023017345875847341 -0.0084444263819773401 0.0033883864679459274 -0.0040918383355484332 0.004555489983251948 0.0029847209672953698 0.0001540515592500447 -0.013498555715192701 0.011837888863810658 0.005840610754537838 1.8689412132010421e-05 0.003367772179229277 -0.0013064137793471057 0.008315106771713543 -0.0078558617428860361
leaf_weight=3343.4381097774021 102.26926049496979 14.689972369000314 14.226709337905055 55.631278607994318 4.594824865460394 18.802819667384028 23.533146313391626 10.391243994235991 16.15226498618722 32.79797703307122 6.5766511708497992 13.351646192371843 9.4564100168645364 98.518056666478515 204.00956990476698 121.77632843889296 62.267882065847516 116.06911205966026 100.33518549147993 36.190133839845657 446.02966157253832 18.086569692008197 7.9925303366035223 9.5399110503494722 90.308375894092023 2196.876726069022 5.2548498371615997 22.371946508064866 31.842838220763952 34.850279805250466
leaf_count=108310 1414 138 168 726 65 230 210 107 154 523 89 160 84 1361 2758 1652 819 1470 1216 324 5131 277 93 123 1682 58372 72 358 416 757
internal_value=0 0.000798656 0.00232941 0.00342304 0.000299079 -0.00370082 0.000456 0.00524562 -0.00934769 -0.00225319 0.00195278 0.00751168 0.00145525 0.000618875 0.00063745 -0.000963518 -0.00520462 0.000364114 0.00131814 -0.00150767 0.00196441 0.00910644 -0.00856826 0.00600135 -0.000215805 0.000259745 0.00289371 0 0.00406306 -0.00550985
internal_weight=7268.23 1543.29 360.454 297.313 1182.83 81.4668 46.5117 33.9244 34.9551 63.1412 30.3433 87.0695 210.244 200.787 1101.37 314.803 76.9579 237.845 786.565 136.525 650.039 73.7178 12.5874 23.7666 5724.94 2381.51 184.628 94.3199 54.2148 40.1051
internal_count=189259 19292 4925 4022 14367 859 475 317 384 903 380 1163 2859 2775 13508 4079 957 3122 9429 1540 7889 1003 158 291 169967 61657 3285 1603 774 829
is_linear=0
shrinkage=0.03


Tree=203
num_leaves=31
num_cat=0
split_feature=8 32 35 31 19 5 1 11 6 0 11 0 42 38 35 5 35 6 6 8 18 42 0 28 34 8 26 0 34 4
split_gain=1.45367 1.16591 1.86176 2.10797 2.07371 2.33887 2.01475 2.31361 1.90854 2.96839 1.74124 1.62012 1.475 1.45427 1.41694 1.18698 1.1235 1.86552 1.47742 1.21833 2.03479 1.85849 1.09427 1.54911 1.56966 1.11501 1.69482 1.10541 1.08113 2.47154
threshold=0.37327272101731573 0.03799144180687853 0.0014016321288821668 -0.035153795538879408 1.7975198167693789 0.086994042107575456 0.10039574626758492 -0.43295880149812732 0.071171337395701376 0.054030235031238986 0.16165158371040725 -0.0055785197094333711 0.024362256589118215 0.39879059230285835 0.0078250759818564494 0.033529846022611894 0.00069635057671637039 -0.012420151401053568 -0.090295962953115635 0.33357115816742294 -0.62544242357913882 0.015720310205652722 0.011794840679514315 0.42336611714574707 -0.011119109959034807 0.30204762790883216 0.014025475054337823 0.022597277011077249 -0.0061227097618446512 0.44200965864714631
decision_type=2 2 2 2 2 2 2 2 2 2 2 2 2 2 2 2 2 2 2 2 2 2 2 2 2 2 2 2 2 2
left_child=1 16 3 6 5 -5 11 -8 10 12 14 -3 -10 -11 -4 -12 22 18 -18 21 -21 -19 25 24 -24 -1 -27 -25 29 -2
right_child=28 2 8 4 -6 -7 7 -9 9 13 15 -13 -14 -15 -16 -17 17 19 -20 20 -22 -23 23 27 -26 26 -28 -29 -30 -31
leaf_value=-0.00095927862825701047 0.0033606518164359046 0.00021937247181095837 -0.0023711574018044886 0.00086032706948575941 0.0098109328119569301 0.0061587864746480477 -0.0046733705224678923 0.01011517547452629 0.0010631118050914998 0.0090597110589479887 0.0035420141717651971 -0.0045039266062619661 -0.0053231953967889205 -0.0039369193195913851 0.0012485042480001706 -0.00094426477555209693 0.0011651873415281597 -0.0019882203055640456 -0.0025070543882949937 0.0050479246776047619 -0.0053363599040999682 0.0015584770882272722 0 -0.0027699636168091015 -0.0045875928117288089 0.0047191467722323931 -0.0025138010986519373 0.0033236468352722932 0.00030206521888122403 -0.0018317866658393604
leaf_weight=1146.9923678068444 324.03001632913947 100.02197817759588 271.17275875341147 1032.4456185912713 22.796907462179661 79.335048815235496 7.9483041930943754 21.625019638799131 28.561175839975476 20.3592205317691 160.88297786703333 135.60185416368768 182.87617182871327 4.083032955415546 134.43484507640824 61.954234194941819 117.92942812526599 146.74934065714478 368.8551535056904 15.60035876277834 62.500039887614548 837.15763128362596 76.401118420530111 38.398714184761047 252.34234310360625 74.077419359236956 36.292150415480137 58.064732301048934 1348.6205555899069 98.358356558717787
leaf_count=42864 4504 2710 8266 27032 312 1026 114 318 492 263 3950 3930 3631 69 3400 1086 3780 4186 18781 323 1272 23288 2481 1326 7663 1362 866 1465 16948 1551
internal_value=0 -0.000240945 0.000271641 0.000956197 0.00153097 0.00129116 -0.00137461 0.00517175 -0.000801612 -0.00307388 2.14277e-05 -0.00241132 -0.00431729 0.00556982 -0.0010978 0.0021697 -0.000609229 -6.10287e-06 -0.00155361 0.000679055 -0.00272219 0.000991774 -0.00114496 -0.00247904 -0.00346341 -0.000662016 0.00207488 0.000585354 0.000746227 0.00207405
internal_weight=7266.47 5495.46 2264.1 1399.77 1134.58 1111.78 265.197 29.5733 864.324 235.88 628.445 235.624 211.437 24.4423 405.608 222.837 3231.36 1548.79 486.785 1062.01 78.1004 983.907 1682.57 425.207 328.743 1257.36 110.37 96.4634 1771.01 422.388
internal_count=189259 166256 56599 35442 28370 28058 7072 432 21157 4455 16702 6640 4123 332 11666 5036 109657 51630 22561 29069 1595 27474 58027 12935 10144 45092 2228 2791 23003 6055
is_linear=0
shrinkage=0.03


Tree=204
num_leaves=31
num_cat=0
split_feature=0 4 1 4 41 29 10 10 3 41 44 4 45 25 27 44 0 0 26 8 5 26 33 29 10 8 29 2 1 32
split_gain=1.57256 1.14337 1.50214 1.45666 1.50951 1.43842 2.8365 1.4897 1.45058 1.27821 2.27368 2.17411 1.68048 1.56594 1.29227 1.276 1.74837 1.3385 1.24462 1.09303 1.89418 1.77231 1.72407 1.74765 1.39653 2.22853 1.97012 1.91244 1.62339 1.77226
threshold=0.030862114575511287 1.0177433727153053 0.11589385101912542 0.51268018490273637 0.0073203852177791641 0.085084424232766728 0.085010795674341069 0.06290865703989533 18.157664421936683 0.033901531941530318 -0.010736257957153298 1.1678696932892836 -0.0010345272937541071 -0.4162926393295015 0.019087117935117356 0.0074083397232404223 0.095261796057407311 0.039470866520145469 0.0075337835467283861 -0.11816747298259313 -0.055491284691164149 -0.09062767743538587 -0.37706356744169062 -0.012522147061016144 -0.020938082436537865 0.14841328928964079 -0.026128923225214328 -0.052631393220110817 0.045703839149047347 0.056451548553778111
decision_type=2 2 2 2 2 2 2 2 2 2 2 2 2 2 2 2 2 2 2 2 2 2 2 2 2 2 2 2 2 2
left_child=19 2 5 4 -4 15 7 -7 -8 10 13 -12 -11 -3 -15 16 -2 -17 -13 -1 21 -21 -23 -24 25 26 -22 -27 29 -26
right_child=1 9 3 -5 -6 6 8 -9 -10 12 11 18 -14 14 -16 17 -18 -19 -20 20 24 22 23 -25 28 27 -28 -29 -30 -31
leaf_value=-0.00096253873506704692 0 -0.0021866573900647243 0.015417535416450089 -0.00064887288362706116 0.00072635175169036249 -0.0039633046195739676 -0.01712044937977257 0.0082081593258260966 0 -0.0049829871965865096 -0.012980035593431676 0.00023736035273269775 0.0086120513821902455 -0.0013984649235606558 0.010391285330732787 0.0051407108731082044 0.0087875934855359186 0.0011679929233679692 -0.0075970100525755624 -0.004676116565687425 0.0021658173599345917 -0.00032293964473883508 0.011782764546044171 0.00065338168276674741 0.00010411109557161237 0.0044415872471547562 -0.0057541567368218664 -0.0012023708928940301 -0.0013233654613855931 0.0022298009627938968
leaf_weight=1302.6988943559118 533.42371968505904 24.556770133785903 15.230494623072447 9.9241998204961401 16.728124242275953 11.241655604913833 10.355333419516681 12.289014127105473 5.1112067922949782 5.481541394256058 20.908003345597535 50.585812642239034 18.874971548095345 4.9888065699487951 19.721097399480641 134.36282002087682 16.409561765380204 239.19944271538407 18.739831405226141 10.940002899616955 26.01572799962014 23.011348649393767 38.467862566001713 27.444338612258434 3181.0669045229442 61.30899706762284 142.0848459568806 281.51932117436081 601.21435827389359 397.98943064920604
leaf_count=51813 10865 526 154 121 172 133 110 107 46 82 464 973 256 105 271 1982 179 3567 355 153 808 475 769 729 80323 672 6696 5794 13280 7279
internal_value=0 0.00100588 0.00139884 0.00678293 0.00967803 0.00109967 -0.00404995 0.00166629 -0.0124949 -0.00119496 -0.00245785 -0.00528642 0.00420292 0.00217969 0.00716646 0.0013701 0.000379122 0.00272517 -0.00184536 -0.000193488 1.01489e-05 0.00400317 0.00558246 0.00794461 -7.26358e-05 -0.00154897 -0.00432797 -5.74574e-05 0.000102275 0.000351638
internal_weight=7261.89 1168.13 1004.28 41.8828 31.9586 962.393 38.9972 23.5307 15.4665 163.857 139.5 90.2336 24.3565 49.2667 24.7099 923.396 549.833 373.562 69.3256 6093.76 4791.06 99.8636 88.9235 65.9122 4691.2 510.929 168.101 342.828 4180.27 3579.06
internal_count=189259 20468 17436 447 326 16989 396 240 156 3032 2694 1792 338 902 376 16593 11044 5549 1328 168791 116978 2126 1973 1498 114852 13970 7504 6466 100882 87602
is_linear=0
shrinkage=0.03


Tree=205
num_leaves=31
num_cat=0
split_feature=0 6 1 3 42 6 6 5 44 6 42 10 39 29 45 0 25 27 39 10 39 25 19 27 1 5 44 34 35 19
split_gain=1.43175 1.17759 1.30818 1.64702 1.33307 1.28552 1.31802 1.91062 1.54474 1.12566 1.89063 2.05497 2.20807 1.61676 1.61322 1.54938 2.70121 2.53857 2.02864 1.57509 1.81658 1.67009 1.11985 1.42202 1.60739 2.29846 1.33172 1.17586 1.26687 1.15719
threshold=0.031540110511550305 -0.12244669099768295 0.064216635388091095 15.877415732326872 0.088837634364592383 -0.021576103331597925 0.017462115809974924 0.0097222475221772093 -0.022930206889730052 0.052555301419301211 0.015079738062860764 -0.0067542237111061498 0.0045189230257067711 -0.0024109296374659004 0.00027247306179945473 -0.0025654536694125932 -0.70495853069733239 0.032737346345996961 1.0000000180025095e-35 0.0021330264130909179 -0.012715448008705893 -0.16350361641202041 1.5641394446426153 0.089059359455003706 0.055911777902981193 0.010101208412833131 0.050986978768418199 -0.041203100679241322 -0.0086984685961535597 0.73073260531243855
decision_type=2 2 2 2 2 2 2 2 2 2 2 2 2 2 2 2 2 2 2 2 2 2 2 2 2 2 2 2 2 2
left_child=9 2 3 -2 -4 -3 -7 -8 -9 22 11 12 -11 14 -13 19 18 -18 -17 21 -21 -12 26 24 25 -24 29 -28 -29 -1
right_child=1 5 4 -5 -6 6 7 8 -10 10 15 13 -14 -15 -16 16 17 -19 -20 20 -22 -23 23 -25 -26 -27 27 28 -30 -31
leaf_value=0.0002944664836191655 0 -0.0026091258220540424 -0.0041301054683448779 0.014438999454251774 0.0079737184941598149 0.0042894536732718718 -0.0055385212601826769 0.0042118504692515608 0.00042631863885588081 0 0.0011529105052323499 -0.0094866808025469845 0.012260308412114342 0.0032117417095309103 0.0010209818220149383 -0.0013639314650886619 0.00014823175618435404 -0.0026185438682566568 0.0036883144887157127 -0.0039204896226035036 0.0060209263699379624 -0.0021312374334744276 -0.0019163644426519559 -0.0058534825428343609 0.0091505367769829076 0.0076531507003037022 0.0017585878504706048 0.002024600413671385 -0.0084659226479720413 -0.00091575682292260592
leaf_weight=970.5783976148814 5.7879539160057929 85.384503136388958 16.692515091970566 15.233488596044479 8.0503146722912771 100.29594555590302 36.609338804148138 111.84778911527246 756.68070047069341 18.883657003752887 731.49214164633304 17.665372552350163 32.717989349737763 83.402991946786642 19.230733022093773 96.413868285249919 565.76690988987684 583.32691577356309 198.2205345518887 12.548952246084808 91.228605077601969 162.62494503287598 65.228334087878466 10.930024499073623 27.30811602063477 27.059853916056454 10.486336556263266 5.5245145726948968 46.85308479424566 2344.3517345990986
leaf_count=31930 73 2855 228 161 78 2284 828 1569 11686 333 13242 303 386 1214 301 2585 9625 10437 3183 286 1178 2609 1751 187 430 549 202 123 1402 87241
internal_value=0 0.000975436 0.00554116 0.0102541 0 0.000732099 0.00105704 0.000644309 0.000969475 -0.000181748 0.000281798 0.00327971 0.00806578 0.000747392 -0.00382565 5.21991e-05 -0.000562379 -0.00123556 0.00193976 0.000969639 0.00441805 0.000513683 -0.000535515 0.00208938 0.00326183 0.000830274 -0.000648754 -0.00486919 -0.00675658 -0.000552469
internal_weight=7258.43 1136.58 45.7643 21.0214 24.7428 1090.82 1005.43 905.138 868.528 6121.84 2613.52 171.901 51.6016 120.299 36.8961 2441.62 1443.73 1149.09 294.634 997.895 103.778 894.117 3508.32 130.526 119.596 92.2882 3377.79 62.8639 52.3776 3314.93
internal_count=189259 19762 540 234 306 19222 16367 14083 13255 169497 45682 2537 719 1818 604 43145 25830 20062 5768 17315 1464 15851 123815 2917 2730 2300 120898 1727 1525 119171
is_linear=0
shrinkage=0.03


Tree=206
num_leaves=31
num_cat=0
split_feature=8 26 8 43 26 19 5 29 36 39 19 27 8 31 26 5 31 40 8 31 43 28 32 35 38 39 38 39 11 31
split_gain=1.432 1.17611 2.25917 2.28697 2.09648 1.55555 2.33344 1.55136 2.29862 4.16411 2.37001 1.79905 1.44093 2.08427 3.54843 2.63276 2.49069 2.10062 2.01042 1.88257 2.18977 3.17562 1.86317 1.84325 2.08932 1.34877 1.21542 1.20297 1.15898 1.13074
threshold=0.40096575844821764 0.011026983234775441 0.47075309541247651 -0.66593545261250753 -0.012161458670163749 0.29203893737620251 0.034823076219375644 0.0090323113142375625 0.047771079247620606 0.025325546861937227 0.86177247890972419 0.026655248364624028 0.530310180273313 -0.002364105155124033 0.030161997416206999 0.043932498777868319 0.0032645968483940454 0.00098527547756692923 0.51871108800206422 0.0028368673281851985 -0.55754844007363047 0.76292710912647366 0.024390221032125826 -0.0025210172035528724 0.85725333154435124 0.013180076325269964 0.54672271199022593 0.013516099962713983 0.0076340326340326179 -0.1048846476832669
decision_type=2 2 2 2 2 2 2 2 2 2 2 2 2 2 2 2 2 2 2 2 2 2 2 2 2 2 2 2 2 2
left_child=29 2 3 4 -2 6 -5 8 9 -4 -10 28 13 15 17 22 -16 -15 -17 23 -21 -22 -3 26 -25 -7 -14 -13 -9 -1
right_child=1 12 7 5 -6 25 -8 11 10 -11 -12 27 19 14 16 18 -18 -19 -20 20 21 -23 -24 24 -26 -27 -28 -29 -30 -31
leaf_value=-0.0052624286494939131 -0.00080598219935966962 -0.0064675648311030946 -0.00013326137808645884 -0.012081981624435707 0.013693950903884974 0.0047778347697077107 0.0030401014307392571 0 -0.00063917210038934411 -0.0099728890448275709 0.009669510181001149 0.004462447227378495 -0.0070481341387294023 0 0.011938665989620439 -0.0096264280912897668 0.0011950134897471835 -0.0076500766858414067 0.0031795194433728476 0.005890693497126921 7.6268701684404586e-05 -0.0095288503671752366 0.0063140637681100018 0.0078749061666950095 -0.0049895850509716847 6.0735272276193305e-05 0.0051528487459751044 -0.0049489389671467862 0.012222301981936384 -0.00017781354576856719
leaf_weight=35.155386487022042 6.4526891447603694 9.8846118673682195 250.52374803926796 11.207090247422459 28.736654563806951 165.55592167843133 12.797929029911755 5.8138566538691547 33.348234748467803 42.338884901255369 30.807899411767721 20.314364049583673 14.610689260065557 81.468691359274089 20.784627247601748 65.443915341980755 123.60968527011573 54.240457057021558 6.7101977830752721 42.818580874241889 225.68266802746803 29.892309703864157 23.216433368623257 82.717320585623384 6.643226468935608 99.840978448279202 4.7288340032100669 18.622954580932856 21.368301116861403 5679.8242387743667
leaf_count=703 82 151 3112 123 273 2152 124 51 369 527 321 232 190 1262 262 1117 1710 862 88 437 2524 358 355 959 78 1144 47 199 183 169264
internal_value=0 0.00081036 0.00165959 0.00352651 0.0105191 0.00241014 -0.00385127 0.000132936 -0.000592298 -0.00180001 0.00421848 0.00423707 0 -0.00130251 0 -0.00479794 0.00329011 -0.00334714 -0.0079178 0.00124093 0 -0.00109331 0.00136199 0.0045258 0.00638689 0.00314817 -0.00238655 0 0.00948608 -0.000218909
internal_weight=7255.16 1540.18 747.73 324.591 35.1893 289.402 24.005 423.138 357.019 292.863 64.1561 66.1195 792.452 385.359 280.103 105.255 144.394 135.709 72.1541 407.094 298.394 255.575 33.101 108.7 89.3605 265.397 19.3395 38.9373 27.1822 5714.98
internal_count=189259 19292 8892 3898 355 3543 247 4994 4329 3639 690 665 10400 5807 4096 1711 1972 2124 1205 4593 3319 2882 506 1274 1037 3296 237 431 234 169967
is_linear=0
shrinkage=0.03


Tree=207
num_leaves=31
num_cat=0
split_feature=8 33 43 25 43 3 31 26 19 33 36 37 29 43 38 29 39 19 7 43 4 27 0 34 38 42 19 5 18 4
split_gain=1.36523 1.4257 1.55363 2.40402 1.37627 1.37367 1.50493 2.47613 1.86277 1.56572 1.77498 1.47771 1.3197 1.27072 1.20847 1.38895 1.29909 1.0778 1.07425 2.4089 2.40418 2.02914 1.80305 1.74912 1.5861 2.07526 1.86481 1.57611 1.38272 1.40962
threshold=0.40096575844821764 -0.66576777202887871 0.23990757011523736 -0.42899386287298863 0.8581361949041667 20.676183129792243 -0.017559587932493834 0.016220258705649759 1.0729119536745642 -0.50335808369290003 0.03559095678159676 0.034595847907677064 -0.017306406759831739 0.49219371554706554 1.719581677305053 -0.013161878260443929 -0.012939816954390384 1.0829066207216347 0.023254198685810672 0.11668453978612005 0.3525007895298638 0.053892219538276269 0.063513449760970578 0.058011165796649194 0.42344854674970561 0.024920119567970429 1.4813653802222644 -0.13026382641423798 -1.9484942156612226 -0.076397776604840914
decision_type=2 2 2 2 2 2 2 2 2 2 2 2 2 2 2 2 2 2 2 2 2 2 2 2 2 2 2 2 2 2
left_child=18 2 14 4 -4 6 7 12 -9 10 -8 -11 -3 -5 15 -2 -17 -7 23 22 -21 -22 24 -1 26 -26 -20 -23 -24 -30
right_child=1 5 3 13 -6 17 9 8 -10 11 -12 -13 -14 -15 -16 16 -18 -19 19 20 21 27 28 -25 25 -27 -28 -29 29 -31
leaf_value=-0.00074262684555051787 -0.00078115133557161976 0 0.010320522132191872 -0.011761088164793529 -0.0011270791474958625 0 -0.0068523330350924077 0.0024827901436880137 -0.010138054902974961 -0.00078240798939636241 0.0022444135501233837 0.001311682263170369 0.011735437525962195 0 -0.0026503425402028954 -0.00039002068899092338 0.0088939727908485238 0.011446541456893668 -0.00060829009171706866 0.0019112474908127954 0 0.0026486653337952728 -0.0038488230406399661 0.0080489316802610511 0.00089227431373344707 -0.0039155975293030344 0.0032546041321422801 -0.0085483886033280408 -0.002091700801959571 0.0063401431450142735
leaf_weight=2588.1137840771116 12.562997247092424 7.1768255084753028 17.179875825531784 10.668513167649506 7.7086107823997727 7.8793337028473642 54.32225648406893 35.930068843998015 8.8725303458049876 568.7901164162904 19.500324617139995 620.65947975870222 30.393994168378413 28.12727227434516 7.3635605946183196 8.4640335980802757 80.914705567993224 13.018760563805698 1319.0020266650245 952.82807228667662 204.98270016396418 7.3710119407623997 12.996944574639199 15.029508421197532 100.49401166150346 261.99053653562441 116.63345314376056 44.122096840292215 14.027036666870115 76.589653439819813
leaf_count=85713 133 106 176 120 87 90 752 470 167 7843 243 7346 367 285 71 116 799 121 39450 24410 5395 91 257 172 2588 6911 2532 973 222 1253
internal_value=0 0.000791431 0.0033442 0 0.00617577 0.000435392 0.000279399 0.00408759 -0.000181109 0 -0.00407887 0.000286097 0.00930606 -0.00483464 0.00544493 0.00640678 0.00772284 0.00732838 -0.000213735 0.000154718 0.0012062 -0.00128485 -0.000499589 -0.000665032 -0.000738058 -0.00250704 -0.000263431 -0.00632198 0.00320608 0.00468005
internal_weight=7253.71 1539.53 172.99 63.6843 24.8885 1366.54 1345.65 82.3734 44.8026 1263.27 73.8226 1189.45 37.5708 38.7958 109.305 101.942 89.3787 20.8981 5714.18 3111.04 1209.3 256.476 1901.73 2603.14 1798.12 362.485 1435.64 51.4931 103.614 90.6167
internal_count=189259 19292 1787 668 263 17505 17294 1110 637 16184 995 15189 473 405 1119 1048 915 211 169967 84082 30869 6459 53213 85885 51481 9499 41982 1064 1732 1475
is_linear=0
shrinkage=0.03


Tree=208
num_leaves=31
num_cat=0
split_feature=8 34 3 4 3 5 26 4 40 40 0 1 41 4 28 3 19 32 8 31 45 45 45 32 28 19 33 38 39 19
split_gain=1.37537 1.34437 2.11887 2.08179 2.8637 2.44231 3.1557 2.15237 1.94718 4.69796 2.02564 1.84596 1.75882 1.72451 1.66195 1.47397 2.37197 1.47232 1.4425 2.186 1.86075 1.39297 1.47383 1.35333 1.59541 1.34374 1.18259 1.0667 2.0171 1.22182
threshold=0.42639444488408546 -0.0036646317191173015 11.984072137940343 0.40647618276167746 16.999916483459312 0.12804900045015546 0.018622517941108026 0.94665289055772128 -0.00012636959433654321 0.00022465348747046344 -0.016949557813222934 0.071207412972603093 0.082006585372892127 -0.40375575403112046 -0.32278382485344531 18.380034352538939 0.68906358102860732 0.042301448128134973 0.51871108800206422 -0.0078032812434097988 0.011391508711943438 0.0015517498377210397 -0.0014022652661482584 0.017469955019746998 -0.78151546038633135 1.0231595503270281 0.33077189709624927 -0.80411599112725163 0.007407793655560011 0.85841930467456484
decision_type=2 2 2 2 2 2 2 2 2 2 2 2 2 2 2 2 2 2 2 2 2 2 2 2 2 2 2 2 2 2
left_child=27 3 11 4 18 6 -6 15 12 26 -11 23 14 -14 -4 16 -5 -17 19 -2 -20 22 -9 -3 -25 -7 -10 28 -1 -30
right_child=1 2 8 7 5 25 -8 21 9 10 -12 -13 13 -15 -16 17 -18 -19 20 -21 -22 -23 -24 24 -26 -27 -28 -29 29 -31
leaf_value=-0.0027714872424362477 -0.0018914048950304909 0 0.0025194289373606741 -0.014342430969081487 0.0021433060549773324 0.011470017184340856 -0.0087174436919966718 0 0.011843172024262435 0.0064900663123387461 0 0.0023081099705143777 0 -0.014665864412861539 -0.0019643008818089921 0.0082951734803104991 0 -0.0058764851595074219 0.010772427429299607 0.006866428702471652 -0.0017834180829138968 -0.002085139043842089 0.013826091419255596 0 -0.016011435907333466 -0.00020174733796711296 0.00046780722312185583 -8.4794114210737535e-05 0.0061335452171655085 -0.0013015691141527882
leaf_weight=311.59908029204234 38.318689676001668 4.9847745075821903 100.94031091313809 18.381125232204795 46.327079770155251 16.56092128157616 36.776130101643503 7.776937926188114 42.580427658744156 43.37618993036449 480.51036406774074 9.0971038620918971 6.2341018160805133 11.35249012801796 228.76141764223576 9.847237251698969 25.865158489905298 5.3109872359782448 69.879515610635281 48.53304448723793 6.2894374988973132 9.8638923177495581 11.73033839184791 4.7650327160954502 18.011628651060164 6.8169997986406079 17.395796065218747 5550.9375706873834 36.983830488286912 24.977596948854625
leaf_count=9566 547 53 1119 263 622 147 623 104 512 450 5773 87 55 133 2862 141 415 83 728 647 91 147 150 50 230 78 214 162037 734 598
internal_value=0 0.000871389 0.000251142 0.0024381 0.0037628 0 -0.00254442 -0.0012497 0.000574593 0.0016487 0.000636952 -0.00629603 -0.00114381 -0.00932769 -0.000484816 -0.00466386 -0.00736993 0.00161562 0.0062025 0.00278326 0.00932007 0.00445671 0.00873926 -0.00995317 -0.0126765 0.0075735 0.0092954 -0.000195644 -0.0017407 0.00281493
internal_weight=7250.79 1326.29 968.01 358.277 269.502 106.481 83.1032 88.7757 931.151 583.863 523.887 36.8585 347.288 17.5866 329.702 59.4045 44.2463 15.1582 163.021 86.8517 76.169 29.3712 19.5073 27.7614 22.7767 23.3779 59.9762 5924.5 373.561 61.9614
internal_count=189259 16324 11538 4786 3483 1470 1245 1303 11118 6949 6223 420 4169 188 3981 902 678 224 2013 1194 819 401 254 333 280 225 726 172935 10898 1332
is_linear=0
shrinkage=0.03


Tree=209
num_leaves=31
num_cat=0
split_feature=8 7 32 25 6 31 42 26 35 19 41 33 26 37 8 41 25 43 33 0 0 44 2 0 44 32 37 8 19 3
split_gain=1.42687 1.31964 2.4441 2.23666 2.07395 1.68746 1.84964 1.61694 2.93353 2.15455 3.41106 2.93075 2.05076 1.67108 1.56705 1.50485 1.36786 1.29833 1.20098 1.04356 1.47556 1.75148 1.56596 2.38613 1.92461 1.91377 1.61158 1.39399 2.46656 1.93566
threshold=0.42639444488408546 0.016550288457261829 0.01025642501192338 -0.13896569155278918 0.10140199436304488 -0.010911368261085935 0.013309671874968483 0.015560747118357083 -0.0031629281506603984 0.25408926382524755 0.040637630209693437 -0.27502999462307093 0.095262188174634527 0.021427905746132955 0.50764842163657409 0.00067054861750397035 -0.35898798944435167 0.22823983056953792 -0.25376332788861061 0.031540110511550305 0.010515364014138686 0.095242867933740663 -0.00087798324552426643 0.0015222523150170803 0.048031067298785618 0.015321462990767367 0.026333334198538918 0.26984714159359763 0.44242943470044233 16.823930229873202
decision_type=2 2 2 2 2 2 2 2 2 2 2 2 2 2 2 2 2 2 2 2 2 2 2 2 2 2 2 2 2 2
left_child=19 2 -2 5 16 -4 -7 9 13 10 -6 -11 -10 -9 15 -5 -3 -18 -16 20 22 -22 23 25 -24 -1 -26 -21 29 -29
right_child=1 4 3 14 7 6 -8 8 12 11 -12 -13 -14 -15 18 -17 17 -19 -20 27 21 -23 24 -25 26 -27 -28 28 -30 -31
leaf_value=-0.0030282665224546355 0.0092025568238959972 0 0.0053237173022762548 0.0040045319664692679 -0.0098507858405540976 0.0015411247067498748 -0.0063404330971551879 0.0035915312764893703 0.00018786370946566262 0.0064113253167379482 0.0064213219609918501 0.0011463825890011368 0.0078393743828361166 -0.0068624268006010737 0 -0.0086537356018859934 0.015938110599266614 0 0.010486420152331857 0.0017664377454885611 -0.0014351868736827303 0.010904055427632581 0.00098103537040968047 -0.0037468398064975251 0.0048617164760884814 0 -0.0083652138560507874 -0.00067454552886321367 -0.0023437447997957106 0.012022821859662299
leaf_weight=198.58877445105463 13.160639306530355 18.421808895654976 9.352447619661687 8.883955526165666 26.475582424551249 24.430939203128219 125.16126985382289 9.4064911408349854 434.79614670574665 141.69879784155637 11.873741034418343 335.79617926012725 29.959427963942289 72.334458289667964 12.262154096737502 12.123120488598941 15.031264921650292 4.841586396098136 20.240308806300163 493.51224640756845 1130.2608030303381 4.9778546616435042 1283.4754986348562 184.86221368005499 4.121823037043213 2366.4587061321363 30.690699941944331 12.811340767890217 197.24608092615381 16.2562341010198
leaf_count=8736 125 242 108 107 277 282 1713 133 5566 1632 107 4203 254 900 115 151 144 66 199 10678 32927 60 33916 5947 77 75965 599 175 3681 174
internal_value=0 0.000887552 -0.00111385 -0.00208777 0.00132813 -0.00392519 -0.00485097 0.001028 -5.85297e-05 0.00222621 -0.00396102 0.0028212 0.000823155 -0.00517588 0.00272639 -0.00240628 0.00788072 0.0125538 0.00672222 -0.000199309 -0.000351675 -0.00130719 -7.63931e-05 -0.000490394 0.00076312 -0.000237197 -0.00563171 0.000855548 -0.000996343 0.00626829
internal_weight=7249.51 1326.25 225.615 212.454 1100.64 158.945 149.592 1062.34 546.497 515.844 38.3493 477.495 464.756 81.7409 53.5095 21.0071 38.2947 19.8729 32.5025 5923.26 5203.44 1135.24 4068.2 2749.91 1318.29 2565.05 34.8125 719.826 226.314 29.0676
internal_count=189259 16324 2800 2675 13524 2103 1995 13072 6853 6219 384 5835 5820 1033 572 258 452 210 314 172935 158227 32987 125240 90648 34592 84701 676 14708 4030 349
is_linear=0
shrinkage=0.03


Tree=210
num_leaves=31
num_cat=0
split_feature=8 26 45 18 18 7 25 32 45 35 10 2 32 45 32 32 27 40 7 26 42 3 8 35 4 7 2 10 18 34
split_gain=1.31196 1.03101 2.19711 1.67711 1.78924 1.64392 2.69174 2.26453 2.30363 2.11417 1.98923 1.95263 2.76689 1.82267 1.71958 1.63819 1.60365 1.60339 1.37726 1.18596 1.0838 1.3231 1.23109 1.01743 0.986827 0.960106 1.21091 2.63862 1.67616 1.63802
threshold=0.40096575844821764 0.011026983234775441 0.0074535750744168959 -2.8773780644875031 0.89638070971723882 0.033130600489289216 -0.9507768975571359 0.047101745743735615 0.0018312718652271807 0.00032585824961531865 0.035463082695680777 0.0049789004920381772 0.020712257564416126 0.0059111873666295766 0.025500132737138994 0.091156904505705516 0.027522888304560834 -0.00026941850921032956 0.028262142856127156 -0.0019540780444050883 0.036156192854354736 16.495808434435499 0.4885150004267067 0.0019476033710275232 -0.49456660317419926 0.022234020722998623 -0.0022124005835336374 0.003021729786178371 0.70797063271975125 0.034191526096544467
decision_type=2 2 2 2 2 2 2 2 2 2 2 2 2 2 2 2 2 2 2 2 2 2 2 2 2 2 2 2 2 2
left_child=25 2 3 19 17 10 23 8 -8 -9 11 13 -13 -3 -12 -6 20 -5 -16 -2 21 -4 -22 -7 -18 26 27 29 -29 -1
right_child=1 5 16 4 15 6 7 9 -10 -11 14 12 -14 -15 18 -17 24 -19 -20 -21 22 -23 -24 -25 -26 -27 -28 28 -30 -31
leaf_value=-0.0010779503042439448 -0.0096543733322194056 -0.0033205212381666859 -0.00044039360287584503 0.00080194272333707387 -0.0048601242142997571 -0.012213794040460114 0.010512233639627498 0.0043411047072851741 0 -0.0018560463263002987 0.00084963717741333607 -0.0049810248950120616 0.0035937069498459119 0.0032874773314796606 -0.012087156252390667 0.0073079772166364538 0 0.0041942919611694376 -0.001165668397284753 0.00072069975778510885 0.001086174505344365 0.0097983398347412081 -0.012541250643068503 0 -0.0094623829969026022 0.00010961358885701295 -7.2253169350643481e-05 -0.0061903923806187304 0.003016767505010935 0.0051789535728418452
leaf_weight=809.20176757313311 13.11883626598865 191.83684129081666 16.232393283396963 230.09141088556498 46.01071996986866 10.723023593425749 49.099491213448346 81.15910343080759 24.115586815401912 105.36774598062038 20.125253420323133 34.918770560994744 170.75683269556612 37.848323124460876 29.326582772657275 6.1459822840988627 8.159964310936628 368.87699602078646 26.395216553471982 10.351068239659069 5.3255494274198991 13.20893986802548 4.7142925783991814 4.3487295238301149 28.812870332971215 3348.0554079515859 1371.626708346419 135.43809114117175 12.695065248757599 33.253230328205973
leaf_count=33010 159 2777 186 2724 596 134 526 809 275 1119 335 589 2454 501 499 55 90 4276 333 127 56 140 65 49 418 91485 39557 4724 518 673
internal_value=0 0.000776532 0.00156755 0.00214297 0.00246937 0 0.00186708 0.00272659 0.00706596 0.000726676 -0.000988198 -0.000113443 0.00191186 -0.00205696 -0.00532066 -0.00238754 -0.00296124 0.00295823 -0.00792973 -0.00470189 0.000639658 0.00403779 -0.00536003 -0.00844012 -0.00713932 -0.000209521 -0.000673791 -0.00147204 -0.00513269 -0.00076648
internal_weight=7247.34 1537.07 751.049 674.595 651.125 786.022 274.814 259.742 73.2151 186.527 511.208 435.361 205.676 229.685 75.8471 52.1567 76.454 598.968 55.7218 23.4699 39.4812 29.4413 10.0398 15.0718 36.9728 5710.27 2362.21 990.588 148.133 842.455
internal_count=189259 19292 8892 7937 7651 10400 2912 2729 801 1928 7488 6321 3043 3278 1167 651 955 7000 832 286 447 326 121 183 508 169967 78482 38925 5242 33683
is_linear=0
shrinkage=0.03


Tree=211
num_leaves=31
num_cat=0
split_feature=8 43 44 7 32 26 6 43 7 5 28 26 25 6 40 18 19 44 19 37 27 18 27 10 40 32 6 27 39 10
split_gain=1.44575 1.23804 2.32469 1.88566 2.80089 3.33733 2.23193 2.16133 1.81095 2.2271 1.76834 1.47555 1.38244 1.59652 2.54519 1.94555 1.51204 1.88618 1.89439 1.42663 1.16273 2.01478 2.00971 1.13998 1.07575 1.03125 3.32645 2.54107 1.00444 0.922322
threshold=0.40096575844821764 -0.66593545261250753 -0.0072293488251652235 0.021273795487595715 0.031168841077135759 0.038427507637324956 0.088638960997661567 -0.80443998388651738 0.029069800394552835 0.018636012476549117 -0.15274265943997009 -0.0051558885805523509 -0.33559427650418788 0.090176593548982678 -0.0010345272937541071 0.18828843256090486 0.70904587006966169 0.069323544398419965 1.2669013524007162 0.035182263454430186 0.060975572831241734 -0.31157928184192729 0.026225499004597096 0.0026636337825211294 1.0000000180025095e-35 0.054330084070908093 0.26243853703836711 0.054347850225836596 0.00064217940624838161 0.0061185602360936528
decision_type=2 2 2 2 2 2 2 2 2 2 2 2 2 2 2 2 2 2 2 2 2 2 2 2 2 2 2 2 2 2
left_child=-1 2 8 6 28 -6 23 -8 9 -2 11 -10 16 14 29 -16 20 19 -19 -18 22 -22 -3 -4 -12 26 -15 -27 -5 -14
right_child=1 12 3 4 5 -7 7 -9 10 -11 24 -13 13 25 15 -17 17 18 -20 -21 21 -23 -24 -25 -26 27 -28 -29 -30 -31
leaf_value=-0.00021991732683348752 0.006743060083300197 0.006773149784874353 0.012406004541063222 0.0037855824242196347 0.01664647745478634 0 -0.010604361337871543 0.0038719859040313607 0.0037103503546719119 -0.0094619915979679507 0 -0.010461898373704426 -0.002362702588958856 -0.00018400697419541364 0.0028740375253232448 -0.0092087173281619177 -0.0004783275968254053 -0.010138047164627489 0.003118933489690463 0.0023298214526768311 -9.0874858264604742e-05 0.01158672816946746 -0.00092213491173405156 0 0.012336356950275797 0.0024667609175695244 0.0080529866208128471 -0.0045657270730494583 -0.008504053400172051 -0.016872819788279987
leaf_weight=5709.4991922308691 3.8621219471097019 41.14949606731534 10.758327892050149 4.918951250612734 34.779221531003714 14.513495551422237 15.910148351453246 9.2288471926003677 6.2651881966739893 27.154560493305326 6.180661121383312 7.3173801694065315 15.51771203055978 256.46802274696529 40.710224914364517 11.195993377827106 283.53271743282676 22.999083337374035 7.5735350670292965 333.3797795586288 12.977154008112846 32.047750165686011 72.682838378474116 9.8635129109024984 13.329696521162985 67.161732215434313 46.770202973857522 110.30435475986451 6.1883812621235847 11.378759600222109
leaf_count=169967 32 406 81 59 311 143 206 106 52 404 67 85 179 3402 470 138 4307 265 73 4249 153 339 943 103 127 774 408 1182 65 163
internal_value=0 0.000815457 0.00322181 0.00589197 0.00920868 0.0121535 0.000447349 -0.00453382 -0.000872062 -0.00595525 0.00326099 -0.00307091 0.000482933 -0.000624003 -0.00444621 0 0.00128711 0.000575816 -0.00603385 0.00099749 0.00389712 0.00794861 0.00177513 0.00739028 0.00862027 0 0.00109913 -0.00174521 -0.00171336 -0.0111245
internal_weight=7245.62 1536.12 170.27 106.161 60.4 49.2927 45.7608 25.139 64.1096 31.0167 33.0929 13.5826 1365.85 559.507 78.8027 51.9062 806.342 647.485 30.5726 616.912 158.857 45.0249 113.832 20.6218 19.5104 480.704 303.238 177.466 11.1073 26.8965
internal_count=189259 19292 1841 1074 578 454 496 312 767 436 331 137 17451 6716 950 608 10735 8894 338 8556 1841 492 1349 184 194 5766 3810 1956 124 342
is_linear=0
shrinkage=0.03


Tree=212
num_leaves=31
num_cat=0
split_feature=8 43 44 31 35 7 5 37 43 0 31 32 7 29 44 36 35 25 6 1 5 28 7 43 28 10 5 28 32 32
split_gain=1.35895 1.01605 1.71752 1.6132 1.57341 1.55164 2.1033 1.59707 1.35165 1.70592 1.46461 1.33448 2.32995 1.82581 1.06103 2.33282 1.94295 1.56665 1.46004 1.31967 1.13938 0.967664 0.924397 1.86928 1.64742 1.88226 1.84683 1.86183 1.69895 1.49647
threshold=0.40096575844821764 -0.66593545261250753 -0.0072293488251652235 0.095262188174634527 0.00053727833841989592 0.029069800394552835 0.018636012476549117 0.081395372234114916 -1.0218298122281391 -0.0031614076597569533 0.02711590448825946 0.032558097030049298 0.012812474818653588 0.0016228525628640994 -0.012306600533312546 0.027702631150817388 -0.0036148808161586368 -0.11118678226751065 0.12975182315629277 0.056476673194938508 0.074897775988766915 -0.54796410472173551 0.022234020722998623 0.11668453978612005 0.4919166843281691 -0.020187384963607464 -0.047969615703948247 -0.29637722059865451 0.083145067123491942 0.10032167111396935
decision_type=2 2 2 2 2 2 2 2 2 2 2 2 2 2 2 2 2 2 2 2 2 2 2 2 2 2 2 2 2 2
left_child=22 2 5 14 -5 6 -2 -7 11 -10 -11 12 -4 -13 15 16 -3 18 -16 -17 -19 -8 -1 24 26 29 27 -24 -28 -26
right_child=1 3 8 4 -6 7 21 -9 9 10 -12 13 -14 -15 17 19 -18 20 -20 -21 -22 -23 23 -25 25 -27 28 -29 -30 -31
leaf_value=-0.00066924927176647815 0.006868551597291119 0.012054604679156236 0.0053035267831651779 0 -0.012632035247275332 0.0069180178330210135 0 -0.0054196647287452901 -0.00032869298467122596 0.012606575865466554 0 0.012541928140571141 -0.011710559579942586 -0.00040244187044634436 -0.00087741350831595526 -0.005428304721973148 0.0026015125612233688 -0.0043644156867480091 0.0015948262830023053 0.0020164552373610083 0 -0.011021981505881073 -0.0013802171957468978 0.00099380312012529721 -0.0083594914399897462 -0.0010264468843604211 -0.00022153479476823417 0.0033639356706152584 -0.0038793432501002664 0.0037875073223805245
leaf_weight=2358.5537679400295 3.8605331629514721 24.688393749296665 6.1583894789218929 13.336507668718697 11.357000992633401 26.391058831475675 3.8834055541083279 6.6126789748668662 11.012390613555906 39.94424972590059 11.403858333826063 10.081740740686657 11.462641748599706 15.933561610057948 300.15749354567379 35.746260018087924 116.94224685337394 96.624313781969249 645.67520956415683 33.833010289818048 88.294416358694434 22.60607983730733 94.380099834408611 1301.2132873479277 60.260006501805037 227.9168967125006 1305.3240155652165 233.15642460016534 123.36045391159132 4.0350558860227457
leaf_count=78482 32 282 57 123 139 259 56 72 123 393 120 82 137 162 4062 518 1724 1219 8057 399 928 348 2543 33538 2085 6420 38437 5731 2666 65
internal_value=0 0.000790617 0.00298381 0.000487088 -0.00634116 -0.000505087 -0.00533951 0.00326881 0.00526819 0.0079814 0.0101671 0.000352034 -0.00458016 0.00485985 0.00065808 0.00260043 0.00480879 0.000259009 0.000778228 -0.00151353 -0.00218933 -0.00887949 -0.000213251 9.9403e-05 -0.000455168 -0.00252479 -8.75869e-05 0.00190649 -0.000570723 -0.00694595
internal_weight=7244.21 1536.01 169.351 1366.65 24.6935 63.3538 30.35 33.0037 105.997 62.3605 51.3481 43.6363 17.621 26.0153 1341.96 211.21 141.631 1130.75 945.833 69.5793 184.919 26.4895 5708.2 3349.65 2048.43 292.212 1756.22 327.537 1428.68 64.2951
internal_count=189259 19292 1841 17451 262 767 436 331 1074 636 513 438 194 244 17189 2923 2006 14266 12119 917 2147 404 169967 91485 57947 8570 49377 8274 41103 2150
is_linear=0
shrinkage=0.03


Tree=213
num_leaves=31
num_cat=0
split_feature=8 26 8 37 3 39 6 2 42 45 6 45 32 28 44 19 26 34 19 31 3 8 38 39 10 19 37 6 25 37
split_gain=1.23132 0.929145 2.35265 1.64363 2.19318 2.2199 1.77038 1.88346 1.62184 3.22663 2.60744 2.31487 2.05678 1.73412 1.59244 1.55374 1.27921 2.35215 3.43338 2.75785 1.91649 1.80871 1.67174 2.85637 3.80881 2.19991 2.41309 1.94194 1.5842 1.17915
threshold=0.40096575844821764 0.011026983234775441 0.47075309541247651 0.076568051174223314 15.014466850592258 -0.0092736587243499521 0.14151175429335475 0.00830410820099051 0.044000026702880869 1.0000000180025095e-35 0.19478734296127523 -0.0035191973999813861 0.034612161304158721 0.78384928972352352 0.016300184557099921 0.69933018284796467 0.081551540266140768 -0.0031906475165658721 1.0231595503270281 0.019746681891096202 17.299203206016813 0.4885150004267067 0.054694950346405598 0.0051053568426902259 -0.017900668004071293 1.0665492706021591 0.036202143176096081 0.15989304936190898 -0.74954548304595081 0.075115204594791443
decision_type=2 2 2 2 2 2 2 2 2 2 2 2 2 2 2 2 2 2 2 2 2 2 2 2 2 2 2 2 2 2
left_child=-1 2 3 6 -5 -6 14 -8 10 11 12 -10 -4 -11 -2 -12 22 18 29 21 -21 -19 23 28 -25 26 -24 -27 -3 -18
right_child=1 16 8 4 5 -7 7 -9 9 13 15 -13 -14 -15 -16 -17 17 19 -20 20 -22 -23 25 24 -26 27 -28 -29 -30 -31
leaf_value=-0.00020296780684503127 0.003685625389366785 0.0042811828145822919 0.0018879722581818209 0.0085134897527608701 0.0046388257264509125 -0.011406559727194994 0.0014577641035475502 0.010873025286355026 -0.0041431009765999201 -0.0072421736006575664 0 0.0066878470351496751 -0.0041887376974897696 0.0053998261570120691 -0.0021662162767201345 0.0095546178634380498 0.018065904209743057 0.0013619545009465098 -0.0043372723589024127 -0.0020514519578755061 0.0065640789870452364 -0.014301078906449943 -0.0051122107851197729 -0.007242312216355031 0.0056198814948576967 0 0.0012233743360450921 -0.011282314620928827 -0.0025740695397524303 0
leaf_weight=5706.6216948730871 152.54194725118577 28.946607685647905 135.8355878777802 5.5419367197901037 4.935540918260819 19.5755555415526 42.119956427253783 57.110741410404444 21.633053876459599 84.945034597069025 21.193343357183039 40.034028858877718 72.086847165599465 4.5571452472358933 46.305374252609909 41.902292898856103 16.522779434919364 4.4662520466372397 7.0071321353316298 32.467845477163792 45.459056916646659 12.0416555237025 73.24318262655288 17.88250126875937 140.53676637914032 23.096622353419662 159.63457677699625 34.728699130006135 180.68126709759235 7.5861673932522526
leaf_count=169967 1857 451 1577 60 52 253 514 658 232 1025 235 427 972 36 504 490 148 56 94 322 437 162 1133 231 1526 467 1876 558 2862 77
internal_value=0 0.000752962 0.00150425 0.00338917 -0.00241019 -0.00692056 0.00410298 0.00742604 0 -0.00242656 0.00139884 0.00241254 -0.00012682 -0.00602939 0.00215604 0.00650715 0 0.00274292 0.0092634 0 0.00270544 -0.0093371 -0.000504717 0.000776182 0.00380724 -0.00221357 -0.000708708 -0.00725778 -0.00141 0.014313
internal_weight=7241.24 1534.62 750.318 328.131 30.053 24.5111 298.078 99.2307 422.187 151.169 271.018 61.6671 207.922 89.5022 198.847 63.0956 784.301 125.551 31.1161 94.4348 77.9269 16.5079 658.75 368.047 158.419 290.703 232.878 57.8253 209.628 24.1089
internal_count=189259 19292 8892 3898 365 305 3533 1172 4994 1720 3274 659 2549 1061 2361 725 10400 1296 319 977 759 218 9104 5070 1757 4034 3009 1025 3313 225
is_linear=0
shrinkage=0.03


Tree=214
num_leaves=31
num_cat=0
split_feature=0 6 25 35 41 45 0 11 19 18 2 44 31 34 34 32 41 29 28 0 45 39 39 4 8 19 18 2 28 8
split_gain=1.17554 1.18387 1.2586 2.08088 1.40991 1.24556 1.24134 1.30545 1.1593 2.25724 2.23257 3.56034 2.09412 2.7295 2.03418 2.26008 1.81594 1.73072 1.54114 1.42836 1.86427 2.05816 3.04871 1.7085 1.7069 1.73126 1.39069 1.69831 1.34855 1.33942
threshold=0.031540110511550305 -0.12244669099768295 -1.0695874146732243 0.00022465348747046344 -0.020329437865506762 0.00052093207626079292 0.043034793946518914 0.36542009055844377 0.48234580100212493 0.76359254941971733 0.0049789004920381772 0.023477136750211368 0.00086245062058008164 0.063007402337856219 -0.019847639671623573 0.032031234563327411 0.067911349879143088 -0.043460681101799056 -0.29637722059865451 0.011026983234775441 -0.0086815185221300138 0.017483775852066796 0.021821739282937114 -0.13962418422467768 0.69147688562213871 0.50814711824395498 -0.10116920320536874 0.011158816475255231 -0.33973969565397327 0.20229665444884073
decision_type=2 2 2 2 2 2 2 2 2 2 2 2 2 2 2 2 2 2 2 2 2 2 2 2 2 2 2 2 2 2
left_child=8 6 3 -3 -5 -6 -2 -8 9 10 11 17 28 -14 18 -16 -13 -1 -11 24 26 23 -23 -22 25 -10 27 -21 -12 -27
right_child=1 2 -4 4 5 -7 7 -9 19 14 12 16 13 -15 15 -17 -18 -19 -20 20 21 22 -24 -25 -26 29 -28 -29 -30 -31
leaf_value=0.0087641702887197338 0.01047066914128161 0.0028947982705436271 0.00087544672407963663 0 0 -0.017430516033868765 -0.0067752081682996238 0.004930997561519935 -0.0051713292323391702 0.0056639136582389794 -0.0053507021603662669 -0.0086343152518650323 0.0063316013658399574 -0.008236012793359929 0 0.010020364813206036 0.00038972038288406693 -0.00015804184031822669 -0.0076309034637981298 -0.0013456329463536006 -8.8792170022650106e-05 0.0064303384801805575 -0.0010107539041830811 -0.0031541894532445217 0.007264419636706162 -0.00044300410601667481 0 0.010467635742251092 0.0015186467773669883 0.00070625268603829398
leaf_weight=15.401671258267013 18.92495577223599 15.301799689419566 1050.0316965654492 6.5919785201549557 8.8280433854088205 11.02153616119176 8.246645121835174 18.312492977827787 55.106545400805771 6.4935283912345794 30.122946380637586 65.149380654096603 124.08468442084268 6.7224487122148266 22.284292744006962 58.514034454710782 18.972271067090333 382.03863506345078 14.30043607810512 8.9958407850936037 251.38294660206884 58.988369594328105 201.28537124115974 609.72798807593063 23.346100991591811 2581.1020124349743 53.065022305585444 26.50537006277591 86.521392249967903 1401.7742390972562
leaf_count=266 214 298 18366 133 187 238 147 179 1614 133 562 1196 1847 71 594 883 262 9905 322 224 6933 1074 3630 19057 229 92901 1297 526 1676 24295
internal_value=0 0.000883332 0.000641224 -0.00407214 -0.00887727 -0.0122791 0.00546143 0 -0.000165222 0.000863291 0.000222215 -0.000922213 0.00254236 0.00508638 0.00495591 0.00711486 -0.00635479 0.00021776 -0.00202301 -0.000333637 -0.00123736 -0.00158806 0.000652018 -0.00229963 -5.58313e-05 -0.000114506 0.00272998 0.00693692 -0.000155731 -3.06217e-05
internal_weight=7239.14 1137.26 1091.78 41.7434 26.4416 19.8496 45.4841 26.5591 6101.89 830.606 729.013 481.562 247.451 130.807 101.592 80.7983 84.1217 397.44 20.794 5271.28 1209.95 1121.38 260.274 861.111 4061.33 4037.98 88.5662 35.5012 116.644 3982.88
internal_count=189259 19762 19222 856 558 425 540 326 169497 17717 15785 11629 4156 1918 1932 1477 1458 10171 455 151780 32741 30694 4704 25990 119039 118810 2047 750 2238 117196
is_linear=0
shrinkage=0.03


Tree=215
num_leaves=31
num_cat=0
split_feature=2 25 31 11 43 31 7 34 43 44 7 33 19 6 11 40 32 33 43 6 42 2 39 45 10 25 28 31 42 10
split_gain=1.16082 2.18463 2.23803 1.88572 2.513 2.45713 1.68493 1.60188 1.82741 1.56215 1.91664 1.51873 1.6783 1.51701 1.51105 2.50194 1.67985 1.35768 1.45453 1.28488 1.93449 1.7298 2.42927 2.14075 1.69449 2.33853 1.52715 1.24249 2.47082 1.84228
threshold=0.02773635037209693 -0.17763545878852574 -0.026267973333665151 0.45514003018614796 0.41544150596492818 -0.010911368261085935 0.024637993801358737 -0.015191299195134641 0.41544150596492818 0.01226513261317449 0.026724217164956095 1.0618441555429581 1.2669013524007162 0.0813796074817731 0.48726062966569306 0.00036926412333443859 0.030505309097054113 -0.3707674017092159 0.17269510817968484 0.052555301419301211 0.015079738062860764 0.023560955168933424 -0.041155441271908517 -0.0031670167451108024 -0.010750934166459883 -0.59514912154289978 0.98114421304512967 0.033057391013000738 0.027472498152759272 0.039733341439201306
decision_type=2 2 2 2 2 2 2 2 2 2 2 2 2 2 2 2 2 2 2 2 2 2 2 2 2 2 2 2 2 2
left_child=3 7 -3 19 5 -5 17 8 9 10 -2 14 -13 -10 16 -16 -9 -4 -19 -1 24 22 -22 -23 25 -21 -26 28 -8 -29
right_child=1 2 6 4 -6 -7 27 11 13 -11 -12 12 -14 -15 15 -17 -18 18 -20 20 21 23 -24 -25 26 -27 -28 29 -30 -31
leaf_value=-0.0004622585457531077 0.0070770285632867757 -0.0037329096230530774 0.006928206350394356 0.00045838414685441106 0.0030315112921798907 -0.0092721778819612709 -0.00085369766761330345 -0.0024535359520091067 0.0012572561954775311 0.0083739185509064049 -0.00076257755871878983 0.0074905218112135147 -0.0049980239014485606 -0.0091712352621030179 -0.0083383652909858746 0 0.0010835940798855251 0.00082343711963361573 -0.0091494082246803849 -0.0025392383697829504 -0.0061694821563415513 0.0043009882112988078 0.00051653288758550801 -0.0060679891231494119 0.0026998791124142221 0.012141037451938562 -0.0068591551626445762 -0.0070536200482819462 0.010631203928457162 0.0050827970447513337
leaf_weight=3453.7634066920727 34.226547948084772 24.75896804779768 14.415481994859872 26.0200618468225 27.450388846918941 64.620938669890165 14.499683457426725 179.1510980729945 21.962061555124819 48.791901090182364 78.343794143758714 35.288441292010248 5.9002854498103252 14.528275393880902 53.936552594415843 70.412721697241068 341.89623848581687 27.351976876147091 13.839714695699511 7.0931932711973777 44.485752732492983 15.854789318516849 2264.9198788767681 73.216936118435115 116.04785851296037 31.637400976382196 11.063073256053029 9.8342031296342594 76.250553380697966 33.670375994406641
leaf_count=122330 833 345 221 490 392 1114 231 4412 457 749 1718 469 91 276 760 936 6188 451 229 118 1115 270 39771 1552 1780 406 164 143 954 294
internal_value=0 0.000895587 0.00358234 -0.000161008 -0.00384223 -0.00628725 0.00476155 0.000193406 0.00255999 0.0039943 0.00156546 -0.000458768 0.00470464 -0.00277655 -0.000868054 -0.00377777 -8.73051e-05 0 -0.00250548 -8.06623e-05 0.000421515 0.00018817 0.000361729 -0.0037729 0.00351638 0.00878352 0.00141272 0.00652806 0.00853412 0.00127656
internal_weight=7235.23 1099.06 214.621 6136.17 118.091 90.641 189.862 884.438 197.853 161.362 112.57 686.585 41.1887 36.4903 645.397 124.349 521.047 55.6072 41.1917 6018.08 2564.32 2398.48 2309.41 89.0717 165.842 38.7306 127.111 134.255 90.7502 43.5046
internal_count=189259 19757 2868 169502 1996 1604 2523 16889 4033 3300 2551 12856 560 733 12296 1696 10600 901 680 167506 45176 42708 40886 1822 2468 524 1944 1622 1185 437
is_linear=0
shrinkage=0.03


Tree=216
num_leaves=31
num_cat=0
split_feature=0 42 43 39 36 4 4 25 39 34 4 4 43 34 32 28 2 45 36 38 36 27 1 0 43 7 0 19 8 2
split_gain=1.3585 2.31662 1.4078 1.8248 2.61706 1.70591 1.27928 1.79234 1.17374 1.85382 1.51976 1.12849 2.3993 2.01747 1.9596 1.37233 1.06516 1.27065 1.1236 1.1622 1.05174 1.45077 0.979422 0.976394 2.11438 1.91911 1.79364 1.21922 1.64468 1.53759
threshold=0.093640722447759964 0.077956976016730503 -0.23370787502435417 0.039764192658692292 -0.033336442262354361 0.72287153570739282 -0.74186035903577252 -0.80011840609004303 -0.011499729132865313 0.068976036528765522 0.83143186311113226 0.98096740230274293 0.41544150596492818 -0.0058079862634783557 0.02012910434194674 -9.9411349836180687 -0.067175874511702247 0.0021564145774948368 -0.090187754220383928 0.44213079673449768 0.047771079247620606 0.029059842970047312 0.019093060651771163 0.031540110511550305 0.88572216532022729 0.02626736878368835 0.036518927974948344 0.80196747531052848 0.69147688562213871 0.0049789004920381772
decision_type=2 2 2 2 2 2 2 2 2 2 2 2 2 2 2 2 2 2 2 2 2 2 2 2 2 2 2 2 2 2
left_child=11 2 8 4 -4 -6 -3 -8 -2 10 -10 16 13 15 -14 -13 17 18 -1 -20 21 -15 -16 27 25 -25 -26 29 -29 -18
right_child=1 6 3 -5 5 -7 7 -9 9 -11 -12 12 14 20 22 -17 23 -19 19 -21 -22 -23 -24 24 26 -27 -28 28 -30 -31
leaf_value=-0.0039601440950878322 -0.0021946782872743417 -0.0017890599702671656 0.0060718270420294347 0.0044190251464248879 -0.012367184379220644 0 0 0.011303781600137366 0.013019364037719557 -0.0035688537828259172 0 0.010503618569340779 0 -0.00099793618596195227 0.00049066061426087943 0.00092894006432344518 -0.00015900211256874672 -0.0012467669717295708 0.0079095394466155468 0 0.0045248084605972018 -0.0076657859104798092 -0.0099615282744863389 0.0024908880117196822 -0.0021463049529560152 -0.00059829945568044688 0.0088900631893315141 -0.00058357356226696236 0.0061427574967239983 0.0015210870061103264
leaf_weight=4.3014965094625941 11.623354842886327 5.3965834863483897 8.5289092054590565 17.463450934737921 28.070511586032808 20.087962177582085 10.323551245965062 42.015147910453379 22.565087804570798 6.3582758959382764 8.6112349368631822 13.633768352679906 24.691794296260923 125.57006210787222 2.6846449840813866 91.252611388918012 1462.2441511922516 33.50436934363097 58.150445043575019 15.794407384935765 11.144162130542098 41.272865087259561 53.771348706912249 270.32597933523357 10.353561076335607 499.53883655043319 45.614124123007059 3547.3435896388255 27.349984925240278 713.45781782828271
leaf_count=70 159 54 113 170 389 291 141 396 225 67 110 269 705 3296 66 2369 39922 612 946 262 136 965 1278 5342 175 8854 615 106134 278 14850
internal_value=0 0.00253042 0 -0.00241725 -0.00519707 -0.00814054 0.00722653 0.00875427 0.00385426 0.00647054 0.00955757 -6.67097e-05 -0.00168271 -0.000232166 -0.00608397 0.00286782 1.79569e-05 0.00286104 0.00494958 0.00606588 -0.00225136 -0.00299703 -0.00897686 -2.79345e-05 0.000927925 0.000456778 0.00634778 -0.000171108 -0.000515222 0.000380401
internal_weight=7233.04 181.044 123.309 74.1508 56.6874 48.1585 57.7353 52.3387 49.158 37.5346 31.1763 7052 364.021 282.873 81.1478 104.886 6687.98 111.751 78.2463 73.9449 177.987 166.843 56.456 6576.23 825.833 769.865 55.9677 5750.4 3574.69 2175.7
internal_count=189259 2115 1524 963 793 680 591 537 561 402 335 187144 9084 7035 2049 2638 178060 1890 1278 1208 4397 4261 1344 176170 14986 14196 790 161184 106412 54772
is_linear=0
shrinkage=0.03


Tree=217
num_leaves=31
num_cat=0
split_feature=0 6 43 4 3 19 18 2 44 26 40 3 41 44 2 2 40 8 19 38 31 1 40 34 3 32 41 34 18 6
split_gain=1.22906 1.26497 1.20262 1.22106 1.32256 1.16507 1.91276 2.07766 3.16922 2.11868 2.23323 1.88645 1.65048 1.59962 1.32146 1.87314 2.3661 1.70205 1.58842 1.38319 1.30287 1.28434 1.28408 1.60009 1.19501 1.18709 1.9094 1.1589 1.13106 1.12485
threshold=0.031540110511550305 -0.12244669099768295 -0.61449569456665631 0.70437148462245347 15.277179169407312 0.48234580100212493 0.76359254941971733 0.0049789004920381772 0.023477136750211368 -0.012912724140052083 -0.00069796274435349388 17.019971018854623 0.067911349879143088 0.020238018716732208 0.0069449290592245366 0.0049789004920381772 0.002267636833450758 0.69147688562213871 0.50814711824395498 0.32373978896874617 0.073003820064025379 0.030191474626413153 0.0090456825759031335 -0.00098276257181188396 18.8565505972153 0.032031234563327411 -0.015683307257671735 0.0212719279364805 -0.085120867623733124 -0.021576103331597925
decision_type=2 2 2 2 2 2 2 2 2 2 2 2 2 2 2 2 2 2 2 2 2 2 2 2 2 2 2 2 2 2
left_child=5 2 -2 4 -4 6 7 8 13 28 -11 25 -10 -1 15 17 -17 18 -7 22 24 -19 -16 -24 -21 -8 -27 -13 -9 -3
right_child=1 29 3 -5 -6 14 11 9 12 10 -12 27 -14 -15 19 16 -18 21 -20 20 -22 -23 23 -25 -26 26 -28 -29 -30 -31
leaf_value=-0.00011065080405743566 -0.0028489100198530386 -0.0024585497597401757 -0.00042001181897245786 -0.0011911460413336662 0.011607182904442404 -0.0055257436414578118 0 0.0010988204551939302 -0.0082383179751081906 0 0.0061161845426519158 -0.0055744015202564235 0.00033451344548565107 0.0090102000298696739 -0.0020639016878839333 0.0044082491125956025 -0.0019163383270513392 -0.00082424920333571631 -0.00020191046373759208 0.00014789372683251208 -0.0087735926978826668 0.010688473242829243 0.0049616899508786519 -0.0018906004661198646 0.0061660581141915081 0 0.011844957960646144 0.004587349035833934 -0.006984517808607993 0.0009590703338116861
leaf_weight=384.31383085809648 5.2034606821835032 85.943314337637275 4.257517682388424 5.0735938362777224 31.179561702534556 46.791415794752538 18.174793997313827 20.616374012082815 63.682544005103409 74.572836568579078 130.95916998200119 18.720816213171933 18.958871054463089 12.913596818223594 925.60407129768282 169.20932848704979 65.570789387449622 6.0410458836704519 3562.2958741285838 322.56644210871309 7.936871886253356 17.421952832490206 51.317823766730726 55.550994222052395 29.293442565016448 11.827383414842187 43.101590639445931 10.7682794095017 23.556800484657288 1007.2163634197786
leaf_count=9931 57 2855 61 75 347 1477 485 404 1196 1190 2093 465 262 240 25847 4031 1581 68 107445 7731 118 158 1339 1315 670 223 625 134 469 16367
internal_value=0 0.000902359 0.00561947 0.00755988 0.00954704 -0.0001693 0.00086043 0.000264018 -0.000844531 0.00248691 0.00382239 0.00461352 -0.00602243 0.000219595 -0.000338584 -4.47234e-05 0.00251364 -0.000221551 -0.000286783 -0.00113029 0.000401313 0.0070462 -0.00169231 0.00120636 0.000812365 0.00712228 0.00916179 -0.000866789 -0.00287367 0.000653091
internal_weight=7230.64 1138.87 45.7141 40.5107 35.4371 6091.77 832.167 729.574 479.869 249.705 205.532 102.593 82.6414 397.227 5259.6 3867.33 234.78 3632.55 3609.09 1392.27 359.797 23.463 1032.47 106.869 351.86 73.1038 54.929 29.4891 44.1732 1093.16
internal_count=189259 19762 540 483 408 169497 17717 15785 11629 4156 3283 1932 1458 10171 151780 114760 5612 109148 108922 37020 8519 226 28501 2654 8401 1333 848 599 873 19222
is_linear=0
shrinkage=0.03


Tree=218
num_leaves=31
num_cat=0
split_feature=8 5 38 33 32 4 40 31 34 10 26 43 6 38 10 44 39 27 1 31 37 10 34 40 32 31 3 8 10 26
split_gain=1.09703 1.39676 1.24248 1.22488 1.51078 1.65178 1.1904 1.07213 1.44907 3.16438 2.21201 1.61358 1.3766 2.07841 1.34708 1.34988 1.54821 1.0159 1.62794 1.01308 0.918449 0.917382 2.60098 2.53214 2.42932 1.80848 1.80193 1.33036 1.29674 1.26087
threshold=-0.02256631097260715 -0.02693106231457398 0.85725333154435124 0.44209460274695461 0.049837318496035003 0.38345424593166128 -0.0065302758329785241 -0.1048846476832669 -0.023417499022283215 -0.017041589428249852 0.0095549790193264206 0.88572216532022729 -0.12655726068433579 -0.3646450719788969 -0.043521082732784398 -0.041106980823096724 0.019727268483182545 0.025096500892492258 0.020594867590502119 -0.035153795538879408 0.071141496359350478 -0.020938082436537865 0.085113893986072289 -0.004018921083295106 0.054845863602589848 0.023545289790616344 18.098780124482499 0.42639444488408546 -0.019510689978630407 -0.021154876276636297
decision_type=2 2 2 2 2 2 2 2 2 2 2 2 2 2 2 2 2 2 2 2 2 2 2 2 2 2 2 2 2 2
left_child=7 2 3 4 6 -6 -2 -1 9 10 11 -9 13 -11 15 -10 -17 18 -16 -14 -19 22 23 25 -25 -3 27 -24 -23 -30
right_child=1 21 -4 -5 5 -7 -8 8 14 12 -12 -13 19 -15 17 16 -18 20 -20 -21 -22 28 26 24 -26 -27 -28 -29 29 -31
leaf_value=-0.0064139698623154554 0.010168217599604273 -0.00067668184401678175 -0.0051011508775646759 -0.0017297829786482477 0.0092542762947998534 -0.0017464104058952674 0 0.0086362444278207124 0.0026000253940072241 -0.0051920690349010886 -0.0023837937649025961 -0.0024447972433501801 -0.0045854951293127586 0.0060287988569303879 0 -0.0094695378147754347 0.0011830125786337926 0.0002371730395243826 -0.0031871182465988889 0 -0.0025135244863142853 0.0045180075329189573 0.01282765959335844 -0.00069781965195873409 -0.0060642375304652864 0.0089257606796101611 -0.0022236603302154163 0 -0.0013563127572547519 0.00034936874303525433
leaf_weight=24.126138675026596 6.3229791605845085 29.751919233240187 9.5087692309170944 23.859440989326686 63.998951660469174 7.9425043892115346 73.077577844262123 82.273104992229491 8.5633245962671918 13.947825354523955 18.821176391094923 6.851840268354862 79.329783137422055 45.995197349227965 251.68813096592203 42.349404933396727 8.9006338627077621 875.28477771766484 299.08618740737438 72.756028463132679 118.83170232363045 58.871170786675066 20.115221010521058 200.70770954387262 135.70376673340797 24.648487865924835 10.312253898009656 6.8977806176990262 420.39333529118448 4187.5944986711256
leaf_count=497 130 817 238 644 1275 183 2314 1720 122 259 666 152 2746 792 12546 1355 259 36263 14946 2927 3261 1324 233 6044 2652 385 119 70 8621 85699
internal_value=0 0.000224562 0.00275984 0.00348267 0.00452535 0.0076153 0.00108495 -0.000607401 -0.000502637 0.00128982 0.00538267 0.007381 -0.000731661 0.00275721 -0.000881584 -0.00519441 -0.00714546 -0.000679029 -0.00170923 -0.00234173 -7.25383e-05 0.000124151 -0.00118483 -0.00198501 -0.00300754 0.00355417 0.00572933 0.00957562 0.000251798 0.000185952
internal_weight=7228.51 5279.71 184.71 175.201 151.342 71.9415 79.4006 1948.81 1924.68 319.975 107.946 89.1249 212.029 59.943 1604.7 59.8134 51.25 1544.89 550.774 152.086 994.116 5095 428.137 390.812 336.411 54.4004 37.3253 27.013 4666.86 4607.99
internal_count=189259 110748 4784 4546 3902 1458 2444 78511 78014 9262 2538 1872 6724 1051 68752 1736 1614 67016 27492 5673 39524 105964 10320 9898 8696 1202 422 303 95644 94320
is_linear=0
shrinkage=0.03


Tree=219
num_leaves=31
num_cat=0
split_feature=10 42 28 42 45 18 18 37 37 43 29 18 10 2 5 43 29 3 11 19 29 43 32 2 19 28 5 25 8 5
split_gain=1.04532 3.55559 2.34552 1.67905 1.51553 1.75825 3.08768 2.11865 1.76698 1.73311 1.6121 1.30896 1.03322 1.84911 2.17168 1.86911 1.51885 1.39676 1.14979 1.86931 2.05284 2.96864 2.11072 1.54156 1.31144 3.10794 2.12449 1.81641 1.47475 1.90928
threshold=0.068880634170052121 0.030952407848807668 -0.2336934105818109 1.0000000180025095e-35 -0.0086815185221300138 -0.73518231941431011 0.14289697205679039 0.088986934328551967 0.066760084318766552 -0.23370787502435417 0.085084424232766728 1.0219992588888702 0.04788398690425081 0.048959893483489954 0.12804900045015546 0.28986151404918564 -0.0039607661635028954 18.453862308689256 0.39209979209979218 1.5390994350309943 0.0381870000768618 0.14712891029249689 0.086956482230016618 0.037578946271817418 1.5641394446426153 -0.15274265943997009 -0.0091454093071809944 -0.84266515293671018 0.3105768674242001 0.01127604370513602
decision_type=2 2 2 2 2 2 2 2 2 2 2 2 2 2 2 2 2 2 2 2 2 2 2 2 2 2 2 2 2 2
left_child=12 2 -2 -4 -3 7 10 9 -8 -6 -7 -5 18 -14 15 17 -17 -15 24 20 22 -22 -20 -21 28 26 -26 -27 -1 -30
right_child=1 4 3 11 5 6 8 -9 -10 -11 -12 -13 13 14 -16 16 -18 -19 19 23 21 -23 -24 -25 25 27 -28 -29 29 -31
leaf_value=-0.00053605668852780436 0.0020263919467828212 -0.0051753598903594043 0.0015765124099014717 -0.01471661474855707 0.0037809204762206208 0.012224267245259443 0.0049499982700359647 0.0092779974093622694 -0.0037846054566636959 -0.0081687961141432841 0 0 -0.0054059451481275472 0.0069345136009571059 -0.0059981231680824977 -0.0098346341930413451 0.0016371388113054473 -0.001050163469309864 0.0012309213829198333 -0.0097688056321817915 0.00015816079668223661 0.013206055546924261 -0.0062310750600578059 0.001417347434819002 0 -0.0046221848142356959 0.0091002949214709934 0.0024562824427187355 0.0041974825848809325 0.00021412001433362729
leaf_weight=4168.1331168357283 19.684957523830235 8.7504787407815439 4.3539248490706113 22.106639741919938 9.3574080346152169 59.316022082231939 45.060584630817175 9.1874189656227809 28.063946774229407 25.576861984096467 9.2634011125192028 3.8502519074827424 84.875358080491424 59.220215107314289 33.563959582708776 12.657821618020536 14.312109393998979 18.13885298743844 689.26294877100736 20.572671613655988 41.133674477227032 26.621119466610253 29.933580385986716 10.52074264269322 34.884370356798172 59.712285467423499 62.324382399208844 56.172432616353035 114.4703369429335 1445.4716141438112
leaf_count=139316 251 93 54 381 107 591 553 85 309 344 85 67 1525 983 377 223 226 316 13355 399 542 319 438 180 742 1400 1010 1244 1764 21980
internal_value=0 0.00190777 -0.00466173 -0.00952673 0.00382061 0.00452594 0.00611795 -7.86027e-05 0.00118613 -0.00414411 0.0105309 -0.0123121 -6.81449e-05 -0.0020555 0 0.00227748 -0.00350459 0.00474795 0 0.00104974 0.00137862 0.00625233 0.000838045 -0.00548067 -0.000146637 0.00212321 0.00598689 -0.000983213 -0.00023809 0.000538071
internal_weight=7226.55 244.572 49.9958 30.3108 194.576 185.826 141.704 44.1217 73.1245 34.9343 68.5794 25.9569 6981.98 222.768 137.893 104.329 26.9699 77.3591 6759.21 818.045 786.951 67.7548 719.197 31.0934 5941.17 213.093 97.2088 115.885 5728.08 1559.94
internal_count=189259 2920 753 502 2167 2074 1538 536 862 451 676 448 186339 3650 2125 1748 449 1299 182689 15233 14654 861 13793 579 167456 4396 1752 2644 163060 23744
is_linear=0
shrinkage=0.03


Tree=220
num_leaves=31
num_cat=0
split_feature=10 42 28 31 41 18 18 37 37 45 28 43 29 10 38 40 2 10 4 27 41 19 2 3 7 45 41 11 19 3
split_gain=1.16203 2.67032 1.76797 1.54525 1.52928 1.42382 2.33529 1.61924 1.43324 2.25324 2.15537 1.37686 1.34351 1.0426 1.02046 1.17857 1.01833 0.992638 0.967927 1.41878 1.37115 1.43531 1.23518 1.18428 1.22884 1.15948 1.151 1.03774 0.979112 1.93835
threshold=0.068880634170052121 0.030952407848807668 -0.2336934105818109 -0.1048846476832669 0.017544298532659392 -0.68157762460733118 0.010127139646732822 0.088986934328551967 0.068873964148504385 0.00091816376051004323 -0.036135659548346404 -0.21406914725201084 0.085084424232766728 0.076437074701884308 -0.12596635060604197 -0.0016502784582371282 0.057082503656194876 -0.019510689978630407 0.98096740230274293 0.028144320509439078 -0.0043575861762518266 0.36878636842451323 -0.067175874511702247 14.338064534895148 0.023254198685810672 0.0021564145774948368 -0.026212498114890008 -0.48473193473193471 1.0538961013276713 20.138669683241634
decision_type=2 2 2 2 2 2 2 2 2 2 2 2 2 2 2 2 2 2 2 2 2 2 2 2 2 2 2 2 2 2
left_child=3 2 16 14 -4 7 12 11 10 -10 -8 -3 -7 -13 17 -16 -2 -1 22 23 26 -22 25 -20 -25 27 -21 -5 -24 -30
right_child=1 5 4 18 -6 6 8 -9 9 -11 -12 13 -14 -15 15 -17 -18 -19 19 20 21 -23 28 24 -26 -27 -28 -29 29 -31
leaf_value=0.0052019915132587597 -0.0048424208196299872 0.002783368046535996 -0.0111243875717775 0 0.0014050727479508335 0.011467909446523527 0.0098774748948247254 0.0076699870015827648 0.0031403278944361589 -0.010376435688893102 -0.00026395832917001417 1.7142978332659418e-05 0 -0.010096832851415515 0 -0.013965723338529959 0.0062480066202393976 -0.006576436704499514 -0.0042115582222519744 -0.0057455685621791847 0.001366684443294149 -0.0092670526557631031 0.00023646705902638192 -0.00097368178405250316 0.0037156007050981152 -0.00082535428387034188 0.0034667811263829206 0.0072481481894322315 -0.00072317792823112974 0.0047823384991264161
leaf_weight=8.6796652777120453 4.7242786800488856 10.723999252542852 23.995582289062444 22.412090244237334 5.5517079364508382 48.540502919815481 27.385314855724573 9.7290478926151973 17.049145299941305 14.530198999680577 31.826746947132051 5.5249994397163418 8.1570240883156639 21.006262593902647 2.8840472996234903 12.417723296210166 15.021898017264901 7.0970821296796229 49.22923038341105 15.372117305174468 7.1438025468960396 49.018169965129346 4454.2550674048252 116.15320033719763 75.029420329723507 31.873485217336565 25.235108392778784 53.523999945726246 1997.4225178165361 53.135653618723154
leaf_count=109 81 121 430 294 72 475 300 89 181 170 405 77 73 276 60 314 170 170 1406 343 113 1218 115082 3159 1877 568 620 936 59022 1048
internal_value=0 0.00201482 -0.00367861 -7.17476e-05 -0.00803919 0.00366437 0.00509288 -0.000301306 0.001532 -0.00282707 0.00436311 -0.0037542 0.00972252 -0.00737048 -0.00626934 -0.0107278 0.00194001 0 -3.5232e-05 -0.00159337 -0.00458118 -0.00742279 4.08286e-05 -0.000199652 0.000761498 0.00315403 0 0.0051428 -8.54348e-06 -0.000554634
internal_weight=7224.65 243.767 49.2935 6980.88 29.5473 194.473 147.489 46.9843 90.7914 31.5793 59.2121 37.2553 56.6975 26.5313 31.0785 15.3018 19.7462 15.7767 6949.8 337.181 96.7692 56.162 6612.62 240.412 191.183 107.81 40.6072 75.9361 6504.81 2050.56
internal_count=189259 2920 753 186339 502 2167 1604 563 1056 351 705 474 548 353 653 374 251 279 185686 8736 2294 1331 176950 6442 5036 1798 963 1230 175152 60070
is_linear=0
shrinkage=0.03


Tree=221
num_leaves=31
num_cat=0
split_feature=7 1 42 39 41 0 19 42 19 45 19 2 4 39 35 35 8 41 35 33 8 42 0 31 33 8 0 11 2 18
split_gain=1.11646 2.17192 1.46037 1.70241 1.88013 1.48508 1.33026 1.31663 1.29785 1.24193 1.23659 1.22705 2.255 2.33631 3.18659 2.73715 2.27568 2.76537 2.12055 2.10746 2.5112 1.91344 1.74669 2.0849 1.45757 1.2955 1.18095 2.02465 2.1515 2.82832
threshold=0.018060574507244073 0.026954165460543182 0.010245297831484234 -0.0045702754569529732 0.0073203852177791641 0.010775698085903505 0.89401414012925595 0.014455804972565182 0.56103748055018976 -0.0078340934961835008 0.073310281954059905 0.0049789004920381772 0.10172680922000855 0.0045189230257067711 -0.0015638060659038243 -0.0031629281506603984 0.49788318911290469 0.029523746650025683 0.0038301321723513454 -0.52956450107068054 0.19897682216129145 0.047029737249346733 0.0026566930231557927 0.013170916531044916 -0.058195855533464062 -0.47022381727387846 -0.0071848244696103925 -0.36984754376058721 -0.046473034458163399 -1.0397427300614086
decision_type=2 2 2 2 2 2 2 2 2 2 2 2 2 2 2 2 2 2 2 2 2 2 2 2 2 2 2 2 2 2
left_child=1 2 -1 4 7 9 11 -4 -7 -5 -3 19 13 15 -15 -13 18 -18 -14 20 25 -22 24 -24 -21 -2 27 28 -8 -30
right_child=6 10 3 5 -6 8 26 -9 -10 -11 -12 12 16 14 -16 -17 17 -19 -20 22 21 -23 23 -25 -26 -27 -28 -29 29 -31
leaf_value=-0.0033110875087548346 0.0028596381079213007 0.0052203710831570781 0.0010401230845159676 -0.0019659577642730571 0.0014877356562946894 0.0030394135673577128 0.0020461781294085686 -0.0041965720727078987 -0.0032983783309658773 0.0023134399982284197 -0.0025026333205372922 0.0070376630686345056 2.1313516966231617e-05 -0.0014063252336659346 0.0065348179500157779 -0.00065555705311848961 -0.0065576589237362213 0.0020913099323460046 0.0051455410850917696 0.0027734084138774664 0.0038800686413810763 -0.0040629740996740629 0.00056219976815178273 -0.0052691105891466182 0.0002429816998520631 -0.0063811155636411101 -0.00062624702360570671 0.0015874899501895987 0.0028688326624092615 -0.0044104483500384531
leaf_weight=100.22348572127521 7.8527419939637175 12.369626498781143 43.637131402734667 57.067359590437263 119.95596954692155 31.313190442509949 116.34617715794593 173.87485489621758 100.46099404804409 553.98778596473858 531.07605858845636 45.585755217820406 349.37225134763867 48.333847519010305 209.47093374840915 208.40872966684401 80.929817915894091 44.313906232826412 91.058987232856452 345.2008341816254 65.771929951384664 37.626853946596384 122.21994463633746 84.354130828287452 568.87414374854416 110.3662727852352 2030.2004272099584 681.22195874666795 53.796115301083773 198.94037259323522
leaf_count=3104 131 201 1675 1459 3912 555 2398 7136 2564 14978 15851 830 7556 689 3000 4601 1009 447 1748 9228 900 552 3149 1559 14682 3647 52080 21608 1665 6345
internal_value=0 -0.000665032 3.46751e-05 0.000386541 -0.00132617 0.00120841 0.000208859 -0.0030114 -0.00151695 0.00185237 -0.00222616 0.000737185 0.00149111 0.00292692 0.00493341 0.000718563 0.000125221 -0.00330433 0.00119396 0.000106433 -0.00250644 0.000658754 0.00065864 -0.00174546 0.00124113 -0.0054327 -0.000196942 0.000603498 -0.00112942 -0.00271903
internal_weight=7224.21 1723.97 1180.52 1080.3 337.468 742.829 5500.25 217.512 131.774 611.055 543.446 2419.74 1077.47 511.799 257.805 253.994 565.675 125.244 440.431 1342.27 221.618 103.399 1120.65 206.574 914.075 118.219 3080.51 1050.3 369.083 252.736
internal_count=189259 51435 35383 32279 12723 19556 137824 8811 3119 16437 16052 53728 19880 9120 3689 5431 10760 1456 9304 33848 5230 1452 28618 4708 23910 3778 84096 32016 10408 8010
is_linear=0
shrinkage=0.03


Tree=222
num_leaves=31
num_cat=0
split_feature=8 33 40 4 44 32 18 38 11 31 26 38 33 36 28 19 38 43 31 8 39 38 36 42 19 32 18 31 11 18
split_gain=1.16817 1.10032 1.7219 1.71739 2.17401 2.10131 2.06125 1.56554 1.4643 1.36486 2.62513 2.24983 1.90025 2.12853 1.81998 2.24048 1.81304 1.88396 1.82698 1.61044 1.19754 1.14773 1.03813 0.991542 1.57215 1.87258 1.50406 1.24019 1.75286 1.75914
threshold=0.40096575844821764 -0.66576777202887871 0.0099428392593748308 0.16719838317523197 0.0051066462845055002 0.021434709123701334 0.17066598035704114 -0.32287615874004144 0.33239700374531844 -0.014790039020862488 0.016220258705649759 -0.17579324796149362 -0.50335808369290003 0.03559095678159676 0.39872527118152418 1.0632757196177904 -0.44663855710652361 -0.33388474931100459 -0.0071859346743411217 0.43996191041618721 -0.0059601004745241208 0.2221979671037291 0.06774271791498658 0.036363953485768971 1.721626831062079 0.027669009926100791 -0.79842938567997335 -0.013168317535253356 0.38826466916354557 0.79436242654188538
decision_type=2 2 2 2 2 2 2 2 2 2 2 2 2 2 2 2 2 2 2 2 2 2 2 2 2 2 2 2 2 2
left_child=23 2 3 4 8 -6 7 -5 -2 10 11 20 13 19 15 -12 17 -14 -18 -11 -3 -16 -13 24 27 -26 -27 28 29 -1
right_child=1 9 -4 6 5 -7 -8 -9 -10 12 14 22 16 -15 21 -17 18 -19 -20 -21 -22 -23 -24 -25 25 26 -28 -29 -30 -31
leaf_value=0.0003565129507351839 -0.0076261818471853593 0.0072282995878659223 -0.004937297839134637 0 0.011790932910313178 0 0 0.01233185144124369 0.002915877002220354 0 0 0.014398389657223945 -0.0015312710892359982 0.0025944759092126246 0.010186041574377271 -0.014877649728793079 -0.0051360546541965261 0.0041434915218810306 0.00016341229648247026 -0.010297117460087848 -0.0054247877282229146 -0.0017203226364910179 0 0.00025161834147680793 -0.0022753343920849053 -7.9624106410060405e-05 0.0119156312303103 -0.00096284247538543999 0.0039200136213576589 -0.0045211810626793313
leaf_weight=586.8171734274365 26.901166703552008 6.2374580614268806 14.635264623910187 5.6001573223620644 18.396195327863097 35.126252563670278 16.864187749102712 43.586217510513961 10.438686626031993 12.460148866288362 30.036835629492998 27.594103234820068 59.868320015259087 19.041299250908196 12.405779691413047 7.9632134195417157 57.323754401877522 191.22452631220222 870.8278832193464 39.438711269758642 11.67274599522352 4.1960073178634039 5.2316863276064387 2435.8699804213829 14.457739587873219 6.8922156561166075 23.377561150118709 2454.3199976831675 104.62156292935833 69.449509501922876
leaf_count=19767 324 80 191 65 147 343 189 429 99 170 416 335 693 236 163 165 865 2244 11301 557 153 58 69 63648 397 140 374 80423 2392 2826
internal_value=0 0.000735439 0.002993 0.00404757 0.000876326 0.00482334 0.00761918 0.010505 -0.00397419 0.000417734 0.00362581 0.0082549 0.000110161 -0.00445712 -0.000503864 -0.00445365 0.000427907 0.00266983 -0.000157506 -0.00757218 0 0.00608634 0.0124072 -0.000197647 -0.000542403 0.00468386 0.00870971 -0.000631583 0.000397067 -0.000144585
internal_weight=7222.88 1527.07 171.548 156.913 90.8623 53.5224 66.0506 49.1864 37.3399 1355.52 105.338 50.736 1250.18 70.9402 54.6018 38 1179.24 251.093 928.152 51.8989 17.9102 16.6018 32.8258 5695.81 3259.94 44.7275 30.2698 3215.21 760.888 656.267
internal_count=189259 19292 1787 1596 913 490 683 494 423 17505 1439 637 16066 963 802 581 15103 2937 12166 727 233 221 404 169967 106319 911 514 105408 24985 22593
is_linear=0
shrinkage=0.03


Tree=223
num_leaves=31
num_cat=0
split_feature=10 42 10 38 28 25 28 11 31 28 41 0 26 5 26 31 10 32 19 1 5 38 42 33 10 25 18 1 32 33
split_gain=1.10009 2.14627 1.51168 2.15113 2.05235 1.68659 1.70247 1.54484 1.43984 1.30369 1.25213 1.15787 1.11392 1.0774 1.04933 1.02195 0.966793 1.5089 3.39789 3.09875 1.03809 1.32791 1.11797 0.965678 0.932991 0.748938 1.44256 0.74614 0.651868 0.592951
threshold=0.068880634170052121 0.030952407848807668 0.085010795674341069 -0.11656876267030912 -0.40379839878818652 0.016143278171543152 0.60960195381515903 0.4883036935704515 -0.1048846476832669 -0.2336934105818109 0.094107698832786704 0.095261796057407311 -0.10489175182238149 0.079096261397260018 0.049654738198697819 -0.01823473113241646 0.04788398690425081 0.060249942493028869 0.80196747531052848 0.065005410009716533 0.067563678174451539 0.98094749046703467 0.066666668874246174 0.51284569724658546 0.09486297316169498 -0.64108981656430153 0.19385196086734496 0.10039574626758492 0.063320839501982987 0.06828659205510236
decision_type=2 2 2 2 2 2 2 2 2 2 2 2 2 2 2 2 2 2 2 2 2 2 2 2 2 2 2 2 2 2
left_child=8 9 3 7 15 6 -6 13 12 24 25 16 -1 -3 -14 -4 20 19 -19 -18 21 -10 -22 27 -2 -11 -27 -5 -9 -17
right_child=1 2 4 23 5 -7 -8 28 11 10 -12 -13 14 -15 -16 29 17 18 -20 -21 22 -23 -24 -25 -26 26 -28 -29 -30 -31
leaf_value=0.0010319241294207734 0.0059310403696786274 -0.0022940782958412761 -0.00011553136486881732 0.012671754444133468 -0.0063404152299576825 0.0069408355630404253 0.0030347465706810077 -0.010595885953481812 -2.2377486371155393e-05 0 0.0029389873188877917 0.0088795643511742576 -0.011690171258406355 0.0083291466144467703 0 0 -0.0059909289851358743 -0.012600629359468263 0 0.002952465532842099 0.0015134414527681224 -0.0020016844877691481 -0.001019829362774681 0 -0.0045143114181921042 -0.01675185117529392 0 0 0 0.013263595760529901
leaf_weight=6.6158855650573996 14.396673767827453 5.4113487740978625 4.7781516052782562 39.585731908679008 52.40725904610008 10.496092688292263 16.580407448112965 7.2077126465737802 5512.9742946759798 6.369276797398931 2.9302500262856475 8.0491632660850865 18.82680249307305 16.92889875266701 5.1875738468952468 7.0872516892850426 48.627658610232174 28.428843210451305 42.305816559121013 94.129426136612892 708.71285570785403 320.25847572647035 182.40509620122612 6.8300861958414307 5.5083518456667653 11.667194654233755 8.0420265309512597 9.3719565495848638 5.7006261311471462 12.809201052412389
leaf_count=77 184 102 74 432 572 93 170 116 161614 122 29 106 467 191 109 61 962 374 607 1589 9828 8288 2318 76 67 220 131 108 58 114
internal_value=0 0.00195897 0.00343177 0.00619243 0.00057095 -0.00154987 -0.00362891 0 -6.98984e-05 -0.00313511 -0.00695792 -3.46712e-05 -0.00609036 0.00470971 -0.00892619 0.00752371 -5.57217e-05 -0.00202005 -0.0054501 0 3.64049e-06 -0.000137806 0.000958625 0.00961408 0.00150992 -0.00932918 -0.0116939 0.0109653 -0.00661616 0.010218
internal_weight=7220.63 244.108 195.195 91.0364 104.158 79.4838 68.9877 35.2486 6976.52 48.9138 29.0087 6945.89 30.6303 22.3402 24.0144 24.6746 6937.84 213.492 70.7347 142.757 6724.35 5833.23 891.118 55.7878 19.905 26.0785 19.7092 48.9577 12.9083 19.8965
internal_count=189259 2920 2167 1083 1084 835 742 467 186339 753 502 185686 653 293 576 249 185580 3532 981 2551 182048 169902 12146 616 251 473 351 540 174 175
is_linear=0
shrinkage=0.03


Tree=224
num_leaves=31
num_cat=0
split_feature=8 34 4 3 5 3 7 44 31 27 38 43 18 34 1 3 32 32 45 41 45 41 34 41 4 7 43 0 11 31
split_gain=1.18966 1.10138 1.89726 2.36635 1.76456 1.85442 1.52968 1.41611 1.30933 2.57636 2.07401 2.68092 2.37693 1.4554 2.00916 1.54381 1.43864 3.41727 2.17576 1.42256 3.39988 1.93622 1.30182 1.21749 1.13564 0.970803 1.67568 1.66797 1.7908 2.8017
threshold=0.40096575844821764 -0.0061227097618446512 0.44200965864714631 18.157664421936683 0.15282722556106912 15.299929996761861 0.021711491658068915 0.0090323113142375625 0.02306098450129172 0.034440032063080252 0.57129731341466983 0.33091875976819823 0.01974831972809428 0.019727371444024904 0.044100442250343291 17.510261180236807 0.034225706012497241 0.031168841077135759 -0.0032352926264064795 0.040637630209693437 0.00072859789552425717 0.027119236832622181 -0.019488943680825856 0.0042462889469331421 0.59582563781728848 0.022234020722998623 0.11668453978612005 0.063513449760970578 0.46992311171415657 0.022188741519966668
decision_type=2 2 2 2 2 2 2 2 2 2 2 2 2 2 2 2 2 2 2 2 2 2 2 2 2 2 2 2 2 2
left_child=25 2 4 7 5 23 -7 -4 9 16 11 -11 -12 14 -10 -16 17 -3 -18 21 -21 -15 -9 -2 -5 -1 27 28 -27 -30
right_child=1 8 3 24 -6 6 -8 22 13 10 12 -13 -14 19 15 -17 18 -19 -20 20 -22 -23 -24 -25 -26 26 -28 -29 29 -31
leaf_value=-0.00066802296335246453 0 0.00067884211280736689 0 -0.0024149404788946561 0.010888486225706786 0.0043521486402004084 -0.0011572999097282652 0 0 -0.0063273249307440518 -0.0031236106368680051 0.00060296035245249301 0.0091509230311315002 0.00041935304172440444 0.013264941912682857 0.00011987428332146621 0.0063357606103224369 0.011439029126091297 -0.005149598063710693 0.0017529952498899651 -0.0086362913540897323 0.0064715001796805567 -0.014755354875541813 0.0091657553437232697 0.0082000240607032499 -0.00043899110814607739 0.00096814625422028081 0.0031370491267205315 -0.00086888581729117746 -0.016365379867989804
leaf_weight=2350.3987167091109 23.949920397251844 241.13096801284701 34.178018069826066 5.6696465620771077 23.384460750967264 62.2608931530267 123.09546981472522 9.7938190549612063 49.163197384215891 151.43210851028562 23.150415453128517 61.806899739429355 20.566123580560088 319.34870191290975 25.351531334221363 17.60599749814719 12.695323400199412 26.273286656476557 60.233364596031606 60.443802013993263 41.693574932403862 54.312083344906569 13.439665915444492 44.889500357210636 20.455481814220548 1882.4228668315336 1300.3162604663521 105.62822143360972 43.145360063761473 11.726040515117345
leaf_count=78482 308 3018 514 96 210 885 1780 136 754 2226 298 824 248 3645 332 254 135 295 799 575 452 512 225 486 285 55129 33538 1750 870 198
internal_value=0 0.000742364 0.00218981 -0.00146735 0.00340307 0.00240195 0.000601422 -0.00501323 0.000260701 -0.000684862 -0.00295276 -0.00421334 0.00238159 0.00130482 0.00469766 0.00907722 0.000958518 0.00203675 -0.00248705 0.000543509 -0.00241313 0.0014521 -0.0100348 0.00647475 0.00491465 -0.000199486 0.000121455 -0.000403861 -0.000619949 -0.00577172
internal_weight=7219.96 1526.32 361.117 83.5366 277.58 254.196 185.356 57.4115 1165.21 597.288 256.956 213.239 43.7165 567.919 92.1207 42.9575 340.333 267.404 72.9287 475.798 102.137 373.661 23.2335 68.8394 26.1251 5693.64 3343.24 2042.92 1937.29 54.8714
internal_count=189259 19292 4925 1256 3669 3459 2665 875 14367 7843 3596 3050 546 6524 1340 586 4247 3313 934 5184 1027 4157 361 794 381 169967 91485 57947 56197 1068
is_linear=0
shrinkage=0.03


Tree=225
num_leaves=31
num_cat=0
split_feature=8 43 44 25 18 18 18 19 4 7 28 5 29 5 33 40 27 32 25 11 43 26 8 4 40 8 29 7 43 4
split_gain=1.2238 1.00066 1.81879 1.54748 1.54491 1.99603 1.81875 1.60146 1.41987 1.29105 1.91714 1.82394 1.71225 1.21047 1.67905 1.83105 1.4607 2.4775 1.68636 1.4252 1.16793 1.14106 1.92229 1.89833 1.52781 1.4718 1.11634 0.920173 1.8197 1.97536
threshold=0.40096575844821764 -0.65238216272665095 -0.008244836395439244 -0.33559427650418788 0.63516525556073544 0.30311785442050337 1.3513677285181525 0.8119962660316099 0.15735641782790125 0.031670545960225317 -0.13037761384773724 0.018636012476549117 -0.0031928849937022425 0.067563678174451539 0.48095907128947962 0.0010485240090452009 0.055374618172706939 0.054330084070908093 0.033625458378663042 0.02334665697674421 0.0090180467913043589 0.017895424117391642 0.60656159623509642 -0.37698512021171199 0.00034706525490260729 0.5714650238588167 0.062983914513128694 0.023254198685810672 0.11668453978612005 0.3525007895298638
decision_type=2 2 2 2 2 2 2 2 2 2 2 2 2 2 2 2 2 2 2 2 2 2 2 2 2 2 2 2 2 2
left_child=27 2 9 4 5 7 20 -3 -7 11 -11 -2 -13 14 15 -5 18 -18 -15 -16 -6 23 -23 24 -4 -25 -8 -1 -29 -30
right_child=1 3 21 13 6 8 26 -9 -10 10 -12 12 -14 16 19 -17 17 -19 -20 -21 -22 22 -24 25 -26 -27 -28 28 29 -31
leaf_value=-0.00062205723996851855 0.0062815122839162824 0.0033872446082846702 -0.008841427672398006 -0.0058800974183839142 0 0.0083745414301597265 0 0 0 -0.0040028054636495969 0.0092423562892079876 0.0003287049398030156 -0.011912193909911035 0.00068737326581300119 -0.0027552259254866852 -1.1492789027022897e-05 0.0031780887340878642 -0.004268045655720522 0.0090704394719759145 0.0060698849193172571 -0.0091982595061275083 -0.0036171583716473176 0.0080883817655286183 0.012390204531585023 0.0056216331132497542 0 0.0096844709555763877 -0.00043295609511364918 0.0016829836297638826 -0.0012139279761403778
leaf_weight=2585.3542260196991 4.3312087319791308 184.69146778155118 7.3084988947957745 116.81695970892906 28.784260067157447 62.117912425659597 44.222124899737537 409.12441097665578 34.236162669956684 10.745118888095023 16.028882218524814 9.1728382846340555 21.065669141709805 103.91005915310234 20.522462866269052 96.085632774047554 57.781829067505896 97.303649271838367 26.533341329544783 31.621373238041997 29.107013790868223 27.308539309538901 15.059597505256532 41.536769137717783 8.1053236052393896 14.389750523492692 7.637756682932376 1891.5182865918614 960.85069592436776 255.14747107075527
leaf_count=85885 36 2145 83 1598 423 798 559 5767 492 114 155 124 324 1257 268 1266 626 1022 264 378 442 331 137 405 76 131 71 53213 24410 6459
internal_value=0 0.000753159 0.0028869 0.000444822 0.00129786 0.00184562 -0.00181565 0.00110796 0.00581677 -0.000842502 0.00318914 -0.00473156 -0.00782782 -0.000741065 -0.00220514 -0.00343024 0.000529285 -0.00129375 0.00288595 0.00213439 -0.005401 0.00510231 0.000324788 0.00733954 -0.000252348 0.00977332 0.00178207 -0.000202312 0.000137703 0.00104809
internal_weight=7218.42 1525.55 175.052 1350.5 799.921 690.17 109.751 593.816 96.3541 61.3437 26.774 34.5697 30.2385 550.575 265.046 212.903 285.529 155.085 130.443 52.1438 57.8913 113.708 42.3681 71.3403 15.4138 55.9265 51.8599 5692.87 3107.52 1216
internal_count=189259 19292 1916 17376 10697 9202 1495 7912 1290 753 269 484 448 6679 3510 2864 3169 1648 1521 646 865 1163 468 695 159 536 630 169967 84082 30869
is_linear=0
shrinkage=0.03


Tree=226
num_leaves=31
num_cat=0
split_feature=10 10 38 1 28 34 26 25 4 3 0 25 32 31 0 4 1 19 2 19 34 19 19 19 33 26 19 3 39 31
split_gain=1.14707 1.59203 2.25227 1.97904 2.92145 2.72105 2.3466 1.60775 1.33079 1.70596 1.2382 1.45889 1.05515 1.04288 1.08403 1.00041 2.70133 1.34945 1.14895 1.07568 1.05184 0.975663 1.1845 0.934363 0.920288 0.917575 0.941744 1.00463 0.880699 0.727839
threshold=0.068880634170052121 0.085010795674341069 -0.11656876267030912 0.089058528726859987 -0.41758378290679404 -0.0065976317405998268 0.018622517941108026 -0.1544539952820905 0.086942587892246528 18.31411299988547 0.095261796057407311 -0.62774631573534967 0.076597228715913221 -0.1048846476832669 0.095261796057407311 0.98096740230274293 0.041249640023043356 0.44242943470044233 -0.067175874511702247 0.48234580100212493 -0.010555273535373494 0.23186894344319881 0.80534168932279748 0.96344204899984509 0.15745499522237696 -0.10489175182238149 0.49996241011108317 15.877415732326872 -0.013581527404563729 0.010256471164603752
decision_type=2 2 2 2 2 2 2 2 2 2 2 2 2 2 2 2 2 2 2 2 2 2 2 2 2 2 2 2 2 2
left_child=13 2 8 4 -3 -6 10 -7 -2 28 11 -5 -8 25 15 18 20 -18 19 -15 -17 -4 -23 -24 -20 -1 -27 -28 -10 -12
right_child=1 3 21 6 5 7 12 -9 9 -11 29 -13 -14 14 -16 16 17 -19 24 -21 -22 22 23 -25 -26 26 27 -29 -30 -31
leaf_value=0.00094029939655903378 0.0057003385497768691 0.0048413325641665679 -8.5355574273111634e-06 -0.0056703828097214382 0.00029370798930310503 -0.017251969174777764 0.012238952613926574 0 0 0.0033178571712671428 -0.011149294397778207 0.0066924873079730303 0 0.0096886635412381412 0.0085753910368076385 0.0058533643299416328 0.00088879744180985604 -0.0051329964091217997 -0.00030353702134483442 0.0012226325075190454 0 0.013590048474304683 -0.002175728123718921 0.006099552472589094 0.00043946856759572637 0.00035109318159760942 0 -0.014264056436604215 -0.012581524311634652 0
leaf_weight=6.5923282718285945 12.408619847148655 15.815228414721785 5.9023406738415352 6.7258974574506274 15.64939947798848 18.9713588161394 19.589913560077552 8.979706536978485 7.2438014969229725 9.1440488491207343 8.6922650570049864 18.760213783942167 10.608465576544402 14.702408048324285 8.0687282001599652 29.594478392507881 30.347951458301395 158.3638679604046 4164.9611392668448 93.663173828739673 114.154493664857 26.710106651298702 9.0977817699313146 30.226906989701092 2329.3426299365237 3.0776142296381321 7.757540651131424 12.343389574903993 12.762459034100177 6.4480742774903765
leaf_count=77 142 173 67 90 208 248 188 94 120 132 104 203 99 172 106 783 536 4240 114676 1626 3144 290 132 375 60403 48 177 351 202 53
internal_value=0 0.0020019 0.00452765 -6.33239e-05 -0.00413058 -0.00816551 0.00300047 -0.013138 -0.000398114 -0.00432707 -0.00115477 0.00205092 0.00881286 -7.13595e-05 -4.10194e-05 -6.15378e-05 -0.00165569 -0.00401178 1.53839e-05 0.00301254 0.00126654 0.00760419 0.00865966 0.00347877 -3.22907e-05 -0.0052611 -0.0079434 -0.0102255 -0.0089857 -0.00721003
internal_weight=7216.71 243.737 113.496 130.241 59.4157 43.6005 70.8248 27.9511 41.5589 29.1503 40.6265 25.4861 30.1984 6972.97 6943.2 6935.13 332.461 188.712 6602.67 108.366 143.749 71.9371 66.0348 39.3247 6494.3 29.7709 23.1785 20.1009 20.0063 15.1403
internal_count=189259 2920 1460 1460 723 550 737 342 596 454 450 293 287 186339 185686 185580 8703 4776 176877 1798 3927 864 797 507 175079 653 576 528 322 157
is_linear=0
shrinkage=0.03


Tree=227
num_leaves=31
num_cat=0
split_feature=8 43 31 32 18 18 45 42 5 37 27 28 43 28 18 37 8 3 42 19 42 26 25 33 43 18 19 32 42 31
split_gain=1.23064 1.18653 1.43042 1.48666 1.35419 1.79672 1.50609 2.12367 2.07077 1.05775 2.63415 3.1421 2.399 2.73506 1.76306 1.23616 0.993304 0.886109 0.855259 1.40539 1.89479 1.59589 2.34412 1.77349 1.31579 1.27942 1.25376 1.37181 1.40477 1.29534
threshold=0.40096575844821764 -0.66593545261250753 0.095262188174634527 0.071174343527166645 0.55658986602156157 0.34196237918543909 -0.0049849001118457709 0.029639533019060704 0.025684509741865539 0.023952156006458943 0.021582770338957207 -0.54796410472173551 0.94736546254311993 0.24554317955937324 -0.060608662001981249 0.019064131352609658 0.44713375989194892 16.961495380599903 0.037037001801421623 0.36878636842451323 0.045267476064713284 -0.0086207203259846838 -0.027137377494176742 0.06828659205510236 0.83222065080189822 -0.43729196604185738 1.721626831062079 0.028282948757128164 0.030115130482338846 -0.0011001020431409723
decision_type=2 2 2 2 2 2 2 2 2 2 2 2 2 2 2 2 2 2 2 2 2 2 2 2 2 2 2 2 2 2
left_child=18 4 9 -4 5 6 7 -2 -8 12 11 -11 13 -3 -12 -14 -7 -6 26 20 24 22 -22 -23 25 -20 29 -28 -29 -1
right_child=1 2 3 -5 17 16 8 -9 -10 10 14 -13 15 -15 -16 -17 -18 -19 19 -21 21 23 -24 -25 -26 -27 27 28 -30 -31
leaf_value=2.8638566799096389e-05 0.014703226704323724 -0.0043490492914963095 0.0026553930464011301 -0.0099848076817323373 0.013002112996698805 0 0.0091817248700351781 0 -0.00082649844718817294 -0.0020164096523273222 -0.00092549859410851962 0.0081234709945527065 0.010690985204916317 0.0018464261419828118 0.0016547073962391704 0 -0.012764175263279063 0 0 0 0.0083202092535552656 0.00081382049009010742 -0.0025299883782892592 -0.0079963674985782593 -0.0021530775786224869 0.011108503736588652 -0.0014832765197902494 0.011301384631069585 0 -0.0011489611287505228
leaf_weight=1512.0110368602909 14.722893496975304 161.9457398718223 5.4956425018608597 18.422767077572644 14.674347946420314 3.9218151262029988 17.226970520801842 9.5331276450306159 92.301810969598591 30.997298751957715 421.59997483994812 85.853917963802814 17.035639550536875 92.354809149168432 514.37385695520788 8.3007958680391294 6.1575584542006254 9.8982129441574198 9.7332165027037245 2187.4103976078331 38.463482655584812 45.755360468290746 21.703799194656312 25.588266652077436 4.8238047203049055 38.368415789213032 15.829286140389739 20.843906287103895 10.006291322410105 1760.8248741426505
leaf_count=51467 128 2299 60 202 129 41 161 93 1095 380 5184 965 182 1363 6704 112 91 103 186 58372 615 857 342 524 111 650 426 326 186 55905
internal_value=0 0.000755461 0.00042919 -0.00608615 0.00312175 0.00159861 0.00278133 0.00896719 0.000817804 0.00059089 0.00103992 0.00521508 -0.000982886 -0.00199111 0.000461856 0.00680802 -0.0078273 0.00924679 -0.000202887 0.00022315 0.00270217 0.000445208 0.00405211 -0.00226986 0.00726992 0.0088936 -0.000516199 0.00405011 0.00753701 -0.000596558
internal_weight=7216.18 1524.82 1356.38 23.9184 168.437 143.864 133.785 24.256 109.529 1332.46 1052.83 116.851 279.637 254.301 935.974 25.3364 10.0794 24.5726 5691.36 2371.85 184.436 131.511 60.1673 71.3436 52.9254 48.1016 3319.52 46.6795 30.8502 3272.84
internal_count=189259 19292 17451 262 1841 1609 1477 221 1256 17189 13233 1345 3956 3662 11888 294 132 232 169967 61657 3285 2338 957 1381 947 836 108310 938 512 107372
is_linear=0
shrinkage=0.03


Tree=228
num_leaves=31
num_cat=0
split_feature=0 45 26 26 40 2 4 40 4 19 18 34 32 2 44 27 42 39 0 28 0 44 2 45 18 2 40 38 29 45
split_gain=1.17792 1.17788 1.10912 1.38924 2.34676 1.67416 1.5408 2.06052 2.03445 0.970599 2.11713 1.77265 2.05316 1.46701 2.57615 2.48782 2.46773 1.89118 1.6575 1.3981 1.37502 1.35891 1.17254 2.16921 1.79599 1.74672 2.03213 1.6233 1.45056 1.36146
threshold=0.031540110511550305 -0.016986411119452146 0.095262188174634527 0.093774892142133845 0.0042238270575269158 0.087835197730000855 -0.38376490057922291 0.0040312939603535294 -0.20437994675671509 0.48234580100212493 0.76359254941971733 -0.019847639671623573 0.024952009856315242 0.0078584378953551245 0.023477136750211368 0.038721852623573964 0.082984656539391036 -0.0059601004745241208 -0.019305640276820284 -0.29637722059865451 0.0079681471720041679 -0.050274968442768228 0.0069449290592245366 -0.0082313043249726044 -0.10116920320536874 0.0049789004920381772 0.002267636833450758 0.30983264191922638 -0.0035158086000681723 0.0025683552941045923
decision_type=2 2 2 2 2 2 2 2 2 2 2 2 2 2 2 2 2 2 2 2 2 2 2 2 2 2 2 2 2 2
left_child=9 -2 3 6 5 -5 7 -3 -8 10 13 19 -13 14 18 17 -17 -15 -1 -12 -16 -14 25 24 -24 -11 -27 -25 -26 -29
right_child=1 2 -4 4 -6 -7 8 -9 -10 22 11 12 21 15 20 16 -18 -19 -20 -21 -22 -23 23 27 28 26 -28 29 -30 -31
leaf_value=0.0044227923950913373 -0.0050981488675186206 0.0077668474150360579 0.0067123745568785998 -0.0093632375730933887 0.0068079506439718092 0.0039019275699848999 -0.0042831700220635465 -0.0034053110114098143 0.0011420364414958832 -0.00021575518453730453 0.0053882147318556088 -0.0026841757433905939 -0.0015657399608242774 -0.00034542261399479355 -0.0065408621496354132 -0.0051772144970284144 0.008493638146116771 0.006736539395222463 -0.00047570497886501039 -0.0072889141015900112 0.0029057243485440128 0.0097408956625009927 0.007208375417596365 -0.0020834996577261014 -0.0049581938870392594 0.004154088268926763 -0.00169374325276563 -0.00098713876894879551 0.0032803516879659545 0.0029437689713818355
leaf_weight=68.394869220908731 22.358451528474689 57.786118347197771 26.973492182791233 36.260719747282565 8.1588794616982323 4.2665919028222552 60.065229428000748 12.087509372271596 909.55493783857673 3623.5476845446974 6.5145828668028143 10.896542093250899 4.5131323700770727 38.199398706667125 79.729218811262399 52.48416308965534 9.0239728959277254 99.134259602986276 373.09131813049316 13.969893605913965 8.8266247566789371 67.017221284564584 43.384588557295501 935.24749469524249 29.058917852118611 171.10184471029788 64.93168025277555 225.90640238346532 38.51098851300776 113.13865111907944
leaf_count=1728 367 790 255 454 89 38 1010 193 16566 109148 133 342 71 887 1426 840 103 1428 9255 322 118 1064 885 26380 721 4031 1581 5615 874 2545
internal_value=0 0.000883825 0.00105276 0.000854974 -0.00373637 -0.00703262 0.00111559 0.00533515 0.00075493 -0.000166038 0.000772632 0.00470498 0.00667927 0.000148271 -0.00063411 0.00234539 -0.00223271 0.00461298 0.000257008 -0.00181392 -0.00517366 0.00857983 -0.000321214 -0.00106926 0.00278243 -4.39327e-05 0.00241915 -0.00143765 0 0.000261118
internal_weight=7214.14 1137.51 1115.15 1088.18 48.6862 40.5273 1039.49 69.8736 969.62 6076.62 831.795 102.911 82.4269 728.884 530.042 198.842 61.5081 137.334 441.486 20.4845 88.5558 71.5304 5244.83 1385.25 110.954 3859.58 236.034 1274.29 67.5699 339.045
internal_count=189259 19762 19395 19140 581 492 18559 983 17576 169497 17717 1932 1477 15785 12527 3258 943 2315 10983 455 1544 1135 151780 37020 2480 114760 5612 34540 1595 8160
is_linear=0
shrinkage=0.03


Tree=229
num_leaves=31
num_cat=0
split_feature=8 5 38 25 6 34 18 27 8 39 11 5 35 10 7 1 3 32 25 2 2 10 7 26 26 45 5 19 7 19
split_gain=1.17453 1.41713 1.20485 1.19487 1.11313 1.18361 1.34075 1.70348 1.95958 1.18057 1.10255 1.56956 1.63484 1.97273 1.72128 1.13455 1.06481 0.907716 1.09511 0.92215 0.893441 1.95689 1.86867 1.50273 1.28386 1.18957 1.19526 1.12201 1.08313 1.86047
threshold=-0.02256631097260715 -0.02693106231457398 0.85725333154435124 -0.77921821892991838 -0.090295962953115635 -0.02091040827590767 1.7425637220324643 0.043778796459503409 -0.42521734278623607 0.025325546861937227 -0.48473193473193471 -0.062011904489249918 0.00025322232040186156 -0.035740598169230857 0.031670545960225317 0.031372532632947092 18.070373050185047 0.049039419405914601 0.052036179893145608 -0.0073430046814659091 -0.060474482609434048 -0.022112347325458429 0.018325768936019799 0.059780083994960757 0.072946753920061641 0.00029019666071459203 0.013624149914645335 0.77664785901965694 0.017318393140780517 0.88779502603606886
decision_type=2 2 2 2 2 2 2 2 2 2 2 2 2 2 2 2 2 2 2 2 2 2 2 2 2 2 2 2 2 2
left_child=4 2 3 -2 5 6 7 9 -9 -1 -6 12 14 -14 -12 -13 -8 19 -19 -5 23 22 27 25 -24 -3 -27 -22 -23 -30
right_child=1 20 -4 17 10 -7 16 8 -10 -11 11 15 13 -15 -16 -17 -18 18 -20 -21 21 28 24 -25 -26 26 -28 -29 29 -31
leaf_value=0.0058678144719478582 -0.00084594971236861595 0 -0.0050151504441371458 0.0041091671975866193 -0.0091200159527518362 -0.00049619658527992388 0.011212439572618371 -0.0064767715983717966 0.0013858303522515378 -0.0041959766695596869 0 -0.00061095602102297119 -0.0098361092502379961 0.001246413158525881 0.009156499692016238 -0.0026328898820339825 -0.00018190907335103191 0.008135414614728843 -0.00098100017816039387 -0.002271720065593597 0.0074369931970257284 -0.00057016722446033303 -0.0035878454803176234 -0.0010514919123981749 0.0023452256610904144 0 0.015190035714026575 -0.0018934314703201334 0.0012304812636228591 -0.00012311747393990274
leaf_weight=68.57682177843526 33.185691897757351 15.657203937880693 9.2749873972497863 43.919817568268627 11.374940850306301 419.3444593064487 18.721181241329763 35.959545131307095 79.338888883590698 5.0051040397956958 22.797421437688172 743.27809196710587 12.57571448618546 66.029837163630873 36.669274135492742 422.37797768274322 3.4317252784967414 68.894801518879831 6.2305304259061804 24.426497136242688 22.803326862864196 1088.7684138459153 273.88750475272536 24.278743297792971 27.41109036328271 5.8972739251330522 13.748068572953342 10.017623980995266 1675.7411745716818 1923.5877073281445
leaf_count=1642 918 215 238 1446 519 12759 376 651 1497 142 851 36776 301 1933 710 20271 83 1412 108 662 609 24652 7186 337 517 105 119 380 29181 42663
internal_value=0 0.00023267 0.00277807 0.00347916 -0.000628977 0.000370218 0.00220237 0.00109009 -0.000984271 0.00457808 -0.00113024 -0.00100303 0.00188512 -0.000650006 0.00549202 -0.00137735 0.00863401 0.00467644 0.00699089 0.00142026 0.000131003 7.97243e-05 -0.0021121 0.003648 -0.00292066 0.00735385 0.0114837 0.00392212 0.000244411 0.000499588
internal_weight=7213.21 5267.73 185.932 176.657 1945.48 630.378 211.033 188.88 115.298 73.5819 1315.1 1303.73 138.072 78.6056 59.4667 1165.66 22.1529 143.472 75.1253 68.3463 5081.8 5022.22 334.12 59.5813 301.299 35.3025 19.6453 32.821 4688.1 3599.33
internal_count=189259 110748 4784 4546 78511 17150 4391 3932 2148 1784 61361 60842 3795 2234 1561 57047 459 3628 1520 2108 105964 105188 8692 776 7703 439 224 989 96496 71844
is_linear=0
shrinkage=0.03


Tree=230
num_leaves=31
num_cat=0
split_feature=8 5 38 33 32 2 4 42 18 37 3 44 26 34 4 33 8 45 28 40 18 29 32 26 37 3 0 10 7 5
split_gain=1.12686 1.43069 1.12386 1.19819 1.568 1.42379 1.38119 1.07922 1.53254 1.47549 1.47602 1.24921 1.3953 1.67507 1.98427 1.10298 1.09905 0.972461 1.30394 1.31683 1.06561 0.969042 1.36213 1.17406 0.965786 0.941302 0.939192 1.51161 1.56894 1.92084
threshold=-0.02256631097260715 -0.02693106231457398 0.85725333154435124 0.44209460274695461 0.049039419405914601 -0.010666654182202886 0.38345424593166128 0.090909095192572453 0.4802383511418471 0.049429635964313913 15.602813779506254 0.033097747180348906 -0.026873029039108265 -0.02091040827590767 -0.12116423358902571 -0.37706356744169062 -0.071586453281359527 3.3777321479174416e-05 -0.14870089524296223 0.0022313229393805165 -0.54823255671350257 -0.0024109296374659004 0.076597228715913221 -0.012161458670163749 0.058201094167966448 16.456838343851143 -0.061393023801499129 -0.021317397473944961 0.018325768936019799 0.046405818952162566
decision_type=2 2 2 2 2 2 2 2 2 2 2 2 2 2 2 2 2 2 2 2 2 2 2 2 2 2 2 2 2 2
left_child=7 2 3 4 5 -2 -6 11 17 -10 -11 12 13 14 -1 -12 -13 20 19 -19 -9 22 -14 -23 -15 -5 -3 28 -28 -30
right_child=1 26 -4 25 6 -7 -8 8 9 10 15 16 21 24 -16 -17 -18 18 -20 -21 -22 23 -24 -25 -26 -27 27 -29 29 -31
leaf_value=0 0.0043319780354988419 0.0039658484579598533 -0.0047499233720431945 0.0021315231098510889 0.0088418772560074511 -0.003257723803886222 -0.00091824815827309632 0.0086033822209017844 -0.0011887673640731784 0 0 -0.0070152576626670892 -0.0015143376645611439 0.00060194072242606398 0.0077870660517386035 0.016084860064396696 0.00048238727265053933 -0.010182442717484043 0.00099106386243693668 0 0 0.0033183767689679306 -0.0075238860927180316 -0.0007161659125821592 -0.0036064181473369444 -0.0072253254128936267 0.0034548081810862577 0.00022642018320611097 -0.0044403315947486094 1.1382916422527998e-05
leaf_weight=45.891874793916941 46.105000438634306 51.980740482453257 9.1647964632138592 12.970111217815431 68.527936757542193 31.418224702589214 8.2971374527551216 15.560451708734034 7.9791038120165458 5.7190867634490159 4.6686549130827215 48.109927969053388 633.87548185884953 215.87153819901869 54.379453187808394 16.163545772433281 14.936732652597128 20.31674516107887 42.052937276661396 13.103707786649464 22.257847775705159 66.110546242911369 34.945790534373373 623.87553886510432 56.654338044580072 11.240952478721736 36.867067938204855 4668.2819008664228 187.26128875091672 135.5079630035907
leaf_count=1062 1510 675 238 331 1314 886 192 249 190 91 59 1792 29422 7826 1110 171 554 485 757 250 415 2851 1109 28643 1475 313 1097 95938 6085 2169
internal_value=0 0.000227776 0.00277254 0.00344095 0.00445979 0.000881512 0.00742945 -0.000616684 0.00174531 0.00683138 0.00999884 -0.000832216 -0.000653422 0.000920316 0.00415206 0.0131733 -0.00489315 0 -0.00197035 -0.00612156 0.00362544 -0.00110898 -0.00192636 -0.00026534 -0.000214033 -0.0016789 0.000125202 7.56348e-05 -0.00177564 -0.00250818
internal_weight=7210.1 5267.62 187.724 178.559 154.348 77.5232 76.8251 1942.47 147.822 34.5304 26.5513 1794.65 1731.6 372.797 100.271 20.8322 63.0467 113.292 75.4734 33.4205 37.8183 1358.81 668.821 689.986 272.526 24.2111 5079.9 5027.92 359.636 322.769
internal_count=189259 110748 4784 4546 3902 2396 1506 78511 2667 511 321 75844 73498 11473 2172 230 2346 2156 1492 735 664 62025 30531 31494 9301 644 105964 105289 9351 8254
is_linear=0
shrinkage=0.03


Tree=231
num_leaves=31
num_cat=0
split_feature=8 39 43 44 32 44 35 19 38 2 1 40 19 4 4 1 26 8 8 40 19 45 32 32 45 44 3 1 4 11
split_gain=1.10993 1.1539 1.4182 1.58099 1.42436 2.30446 1.81418 1.71109 1.70288 2.77824 2.2326 1.40594 1.54024 1.1696 2.11552 1.64707 1.13907 2.62888 1.45669 1.1186 0.919255 1.93931 2.93361 2.72838 1.5946 1.28491 1.2522 1.32224 1.14876 1.05851
threshold=0.40096575844821764 -0.029452496232956888 -0.65238216272665095 -0.0072293488251652235 0.053394246507015748 -0.014701564708903743 -0.0031034989587885131 0.36878636842451323 0.85725333154435124 -0.004597620016504992 0.079754701166319372 0.0028041559956284326 0.36878636842451323 0.058890390412442713 0.55862926976089178 0.066844856924203319 0.017895424117391642 0.54247090691787558 0.51871108800206422 -0.0055441246465627037 1.5953168403988063 -0.00047961695654442704 0.041220094561955814 0.051562517497222973 0.002113402966065491 -0.0260729032260654 11.984072137940343 0.033103920939600247 -0.66568332729673141 0.39209979209979218
decision_type=2 2 2 2 2 2 2 2 2 2 2 2 2 2 2 2 2 2 2 2 2 2 2 2 2 2 2 2 2 2
left_child=20 11 3 13 5 6 -4 -7 10 -10 -6 19 -13 15 -15 -3 17 -5 -18 -2 29 22 -22 24 -23 -24 -25 -28 -27 -1
right_child=1 2 4 16 8 7 -8 -9 9 -11 -12 12 -14 14 -16 -17 18 -19 -20 -21 21 23 25 26 -26 28 27 -29 -30 -31
leaf_value=-0.00044137766041080901 -0.001200938553918245 -0.0080987798594187015 0.012134347453292943 0.011282510185360953 -0.0021122724935156096 -0.0032893124189604522 0.0021666441728133753 0.00078954815628124819 0.0022766273391578991 -0.011852300615819839 0.0030207421164309021 0.006483937389014119 -0.0087888731743821849 0.009100623970964155 -0.004215942643624993 0.0042384341429326598 -0.0052124970478906489 0 0.0052176481453253707 0.008794133743803844 -0.00019129274608549167 -0.0020884975587427469 0 0.0031384155569463452 0.0058173844031980887 0 0 -0.010688460466889515 0.013769886462608428 0.00076047999492939071
leaf_weight=4734.2894223085605 5.1366232149302951 24.96440246514976 21.251015275716782 45.666891355067492 247.7429426452145 100.50266477186233 85.07497091870755 697.03430457832292 13.197203578427432 27.301958542317152 101.78337908256799 3.9252160843461743 8.9697791971266252 18.624449295923117 12.104526616632937 7.1320896763354531 15.500948889181016 21.919618330895901 22.750003950670362 41.801720609888434 38.385008815675974 28.870952201075852 6.0967243677005163 3.9922075681388369 49.909296006895602 3.8997227679938069 8.6357736121863109 31.224370140582323 32.882015877403319 746.15471784025431
leaf_count=150686 66 340 243 431 3055 1020 1280 9577 139 326 1039 33 141 202 164 69 206 205 222 534 897 777 100 56 1021 69 142 555 478 15186
internal_value=0 0.00071805 0.000519396 0.00307494 0.00015262 0.000826261 0.00488385 0.000220873 -0.00132326 -0.00684462 -0.000511378 0.00469664 -0.00195072 -0.00027082 0.0031595 -0.00434688 0.00525428 0.00750061 0.000183317 0.00711242 -0.000192771 0.00174173 0.00522366 -0.000444801 0.00261027 0.0102115 -0.00625272 -0.00810701 0.0121313 -0.000271733
internal_weight=7206.72 1522.38 1462.55 168.663 1293.89 903.863 106.326 797.537 390.025 40.4992 349.526 59.8333 12.895 62.8255 30.729 32.0965 105.837 67.5865 38.251 46.9383 5684.34 203.896 81.2635 122.633 78.7802 42.8785 43.8524 39.8601 36.7817 5480.44
internal_count=189259 19292 18518 1839 16679 12120 1523 10597 4559 465 4094 774 174 775 366 409 1064 636 428 600 169967 4095 1544 2551 1798 647 753 697 547 165872
is_linear=0
shrinkage=0.03


Tree=232
num_leaves=31
num_cat=0
split_feature=8 43 36 26 28 28 7 36 18 18 40 40 29 7 36 36 34 32 32 40 3 42 42 8 26 39 36 5 41 42
split_gain=1.07105 1.0722 1.31515 1.26332 1.98675 1.74104 2.41169 2.03612 1.57559 1.13484 2.46977 2.24677 1.79339 1.76811 1.71277 1.86607 2.27607 2.12807 1.68834 1.46193 1.23965 0.893861 1.46662 1.54868 2.89276 1.99363 1.80358 1.781 1.48728 1.29677
threshold=0.40096575844821764 -0.66593545261250753 -0.01449381493036764 0.0020642117348558396 -0.3523186315686137 -0.15274265943997009 0.031670545960225317 0.0044613006464041304 0.01974831972809428 0.63516525556073544 -0.0015839758694152983 0.00027247306179945473 -1.0000000180025095e-35 0.04267673908158414 -0.021125873995420454 -0.013423039151968691 0.045448051950259812 0.093729333288830846 0.024808586868480708 0.0039328174039490946 15.950801928438059 0.037037001801421623 0.050169975948519026 0.13643285563152946 -0.011420594762821342 0.0090300722580090084 0.0069081619708792194 0.018636012476549117 0.011004918038360774 0.029953964340492484
decision_type=2 2 2 2 2 2 2 2 2 2 2 2 2 2 2 2 2 2 2 2 2 2 2 2 2 2 2 2 2 2
left_child=21 2 -2 4 -4 7 -7 -5 -6 14 12 20 -11 -13 18 16 -16 -17 -3 -20 -12 29 23 24 25 -23 28 -28 -25 -1
right_child=1 9 3 5 8 6 -8 -9 -10 10 11 13 -14 -15 15 17 -18 -19 19 -21 -22 22 -24 26 -26 -27 27 -29 -30 -31
leaf_value=-0.00016841715451919922 -0.0044724602431535174 -0.0056217267322723908 0.012637703584969176 0.0049411794350363502 -0.0050106684391572837 0 0.010754676317416157 -0.0083221116638668748 0.0070244342089754589 0 0.010115997224030039 -0.0048135836826123032 -0.016358366388601355 0.0041131627198139576 -0.0079449524422501791 0.0010699489266705507 0.0060094803896571852 -0.004672286006513808 0.0093960063468984303 -0.00083482479481316002 0 0.00055936181529390549 -0.00039100211545873247 0.0012279525355962549 -0.001633691751493442 0.0066945098820466618 0.0047279653987611905 -0.0010169647184613937 0.0067572037184938632 -0.0015869281504478291
leaf_weight=2538.1962397429161 11.808203472755848 4.2549162134528151 26.888045416213572 9.3900186158716661 13.673927901312711 43.772108060307801 24.793171228840947 23.323382788337767 14.328003175556658 6.1034081652760532 17.162756729871035 84.760679072700441 11.480917015112935 17.992840951308608 41.408382133580744 1024.7406453732401 7.1365018077194682 55.138726596720517 46.080410039052367 8.8991379924118501 29.090719320811331 166.43708615936339 1340.626976610627 98.421915027312934 350.71042837621644 70.765593371819705 60.551679983735085 170.34692385140806 113.56414126046002 772.9619829794392
leaf_count=83193 162 89 235 101 146 570 214 269 144 85 193 1114 172 185 713 13100 69 596 581 134 420 5321 32860 2323 12825 1907 1181 2918 2322 25117
internal_value=0 0.000705383 0.00295834 0.00382766 0.00743348 0.00133336 0.00416385 -0.0035692 0.000369658 0.000394007 -0.00184026 -0.000223858 -0.011127 -0.00285371 0.000738959 0.000436735 -0.00496365 0.000728915 0.00554718 0.0073083 0.00474156 -0.000189409 0.000246424 0.00110229 3.70842e-05 0.00261396 0.00243313 0.000430712 0.00441576 -0.000510497
internal_weight=7204.81 1522.23 167.977 156.169 54.89 101.279 68.5653 32.7134 28.0019 1354.25 166.591 149.007 17.5843 102.754 1187.66 1128.42 48.5449 1079.88 59.2345 54.9795 46.2535 5682.58 2371.42 1030.8 587.913 237.203 442.885 230.899 211.986 3311.16
internal_count=189259 19292 1841 1679 525 1154 784 370 290 17451 2169 1912 257 1299 15282 14478 782 13696 804 715 613 169967 61657 28797 20053 7228 8744 4099 4645 108310
is_linear=0
shrinkage=0.03


Tree=233
num_leaves=31
num_cat=0
split_feature=19 8 37 28 35 8 5 19 37 41 5 10 42 34 37 19 5 37 7 32 39 35 0 29 34 8 1 1 7 41
split_gain=1.03634 2.00801 1.55097 2.39646 2.14368 2.0656 2.736 2.34951 2.06894 1.97705 1.92804 1.82311 1.81498 1.6332 1.62489 1.28606 1.1809 2.4459 2.97441 2.93163 2.58828 2.57611 1.53355 1.57973 1.77535 1.47211 1.4274 1.22211 3.70013 1.75763
threshold=0.48234580100212493 0.74689741591675574 0.10033042553328116 0.17254391947983019 0.0046151550704622265 0.65739147666135012 0.097365471846914922 1.0000000180025095e-35 0.068873964148504385 -0.014771353364077118 -0.056974463787185396 0.09486297316169498 0.040100274593074449 -0.011899766182088769 0.017121989367612628 0.36878636842451323 0.1380321301457044 0.044344338281776162 0.039866521842482322 0.10032167111396935 -0.017873612878825825 0.00018779889018508489 0.031540110511550305 -0.0053450265458753277 0.01384077127832707 0.27387874929103834 0.076632372482039537 0.015113337419079774 0.013788503402312113 0.033060304729366587
decision_type=2 2 2 2 2 2 2 2 2 2 2 2 2 2 2 2 2 2 2 2 2 2 2 2 2 2 2 2 2 2
left_child=2 16 5 4 9 6 8 -7 10 -4 -1 15 -10 -9 -15 -8 22 20 21 -20 -18 -19 27 25 -25 -24 -22 29 -29 -2
right_child=1 -3 3 -5 -6 7 11 13 12 -11 -12 -13 -14 14 -16 -17 17 18 19 -21 26 -23 23 24 -26 -27 -28 28 -30 -31
leaf_value=0.0073167385831009015 0.00047452743301218392 0.0054010146777753298 0 -0.0030749450857818568 -0.0017714638434025405 0.00465489718452882 0.010171478317198406 0.0016129211853870896 0.0012551354861276675 0.015674815359323118 0.00048909148326263009 -0.0032914021777722836 -0.0079996116009583805 0.00063689315644322472 -0.011988677751619039 0 0.014809746299871186 -0.0073424295602635302 -0.012144274422446749 0.00032874326210829578 -0.0063460977111579218 0.0054944388562709421 0.00090138760091177999 0.00095265030031402981 0.0052181699560711779 -0.0031606303714512268 0.0031984870471359604 -0.0037063956897147067 -0.00024875992388859815 0.0072520001032292131
leaf_weight=35.623566864989698 482.33735718671232 52.843091250397265 6.145414928905665 12.764745152555404 6.6203632261604062 12.463621674105523 51.304410390555859 7.7409545835107556 21.988320449367166 25.739106893539432 709.43356635514647 8.3170119281858188 41.609443745575845 5.6158640980720511 36.388004849664867 14.335554727353154 6.8896995671093455 17.532322987914085 52.287314685992897 17.284022555686533 18.819664865732193 31.580299030989408 221.68934601079673 354.06981833744794 126.24754047300667 115.46079729869962 27.392505895346403 295.40263841021806 4352.4022074653767 33.711828571744263
leaf_count=666 14702 486 91 162 92 103 471 72 398 285 15999 81 718 44 375 169 62 201 643 176 269 318 4923 7407 1715 1993 301 9955 125740 642
internal_value=0 -0.000144378 0.000895747 0.00579793 0.0094443 0.00056903 0.000977973 -0.00442779 0.000415006 0.0125109 0.000902138 0.00633748 -0.00450428 -0.00746876 -0.00977422 0.00812883 -0.00020122 -0.00262641 -0.00503575 -0.00882896 0.00221212 0.000102494 -0.000124421 0.00107061 0.00217783 -0.000427874 -0.000342788 -0.000320258 -0.000478713 0.0010402
internal_weight=7202.04 6205.95 996.09 51.2696 38.5049 944.82 882.612 62.2084 808.655 31.8845 745.057 73.957 63.5978 49.7448 42.0039 65.64 6153.11 171.786 118.684 69.5713 53.1019 49.1126 5981.32 817.468 480.317 337.15 46.2122 5163.85 4647.8 516.049
internal_count=189259 169533 19726 630 468 19096 18502 594 17781 376 16665 721 1116 491 419 640 169047 1970 1338 819 632 519 167077 16038 9122 6916 570 151039 135695 15344
is_linear=0
shrinkage=0.03


Tree=234
num_leaves=31
num_cat=0
split_feature=8 43 31 44 35 32 11 32 43 43 25 37 2 31 2 10 8 4 31 40 44 36 35 45 26 38 5 31 35 45
split_gain=1.03313 1.1826 1.71394 1.42022 1.42723 1.34787 1.34181 1.20444 1.27542 1.07297 1.17079 1.57535 1.15617 1.10074 1.00684 1.67626 2.12844 1.62411 1.28996 0.926884 0.907273 1.33198 1.84839 1.58989 1.95844 1.70426 1.29416 1.14296 1.95516 1.94564
threshold=0.40096575844821764 -0.66593545261250753 0.095262188174634527 -0.0072293488251652235 -0.0012135441725875014 0.071174343527166645 0.0095862314963438573 0.036636649784127007 -0.76078275165722153 -1.0218298122281391 -0.14938884470255626 0.047073014641562945 -0.0060729264888642965 0.02711590448825946 -0.030555672658199123 -0.020550183422298193 0.50764842163657409 0.10172680922000855 0.081623139302688358 -0.00030168631091931 -0.038919136438992606 0.03946265487724937 -0.00014517986847908376 0.0015864213735166006 -0.0078073342582295523 -0.78137765501670831 0.036758537462668446 0.051685099707298433 0.001652118329190571 0.0099428392593748308
decision_type=2 2 2 2 2 2 2 2 2 2 2 2 2 2 2 2 2 2 2 2 2 2 2 2 2 2 2 2 2 2
left_child=20 3 14 4 6 -4 -2 -6 -9 10 11 -5 -11 -14 18 16 -16 -17 19 -3 21 22 -1 25 -25 -24 -23 -22 29 -29
right_child=1 2 5 9 7 -7 -8 8 -10 12 -12 -13 13 -15 15 17 -18 -19 -20 -21 27 26 23 24 -26 -27 -28 28 -30 -31
leaf_value=0.0063620866163470796 0.0011399708767407004 0 0.0016391648571169107 -0.0074358842143638611 -0.0029089789203942959 -0.010339947345944097 -0.011855147832496573 0.0090743278006183425 -0.0016241406918198575 0 0.0067881277594520522 0.0043866425358397411 0.011367225425043436 0 -0.0089521983291379666 0.0015350252141415562 0.0010283096080018121 -0.00065565980663424221 -0.002037048877021433 0.0096854360493387522 -0.00038467431615263125 -0.0076030415209269566 -0.0072134041055201634 0.001778912560093674 -0.008467759443966813 0.0039226433203510148 0.0026813759266057433 0.0041135337298402038 -0.0017699914232939611 -0.0056182947411436241
leaf_weight=68.708728946745396 4.9038385748863211 10.403690579347311 5.4096449743956354 18.351142232306305 15.718727906234561 18.535412734374404 10.975795142352579 22.440391519106925 7.22826252691448 10.631253601983188 14.479957554489372 10.44191889837384 40.447510189376771 11.637561524286864 33.389246727339923 723.00771949719638 27.379390899091959 496.98126839008182 10.845538010820745 27.78232513461262 5121.3146480363794 21.268981880508367 7.74808096140623 23.551841732114553 28.155483844224364 100.19888265477493 10.020485136657951 189.03630866622552 96.386412110179663 13.625345684587954
leaf_count=1511 63 143 60 222 228 202 154 229 93 119 126 90 397 120 574 8870 342 6832 118 310 159518 443 172 445 709 2146 153 3055 1574 241
internal_value=0 0.000693091 0.000368384 0.00306006 -0.00013933 -0.00678153 -0.00709329 0.00216071 0.00574417 0.00510272 0.000545527 -0.00224597 0.00753161 0.00924757 0.000544527 0.00034844 -0.00426301 0.000619092 0.00460507 0.00720366 -0.000186042 0.00151229 0.00239833 0.000368889 -0.0035262 0.00257378 -0.00356711 -0.000274246 0.00149345 0.00319526
internal_weight=7201.01 1520.99 1353.73 167.256 61.267 23.9451 15.8796 45.3874 29.6687 105.989 43.273 28.7931 62.7163 52.0851 1329.79 1280.76 60.7686 1219.99 49.0316 38.186 5680.02 259.652 228.363 159.654 51.7073 107.947 31.2895 5420.36 299.048 202.662
internal_count=189259 19292 17451 1841 767 262 217 550 322 1074 438 312 636 517 17189 16618 916 15702 571 453 169967 5579 4983 3472 1154 2318 596 164388 4870 3296
is_linear=0
shrinkage=0.03


Tree=235
num_leaves=31
num_cat=0
split_feature=7 0 37 10 31 1 6 38 27 11 5 7 38 5 41 27 1 11 31 28 11 25 25 18 31 33 32 11 36 10
split_gain=1.02792 1.40261 1.60136 1.56951 1.40694 1.32688 1.72065 2.77369 1.99097 1.38179 1.37192 2.05776 1.999 1.72122 1.71629 1.61425 1.60734 1.32474 1.29441 2.04283 2.27094 1.9001 1.93066 1.80875 1.72907 1.15406 1.33516 2.49823 1.14819 1.08739
threshold=0.025264195528517736 0.032246784606093086 0.075115204594791443 0.034184752297592561 -0.0097406715669741389 0.020456314025517806 0.087194006013186401 -0.013884433612598278 0.051135846313264198 -0.41196343402225749 0.044738009198864843 0.027213418742994922 0.98094749046703467 -0.055491284691164149 -0.019257828562637667 0.024816197377007406 0.10039574626758492 0.42161165730337086 0.018618236847979096 -0.30667149846238212 0.20330668604651167 -0.17763545878852574 -1.0031663670606263 0.89638070971723882 -0.0071859346743411217 -0.82689249566170619 0.036636649784127007 0.44413233458177281 0.024455845727953462 -0.035740598169230857
decision_type=2 2 2 2 2 2 2 2 2 2 2 2 2 2 2 2 2 2 2 2 2 2 2 2 2 2 2 2 2 2
left_child=1 3 25 29 -5 6 9 8 -8 -2 11 14 13 -13 -7 -16 -14 -6 21 20 -20 22 -12 -21 -23 -3 28 -28 -27 -1
right_child=5 2 -4 4 17 10 7 -9 -10 -11 18 12 16 -15 15 -17 -18 -19 19 23 -22 24 -24 -25 -26 26 27 -29 -30 -31
leaf_value=-0.0053940525998769501 0.0099979877137037227 0.0088609604585248147 -0.0093852226607486038 0.00071633598239008141 0 -0.0021269552407068111 0.014730392186985849 0 -0.00044012947512095597 0 0.0045955098673201725 0.001157727153152586 -0.0073833554540148659 -0.0010812929581869479 -0.00098473774413750407 0.0046117026558559777 0.0022718298238832363 -0.012445430815057293 8.0828526563091638e-05 0.0014207981664351229 0.006490634025330665 -0.00052052771161491154 -0.0016938681996027467 -0.0036234123384573528 0.0061980630452342826 0.00081509026500130603 0.0082676301319320241 -0.00084426306274144154 -0.0057237786977529558 -0.0003694586050771567
leaf_weight=35.302837387192994 8.7663173531182093 17.589108276180923 5.7592858932912341 10.495460014790295 6.4887259807437685 58.831003616563976 28.439091620966792 26.291297738440335 4.9690358433872452 181.27735706744716 42.359906179830432 408.74276196537539 62.555544100236148 1134.5003826562315 49.520884437952191 174.54105747723952 12.035585588309912 21.752361202612519 91.169933493249118 413.28287643427029 138.58634976297617 49.920756360050291 409.95288172131404 68.550648851320148 67.886269931681454 162.97714433306828 52.675222699064761 39.424281517975032 23.135574297048151 3391.0893645524047
leaf_count=1548 187 266 98 260 168 1966 373 373 71 5645 778 8618 1818 34767 1607 5142 222 443 1191 5533 1527 651 7343 1031 871 3623 970 597 380 101192
internal_value=0 -0.00034198 0.00158008 -0.000519932 -0.00622181 0.000375261 0.00246938 0.00677472 0.0119293 0.00082411 0.000197897 -0.000301555 -0.000729105 -0.000467067 0.00200955 0.00324934 -0.00540368 -0.00942268 0.000960173 0.0018107 0.00413084 -5.57565e-05 -0.000995451 0.00061169 0.00320149 0.00204576 0.00136013 0.00421559 0 -0.000437755
internal_weight=7198.87 3766.69 301.561 3465.13 38.7365 3432.18 249.743 59.6994 33.4081 190.044 3182.44 1900.73 1617.83 1543.24 282.893 224.062 74.5911 28.2411 1281.71 711.59 229.756 570.12 452.313 481.834 117.807 295.801 278.212 92.0995 186.113 3426.39
internal_count=189259 109545 5934 103611 871 79714 6649 817 444 5832 73065 54140 45425 43385 8715 6749 2040 611 18925 9282 2718 9643 8121 6564 1522 5836 5570 1567 4003 102740
is_linear=0
shrinkage=0.03


Tree=236
num_leaves=31
num_cat=0
split_feature=7 43 1 0 8 42 41 0 34 2 19 4 35 4 39 25 43 19 1 29 1 8 31 11 31 34 35 29 11 10
split_gain=0.979563 1.51582 3.01682 2.1077 1.80939 1.42624 1.43439 1.37601 2.9444 1.98498 1.37291 2.10398 2.30834 1.94181 2.44452 1.71238 1.61359 1.4224 1.79231 1.79096 1.41442 2.43826 2.27683 1.36487 1.33317 1.32873 1.52606 1.71143 1.22376 1.94637
threshold=0.025264195528517736 0.57163550342866121 0.01381908602517168 0.032246784606093086 0.27756444787483497 0.044943886995576769 0.011520439093397478 0.011540315354514089 -0.0089313425111732705 -0.0022124005835336374 0.39564580249290465 -0.85380486479292184 -0.0036148808161586368 0.10172680922000855 -0.031073806466458808 -0.037694421657938036 -0.062964427918823049 0.30976678274991143 0.068965469542362587 -0.020926056984003433 0.020456314025517806 0.30204762790883216 0.033057391013000738 -0.40960163432073537 0.035617621243748968 -0.0074059041003945855 0.00044201731839035705 -0.011320770409822918 0.4971910112359551 0.04788398690425081
decision_type=2 2 2 2 2 2 2 2 2 2 2 2 2 2 2 2 2 2 2 2 2 2 2 2 2 2 2 2 2 2
left_child=1 3 4 5 -3 7 24 9 -9 -1 11 12 -2 14 15 -13 -16 19 -19 -15 21 23 -23 -12 -7 26 -5 -28 29 -27
right_child=10 2 -4 25 -6 6 -8 8 -10 -11 20 13 -14 17 16 -17 -18 18 -20 -21 -22 22 -24 -25 -26 28 27 -29 -30 -31
leaf_value=-0.0010185017892425368 0.0055698009085075528 0 -0.0028274742250779372 0 0.009385451552099796 0.00061937056131672167 0.003995476040407106 0.0015124174964217948 -0.0030483484912349236 0.00083230580550117919 0.00945754711518779 -0.0088953200914155903 -0.010577548204688763 0.0036133937634378324 0.0021624959569838229 0.0037092118252796216 0.009193871443645505 -0.00068684244128320194 0.010262600912500482 -0.0047324281737266081 -1.557305034524602e-05 0.012532823849926922 -0.0017869710615301551 0 -0.0083725904365689365 0.0010983460352276939 -0.00093910578004598275 0.011028280184396111 0.0067724708814092729 -0.0079778026912701271
leaf_weight=1131.3207853897475 5.6965339099988368 49.697459367103875 438.91543954145163 35.495589138008654 24.019711853936315 156.18239402212203 125.13819663412869 163.1037657042034 453.01937143830582 949.13552506780252 10.057242552749811 13.990059314295651 17.840149535797536 26.516059959307313 69.785906987730414 11.747785548679529 84.459178910125047 19.124804745893925 18.970341606996953 64.551108825020492 2867.9273905847222 29.59520366974175 7.7396491318941107 183.4306686129421 11.237278024200348 138.15505688590929 7.3430833434686056 41.11418391065672 21.210067328065634 19.821203107945621
leaf_count=41053 74 1656 12284 841 262 4877 2474 4800 12065 24621 203 269 285 404 1099 188 1184 389 207 956 68384 352 91 5629 255 2714 196 752 301 394
internal_value=0 -0.00033394 -0.00184477 -8.4123e-05 0.00343315 -0.000321069 0.00162606 -0.000546041 -0.00179024 -0.000159779 0.000366346 0.00219007 -0.00532701 0.00293355 0.00490531 -0.0024986 0.0063688 0 0.00462762 -0.0019285 0.000157673 0.00239213 0.00899519 0.000772377 -3.54742e-05 0.00245139 0.00551517 0.00873536 0.000742303 -6.61745e-05
internal_weight=7196.34 3764.91 512.633 3252.28 73.7172 2989.14 292.558 2696.58 616.123 2080.46 3431.43 332.682 23.5367 309.145 179.983 25.7378 154.245 129.162 38.0951 91.0672 3098.75 230.823 37.3349 193.488 167.42 263.139 83.9529 48.4573 179.186 157.976
internal_count=189259 109545 14202 95343 1918 90145 7606 82539 16865 65674 79714 5055 359 4696 2740 457 2283 1956 596 1360 74659 6275 443 5832 5132 5198 1789 948 3409 3108
is_linear=0
shrinkage=0.03


Tree=237
num_leaves=31
num_cat=0
split_feature=8 37 5 37 18 38 5 25 40 18 6 5 38 25 18 33 38 4 33 10 6 40 32 28 31 29 28 29 33 36
split_gain=1.06355 1.96928 1.53258 1.90019 1.44608 2.82802 2.27288 1.18515 1.17156 1.1186 1.27549 1.1096 1.00825 2.0324 1.23138 1.00618 0.991492 0.911418 0.916933 0.859684 2.38627 1.62366 1.94168 1.90802 1.01726 3.28632 3.08347 2.7199 1.23166 2.44429
threshold=-0.11816747298259313 0.052000049714776723 -0.055491284691164149 0.05585952009746032 0.12143913443639674 -0.058221226469784775 -0.070281864518649748 -0.84910831978621193 7.0560699026067054e-05 -0.045507692756017272 -0.10360947311556611 -0.02693106231457398 -0.044875834972775579 -0.10550648074354353 0.40853887172193498 -0.30155552660266766 0.082126609944655385 0.49179400812068691 0.46132467097065538 -0.020938082436537865 0.037497905900274582 -0.004018921083295106 0.054845863602589848 0.15200628590333934 0.093829741277411435 0.057996406267415951 -0.33973969565397327 0.024648096742461781 0.27059386124227741 0.047771079247620606
decision_type=2 2 2 2 2 2 2 2 2 2 2 2 2 2 2 2 2 2 2 2 2 2 2 2 2 2 2 2 2 2
left_child=1 9 3 15 -3 6 -6 11 -9 10 -1 -7 13 14 -5 -2 -14 18 -17 20 -4 23 -23 -22 28 27 -27 -26 -21 -30
right_child=2 4 19 12 5 7 -8 8 -10 -11 -12 -13 16 -15 -16 17 -18 -19 -20 24 21 22 -24 -25 25 26 -28 -29 29 -31
leaf_value=0.0016948788642357781 0 -0.00021119243043777502 -0.0046885851187428579 -0.010962395329660743 0.01345219406896281 -0.0099164221155302046 0 -0.0026727625196824234 0.0048280403452411469 -0.0025604853854939796 -0.0014136263095440018 0.0017790206866397735 0.01011344952839251 0.0074419979077248091 0 0.01367893070606618 0 0 0 0 0.0085149866076576035 0.001315651650717361 -0.0032209930044400656 -0.0017001323379769091 -0.0021526534189948835 -0.0075213280964432595 0.0087950189711268958 -0.01648341586674135 0.0007055074822250615 0.0062279531492462738
leaf_weight=157.79973496170714 8.4962565829046053 241.48283034143969 118.9464616891928 18.29669165331871 29.850779119879007 13.055148712359371 19.442607141565531 20.958083848468959 43.496411966625601 453.20806584041566 396.89040016988292 3.9527224837802342 8.4768453175201994 5.0944625912234178 7.4306359812617293 25.80292534455657 25.378325446508825 3.1725381882861248 7.3987062694504848 3649.0948776123114 35.631477179937065 173.52918326994404 149.61840837448835 18.297890012152493 53.877410978078842 8.9235531315207464 28.457111371681094 14.428527627140282 1380.1859676684253 73.50614002533257
leaf_count=4553 233 6204 6132 327 362 354 612 580 1077 20700 19274 141 113 54 115 637 487 120 175 86379 571 4341 2588 372 740 108 275 190 30478 967
internal_value=0 -0.000747113 0.000177839 0.00362158 0.00106187 0.00355516 0.00885901 0 0.0019403 -0.00144677 -0.000468468 -0.00604854 0 -0.00342955 -0.00741931 0.00802608 0.00353701 0.00997665 0.0113698 0.000103339 -0.00107362 3.46119e-05 -0.000710481 0.0046898 0.000222102 -0.00259705 0.00376427 -0.00650686 0.000288849 0.00102571
internal_weight=7194.18 1380.14 5814.04 109.547 372.239 130.756 49.2934 81.4624 64.4545 1007.9 554.69 17.0079 64.677 30.8218 25.7273 44.8704 33.8552 36.3742 33.2016 5704.5 496.023 377.077 323.148 53.9294 5208.47 105.687 37.3807 68.3059 5102.79 1453.69
internal_count=189259 53857 135402 2261 9330 3126 974 2152 1657 44527 23827 495 1096 496 442 1165 600 932 812 133141 14004 7872 6929 943 119137 1313 383 930 117824 31445
is_linear=0
shrinkage=0.03


Tree=238
num_leaves=31
num_cat=0
split_feature=8 37 42 18 45 43 44 18 27 0 33 33 42 19 27 19 43 3 19 25 1 3 27 35 3 43 35 33 45 0
split_gain=1.07303 1.84625 1.63506 1.61733 1.49583 1.2266 1.07466 1.05366 1.52446 1.00777 1.33675 1.13144 1.09393 0.992896 1.77646 2.0281 2.03553 1.82791 1.59557 1.48026 1.34437 1.29927 1.78804 2.67053 1.71517 1.45226 1.38675 1.25397 0.965024 1.1645
threshold=-0.11816747298259313 0.051087467436361035 0.093514473263734479 -0.61148438365190616 0.0028571965211618782 0.67093038050001141 -0.06561217635362733 0.046397906610927957 0.029059842970047312 -0.056622625289260702 0.49195798186885581 0.98089609755872698 0.036363953485768971 0.90664665148593293 0.06896545361269063 1.2157470578174749 0.13180377117398837 19.835857147892639 1.0263452322960016 -1.0546112562408496 0.015748024105072148 15.545107081727986 0.053892219538276269 0.00080751642110836127 15.790140599849751 -0.022577219459153138 0.0015864213735166006 1.0618441555429581 -0.0032352926264064795 -0.10489401629644098
decision_type=2 2 2 2 2 2 2 2 2 2 2 2 2 2 2 2 2 2 2 2 2 2 2 2 2 2 2 2 2 2
left_child=1 7 5 -4 6 -3 -5 8 -1 10 28 12 -12 21 17 16 -16 20 -19 -17 -15 22 25 -24 26 -11 -23 -26 -2 -30
right_child=9 2 3 4 -6 -7 -8 -9 -10 13 11 -13 -14 14 15 19 -18 18 -20 -21 -22 24 23 -25 27 -27 -28 -29 29 -31
leaf_value=-0.002219493766904264 -0.0012933842694864638 0.00060352423997096782 -0.00022057902168549492 0 0 -0.0056733016120842986 0.014059580953684384 -0.0027018576274392392 0.00072356006166669111 0.00033909259877000177 2.3822995833868688e-05 0.002415712516082942 -0.012976381965091771 0.0019905627177812571 -0.0072488547768749488 -0.0058890423530873412 -9.3408805090630824e-05 -0.0029672070293820605 0.0062031787775984806 0.0020543337649385181 -0.00043204793269149052 0.0012385121809134153 0.0058148311652265593 -0.0012917465911800555 0.00046719144927514627 -0.001813269616556974 0.0074924347362830337 0.0040869400279916271 -2.724326119948887e-05 0.0076513652863842022
leaf_weight=283.57041614130139 10.791723698377607 290.57922509172931 24.582850045524538 8.1190228201448935 13.967420221306382 25.95340818259865 23.300498560070992 380.2182157789357 326.63575928332284 550.02214165404439 3.0736697670072335 9.4617098439484817 7.4371614372357726 221.12492906395346 99.286421375814825 20.961340514943004 67.974368010181934 14.013423089403657 68.658424461726099 99.165800843387842 2104.32826720085 95.351289529819041 95.799834846053272 76.88880505040288 1508.9322666269727 534.16860806150362 60.824276035651565 90.104503420647234 13.857606946025042 62.14117693901062
leaf_count=14133 205 7984 386 79 221 774 290 17611 12379 12666 75 136 153 5836 2288 472 1347 354 1442 1932 56153 2111 1653 1342 31048 12325 1202 1426 184 1052
internal_value=0 -0.000751479 0.000952324 0.00493607 0.00806918 0 0.0112715 -0.00144795 -0.000602273 0.000178454 0.00301103 -0.00265338 -0.00845841 0.000117629 -0.00029342 -0.00250239 -0.00460217 -1.27285e-05 0.00422598 0.000248578 -0.000185035 0.000495296 -0.000221178 0.00253451 0.00102457 -0.000697265 0.00401717 0.000701968 0.0047149 0.00596562
internal_weight=7191.29 1376.93 386.502 69.9698 45.3869 316.533 31.4195 990.424 610.206 5814.37 106.763 19.9725 10.5108 5707.6 2695.51 287.388 167.261 2408.13 82.6718 120.127 2325.45 3012.09 1256.88 172.689 1755.21 1084.19 156.176 1599.04 86.7905 75.9988
internal_count=189259 53857 9734 976 590 8758 369 44123 26512 135402 1805 364 228 133597 69824 6039 3635 63785 1796 2404 61989 63773 27986 2995 35787 24991 3313 32474 1441 1236
is_linear=0
shrinkage=0.03


Tree=239
num_leaves=31
num_cat=0
split_feature=0 6 6 6 5 44 40 5 28 28 7 10 19 5 8 1 0 1 8 35 39 31 11 19 8 19 38 5 4 3
split_gain=0.996418 1.26204 1.16156 1.58419 1.70179 1.12389 1.10188 1.46075 1.01901 1.01284 0.992821 1.64492 1.62377 1.56645 2.34188 1.50729 2.19316 3.69305 2.02072 1.6592 1.64601 1.50471 1.33098 1.30749 1.77668 1.72517 1.60175 1.35262 1.3015 1.73411
threshold=0.031540110511550305 -0.12244669099768295 -0.020806877503223849 0.017462115809974924 0.0097222475221772093 -0.0069062790591990558 0.0067695506112495857 0.031127582950662317 -0.44650449187102031 0.2581242232292898 0.025264195528517736 0.034184752297592561 0.36878636842451323 0.047309401136632075 0.69147688562213871 0.020456314025517806 -0.0015764646475997779 0.043193755201381752 0.28539621805134924 0.00030556011104153065 0.014505155156557181 -0.0037561991964143011 -0.40960163432073537 1.0538961013276713 -0.11816747298259313 1.0350993463547289 -0.04932392236858351 -0.091674224813563562 -1.0210834783126932 16.163524362241599
decision_type=2 2 2 2 2 2 2 2 2 2 2 2 2 2 2 2 2 2 2 2 2 2 2 2 2 2 2 2 2 2
left_child=10 8 -3 6 -5 -6 7 -4 -2 -8 11 23 13 28 21 18 19 -18 22 -17 -20 -15 -14 24 27 -26 -25 -1 -12 -30
right_child=1 2 3 4 5 -7 9 -9 -10 -11 12 -13 15 14 -16 16 17 -19 20 -21 -22 -23 -24 26 25 -27 -28 -29 29 -31
leaf_value=0.0050036490035833062 -0.0020314600892589567 -0.002600697369538634 0.0086102782911389609 -0.0054597284029974744 0.0022432801110451091 0 -0.0066833268274075555 7.1515706747965268e-05 0.0073155040207417837 0.0054049812735150506 -0.0089568038777618677 -0.0066826425489602435 0.0093344839169853464 0 -0.0051407629094039837 0.0019088877692184276 0 -0.0039417236231696776 0.012240942963930858 -0.00027864776822986945 0 0.010024900075635836 0 -0.0029253924214504103 0.00012293199884210026 0.0050137140468145434 -0.0001832162815533299 -0.0021149271663497456 0.0052674109704129272 -0.0012746253322307461
leaf_weight=18.384458321146667 5.3964585289359084 86.332155726384372 52.991073613986373 36.125629699323326 289.31132347881794 580.18676247168332 10.879206000827251 36.943758665584028 40.103518419899046 3.520159935578703 6.2390750222839406 33.859991084318608 10.101958238985388 12.82979399897158 8.0300357826054078 520.84066341258585 625.43378420406953 310.20619091158733 24.791224817745388 718.72756986320019 14.630731360986827 56.209395576268435 176.70143500668928 365.22342500369996 2044.7022424684837 62.820019844453782 451.90751929581165 455.45458908844739 57.830931921489537 71.661513768602163
leaf_count=284 81 2885 1146 828 4649 8606 224 827 459 57 145 819 200 158 86 13540 16110 7458 331 19354 159 558 5525 13256 49601 1556 14701 23012 1144 1500
internal_value=0 0.000810807 0.000563875 0.000875423 0.000424185 0.000732772 0.00431927 0.0056072 0.00552149 -0.00155029 -0.00015365 -0.000492026 0.000279257 0.00276199 0.00608008 4.15044e-05 -0.000190143 -0.00129344 0.00235454 0.00062038 0.00819396 0.00804941 0.000784333 -0.000411806 -6.75915e-05 0.000294437 -0.00145568 -0.00172672 0.000515701 0.00151118
internal_weight=7188.38 1141.79 1096.29 1009.96 905.624 869.498 104.334 89.9348 45.5 14.3994 6046.59 3432.35 2614.23 212.801 77.0692 2401.43 2175.21 935.64 226.225 1239.57 39.422 69.0392 186.803 3398.49 2581.36 2107.52 817.131 473.839 135.732 129.492
internal_count=189259 19762 19222 16337 14083 13255 2254 1973 540 281 169497 103229 66268 3591 802 62677 56462 23568 6215 32894 490 716 5725 102410 74453 51157 27957 23296 2789 2644
is_linear=0
shrinkage=0.03


Tree=240
num_leaves=31
num_cat=0
split_feature=8 34 4 3 5 3 42 26 25 34 25 35 35 4 39 8 45 4 28 1 26 44 36 0 6 42 28 7 35 4
split_gain=0.962269 1.00029 2.21882 2.19427 1.73627 2.19854 2.45995 2.22111 2.01977 1.3941 2.01812 2.6041 2.43984 1.9231 1.80918 1.55289 2.05169 1.53481 1.49596 1.42335 1.32965 1.26615 1.94669 1.51027 1.24631 1.1726 1.67805 1.30612 0.985068 1.02256
threshold=0.40096575844821764 -0.0061227097618446512 0.44200965864714631 18.157664421936683 0.12804900045015546 15.299929996761861 0.029013323495729829 0.018622517941108026 -0.70938047797725201 -0.0013108862398248297 -0.38093139859619585 0.00069635057671637039 0.00063784373976362191 0.36027265032884875 -0.0079188356647005419 0.43330149676044305 5.3292204253589632e-05 -0.78104883636309175 0.76292710912647366 0.018149597488716782 0.027731991581140186 -0.00050105106399707508 0.01652928599149716 0.0093271936481204246 0.22118345681147858 0.02733059465294263 -0.15274265943997009 0.050206402539545149 0.0044827816734608816 0.59582563781728848
decision_type=2 2 2 2 2 2 2 2 2 2 2 2 2 2 2 2 2 2 2 2 2 2 2 2 2 2 2 2 2 2
left_child=-1 2 4 25 5 6 -2 -7 -6 10 11 14 18 -14 -3 16 17 -11 -12 -13 -10 23 -23 -17 -18 26 -4 -27 29 -5
right_child=1 9 3 28 8 7 -8 -9 20 15 12 19 13 -15 -16 21 24 -19 -20 -21 -22 22 -24 -25 -26 27 -28 -29 -30 -31
leaf_value=-0.00017957820857152415 0 -0.0045077285195800612 0.0066660795281759415 -0.00048678499580359798 -0.0020687587680137034 0.0031384945617654067 0.01074547875913272 -0.0035204626123225475 0 -0.0036312223714017673 -0.016199565794133456 0.0044368484984295097 -0.0059164913913561899 0.0078422686183738429 0.0089242089116698294 -0.0008269980870352023 0.0015197997991414653 0.0082311218883738338 0 -0.0086390986336399508 0.014568629927451901 -0.00240737135041847 0.0010806383007362389 0.0032527231640225108 -0.0078906371792793455 -0.010113173705719307 -0.0079515190859556235 0.0018837798697613499 -0.0034377004603721836 0.0099703203714420884
leaf_weight=5669.2474646908231 25.599531130865216 5.4164306297898284 11.856593576259913 4.7618687441572609 5.9081669850274912 99.818843986839056 41.036133510991931 73.236142962239683 6.0455768853425971 4.725870704278349 18.999663351103667 3.35616775043309 18.03620912972838 10.030740826390682 30.013059981167316 121.61494494695216 92.56614888086915 66.566396526992321 4.7424821574240914 23.153323017060757 26.084648301824927 307.84934489708394 249.16517845354974 189.20135325286537 9.3992492621764523 33.903542549349368 7.0391531558707348 3.6284961886703959 3.8617035653442136 17.464803182519972
leaf_count=169967 317 135 156 78 72 1339 448 1201 58 67 278 30 257 124 404 1608 1209 833 66 400 234 3760 2554 2518 124 553 132 34 74 229
internal_value=0 0.00067034 0.00204897 -0.00196285 0.00336067 0.00214521 0.00658006 0.00013224 0.00918357 0.000207437 -0.00283215 0.000438685 -0.00696504 0 0.00582519 0.000580167 0.00313264 0.00686511 -0.0131256 -0.0055902 0.0120606 2.11828e-05 -0.000797993 0.00157361 4.3582e-05 -0.00538105 0 -0.00816288 0.00414192 0.00695015
internal_weight=7184.33 1515.08 360.245 82.5162 277.729 239.691 66.6357 173.055 38.0384 1154.84 113.748 61.939 51.8091 28.0669 35.4295 1041.09 173.258 71.2923 23.7421 26.5095 32.1302 867.831 557.015 310.816 101.965 56.4278 18.8957 37.532 26.0884 22.2267
internal_count=189259 19292 4925 1256 3669 3305 765 2540 364 14367 1694 969 725 381 539 12673 2233 900 344 430 292 10440 6314 4126 1333 875 288 587 381 307
is_linear=0
shrinkage=0.03


Tree=241
num_leaves=31
num_cat=0
split_feature=8 37 18 25 26 43 18 6 7 41 32 0 35 33 10 8 2 26 6 37 10 42 42 2 37 43 37 32 32 8
split_gain=0.963762 1.79764 1.53846 1.91598 1.15563 1.61925 0.986555 1.10183 1.2065 0.986877 0.838748 0.818969 2.2422 1.52916 0.932464 1.41962 1.61937 1.84385 1.43584 2.09285 1.35397 1.25028 0.976168 0.89284 0.838267 1.57437 1.15284 0.836918 0.833663 0.779459
threshold=-0.11816747298259313 0.052000049714776723 0.12143913443639674 -1.1258121019060756 -0.025229006809394997 0.28986151404918564 -0.045507692756017272 -0.10360947311556611 0.028262142856127156 -0.0086132509951060473 0.032031234563327411 -0.067658654415710812 0.00091635407976054038 0.49195798186885581 -0.020938082436537865 0.50764842163657409 -0.01683496378643767 0.0032674476130524145 0.26243853703836711 0.093723139993191221 -0.019510689978630407 0.096534416008038845 0.054766756697864634 -0.093164289130812247 0.024793376216520138 2.0982901016839981 0.064161996999941726 0.035785300049532294 0.018608395979976041 -0.40227580505790012
decision_type=2 2 2 2 2 2 2 2 2 2 2 2 2 2 2 2 2 2 2 2 2 2 2 2 2 2 2 2 2 2
left_child=1 6 -3 -4 5 -5 7 8 10 -10 -1 12 13 27 15 16 17 -13 22 -20 28 -18 -17 -14 25 -22 -26 -2 -16 -6
right_child=11 2 3 4 29 -7 -8 -9 9 -11 -12 14 23 -15 20 18 21 -19 19 -21 24 -23 -24 -25 26 -27 -28 -29 -30 -31
leaf_value=0 0 -0.00031277503940940787 -0.0055538047402943743 0.011133260793514954 -0.0030814502595680367 0 -0.0024453092964467939 -0.0013508382160509289 -0.003587222709246508 0.0022561898786855566 0.0068450290962043733 0.0018931202052960654 -0.0073635199088439929 -0.00054554843413770005 -0.0023711473873861567 0.010974565218481417 -0.0055939240690020819 -0.0026140494313293522 -0.0069210599456074303 0.0085761778322554529 -0.00054818643599220522 0.0027790851782506132 0 0.0009195591021436139 0.00068366402806664076 0.006479776630029248 -0.00068446700243319548 0.011837247504605863 0.0053854175232242712 0.0034281346835199462
leaf_weight=26.382543996907771 4.8748558731749645 241.51092723803595 11.388344577513633 37.304153794422746 13.604267041198908 11.210107415914534 446.94036070909351 394.26163310697302 46.554601256735623 43.457781983539462 42.001897466834635 145.47981387749314 12.268137612380089 9.3339055366814119 6.2814355976879588 17.955969214439396 112.90026595722884 167.42365112202242 16.756689537316564 6.644960267469286 1512.7688778773881 10.402380937710403 4.1473603099584571 19.271030182484537 2990.1306872512214 23.742085685953498 655.17132641514763 29.316929876804352 65.715496181044728 58.168323404621333
leaf_count=979 105 6204 261 669 271 189 20700 19274 1199 1200 1175 4158 205 148 226 217 3816 5338 186 55 41496 207 62 316 64709 507 11634 371 1646 1736
internal_value=0 -0.000713421 0.00100806 0.00357296 0.00486366 0.00841143 -0.00138779 -0.000464513 0.00153184 -0.00048002 0.00444108 0.000169018 0.00319752 0.00743616 0.000121406 -0.00112422 -0.00170571 -0.000427323 0.00347288 -0.000729187 0.00024228 -0.00457294 0.00834244 -0.00204809 0.000177377 -0.000399464 0.00042895 0.0101721 0.00420903 0.00168317
internal_weight=7183.37 1372.78 373.186 131.675 120.287 48.5143 999.599 552.658 158.397 90.0124 68.3844 5810.59 75.0649 43.5257 5735.52 481.711 436.206 312.903 45.505 23.4016 5253.81 123.303 22.1033 31.5392 5181.81 1536.51 3645.3 34.1918 71.9969 71.7726
internal_count=189259 53857 9330 3126 2865 858 44527 23827 4553 2399 2154 135402 1145 624 134257 14039 13519 9496 520 241 120218 4023 279 521 118346 42003 76343 476 1872 2007
is_linear=0
shrinkage=0.03


Tree=242
num_leaves=31
num_cat=0
split_feature=8 33 40 37 31 26 38 38 25 44 28 19 10 7 28 4 35 11 3 25 8 19 40 40 36 19 8 5 43 33
split_gain=1.00658 1.02973 1.75716 2.03772 1.58384 2.21404 2.12159 1.73578 1.63458 1.94769 1.60358 2.13128 1.54437 2.02449 1.50887 1.85275 1.41692 1.33093 1.27062 1.16095 1.12385 1.1203 1.07754 0.990859 0.954715 0.863439 1.85001 1.67469 1.48071 1.32237
threshold=0.40096575844821764 -0.66576777202887871 0.0099428392593748308 0.048212161707949071 -0.014790039020862488 0.016220258705649759 -0.17579324796149362 -0.44663855710652361 -0.43792809360096818 0.028438722731069104 0.39872527118152418 1.0632757196177904 0.09486297316169498 0.034354345760842418 0.34507956689095126 0.15199267082849313 3.3777321479174416e-05 0.16760299625468164 18.811688137768318 -0.23604619232483418 0.43330149676044305 0.95458776390572386 -0.0036148808161586368 0.015138458025456396 0.06774271791498658 1.5953168403988063 0.25124832754895593 0.010101208412833131 0.51320947871355937 0.91497720040531683
decision_type=2 2 2 2 2 2 2 2 2 2 2 2 2 2 2 2 2 2 2 2 2 2 2 2 2 2 2 2 2 2
left_child=25 2 3 18 5 6 17 8 22 -10 11 -7 13 -9 15 -5 -14 -3 20 -12 -2 -16 -6 -4 -8 -1 27 -27 29 -29
right_child=1 4 23 14 7 10 24 12 9 -11 19 -13 16 -15 21 -17 -18 -19 -20 -21 -22 -23 -24 -25 -26 26 -28 28 -30 -31
leaf_value=-0.00026067279387303159 0 0.007103137852275225 -0.010470162546428567 -0.0013065441755367323 -0.00068063338386725627 0 0.013705633958413765 -0.0010300334537925249 0.0022601689339986257 -0.0050226728718010061 0.010057904081432329 -0.014302822579174068 0 0.0022528214985194574 0 0.0086949519727610829 -0.012284254245389868 -0.0061812554365523881 -0.0014702160586243071 -0.0020236107954875607 0.010434954010049216 -0.01120997962709811 0.0062987633568861549 0.00039480520460301809 0 0.00032088748722765092 -0.0040146084658280509 0.0099166427023223303 -0.0012554806233133322 -0.0017173925942299136
leaf_weight=5461.9053537012078 12.839694010093806 6.8679681532084969 7.9099982688203436 24.349502811208367 14.707679925486444 29.983837659470737 28.944106630049646 748.59330586995929 112.2986463457346 40.740279032848775 13.059938405640425 7.4316381933167568 9.0459168944507855 210.39182846620679 23.648862914182249 26.198483927175403 13.875732375308869 10.67860380373895 5.8452492272481313 3.8191714519634834 54.377273332327604 7.975023408420383 89.327221732586622 6.3861764203757048 5.2688104435801497 104.54042977327481 33.355100540444255 52.075713374651968 9.9812665553763491 3.8792475098744026
leaf_count=165872 148 79 99 237 187 416 335 10456 1318 437 166 165 86 2345 255 263 142 154 80 55 499 114 1095 92 69 2293 640 902 190 70
internal_value=0 0.000685698 0.00288167 0.0039543 0.000377044 0.00381334 0.00797234 4.46439e-05 0.00223642 3.40188e-05 0 -0.00383864 -0.000507212 -0.000270738 0.00025198 0.00365311 -0.00750616 0 0.00745108 0.00611536 0.00869038 -0.00412183 0.00505096 -0.00521733 0.0118614 -0.000183744 0.00169089 0.00306076 0.00665304 0.0085432
internal_weight=7180.3 1514.56 169.53 155.234 1345.03 106.054 51.7595 1238.98 257.074 153.039 54.2946 37.4155 981.907 958.985 82.1719 50.548 22.9216 17.5466 73.0622 16.8791 67.217 31.6239 104.035 14.2962 34.2129 5665.74 203.832 170.477 65.9362 55.955
internal_count=189259 19292 1787 1596 17505 1439 637 16066 3037 1755 802 581 13029 12801 869 500 228 233 727 221 647 369 1282 191 404 169967 4095 3455 1162 972
is_linear=0
shrinkage=0.03


Tree=243
num_leaves=31
num_cat=0
split_feature=8 34 10 10 34 5 33 33 31 1 8 28 31 26 42 28 1 5 3 4 43 18 2 31 34 35 1 39 3 29
split_gain=0.9509 1.5121 1.62185 1.58405 1.90257 1.43374 1.59792 1.7814 1.47676 1.39514 1.35729 1.27625 1.22279 1.26373 1.20758 1.08261 1.06259 1.00852 0.963828 1.12331 0.939424 1.02239 0.867455 0.833657 1.36847 1.75728 1.14835 1.03043 1.66677 2.12812
threshold=-0.11816747298259313 -0.02091040827590767 -0.017041589428249852 -0.0044324943843013125 -0.030249760879242176 -0.046912520133223549 -0.37706356744169062 0.1938576785214137 -0.030862819505171193 0.12527413201820339 -0.15196444221850872 0.19913532596981123 -0.045906753369235061 -0.0029513242379777256 0.096534416008038845 0.46131889031889367 0.041509405196347333 0.047309401136632075 11.984072137940343 -0.50318805652401355 -0.0048467906552867026 0.29597985988868225 0.030685967726897294 -0.045906753369235061 -0.02091040827590767 0.0023843875816408062 0.11589385101912542 0.0078635587880573812 16.287339398070113 -0.0062789622329524689
decision_type=2 2 2 2 2 2 2 2 2 2 2 2 2 2 2 2 2 2 2 2 2 2 2 2 2 2 2 2 2 2
left_child=1 2 9 4 14 6 11 18 -9 12 22 20 13 -1 -4 -14 -10 -3 -8 -20 21 -2 -5 24 25 26 -7 -25 -29 -30
right_child=5 17 3 10 -6 23 7 8 16 -11 -12 -13 15 -15 -16 -17 -18 -19 19 -21 -22 -23 -24 27 -26 -27 -28 28 29 -31
leaf_value=0.011341795811668992 0.011020624597584974 -0.0013886726977514533 -0.011134904861607928 0.00079206724439078011 0.00015619159609372491 -0.0082609361292935689 -0.00090947661780730335 0.0056820225394716775 0.0021117308233919566 -0.005015648790694556 -0.0060468319573224695 -0.0079730074788139076 0.003331005356748005 0 0.00061079139808965885 -0.0058928036336926152 -0.0082963957991843366 0.0061948766168053188 0 0.0097093060203251817 -0.0027445020027534604 -0.00078775384644169319 0.0074672850483943065 -0.00020134374950482315 0.0032703444378031337 0.0012255382985716001 0.0012461599714929216 -0.00022650615121177283 -0.00028605435635061243 0.0022370949769712429
leaf_weight=32.961220672354102 9.2268227646127325 1049.2421360928565 27.662765001878146 99.725218538660556 31.888809405267239 56.341618396807462 4.1690200176089993 15.926687243394552 5.5921019474044469 7.2282981593161812 13.167823624331502 13.646447908133267 48.73341724742204 15.628919412847607 3.6934271212667218 8.2329173171892744 17.701551203615963 9.8007874800823611 9.1281096767634136 60.838526987936348 10.285161823499948 3.5096987178549179 21.611527631990612 3200.7025008550845 20.618390139192343 27.049760583788157 6.213434061035513 1071.9901080261916 435.03726051189005 840.84058809792623
leaf_count=479 169 45106 902 3011 1191 1548 88 359 162 106 554 349 1301 362 54 244 472 170 207 1454 231 94 377 87628 579 608 81 19506 8164 13703
internal_value=0 -0.000709608 0.0010677 -0.00044793 -0.00428786 0.000167775 0.00301992 0.00480494 0 0.00388602 0.00123155 -0.00169274 0.00496621 0.00836049 -0.00903249 0.0011459 -0.00480579 -0.00126152 0.00740199 0.00832504 0.00171777 0.00677049 0.00246694 8.42636e-05 -0.00242752 -0.00415927 -0.0068502 0.000141703 0.000621542 0.00135559
internal_weight=7178.4 1369.58 310.534 197.75 63.245 5808.82 150.024 113.356 39.2203 112.785 134.505 36.6681 105.556 48.5901 31.3562 56.9663 23.2937 1059.04 74.1357 69.9666 23.0217 12.7365 121.337 5658.79 110.223 89.6048 62.5551 5548.57 2347.87 1275.88
internal_count=189259 53857 8581 6089 2147 135402 3585 2742 993 2492 3942 843 2386 841 956 1545 634 45276 1749 1661 494 263 3388 131817 2816 2237 1629 129001 41373 21867
is_linear=0
shrinkage=0.03


Tree=244
num_leaves=31
num_cat=0
split_feature=7 7 5 43 37 5 7 1 41 45 5 25 10 39 7 41 10 39 39 33 7 4 31 43 1 44 44 18 34 36
split_gain=0.900078 1.62233 2.18247 1.99399 1.58424 1.5364 1.68517 1.55491 1.53707 1.50686 1.45064 2.21238 1.73478 1.59183 2.43089 1.97124 1.42745 1.47011 1.62329 1.62309 1.34934 1.2939 1.2896 1.26601 2.49511 2.00167 1.78923 1.72913 1.36096 1.33174
threshold=0.025604073115064341 0.026601956325840583 0.10174945392012293 -0.013884433612598278 0.031150179359325052 0.044738009198864843 0.027335023544407092 0.025798994974960032 -0.0061781523438127258 0.002093568274317312 -0.049030171081453626 -0.87809521454611283 -0.016493068579979064 0.0087967339282616543 0.040736180205795398 0.018997644801663927 -0.035740598169230857 0.039764192658692292 0.045500055423354537 -0.36448697207121578 0.036627377510383051 -0.12596107317046543 0.044495713131395338 0.5352286148269948 0.01381908602517168 0.0057109559828129753 0.0045220206563890419 0.70797063271975125 0.03818444998214527 -0.0029488994591972133
decision_type=2 2 2 2 2 2 2 2 2 2 2 2 2 2 2 2 2 2 2 2 2 2 2 2 2 2 2 2 2 2
left_child=16 2 3 4 -2 10 21 8 -8 -9 11 20 -13 15 -15 -12 -1 23 19 -19 -3 -7 -4 25 29 26 -18 -27 -26 -25
right_child=1 5 22 -5 -6 6 7 9 -10 -11 13 12 -14 14 -16 -17 17 18 -20 -21 -22 -23 -24 24 28 27 -28 -29 -30 -31
leaf_value=-0.0058525888561500716 -0.0037725177773844545 0.00085195210697241227 -0.013234669638876791 0.005904213664135724 0.0029902088519270405 0.00029770782305226575 -0.0012349773086410677 9.1103510946154024e-05 0.0073992848120502585 0.0025180405238432084 -0.0025895458185299955 0.00385548038299959 0 0.0015987447268156739 -0.0034274958932272366 0.00044489798186149736 -0.0002104688684811534 -2.2862338716619953e-05 -0.00023256914009150235 -0.012874611857491827 -0.0055363916131216653 -0.0078212415736767793 0.00056545489908483995 -0.0015893743655818009 -0.0027604586737249915 0.00073163428504388606 -0.0044915433116762583 0.0048410859380767623 0.0036096525375173224 0.0058090514267182952
leaf_weight=36.907807774841785 43.448039911221713 39.34171141218394 7.0301742367446405 127.44641363667324 78.560559856705368 22.926413305103779 16.306455782614648 736.55605151550844 62.15210547670722 349.87766702892259 615.74616892915219 209.02832721220329 200.97557644033805 380.6791024422273 104.9514441890642 255.01293877651915 2059.2477012397721 20.610224350355566 71.70960062276572 21.578461789526045 61.013984921388328 28.473678828217089 4.1719561964273453 23.665698762983084 441.94217897579074 886.46787254977971 88.25681131798774 103.62210560077801 24.178150561638176 53.803862865548581
leaf_count=1617 1458 1109 117 3212 1867 354 298 10748 867 4973 21805 4285 4930 9282 2640 7742 66086 388 1161 402 1192 549 51 775 12901 21493 2600 2767 317 1273
internal_value=0 0.000359405 0.00261636 0.00333687 0.000292047 0.000154948 0.000989302 0.00124945 0.00527884 0.000908122 -0.000373844 0.000955225 0.00197585 -0.000897632 0.000427499 -0.00166915 -0.000313668 -0.000244277 -0.00353759 -0.00789962 -0.00282569 -0.00396261 -0.00765511 -0.000129581 -0.00146267 9.37921e-05 -0.000410372 0.00121404 -0.00233155 0.00322585
internal_weight=7175.69 3343.7 260.657 249.455 122.009 3083.04 1216.29 1164.89 78.4586 1086.43 1866.75 510.36 410.004 1356.39 485.631 870.759 3831.99 3795.08 113.898 42.1887 100.356 51.4001 11.2021 3681.18 543.59 3137.59 2147.5 990.09 466.12 77.4696
internal_count=189259 77479 6705 6537 3325 70774 17789 16886 1165 15721 52985 11516 9215 41469 11922 29547 111780 110163 1951 790 2301 903 168 108212 15266 92946 68686 24260 13218 2048
is_linear=0
shrinkage=0.03


Tree=245
num_leaves=31
num_cat=0
split_feature=7 7 37 37 3 32 0 34 11 0 39 0 2 3 5 34 29 35 28 32 5 38 42 7 3 35 18 3 1 33
split_gain=0.91285 1.65012 1.93577 1.64431 2.12547 1.73132 1.45668 1.41194 3.47714 2.34051 2.8013 2.20684 1.92994 1.93317 2.07286 1.79681 1.96017 1.68686 1.55687 1.5066 1.38137 2.15086 1.55833 1.48057 1.43196 2.78652 1.48728 1.36096 1.32129 1.32079
threshold=0.025604073115064341 0.026601956325840583 0.031150179359325052 0.061634600129497549 17.666052709400123 0.025782736030590597 -0.014528298827695293 -0.011503390565870394 0.31291666666666673 0.012326879040135207 0.025325546861937227 0.032246784606093086 0.0049789004920381772 14.765885178106503 0.018173948904946505 0.041508079302664001 0.026773462304842535 -0.0019276599972194691 -1.0215285307556552 0.042586748771947312 0.044738009198864843 0.98094749046703467 0.013793134794629937 0.027471027344964285 14.988788663042374 -0.00012636959433654321 2.4263223864404591 13.79439569834557 0.10039574626758492 -0.28561410243550428
decision_type=2 2 2 2 2 2 2 2 2 2 2 2 2 2 2 2 2 2 2 2 2 2 2 2 2 2 2 2 2 2
left_child=7 2 -2 4 5 -4 -5 8 -1 12 11 -11 13 14 -9 16 -12 -10 -14 -20 21 22 -3 29 25 -25 -26 -19 -23 -22
right_child=1 20 3 6 -6 -7 -8 9 17 10 15 -13 18 -15 -16 -17 -18 27 19 -21 23 28 -24 24 26 -27 -28 -29 -30 -31
leaf_value=-0.00027108094850498277 -0.0005785869487271348 0.0055290341914660231 0 0.0068051330400071752 -0.00041322299378843651 0.0093486415334747656 -0.005368697815844271 -0.00072390785426756509 -0.00053646881849657207 -0.0023688536056005278 -0.010696082072797172 0.0011200013755198136 -0.0054072757349174815 8.7826140282768741e-05 -0.0049509070574508948 0.0022378266874951984 0.0013765155496972589 -0.0011413949129572534 0.0013135436900157107 0.0068062082197799271 0.0024270505396042728 -0.0064506728319790405 -0.00025475043817506848 0.008674643281959743 0.0010416110855857896 0.00039564929918674014 -0.0038399764399323008 0.0067812596633326418 0.0020784247290814646 -0.0059606522312687042
leaf_weight=597.50534270238131 92.573092374019325 37.755148455966264 20.309778861235827 7.0478679779917028 29.187956393230706 91.903816281817853 22.353947053663433 376.55571481026709 38.110496085137129 536.93476645415649 62.417291373945773 216.63180164340883 19.036705936305225 1265.3065839344636 154.0734575833194 8.8151630870997888 8.3395724147558195 13.953759226948021 345.6406494807452 53.283287461847067 15.992097175680099 73.309818938374519 1740.6197112612426 60.672032159753144 939.87352264393121 102.64849727973342 52.730797530617565 131.92120537953451 11.981644134968517 45.379330987110734
leaf_count=20505 2832 994 527 148 721 1995 482 14387 823 14832 1030 4276 369 40010 2898 94 106 327 8265 967 263 2146 49619 769 13619 1474 851 2891 226 813
internal_value=0 0.000361819 0.00262535 0.00449955 0.00584627 0.00767855 -0.00101354 -0.00031612 0.000801547 -0.000613448 -0.0019655 -0.00132557 -8.78392e-05 -0.000528727 -0.00204203 -0.00723434 -0.00888023 0.00435873 0.00171954 0.00219663 0.00015466 -0.000346856 -9.99805e-05 0.000945297 0.00121005 0.00381577 0.000734265 0.00581186 -0.00487151 -0.00330481
internal_weight=7172.86 3344.34 263.376 170.803 141.402 112.214 29.4018 3828.53 781.491 3047.03 833.139 753.567 2213.9 1795.94 530.629 79.572 70.7569 183.985 417.961 398.924 3080.96 1863.67 1778.37 1217.3 1155.92 163.321 992.604 145.875 85.2915 61.3714
internal_count=189259 77479 6705 3873 3243 2522 630 111780 24546 87234 20338 19108 66896 57295 17285 1230 1136 4041 9601 9232 70774 52985 50613 17789 16713 2243 14470 3218 2372 1076
is_linear=0
shrinkage=0.03


Tree=246
num_leaves=31
num_cat=0
split_feature=8 37 5 37 18 38 5 28 18 18 43 27 28 2 36 36 18 18 27 37 35 6 43 28 3 18 19 18 19 41
split_gain=0.948836 1.6392 1.41955 2.20985 1.29086 2.40166 1.93912 1.20139 1.77717 1.09307 1.12916 1.08635 1.55849 1.13059 1.03967 1.23038 1.03262 0.937373 1.23443 1.05821 0.946612 0.936227 0.91487 0.928288 0.865939 0.844503 0.811235 1.58276 1.99522 2.72983
threshold=-0.11816747298259313 0.052000049714776723 -0.046912520133223549 0.051087467436361035 0.12143913443639674 -0.058221226469784775 -0.067929851180990194 0.19913532596981123 0.26804359756277435 -0.86807974682259192 0.21055337020985745 0.033444896485547847 -0.027071505616321542 -0.05600002286288825 -0.036148507581805038 0.0052493842129950003 1.5209691890828141 -0.045507692756017272 0.027522888304560834 0.016786517096026698 0.0074535750744168959 -0.10110978963939236 -0.91016411860781943 0.7424232768769442 17.07949205328374 1.6277097393968269 0.90664665148593293 0.68205850047563199 0.44242943470044233 -0.02800784230126151
decision_type=2 2 2 2 2 2 2 2 2 2 2 2 2 2 2 2 2 2 2 2 2 2 2 2 2 2 2 2 2 2
left_child=1 17 3 16 11 6 -6 9 -9 10 -5 21 13 -13 25 -16 22 18 19 -1 -21 -3 -2 -24 -14 -7 27 -4 29 -29
right_child=2 4 26 7 5 14 -8 8 -10 -11 -12 12 24 -15 15 -17 -18 -19 -20 20 -22 -23 23 -25 -26 -27 -28 28 -30 -31
leaf_value=0.00087182513362028737 -0.0012975610360267769 0.0065607747769523498 0.00014540128039816242 0.011031785641532572 0.012197830027685257 -0.0063651486743741296 0 -0.011655346866551898 0.0024013916115029235 -0.00011164693170379198 -0.00021628745316563703 0.0017739773279819391 -0.0010115871454849179 -0.0059630974150974942 0.0072358994443235177 -0.001098195588574904 -0.0012375063422988229 -0.0023919181462884885 0.0006654180490268443 -0.0043698625980491713 0.00088307245384645352 0 0.010166377403081486 0 0.0043899404258678533 0.0013369540246548426 -0.00028948621222321566 -0.0059897987275599794 0.00061921158264482273 0.0069566874634213139
leaf_weight=58.798655353020877 1.7588526513427485 27.350378793664277 2598.4932595230639 13.428046087734403 31.145623739808798 25.704653184860945 18.800654443912208 12.418962310999634 7.2275759037584058 50.692402012646198 5.4158850181847802 12.369419105350969 59.808710157871246 72.177076189778745 23.623159409500659 22.355389126576483 4.5675711287185541 443.80425487738103 323.52063278574497 142.22855987912044 25.924655716400594 33.353099452331662 52.585208430886269 3.093162525445222 35.49540145508945 10.356404020451007 2665.6462345654145 10.43883995246142 271.14647548180073 108.82246079295874
leaf_count=3036 58 610 55062 193 382 679 592 262 128 1075 89 228 1420 1910 567 679 145 20700 12354 7317 1120 1290 1539 96 746 227 68745 176 6243 1591
internal_value=0 -0.000709651 0.000167537 0.00299467 0.000931892 0.00327727 0.00813113 0 -0.00582884 0.00180883 0.00717337 -0.000273311 -0.00155363 -0.00446027 0 0.00288499 0.00711244 -0.00135632 -0.000453371 -0.00215751 -0.00338463 0.00289294 0.00830286 0.00918248 0.000819635 -0.00352911 8.40669e-05 0.000427167 0.00220113 0.00538665
internal_weight=7172.55 1366.82 5805.73 151.188 372.54 131.986 49.9463 89.1829 19.6465 69.5363 18.8439 240.554 179.851 84.5465 82.0396 45.9785 62.0048 994.277 550.473 226.952 168.153 60.7035 57.4372 55.6784 95.3041 36.0611 5654.55 2988.9 390.408 119.261
internal_count=189259 53857 135402 3585 9330 3126 974 1747 390 1357 282 6204 4304 2138 2152 1246 1838 44527 23827 11473 8437 1900 1693 1635 2166 906 131817 63072 8010 1767
is_linear=0
shrinkage=0.03


Tree=247
num_leaves=31
num_cat=0
split_feature=8 5 34 37 33 28 26 33 42 42 10 19 41 11 38 41 37 38 18 27 1 40 27 18 19 18 19 11 31 4
split_gain=0.868351 1.63839 1.65662 1.58353 1.43289 1.61383 1.48924 1.58539 1.22949 1.34285 2.1458 1.13013 1.02312 1.20721 1.09935 0.971541 0.966895 0.909862 0.858488 1.16511 1.05233 0.851952 0.821893 0.815996 0.770814 1.46724 1.85455 2.1409 2.09934 1.47404
threshold=-0.11816747298259313 -0.049030171081453626 0.03818444998214527 0.052000049714776723 -0.37706356744169062 0.19913532596981123 -0.011420594762821342 -0.090317304051364275 0.093514473263734479 0.10906199148262481 -0.017041589428249852 1.3121087704958885 -0.042400036572409573 -0.1964158725643578 1.0177433727153053 0.047856877823393588 0.055325463137058072 -0.29643397739402116 -0.045507692756017272 0.027522888304560834 0.027540041946484062 0.0037503374632928839 0.041769002997897771 0.010127139646732822 0.90664665148593293 -0.84470957972361671 1.6327219910938184 -0.3757022471910112 -0.028721877381497601 0.68726140101692945
decision_type=2 2 2 2 2 2 2 2 2 2 2 2 2 2 2 2 2 2 2 2 2 2 2 2 2 2 2 2 2 2
left_child=3 2 4 18 5 23 7 -6 12 15 17 -12 13 -5 21 -10 -15 -11 19 20 -1 -14 -16 -2 -3 29 27 -27 -28 -26
right_child=1 24 -4 8 6 -7 -8 -9 9 10 11 -13 14 16 22 -17 -18 -19 -20 -21 -22 -23 -24 -25 25 26 28 -29 -30 -31
leaf_value=-0.00028952446636555543 0.0077604420304334676 0.00040782299691980144 -0.0063043100950510682 0.00030195041613925928 0.014023660764197464 -0.0079914729008599625 0 0.003236626232551353 0.010456527769076473 0 0.0089399775769300055 -0.0021349490026163049 0.00022755020776727981 0 0 0 -0.010501085964870923 -0.01136548013724858 -0.0023139326132542368 0.00062982853385559919 -0.0047414680451428066 0.0043834077694179224 -0.008537463770488975 -0.0009294889332849089 0.0015792062155108374 -0.0042149510330981741 -0.007423840774825833 -0.00057854421117501113 0.0043562955254372975 -0.0033188292546652313
leaf_weight=143.05856625689194 12.979713292792441 2996.6883350391872 8.0792556004598719 20.097245640587062 26.050057944841683 12.14706962648779 29.681797930970788 43.839701772201806 27.177987806499008 4.3832096979022017 18.101592022925619 4.6976675428450099 172.32761571975425 3.7223244253546026 10.455178653821351 3.8963528480380765 19.451528317295015 9.5280613675713521 441.20604465156794 324.41820862190798 82.409478960558772 64.960187816992402 13.128252536058424 8.2703004446811956 513.67592548392713 158.40164299076423 9.274166436865924 1827.338051256258 106.32458599098027 53.888459874782711
leaf_count=7351 228 63242 153 402 482 300 851 963 348 58 253 76 4978 80 410 69 509 150 20700 12354 4122 1593 404 209 13388 4927 195 47276 1845 1343
internal_value=0 0.000160071 0.00330227 -0.000680018 0.00431073 -0.000256124 0.00606837 0.00832572 0.000934006 0.00444078 0 0.00560532 0 -0.00392048 0.000820234 0.00856101 -0.00805088 -0.00747887 -0.00131748 -0.000450252 -0.00211446 0.00155606 -0.00451095 0.0037027 7.37116e-05 -0.000290276 -0.000664577 -0.000893547 0.00289384 0.00103684
internal_weight=7169.66 5806.64 141.048 1363.02 132.969 33.3971 99.5716 69.8898 371.927 67.7849 36.7105 22.7993 304.142 43.2711 260.871 31.0743 23.1739 13.9113 991.092 549.886 225.468 237.288 23.5834 21.25 5665.59 2668.9 2101.34 1985.74 115.599 567.564
internal_count=189259 135402 3186 53857 3033 737 2296 1445 9330 954 537 329 8376 991 7385 417 589 208 44527 23827 11473 6571 814 437 132216 68974 54243 52203 2040 14731
is_linear=0
shrinkage=0.03


Tree=248
num_leaves=31
num_cat=0
split_feature=8 19 8 5 43 33 5 25 33 33 33 38 19 5 0 4 5 3 34 42 43 34 32 31 37 31 35 3 11 29
split_gain=0.850774 1.07858 1.36226 1.18133 1.57753 1.27679 1.10112 1.56272 1.22776 1.08713 1.41475 1.08643 1.75324 3.41198 1.69966 2.83959 1.7096 1.47115 1.46697 1.43038 1.59444 1.22989 1.07698 1.01299 2.47396 1.26992 2.91698 2.55892 2.10974 1.93488
threshold=0.37861418174568545 1.5953168403988063 0.25124832754895593 0.010101208412833131 0.51320947871355937 0.91497720040531683 -0.039349405412728293 -0.82958949284611083 -0.18067377635757162 0.15745499522237696 -0.3707674017092159 -0.076409465492940129 0.30976678274991143 -0.033252680029222707 0.063513449760970578 -0.076397776604840914 0.12804900045015546 17.761586678248275 0.063007402337856219 0.014455804972565182 -0.1906766320744335 -0.0014719487655835701 0.056451548553778111 -0.017559587932493834 0.056426371643420133 -0.0078032812434097988 -0.0014671762497293424 13.909661884232177 0.48675438596491233 0.026773462304842535
decision_type=2 2 2 2 2 2 2 2 2 2 2 2 2 2 2 2 2 2 2 2 2 2 2 2 2 2 2 2 2 2
left_child=1 11 3 6 5 -5 7 -3 -8 10 -4 12 13 17 16 -16 18 -1 -13 -14 -21 -15 -18 24 -2 26 27 -25 -29 -28
right_child=23 2 9 4 -6 -7 8 -9 -10 -11 -12 14 19 21 15 -17 22 -19 -20 20 -22 -23 -24 25 -26 -27 29 28 -30 -31
leaf_value=0.014331437958156616 0.007069367665606412 -0.00010360040661077619 0.00017577299693092842 0.0092922993093602479 -0.0021457469298820872 -0.0019600201628551211 -0.0070236138279988602 0.0093465610978778202 0.00092480124730914717 0.0018488752629286854 -0.012455779852264206 -6.8383468440605288e-05 -0.003787017889188751 -0.0031890446473551008 -0.0061263938187076815 0.0067453799300463422 0 0 0.0041796952421309453 0.000447390586074359 -0.0013250847416537356 0.0026655456247358907 -0.013739843258940109 0.0042867479036925856 -0.0011719518095204375 0.00064607034714995331 0.0025230552900941663 -0.015465816335268901 0.0015876468280751886 -0.0064598848780017372
leaf_weight=20.346001835539941 63.804298281669617 25.296746025793254 6.9162049852311638 54.389907843433321 10.0212214756757 3.9719128906726828 20.487833518534899 20.76453953422606 37.837719241622835 11.847063349559901 11.399196750484409 2780.9143734187819 152.261248185765 53.168790479190648 12.826448735781012 70.77059665415436 3.1201515737920991 4.7679879153147331 70.001860212069005 646.66312508983538 1381.4639234477654 67.528577517252415 8.2709949137642962 4.6793412715196601 50.276976358145475 1438.561023616232 81.505322301760316 25.840642323717478 3.3635374773293725 23.537098586559296
leaf_count=392 891 455 138 902 190 70 563 337 938 196 249 86006 5546 1500 214 1140 54 73 985 20874 44600 1451 126 52 690 18635 1182 415 37 358
internal_value=0 -0.000181745 0.00192034 0.00303945 0.0060239 0.00795879 0.000624122 0.00406709 -0.00172759 -0.0031574 -0.0073844 -0.000270086 -0.000755602 0.00231896 0.000103761 0.00419754 -1.24509e-05 0.0113535 3.2555e-05 -0.000979773 -0.00074547 0 -0.00968053 0.00058705 0.00328869 0.000362941 -0.00228099 -0.00931511 -0.0126797 3.55439e-05
internal_weight=7166.6 5475.04 202.932 172.77 68.383 58.3618 104.387 46.0613 58.3256 30.1625 18.3154 5272.1 2326.2 145.811 2945.9 83.597 2862.31 25.114 2850.92 2180.39 2028.13 120.697 11.3911 1691.57 114.081 1577.49 138.926 33.8835 29.2042 105.042
internal_count=189259 166999 4038 3455 1162 972 2293 792 1501 583 387 162961 74436 3416 88525 1354 87171 465 86991 71020 65474 2951 180 22260 1581 20679 2044 504 452 1540
is_linear=0
shrinkage=0.03


Tree=249
num_leaves=31
num_cat=0
split_feature=7 43 1 10 43 1 44 8 0 4 19 11 1 29 41 10 11 39 36 37 28 40 3 37 42 10 36 0 7 39
split_gain=0.873256 1.4791 3.23144 1.45987 1.34352 2.71046 2.08833 1.61579 1.58867 1.49879 2.01926 1.42079 1.33101 1.27584 1.34784 1.29034 1.26461 1.2433 1.9078 1.23741 1.49719 1.20574 1.17377 1.3372 1.07701 1.88208 1.84619 1.79188 2.68389 1.70111
threshold=0.025264195528517736 1.2357481127219609 0.10455300079503439 -0.019870942681754458 0.5352286148269948 0.01381908602517168 0.048031067298785618 0.25124832754895593 0.032246784606093086 0.85717236622881832 0.83208835182100283 0.43957648776925895 0.034646714196870092 -0.024987846131219103 0.036533754736633083 -0.032116153407432992 -0.44630630630630624 0.013516099962713983 -0.0033613311806536829 0.02857140192074269 0.63863217618754498 -0.0049849001118457709 19.171480722852603 0.030805722640689547 0.048161044508894087 0.09486297316169498 0.0151844221194299 0.081405523133949678 0.036627377510383051 -0.00050076296709304191
decision_type=2 2 2 2 2 2 2 2 2 2 2 2 2 2 2 2 2 2 2 2 2 2 2 2 2 2 2 2 2 2
left_child=4 24 3 16 6 7 8 -6 13 11 -11 -10 21 14 -1 -15 -3 18 -9 -14 -21 -7 23 -5 25 26 -2 -26 -29 -27
right_child=1 2 -4 22 5 12 -8 17 9 10 -12 -13 19 15 -16 -17 -18 -19 -20 20 -22 -23 -24 -25 27 29 -28 28 -30 -31
leaf_value=0.0031000270313870904 6.0098306366175037e-05 0.0043609261877857143 -0.0081137084431246436 0 0 0.0022034487276217161 0.0091591505588672507 -0.00082406402929443439 0.0055405544928990415 0.0028801535239653081 -0.0070097527224555279 7.0334178872830482e-05 -0.0010973183734847057 -0.0057120999704616069 -0.0079876569195144569 -0.00041254059771507359 -0.0073108580221927597 0 0.015130805486291005 -0.0089045478297995733 4.8703016269314774e-06 -0.0022388494677177675 -0.00096681129882982388 0.009140674941105726 -0.00074057805228169783 0 0.0020628444854195174 -0.0066666524152091539 0.0047286439937386567 -0.012503548986290641
leaf_weight=141.10330954007804 1132.9905764111318 10.419798406306656 13.143304307013748 17.017432000022382 51.604882872663438 58.53359339106828 16.82216086704284 4.1771436864510241 111.73803925979882 31.158429834991693 29.459047273732722 85.717149531468749 65.001212583389133 38.133426430635154 4.5240991506725541 2729.1997699881904 11.103834586217998 5.5646620318293563 17.386933914385736 72.911565362475812 13.27871977817267 262.60382810560986 8.7680054605007154 77.11178981512785 1321.4704474587925 12.667662315070631 679.43315211031586 15.696023613214491 111.46114056091756 13.26586679369211
leaf_count=4213 32869 187 181 406 1741 1482 242 72 2335 552 762 1423 1925 1807 117 82589 310 59 183 1859 269 7915 156 1280 28812 167 13767 198 1223 158
internal_value=0 0.000345837 0.00335181 0.00506145 -0.000316798 -0.00168003 -6.94873e-05 0.00316981 -0.000142233 0.00207458 -0.00163687 0.00337445 -0.00257605 -0.00035213 0.00230269 -0.000506559 -0.000772452 0.0084527 0.0113375 -0.00493299 -0.00727795 -0.0013158 0.00653905 0.00755435 0.000206021 0.000693216 0.000830995 -0.000391864 0.00289602 -0.00654392
internal_weight=7163.47 3424.55 137.564 124.421 3738.92 551.063 3187.86 78.7336 3171.03 258.073 60.6175 197.455 472.329 2912.96 145.627 2767.33 21.5236 27.1287 21.5641 151.191 86.1903 321.137 102.897 94.1292 3286.98 1838.36 1812.42 1448.63 127.157 25.9335
internal_count=189259 79714 2520 2339 109545 15505 94040 2055 93798 5072 1314 3758 13450 88726 4330 84396 497 314 255 4053 2128 9397 1842 1686 77194 46961 46636 30233 1421 325
is_linear=0
shrinkage=0.03


end of trees

feature_importances:
RSI_Norm=407
Beta_Market_60d=360
Log_Return=314
SMA10_Ratio=313
SMA30_Ratio=287
Volatility_20=273
Log_Return_Lag2=265
Log_Volume=259
CO_Return=257
HL_Spread_Lag5=243
Log_Return_Lag1=241
HL_Spread=230
Beta_FX_60d=227
HL_Spread_Lag3=225
Volume_Change_Lag5=225
HL_Spread_Lag2=220
Excess_Return_Lag3=218
USDTRY_Return_Lag2=216
Excess_Return_Lag2=210
Volume_Change=209
Volume_Change_Lag3=204
Volume_Change_Lag1=200
Excess_Return_Lag5=196
USDTRY_Return_Lag5=192
Log_Return_Lag5=191
HL_Spread_Lag1=190
Volume_Change_Lag2=189
Beta_CDS_60d=179
USDTRY_Return_Lag3=168
Excess_Return=155
Cross_Rank_Return=149
Excess_Return_Lag1=148
Log_Return_Lag3=127
USDTRY_Return_Lag1=13

parameters:
[boosting: gbdt]
[objective: lambdarank]
[metric: ndcg]
[tree_learner: serial]
[device_type: cpu]
[data_sample_strategy: bagging]
[data: ]
[valid: ]
[num_iterations: 250]
[learning_rate: 0.03]
[num_leaves: 31]
[num_threads: 16]
[seed: 42]
[deterministic: 0]
[force_col_wise: 0]
[force_row_wise: 0]
[histogram_pool_size: -1]
[max_depth: 6]
[min_data_in_leaf: 50]
[min_sum_hessian_in_leaf: 0.001]
[bagging_fraction: 0.8]
[pos_bagging_fraction: 1]
[neg_bagging_fraction: 1]
[bagging_freq: 0]
[bagging_seed: 400]
[bagging_by_query: 0]
[feature_fraction: 0.8]
[feature_fraction_bynode: 1]
[feature_fraction_seed: 30056]
[extra_trees: 0]
[extra_seed: 12879]
[early_stopping_round: 0]
[early_stopping_min_delta: 0]
[first_metric_only: 0]
[max_delta_step: 0]
[lambda_l1: 1]
[lambda_l2: 5]
[linear_lambda: 0]
[min_gain_to_split: 0]
[drop_rate: 0.1]
[max_drop: 50]
[skip_drop: 0.5]
[xgboost_dart_mode: 0]
[uniform_drop: 0]
[drop_seed: 17869]
[top_rate: 0.2]
[other_rate: 0.1]
[min_data_per_group: 100]
[max_cat_threshold: 32]
[cat_l2: 10]
[cat_smooth: 10]
[max_cat_to_onehot: 4]
[top_k: 20]
[monotone_constraints: ]
[monotone_constraints_method: basic]
[monotone_penalty: 0]
[feature_contri: ]
[forcedsplits_filename: ]
[refit_decay_rate: 0.9]
[cegb_tradeoff: 1]
[cegb_penalty_split: 0]
[cegb_penalty_feature_lazy: ]
[cegb_penalty_feature_coupled: ]
[path_smooth: 0]
[interaction_constraints: ]
[verbosity: -1]
[saved_feature_importance_type: 0]
[use_quantized_grad: 0]
[num_grad_quant_bins: 4]
[quant_train_renew_leaf: 0]
[stochastic_rounding: 1]
[linear_tree: 0]
[max_bin: 255]
[max_bin_by_feature: ]
[min_data_in_bin: 3]
[bin_construct_sample_cnt: 200000]
[data_random_seed: 175]
[is_enable_sparse: 1]
[enable_bundle: 1]
[use_missing: 1]
[zero_as_missing: 0]
[feature_pre_filter: 1]
[pre_partition: 0]
[two_round: 0]
[header: 0]
[label_column: ]
[weight_column: ]
[group_column: ]
[ignore_column: ]
[categorical_feature: ]
[forcedbins_filename: ]
[precise_float_parser: 0]
[parser_config_file: ]
[objective_seed: 16083]
[num_class: 1]
[is_unbalance: 0]
[scale_pos_weight: 1]
[sigmoid: 1]
[boost_from_average: 1]
[reg_sqrt: 0]
[alpha: 0.9]
[fair_c: 1]
[poisson_max_delta_step: 0.7]
[tweedie_variance_power: 1.5]
[lambdarank_truncation_level: 30]
[lambdarank_norm: 1]
[label_gain: ]
[lambdarank_position_bias_regularization: 0]
[eval_at: 5,10]
[multi_error_top_k: 1]
[auc_mu_weights: ]
[num_machines: 1]
[local_listen_port: 12400]
[time_out: 120]
[machine_list_filename: ]
[machines: ]
[gpu_platform_id: -1]
[gpu_device_id: -1]
[gpu_device_id_list: ]
[gpu_use_dp: 0]
[num_gpu: 1]

end of parameters

pandas_categorical:[]
